id,user_id,actor_id,verb,target_type,target_id,target_label,target_slug,is_read,created_at
206,693ebb02-ab3f-5d60-b798-d4d4df4900d2,d9fbcbde-376a-5f82-9fb5-268a24b02d57,task_assigned,project,112,Quiet-seat map,quiet-seat-map,true,2026-07-07T03:30:00+00:00
207,eeeb9e89-042f-5fdc-8fcf-2c3ad56f9bf1,d9fbcbde-376a-5f82-9fb5-268a24b02d57,task_assigned,project,112,Quiet-seat map,quiet-seat-map,true,2026-07-07T04:30:00+00:00
208,90cced0e-f2c7-528c-bd28-38c44ead6c98,d9fbcbde-376a-5f82-9fb5-268a24b02d57,task_assigned,project,112,Quiet-seat map,quiet-seat-map,true,2026-07-07T05:30:00+00:00
209,518ae987-15f7-5b22-8bcc-df59623dbdce,001e944b-e64e-5742-afb7-5e04327e41ee,task_assigned,project,113,Borrowbox,borrowbox,true,2026-07-16T23:30:00+00:00
210,518ae987-15f7-5b22-8bcc-df59623dbdce,001e944b-e64e-5742-afb7-5e04327e41ee,task_assigned,project,113,Borrowbox,borrowbox,true,2026-07-17T01:30:00+00:00
211,518ae987-15f7-5b22-8bcc-df59623dbdce,001e944b-e64e-5742-afb7-5e04327e41ee,task_assigned,project,113,Borrowbox,borrowbox,true,2026-07-17T03:30:00+00:00
212,eeeb9e89-042f-5fdc-8fcf-2c3ad56f9bf1,a992f17b-79b6-5dcf-aed4-2aebaa5775c7,task_assigned,project,114,Deadline fridge,deadline-fridge,true,2026-08-18T01:30:00+00:00
213,53f78f7e-e2df-586b-b483-5748c92d0f9f,a992f17b-79b6-5dcf-aed4-2aebaa5775c7,task_assigned,project,114,Deadline fridge,deadline-fridge,true,2026-08-18T02:30:00+00:00
214,0947c4b9-50d6-50e2-9043-84a15b80e8c7,a992f17b-79b6-5dcf-aed4-2aebaa5775c7,task_assigned,project,114,Deadline fridge,deadline-fridge,true,2026-08-18T03:30:00+00:00
215,eeeb9e89-042f-5fdc-8fcf-2c3ad56f9bf1,a992f17b-79b6-5dcf-aed4-2aebaa5775c7,task_assigned,project,114,Deadline fridge,deadline-fridge,true,2026-08-18T05:30:00+00:00
216,53f78f7e-e2df-586b-b483-5748c92d0f9f,a992f17b-79b6-5dcf-aed4-2aebaa5775c7,task_assigned,project,114,Deadline fridge,deadline-fridge,true,2026-08-18T06:30:00+00:00
217,0947c4b9-50d6-50e2-9043-84a15b80e8c7,a992f17b-79b6-5dcf-aed4-2aebaa5775c7,task_assigned,project,114,Deadline fridge,deadline-fridge,true,2026-08-18T07:30:00+00:00
218,1dd6da2f-292d-52b5-8e0e-a84885e81ba1,f22a7317-9c2b-5d13-99b9-1a1622094bb3,task_assigned,project,115,Repair café notes,repair-cafe-notes,true,2026-07-26T20:30:00+00:00
219,1dd6da2f-292d-52b5-8e0e-a84885e81ba1,f22a7317-9c2b-5d13-99b9-1a1622094bb3,task_assigned,project,115,Repair café notes,repair-cafe-notes,true,2026-07-26T22:30:00+00:00
220,1dd6da2f-292d-52b5-8e0e-a84885e81ba1,f22a7317-9c2b-5d13-99b9-1a1622094bb3,task_assigned,project,115,Repair café notes,repair-cafe-notes,true,2026-07-27T00:30:00+00:00
221,f22a7317-9c2b-5d13-99b9-1a1622094bb3,1dd6da2f-292d-52b5-8e0e-a84885e81ba1,project_update,project,115,Repair café notes,repair-cafe-notes,true,2026-09-15T10:30:00+00:00
222,eeeb9e89-042f-5fdc-8fcf-2c3ad56f9bf1,daa36188-60fd-56a2-938b-70b1b51084b0,task_assigned,project,116,Receipt split notebook,receipt-split-notebook,true,2026-08-29T06:30:00+00:00
223,d48cab4b-e48b-59ae-88d6-41d5d463569d,daa36188-60fd-56a2-938b-70b1b51084b0,task_assigned,project,116,Receipt split notebook,receipt-split-notebook,true,2026-08-29T07:30:00+00:00
224,729fe171-fa0d-547e-b374-39bd19f4c645,daa36188-60fd-56a2-938b-70b1b51084b0,task_assigned,project,116,Receipt split notebook,receipt-split-notebook,true,2026-08-29T08:30:00+00:00
225,878bb7d9-5569-5efb-bbd1-5e39d62d594d,daa36188-60fd-56a2-938b-70b1b51084b0,task_assigned,project,116,Receipt split notebook,receipt-split-notebook,true,2026-08-29T09:30:00+00:00
226,daa36188-60fd-56a2-938b-70b1b51084b0,e0b64119-ecb0-52a5-852d-39c211ce337a,project_join_request,project,116,Receipt split notebook,receipt-split-notebook,true,2026-09-14T10:30:00+00:00
227,b39a9d3d-f3eb-5d31-9cc7-15e278969b70,1bc15434-bc22-56cc-a890-336efd2a11e5,task_assigned,project,117,Lunch leftovers board,lunch-leftovers-board,true,2026-08-27T06:30:00+00:00
228,878bb7d9-5569-5efb-bbd1-5e39d62d594d,1bc15434-bc22-56cc-a890-336efd2a11e5,task_assigned,project,117,Lunch leftovers board,lunch-leftovers-board,true,2026-08-27T07:30:00+00:00
229,484e243b-afd7-5767-bb0f-4262c0334aea,1bc15434-bc22-56cc-a890-336efd2a11e5,task_assigned,project,117,Lunch leftovers board,lunch-leftovers-board,true,2026-08-27T08:30:00+00:00
230,bf54d417-d834-5d3e-a7f9-106377fe05a5,1bc15434-bc22-56cc-a890-336efd2a11e5,task_assigned,project,117,Lunch leftovers board,lunch-leftovers-board,true,2026-08-27T09:30:00+00:00
231,c6286e16-5e03-594c-aa67-861b8ba91b33,36016ab9-3cc9-5f6a-8bc7-1d138ad9cb43,task_assigned,project,118,Fieldwork logbook,fieldwork-logbook,true,2026-08-23T09:30:00+00:00
232,ef763ec1-f93c-5744-9640-4ca59adf9347,36016ab9-3cc9-5f6a-8bc7-1d138ad9cb43,task_assigned,project,118,Fieldwork logbook,fieldwork-logbook,true,2026-08-23T10:30:00+00:00
233,c6286e16-5e03-594c-aa67-861b8ba91b33,36016ab9-3cc9-5f6a-8bc7-1d138ad9cb43,task_assigned,project,118,Fieldwork logbook,fieldwork-logbook,true,2026-08-23T12:30:00+00:00
234,36016ab9-3cc9-5f6a-8bc7-1d138ad9cb43,c6286e16-5e03-594c-aa67-861b8ba91b33,project_update,project,118,Fieldwork logbook,fieldwork-logbook,false,2026-09-18T10:30:00+00:00
235,ef763ec1-f93c-5744-9640-4ca59adf9347,c6286e16-5e03-594c-aa67-861b8ba91b33,project_update,project,118,Fieldwork logbook,fieldwork-logbook,false,2026-09-18T10:30:00+00:00
236,b0ebc690-efe0-594f-bd55-e4d7ec3454bc,36016ab9-3cc9-5f6a-8bc7-1d138ad9cb43,project_invite,project,118,Fieldwork logbook,fieldwork-logbook,false,2026-09-17T10:30:00+00:00
237,77c684c4-9514-5edc-85ff-1052c8544c14,f0f4eb8c-a1ed-50a1-bc7d-2863700a31a5,task_assigned,project,119,Workshop waitlist,workshop-waitlist,true,2026-06-30T03:30:00+00:00
238,cb162f3d-006f-544e-bfa6-f9abb8a52026,f0f4eb8c-a1ed-50a1-bc7d-2863700a31a5,task_assigned,project,119,Workshop waitlist,workshop-waitlist,true,2026-06-30T04:30:00+00:00
239,6ab0c42d-0ad5-5b3d-9c6c-4ab9eaa47586,6d9d0917-bda8-5863-abe4-92d14b0cc926,project_join_request,project,120,First shift guide,first-shift-guide,true,2026-09-15T10:30:00+00:00
240,693ebb02-ab3f-5d60-b798-d4d4df4900d2,a36cd93c-2f0c-5956-9a51-8094e39a7bed,task_assigned,project,122,Practice partner cards,practice-partner-cards,true,2026-07-31T02:30:00+00:00
241,4845dc43-0c9d-5f09-aa4a-62e68abb5d12,a36cd93c-2f0c-5956-9a51-8094e39a7bed,task_assigned,project,122,Practice partner cards,practice-partner-cards,true,2026-07-31T03:30:00+00:00
242,a36cd93c-2f0c-5956-9a51-8094e39a7bed,693ebb02-ab3f-5d60-b798-d4d4df4900d2,project_update,project,122,Practice partner cards,practice-partner-cards,true,2026-09-14T10:30:00+00:00
243,4845dc43-0c9d-5f09-aa4a-62e68abb5d12,693ebb02-ab3f-5d60-b798-d4d4df4900d2,project_update,project,122,Practice partner cards,practice-partner-cards,true,2026-09-14T10:30:00+00:00
244,a36cd93c-2f0c-5956-9a51-8094e39a7bed,f0f4eb8c-a1ed-50a1-bc7d-2863700a31a5,project_join_request,project,122,Practice partner cards,practice-partner-cards,false,2026-09-18T10:30:00+00:00
245,88a268b0-6bca-5583-b041-ffdbc51be7e6,bb4b0d34-59a4-5948-a9be-a1aa6caece55,task_assigned,project,123,Tiny grant tracker,tiny-grant-tracker,true,2026-08-31T21:30:00+00:00
246,9d1c460b-bd0b-57ff-ac14-f2b10f73edd3,bb4b0d34-59a4-5948-a9be-a1aa6caece55,task_assigned,project,123,Tiny grant tracker,tiny-grant-tracker,true,2026-08-31T22:30:00+00:00
247,88a268b0-6bca-5583-b041-ffdbc51be7e6,bb4b0d34-59a4-5948-a9be-a1aa6caece55,task_assigned,project,123,Tiny grant tracker,tiny-grant-tracker,true,2026-09-01T00:30:00+00:00
248,9d1c460b-bd0b-57ff-ac14-f2b10f73edd3,bb4b0d34-59a4-5948-a9be-a1aa6caece55,task_assigned,project,123,Tiny grant tracker,tiny-grant-tracker,true,2026-09-01T01:30:00+00:00
249,bb4b0d34-59a4-5948-a9be-a1aa6caece55,88a268b0-6bca-5583-b041-ffdbc51be7e6,project_update,project,123,Tiny grant tracker,tiny-grant-tracker,true,2026-09-13T10:30:00+00:00
250,9d1c460b-bd0b-57ff-ac14-f2b10f73edd3,88a268b0-6bca-5583-b041-ffdbc51be7e6,project_update,project,123,Tiny grant tracker,tiny-grant-tracker,true,2026-09-13T10:30:00+00:00
251,8300625d-d3f5-5264-8503-98a2bfbf60d8,6690668c-e73d-51ff-9ca4-36bec9b8c175,task_assigned,project,124,Caption draft desk,caption-draft-desk,true,2026-08-18T06:30:00+00:00
252,53f78f7e-e2df-586b-b483-5748c92d0f9f,6690668c-e73d-51ff-9ca4-36bec9b8c175,task_assigned,project,124,Caption draft desk,caption-draft-desk,true,2026-08-18T07:30:00+00:00
253,8300625d-d3f5-5264-8503-98a2bfbf60d8,6690668c-e73d-51ff-9ca4-36bec9b8c175,task_assigned,project,124,Caption draft desk,caption-draft-desk,true,2026-08-18T09:30:00+00:00
254,53f78f7e-e2df-586b-b483-5748c92d0f9f,6690668c-e73d-51ff-9ca4-36bec9b8c175,task_assigned,project,124,Caption draft desk,caption-draft-desk,true,2026-08-18T10:30:00+00:00
255,5a4b137d-2ebb-5c75-8cdd-bf77406b4b9f,baa8ef70-5b01-5a49-84cb-71c353290705,task_assigned,project,125,Garden sensor diary,garden-sensor-diary,true,2026-08-16T16:30:00+00:00
256,06657aeb-b604-5b0d-9281-d2e5afb78a9d,baa8ef70-5b01-5a49-84cb-71c353290705,task_assigned,project,125,Garden sensor diary,garden-sensor-diary,true,2026-08-16T17:30:00+00:00
257,eb3717c1-cd92-5eeb-af40-9df7f3132426,baa8ef70-5b01-5a49-84cb-71c353290705,task_assigned,project,125,Garden sensor diary,garden-sensor-diary,true,2026-08-16T18:30:00+00:00
258,baa8ef70-5b01-5a49-84cb-71c353290705,5a4b137d-2ebb-5c75-8cdd-bf77406b4b9f,project_update,project,125,Garden sensor diary,garden-sensor-diary,false,2026-09-17T10:30:00+00:00
259,06657aeb-b604-5b0d-9281-d2e5afb78a9d,5a4b137d-2ebb-5c75-8cdd-bf77406b4b9f,project_update,project,125,Garden sensor diary,garden-sensor-diary,false,2026-09-17T10:30:00+00:00
260,eb3717c1-cd92-5eeb-af40-9df7f3132426,5a4b137d-2ebb-5c75-8cdd-bf77406b4b9f,project_update,project,125,Garden sensor diary,garden-sensor-diary,true,2026-09-17T10:30:00+00:00
261,3b932376-f549-5a1c-a24b-664b4bc338e3,5a4b137d-2ebb-5c75-8cdd-bf77406b4b9f,project_update,project,125,Garden sensor diary,garden-sensor-diary,false,2026-09-17T10:30:00+00:00
262,518ae987-15f7-5b22-8bcc-df59623dbdce,95927b04-f214-5c26-878d-fb55176e41bc,task_assigned,project,126,Paper queue,paper-queue,true,2026-07-18T00:30:00+00:00
263,f223e569-d735-5980-b77b-25d459e64a37,95927b04-f214-5c26-878d-fb55176e41bc,task_assigned,project,126,Paper queue,paper-queue,true,2026-07-18T01:30:00+00:00
264,518ae987-15f7-5b22-8bcc-df59623dbdce,95927b04-f214-5c26-878d-fb55176e41bc,task_assigned,project,126,Paper queue,paper-queue,true,2026-07-18T03:30:00+00:00
265,f223e569-d735-5980-b77b-25d459e64a37,95927b04-f214-5c26-878d-fb55176e41bc,task_assigned,project,126,Paper queue,paper-queue,true,2026-07-18T04:30:00+00:00
266,d5dc7189-89df-5fd7-983f-1124b6de3d68,20b63262-d3e6-555a-95b2-84fc87694a19,task_assigned,project,128,Lab kit checklist,lab-kit-checklist,true,2026-07-05T23:30:00+00:00
267,d5dc7189-89df-5fd7-983f-1124b6de3d68,20b63262-d3e6-555a-95b2-84fc87694a19,task_assigned,project,128,Lab kit checklist,lab-kit-checklist,true,2026-07-06T01:30:00+00:00
268,cd8c4c60-ab9b-5cf3-996e-d4fbb990f4c6,8ecc0792-3789-53b2-a26e-fc6daa886eb7,task_assigned,project,129,Portfolio screenshot studio,portfolio-screenshot-studio,true,2026-08-31T10:30:00+00:00
269,f4793612-bd5c-52c4-b29e-226fe28a77ca,8ecc0792-3789-53b2-a26e-fc6daa886eb7,task_assigned,project,129,Portfolio screenshot studio,portfolio-screenshot-studio,true,2026-08-31T11:30:00+00:00
270,61347d09-09eb-5f04-a4ec-fe830319799f,8ecc0792-3789-53b2-a26e-fc6daa886eb7,task_assigned,project,129,Portfolio screenshot studio,portfolio-screenshot-studio,true,2026-08-31T12:30:00+00:00
271,508d03e7-de84-523a-8242-f48abc9451d7,e747fee0-a84b-5f51-98a3-7481903c9023,task_assigned,project,130,Reading pace journal,reading-pace-journal,true,2026-08-10T03:30:00+00:00
272,bf54d417-d834-5d3e-a7f9-106377fe05a5,e747fee0-a84b-5f51-98a3-7481903c9023,task_assigned,project,130,Reading pace journal,reading-pace-journal,true,2026-08-10T04:30:00+00:00
273,484e243b-afd7-5767-bb0f-4262c0334aea,e747fee0-a84b-5f51-98a3-7481903c9023,task_assigned,project,130,Reading pace journal,reading-pace-journal,true,2026-08-10T05:30:00+00:00
274,3a376c3a-3e46-5c8c-815c-232b66ca9bc8,651ce25b-8132-52d9-8f74-889f22c3bb5c,task_assigned,project,131,Accessible poster checker,accessible-poster-checker,true,2026-09-02T22:30:00+00:00
275,3a376c3a-3e46-5c8c-815c-232b66ca9bc8,651ce25b-8132-52d9-8f74-889f22c3bb5c,task_assigned,project,131,Accessible poster checker,accessible-poster-checker,true,2026-09-03T00:30:00+00:00
276,3a376c3a-3e46-5c8c-815c-232b66ca9bc8,651ce25b-8132-52d9-8f74-889f22c3bb5c,task_assigned,project,131,Accessible poster checker,accessible-poster-checker,true,2026-09-03T02:30:00+00:00
277,3a376c3a-3e46-5c8c-815c-232b66ca9bc8,651ce25b-8132-52d9-8f74-889f22c3bb5c,task_assigned,project,131,Accessible poster checker,accessible-poster-checker,true,2026-09-03T04:30:00+00:00
278,651ce25b-8132-52d9-8f74-889f22c3bb5c,3a376c3a-3e46-5c8c-815c-232b66ca9bc8,project_update,project,131,Accessible poster checker,accessible-poster-checker,false,2026-09-17T10:30:00+00:00
279,878bb7d9-5569-5efb-bbd1-5e39d62d594d,e3efd234-c7f9-5957-937f-661b1c3981ef,task_assigned,project,132,Club handover folder,club-handover-folder,true,2026-07-19T08:30:00+00:00
280,7bdf8ad6-1318-5f74-9112-e2b655e215a2,e3efd234-c7f9-5957-937f-661b1c3981ef,task_assigned,project,132,Club handover folder,club-handover-folder,true,2026-07-19T09:30:00+00:00
281,9d1c460b-bd0b-57ff-ac14-f2b10f73edd3,e3efd234-c7f9-5957-937f-661b1c3981ef,task_assigned,project,132,Club handover folder,club-handover-folder,true,2026-07-19T10:30:00+00:00
282,6e82bb3e-ede8-5803-ba1a-cc3aa8766199,e3efd234-c7f9-5957-937f-661b1c3981ef,task_assigned,project,132,Club handover folder,club-handover-folder,true,2026-07-19T11:30:00+00:00
283,e3efd234-c7f9-5957-937f-661b1c3981ef,878bb7d9-5569-5efb-bbd1-5e39d62d594d,project_update,project,132,Club handover folder,club-handover-folder,true,2026-09-16T10:30:00+00:00
284,7bdf8ad6-1318-5f74-9112-e2b655e215a2,878bb7d9-5569-5efb-bbd1-5e39d62d594d,project_update,project,132,Club handover folder,club-handover-folder,false,2026-09-16T10:30:00+00:00
285,9d1c460b-bd0b-57ff-ac14-f2b10f73edd3,878bb7d9-5569-5efb-bbd1-5e39d62d594d,project_update,project,132,Club handover folder,club-handover-folder,true,2026-09-16T10:30:00+00:00
286,6e82bb3e-ede8-5803-ba1a-cc3aa8766199,878bb7d9-5569-5efb-bbd1-5e39d62d594d,project_update,project,132,Club handover folder,club-handover-folder,true,2026-09-16T10:30:00+00:00
287,e3efd234-c7f9-5957-937f-661b1c3981ef,4845dc43-0c9d-5f09-aa4a-62e68abb5d12,project_join_request,project,132,Club handover folder,club-handover-folder,true,2026-09-18T10:30:00+00:00
288,88820056-e901-59a1-b2ca-c4e813b34f7b,bf54d417-d834-5d3e-a7f9-106377fe05a5,task_assigned,project,133,Bike repair pricebook,bike-repair-pricebook,true,2026-07-13T03:30:00+00:00
289,50de23a6-cd45-55ac-adb0-06d14b4ed8ce,bf54d417-d834-5d3e-a7f9-106377fe05a5,task_assigned,project,133,Bike repair pricebook,bike-repair-pricebook,true,2026-07-13T04:30:00+00:00
290,f985b68e-39ae-5c83-8468-2b126802c414,bf54d417-d834-5d3e-a7f9-106377fe05a5,task_assigned,project,133,Bike repair pricebook,bike-repair-pricebook,true,2026-07-13T05:30:00+00:00
291,61347d09-09eb-5f04-a4ec-fe830319799f,53f78f7e-e2df-586b-b483-5748c92d0f9f,task_assigned,project,134,Seminar question wall,seminar-question-wall,true,2026-08-28T21:30:00+00:00
292,b7f1d97d-9f3c-5885-b9ef-48d67a16a686,53f78f7e-e2df-586b-b483-5748c92d0f9f,task_assigned,project,134,Seminar question wall,seminar-question-wall,true,2026-08-28T22:30:00+00:00
293,729fe171-fa0d-547e-b374-39bd19f4c645,ffe47fd1-7989-5728-addd-50b504edd889,task_assigned,project,135,Rain route diary,rain-route-diary,true,2026-07-27T04:30:00+00:00
294,f22a7317-9c2b-5d13-99b9-1a1622094bb3,ffe47fd1-7989-5728-addd-50b504edd889,task_assigned,project,135,Rain route diary,rain-route-diary,true,2026-07-27T05:30:00+00:00
295,37b7aed3-d207-54f7-b4ec-0e05c50eaeb2,ffe47fd1-7989-5728-addd-50b504edd889,task_assigned,project,135,Rain route diary,rain-route-diary,true,2026-07-27T06:30:00+00:00
296,001e944b-e64e-5742-afb7-5e04327e41ee,7624f38b-fbca-546f-af04-c9dda9318f82,task_assigned,project,136,Volunteer hour ledger,volunteer-hour-ledger,true,2026-08-10T08:30:00+00:00
297,001e944b-e64e-5742-afb7-5e04327e41ee,7624f38b-fbca-546f-af04-c9dda9318f82,task_assigned,project,136,Volunteer hour ledger,volunteer-hour-ledger,true,2026-08-10T10:30:00+00:00
298,001e944b-e64e-5742-afb7-5e04327e41ee,7624f38b-fbca-546f-af04-c9dda9318f82,task_assigned,project,136,Volunteer hour ledger,volunteer-hour-ledger,true,2026-08-10T12:30:00+00:00
299,5421f79d-ed60-5eed-852b-01b379adab9e,20b4182c-90f7-51da-99e8-97ade4d19a92,task_assigned,project,137,Open dataset postcard,open-dataset-postcard,true,2026-07-30T21:30:00+00:00
300,4307ee18-2e16-50be-abbc-db160bb8e8fd,20b4182c-90f7-51da-99e8-97ade4d19a92,task_assigned,project,137,Open dataset postcard,open-dataset-postcard,true,2026-07-30T22:30:00+00:00
301,f3744506-cae3-5f81-8a4f-506a60395be8,20b4182c-90f7-51da-99e8-97ade4d19a92,task_assigned,project,137,Open dataset postcard,open-dataset-postcard,true,2026-07-30T23:30:00+00:00
302,37b7aed3-d207-54f7-b4ec-0e05c50eaeb2,20b4182c-90f7-51da-99e8-97ade4d19a92,task_assigned,project,137,Open dataset postcard,open-dataset-postcard,true,2026-07-31T00:30:00+00:00
303,3425797b-5c54-5f3a-9a34-9cedb0dc5b84,1b1e4344-fde4-5cc2-b82c-4fb458696522,task_assigned,project,138,Reading room occupancy,reading-room-occupancy,true,2026-08-24T04:30:00+00:00
304,0da68170-ff38-5dad-9224-770d261f1c8a,1b1e4344-fde4-5cc2-b82c-4fb458696522,task_assigned,project,138,Reading room occupancy,reading-room-occupancy,true,2026-08-24T05:30:00+00:00
305,ae7ac442-d880-5cd8-bc30-8d21c5f7dc54,1b1e4344-fde4-5cc2-b82c-4fb458696522,task_assigned,project,138,Reading room occupancy,reading-room-occupancy,true,2026-08-24T06:30:00+00:00
306,d16e3cdc-2868-563d-867d-62fa9b8b24ea,1b1e4344-fde4-5cc2-b82c-4fb458696522,task_assigned,project,138,Reading room occupancy,reading-room-occupancy,true,2026-08-24T07:30:00+00:00
307,61347d09-09eb-5f04-a4ec-fe830319799f,1b1e4344-fde4-5cc2-b82c-4fb458696522,task_assigned,project,138,Reading room occupancy,reading-room-occupancy,true,2026-08-24T08:30:00+00:00
308,3425797b-5c54-5f3a-9a34-9cedb0dc5b84,1b1e4344-fde4-5cc2-b82c-4fb458696522,task_assigned,project,138,Reading room occupancy,reading-room-occupancy,true,2026-08-24T10:30:00+00:00
309,1b1e4344-fde4-5cc2-b82c-4fb458696522,3425797b-5c54-5f3a-9a34-9cedb0dc5b84,project_update,project,138,Reading room occupancy,reading-room-occupancy,false,2026-09-16T10:30:00+00:00
310,0da68170-ff38-5dad-9224-770d261f1c8a,3425797b-5c54-5f3a-9a34-9cedb0dc5b84,project_update,project,138,Reading room occupancy,reading-room-occupancy,false,2026-09-16T10:30:00+00:00
311,ae7ac442-d880-5cd8-bc30-8d21c5f7dc54,3425797b-5c54-5f3a-9a34-9cedb0dc5b84,project_update,project,138,Reading room occupancy,reading-room-occupancy,false,2026-09-16T10:30:00+00:00
312,d16e3cdc-2868-563d-867d-62fa9b8b24ea,3425797b-5c54-5f3a-9a34-9cedb0dc5b84,project_update,project,138,Reading room occupancy,reading-room-occupancy,false,2026-09-16T10:30:00+00:00
313,61347d09-09eb-5f04-a4ec-fe830319799f,3425797b-5c54-5f3a-9a34-9cedb0dc5b84,project_update,project,138,Reading room occupancy,reading-room-occupancy,true,2026-09-16T10:30:00+00:00
314,1b1e4344-fde4-5cc2-b82c-4fb458696522,a5526e82-ef69-522b-b3ad-df818658bde0,project_join_request,project,138,Reading room occupancy,reading-room-occupancy,false,2026-09-17T10:30:00+00:00
315,88a268b0-6bca-5583-b041-ffdbc51be7e6,2e2e8079-6c9e-51c9-bc7e-1475045fd514,task_assigned,project,139,Dorm energy notebook,dorm-energy-notebook,true,2026-08-22T15:30:00+00:00
316,54561bf4-fe37-5b37-934d-9c7f81542f8b,2e2e8079-6c9e-51c9-bc7e-1475045fd514,task_assigned,project,139,Dorm energy notebook,dorm-energy-notebook,true,2026-08-22T16:30:00+00:00
317,96ccee9a-30f2-56cd-b597-a927c84e0f75,2e2e8079-6c9e-51c9-bc7e-1475045fd514,task_assigned,project,139,Dorm energy notebook,dorm-energy-notebook,true,2026-08-22T17:30:00+00:00
318,88a268b0-6bca-5583-b041-ffdbc51be7e6,2e2e8079-6c9e-51c9-bc7e-1475045fd514,task_assigned,project,139,Dorm energy notebook,dorm-energy-notebook,true,2026-08-22T19:30:00+00:00
319,54561bf4-fe37-5b37-934d-9c7f81542f8b,2e2e8079-6c9e-51c9-bc7e-1475045fd514,task_assigned,project,139,Dorm energy notebook,dorm-energy-notebook,true,2026-08-22T20:30:00+00:00
320,96ccee9a-30f2-56cd-b597-a927c84e0f75,2e2e8079-6c9e-51c9-bc7e-1475045fd514,task_assigned,project,139,Dorm energy notebook,dorm-energy-notebook,true,2026-08-22T21:30:00+00:00
321,77c684c4-9514-5edc-85ff-1052c8544c14,bdc5faf6-386d-5338-99a0-32d156bcbd68,task_assigned,project,140,Interview practice recorder,interview-practice-recorder,true,2026-08-13T05:30:00+00:00
322,77c684c4-9514-5edc-85ff-1052c8544c14,bdc5faf6-386d-5338-99a0-32d156bcbd68,task_assigned,project,140,Interview practice recorder,interview-practice-recorder,true,2026-08-13T07:30:00+00:00
323,77c684c4-9514-5edc-85ff-1052c8544c14,bdc5faf6-386d-5338-99a0-32d156bcbd68,task_assigned,project,140,Interview practice recorder,interview-practice-recorder,true,2026-08-13T09:30:00+00:00
324,bdc5faf6-386d-5338-99a0-32d156bcbd68,77c684c4-9514-5edc-85ff-1052c8544c14,project_update,project,140,Interview practice recorder,interview-practice-recorder,true,2026-09-14T10:30:00+00:00
325,bdc5faf6-386d-5338-99a0-32d156bcbd68,5532dec3-02ae-5ac3-8b57-2e8214a8598b,project_join_request,project,140,Interview practice recorder,interview-practice-recorder,true,2026-09-15T10:30:00+00:00
326,58074159-53d7-5a52-8436-d84a05af35a9,45abfe15-6e8d-57cf-bda3-b7ae2b5c0bc7,task_assigned,project,141,Office-hours planner,office-hours-planner,true,2026-08-25T06:30:00+00:00
327,a53c485b-a35c-51fb-84a5-364207ce0adb,45abfe15-6e8d-57cf-bda3-b7ae2b5c0bc7,task_assigned,project,141,Office-hours planner,office-hours-planner,true,2026-08-25T07:30:00+00:00
328,45abfe15-6e8d-57cf-bda3-b7ae2b5c0bc7,58074159-53d7-5a52-8436-d84a05af35a9,project_update,project,141,Office-hours planner,office-hours-planner,true,2026-09-13T10:30:00+00:00
329,a53c485b-a35c-51fb-84a5-364207ce0adb,58074159-53d7-5a52-8436-d84a05af35a9,project_update,project,141,Office-hours planner,office-hours-planner,true,2026-09-13T10:30:00+00:00
330,f4793612-bd5c-52c4-b29e-226fe28a77ca,693ebb02-ab3f-5d60-b798-d4d4df4900d2,task_assigned,project,142,Print quota companion,print-quota-companion,true,2026-07-28T17:30:00+00:00
331,d9fbcbde-376a-5f82-9fb5-268a24b02d57,693ebb02-ab3f-5d60-b798-d4d4df4900d2,task_assigned,project,142,Print quota companion,print-quota-companion,true,2026-07-28T18:30:00+00:00
332,f4793612-bd5c-52c4-b29e-226fe28a77ca,693ebb02-ab3f-5d60-b798-d4d4df4900d2,task_assigned,project,142,Print quota companion,print-quota-companion,true,2026-07-28T20:30:00+00:00
333,d9fbcbde-376a-5f82-9fb5-268a24b02d57,693ebb02-ab3f-5d60-b798-d4d4df4900d2,task_assigned,project,142,Print quota companion,print-quota-companion,true,2026-07-28T21:30:00+00:00
334,f4793612-bd5c-52c4-b29e-226fe28a77ca,693ebb02-ab3f-5d60-b798-d4d4df4900d2,task_assigned,project,142,Print quota companion,print-quota-companion,true,2026-07-28T23:30:00+00:00
335,9cba29b2-e169-54f3-9d61-1d5013f80312,693ebb02-ab3f-5d60-b798-d4d4df4900d2,project_invite,project,142,Print quota companion,print-quota-companion,false,2026-09-18T10:30:00+00:00
336,eb3717c1-cd92-5eeb-af40-9df7f3132426,88820056-e901-59a1-b2ca-c4e813b34f7b,task_assigned,project,143,Studio critique board,studio-critique-board,true,2026-07-19T18:30:00+00:00
337,d9fbcbde-376a-5f82-9fb5-268a24b02d57,88820056-e901-59a1-b2ca-c4e813b34f7b,task_assigned,project,143,Studio critique board,studio-critique-board,true,2026-07-19T19:30:00+00:00
338,88820056-e901-59a1-b2ca-c4e813b34f7b,eb3717c1-cd92-5eeb-af40-9df7f3132426,project_update,project,143,Studio critique board,studio-critique-board,false,2026-09-17T10:30:00+00:00
339,d9fbcbde-376a-5f82-9fb5-268a24b02d57,eb3717c1-cd92-5eeb-af40-9df7f3132426,project_update,project,143,Studio critique board,studio-critique-board,false,2026-09-17T10:30:00+00:00
340,fd96bbd1-5601-5c99-a1e2-04b09168b35e,eb3717c1-cd92-5eeb-af40-9df7f3132426,project_update,project,143,Studio critique board,studio-critique-board,false,2026-09-17T10:30:00+00:00
341,eeeb9e89-042f-5fdc-8fcf-2c3ad56f9bf1,878bb7d9-5569-5efb-bbd1-5e39d62d594d,task_assigned,project,144,Local shop stock cards,local-shop-stock-cards,true,2026-07-29T17:30:00+00:00
342,b39a9d3d-f3eb-5d31-9cc7-15e278969b70,878bb7d9-5569-5efb-bbd1-5e39d62d594d,task_assigned,project,144,Local shop stock cards,local-shop-stock-cards,true,2026-07-29T18:30:00+00:00
343,eeeb9e89-042f-5fdc-8fcf-2c3ad56f9bf1,878bb7d9-5569-5efb-bbd1-5e39d62d594d,task_assigned,project,144,Local shop stock cards,local-shop-stock-cards,true,2026-07-29T20:30:00+00:00
344,b39a9d3d-f3eb-5d31-9cc7-15e278969b70,878bb7d9-5569-5efb-bbd1-5e39d62d594d,task_assigned,project,144,Local shop stock cards,local-shop-stock-cards,true,2026-07-29T21:30:00+00:00
345,a0a53b38-722a-56e6-a52c-fe0e06169a59,6ac5a7a4-ae0d-5e31-8a7c-d85b63a96c46,task_assigned,project,145,Meal budget worksheet,meal-budget-worksheet,true,2026-07-08T19:30:00+00:00
346,0bd9c807-50b6-567b-befe-96c80ed2fc9d,6ac5a7a4-ae0d-5e31-8a7c-d85b63a96c46,task_assigned,project,145,Meal budget worksheet,meal-budget-worksheet,true,2026-07-08T20:30:00+00:00
347,88a268b0-6bca-5583-b041-ffdbc51be7e6,4ec67eb8-4fda-5cbc-bbd1-a6afc7ce8130,task_assigned,project,146,Consent form sandbox,consent-form-sandbox,true,2026-08-27T20:30:00+00:00
348,37b7aed3-d207-54f7-b4ec-0e05c50eaeb2,4ec67eb8-4fda-5cbc-bbd1-a6afc7ce8130,task_assigned,project,146,Consent form sandbox,consent-form-sandbox,true,2026-08-27T21:30:00+00:00
349,fd96bbd1-5601-5c99-a1e2-04b09168b35e,4ec67eb8-4fda-5cbc-bbd1-a6afc7ce8130,task_assigned,project,146,Consent form sandbox,consent-form-sandbox,true,2026-08-27T22:30:00+00:00
350,77c684c4-9514-5edc-85ff-1052c8544c14,4ec67eb8-4fda-5cbc-bbd1-a6afc7ce8130,task_assigned,project,146,Consent form sandbox,consent-form-sandbox,true,2026-08-27T23:30:00+00:00
351,b7180518-4b5b-54ef-9060-958212d05ab7,4ec67eb8-4fda-5cbc-bbd1-a6afc7ce8130,task_assigned,project,146,Consent form sandbox,consent-form-sandbox,true,2026-08-28T00:30:00+00:00
352,4ec67eb8-4fda-5cbc-bbd1-a6afc7ce8130,88a268b0-6bca-5583-b041-ffdbc51be7e6,project_update,project,146,Consent form sandbox,consent-form-sandbox,true,2026-09-14T10:30:00+00:00
353,37b7aed3-d207-54f7-b4ec-0e05c50eaeb2,88a268b0-6bca-5583-b041-ffdbc51be7e6,project_update,project,146,Consent form sandbox,consent-form-sandbox,true,2026-09-14T10:30:00+00:00
354,fd96bbd1-5601-5c99-a1e2-04b09168b35e,88a268b0-6bca-5583-b041-ffdbc51be7e6,project_update,project,146,Consent form sandbox,consent-form-sandbox,true,2026-09-14T10:30:00+00:00
355,77c684c4-9514-5edc-85ff-1052c8544c14,88a268b0-6bca-5583-b041-ffdbc51be7e6,project_update,project,146,Consent form sandbox,consent-form-sandbox,true,2026-09-14T10:30:00+00:00
356,b7180518-4b5b-54ef-9060-958212d05ab7,88a268b0-6bca-5583-b041-ffdbc51be7e6,project_update,project,146,Consent form sandbox,consent-form-sandbox,true,2026-09-14T10:30:00+00:00
357,4ec67eb8-4fda-5cbc-bbd1-a6afc7ce8130,405fd522-6b0d-52fc-b397-dc3ce2e4a2ea,project_join_request,project,146,Consent form sandbox,consent-form-sandbox,true,2026-09-14T10:30:00+00:00
358,dfe9e449-d177-56af-a679-d3e1c78c5c02,4ec67eb8-4fda-5cbc-bbd1-a6afc7ce8130,task_assigned,project,147,Phishing practice lab,phishing-practice-lab,true,2026-06-30T03:30:00+00:00
359,eb3717c1-cd92-5eeb-af40-9df7f3132426,4ec67eb8-4fda-5cbc-bbd1-a6afc7ce8130,task_assigned,project,147,Phishing practice lab,phishing-practice-lab,true,2026-06-30T04:30:00+00:00
360,eeeb9e89-042f-5fdc-8fcf-2c3ad56f9bf1,4ec67eb8-4fda-5cbc-bbd1-a6afc7ce8130,task_assigned,project,147,Phishing practice lab,phishing-practice-lab,true,2026-06-30T05:30:00+00:00
361,88a268b0-6bca-5583-b041-ffdbc51be7e6,4ec67eb8-4fda-5cbc-bbd1-a6afc7ce8130,task_assigned,project,147,Phishing practice lab,phishing-practice-lab,true,2026-06-30T06:30:00+00:00
362,b7f1d97d-9f3c-5885-b9ef-48d67a16a686,373cd20e-25d5-5a46-a0ae-18157cf68a55,task_assigned,project,148,Dependency update journal,dependency-update-journal,true,2026-07-27T05:30:00+00:00
363,f985b68e-39ae-5c83-8468-2b126802c414,373cd20e-25d5-5a46-a0ae-18157cf68a55,task_assigned,project,148,Dependency update journal,dependency-update-journal,true,2026-07-27T06:30:00+00:00
364,341a0cef-f4a9-53ee-8980-229dc154ff4e,373cd20e-25d5-5a46-a0ae-18157cf68a55,project_invite,project,148,Dependency update journal,dependency-update-journal,false,2026-09-17T10:30:00+00:00
365,88a268b0-6bca-5583-b041-ffdbc51be7e6,f4793612-bd5c-52c4-b29e-226fe28a77ca,task_assigned,project,149,Small API status page,small-api-status-page,true,2026-08-08T16:30:00+00:00
366,f4793612-bd5c-52c4-b29e-226fe28a77ca,88a268b0-6bca-5583-b041-ffdbc51be7e6,project_update,project,149,Small API status page,small-api-status-page,true,2026-09-17T10:30:00+00:00
367,63fdd1e3-9db3-5b05-9799-510eea6abab7,1873645b-b54c-51dc-a41a-7131e831a64f,task_assigned,project,150,Commute cost comparison,commute-cost-comparison,true,2026-08-19T00:30:00+00:00
368,001e944b-e64e-5742-afb7-5e04327e41ee,1873645b-b54c-51dc-a41a-7131e831a64f,task_assigned,project,150,Commute cost comparison,commute-cost-comparison,true,2026-08-19T01:30:00+00:00
369,eb3717c1-cd92-5eeb-af40-9df7f3132426,1873645b-b54c-51dc-a41a-7131e831a64f,task_assigned,project,150,Commute cost comparison,commute-cost-comparison,true,2026-08-19T02:30:00+00:00
370,ae7ac442-d880-5cd8-bc30-8d21c5f7dc54,1873645b-b54c-51dc-a41a-7131e831a64f,task_assigned,project,150,Commute cost comparison,commute-cost-comparison,true,2026-08-19T03:30:00+00:00
371,67357d35-e727-50a5-9114-d5f2da172374,9edec740-5de6-5c27-8233-5cf72946b182,task_assigned,project,151,Public toilet access notes,public-toilet-access-notes,true,2026-07-30T01:30:00+00:00
372,ef763ec1-f93c-5744-9640-4ca59adf9347,9edec740-5de6-5c27-8233-5cf72946b182,task_assigned,project,151,Public toilet access notes,public-toilet-access-notes,true,2026-07-30T02:30:00+00:00
373,9edec740-5de6-5c27-8233-5cf72946b182,67357d35-e727-50a5-9114-d5f2da172374,project_update,project,151,Public toilet access notes,public-toilet-access-notes,true,2026-09-15T10:30:00+00:00
374,ef763ec1-f93c-5744-9640-4ca59adf9347,67357d35-e727-50a5-9114-d5f2da172374,project_update,project,151,Public toilet access notes,public-toilet-access-notes,true,2026-09-15T10:30:00+00:00
375,8fa5b823-1a70-59f7-9bb2-b3d5f36dc82b,67357d35-e727-50a5-9114-d5f2da172374,project_update,project,151,Public toilet access notes,public-toilet-access-notes,true,2026-09-15T10:30:00+00:00
376,20b63262-d3e6-555a-95b2-84fc87694a19,67357d35-e727-50a5-9114-d5f2da172374,project_update,project,151,Public toilet access notes,public-toilet-access-notes,true,2026-09-15T10:30:00+00:00
377,cb162f3d-006f-544e-bfa6-f9abb8a52026,7298015b-9105-595a-b879-3013c08053f7,task_assigned,project,152,Reading list translator notes,reading-list-translator-notes,true,2026-08-16T21:30:00+00:00
378,b39a9d3d-f3eb-5d31-9cc7-15e278969b70,7298015b-9105-595a-b879-3013c08053f7,task_assigned,project,152,Reading list translator notes,reading-list-translator-notes,true,2026-08-16T22:30:00+00:00
379,fb400c3e-ecd0-522e-8b8e-1323946be71a,7298015b-9105-595a-b879-3013c08053f7,task_assigned,project,152,Reading list translator notes,reading-list-translator-notes,true,2026-08-16T23:30:00+00:00
380,f22a7317-9c2b-5d13-99b9-1a1622094bb3,7298015b-9105-595a-b879-3013c08053f7,task_assigned,project,152,Reading list translator notes,reading-list-translator-notes,true,2026-08-17T00:30:00+00:00
381,8fa5b823-1a70-59f7-9bb2-b3d5f36dc82b,7298015b-9105-595a-b879-3013c08053f7,task_assigned,project,152,Reading list translator notes,reading-list-translator-notes,true,2026-08-17T01:30:00+00:00
382,7298015b-9105-595a-b879-3013c08053f7,cb162f3d-006f-544e-bfa6-f9abb8a52026,project_update,project,152,Reading list translator notes,reading-list-translator-notes,true,2026-09-14T10:30:00+00:00
383,b39a9d3d-f3eb-5d31-9cc7-15e278969b70,cb162f3d-006f-544e-bfa6-f9abb8a52026,project_update,project,152,Reading list translator notes,reading-list-translator-notes,true,2026-09-14T10:30:00+00:00
384,fb400c3e-ecd0-522e-8b8e-1323946be71a,cb162f3d-006f-544e-bfa6-f9abb8a52026,project_update,project,152,Reading list translator notes,reading-list-translator-notes,true,2026-09-14T10:30:00+00:00
385,f22a7317-9c2b-5d13-99b9-1a1622094bb3,cb162f3d-006f-544e-bfa6-f9abb8a52026,project_update,project,152,Reading list translator notes,reading-list-translator-notes,true,2026-09-14T10:30:00+00:00
386,8fa5b823-1a70-59f7-9bb2-b3d5f36dc82b,cb162f3d-006f-544e-bfa6-f9abb8a52026,project_update,project,152,Reading list translator notes,reading-list-translator-notes,true,2026-09-14T10:30:00+00:00
387,7298015b-9105-595a-b879-3013c08053f7,d9fbcbde-376a-5f82-9fb5-268a24b02d57,project_join_request,project,152,Reading list translator notes,reading-list-translator-notes,true,2026-09-18T10:30:00+00:00
388,001e944b-e64e-5742-afb7-5e04327e41ee,06657aeb-b604-5b0d-9281-d2e5afb78a9d,task_assigned,project,153,Exam revision calendar,exam-revision-calendar,true,2026-08-27T23:30:00+00:00
389,53f78f7e-e2df-586b-b483-5748c92d0f9f,06657aeb-b604-5b0d-9281-d2e5afb78a9d,task_assigned,project,153,Exam revision calendar,exam-revision-calendar,true,2026-08-28T00:30:00+00:00
390,fb400c3e-ecd0-522e-8b8e-1323946be71a,06657aeb-b604-5b0d-9281-d2e5afb78a9d,task_assigned,project,153,Exam revision calendar,exam-revision-calendar,true,2026-08-28T01:30:00+00:00
391,f22a7317-9c2b-5d13-99b9-1a1622094bb3,082b47e7-5a06-5a34-bd49-595c82b2b196,task_assigned,project,154,Research interview scheduler,research-interview-scheduler,true,2026-08-19T02:30:00+00:00
392,508d03e7-de84-523a-8242-f48abc9451d7,082b47e7-5a06-5a34-bd49-595c82b2b196,task_assigned,project,154,Research interview scheduler,research-interview-scheduler,true,2026-08-19T03:30:00+00:00
393,082b47e7-5a06-5a34-bd49-595c82b2b196,f22a7317-9c2b-5d13-99b9-1a1622094bb3,project_update,project,154,Research interview scheduler,research-interview-scheduler,true,2026-09-18T10:30:00+00:00
394,508d03e7-de84-523a-8242-f48abc9451d7,f22a7317-9c2b-5d13-99b9-1a1622094bb3,project_update,project,154,Research interview scheduler,research-interview-scheduler,true,2026-09-18T10:30:00+00:00
395,9c9c228f-3bd5-5da4-b666-fbfab93b4b7e,082b47e7-5a06-5a34-bd49-595c82b2b196,project_invite,project,154,Research interview scheduler,research-interview-scheduler,false,2026-09-16T10:30:00+00:00
396,0e992dba-f631-52d1-b7e3-76faec77c33f,783491ec-2857-52e8-a102-766d7abba6d2,task_assigned,project,155,Open-source issue notebook,open-source-issue-notebook,true,2026-07-31T07:30:00+00:00
397,0e992dba-f631-52d1-b7e3-76faec77c33f,783491ec-2857-52e8-a102-766d7abba6d2,task_assigned,project,155,Open-source issue notebook,open-source-issue-notebook,true,2026-07-31T09:30:00+00:00
398,0e992dba-f631-52d1-b7e3-76faec77c33f,783491ec-2857-52e8-a102-766d7abba6d2,task_assigned,project,155,Open-source issue notebook,open-source-issue-notebook,true,2026-07-31T11:30:00+00:00
399,0e992dba-f631-52d1-b7e3-76faec77c33f,783491ec-2857-52e8-a102-766d7abba6d2,task_assigned,project,155,Open-source issue notebook,open-source-issue-notebook,true,2026-07-31T13:30:00+00:00
400,783491ec-2857-52e8-a102-766d7abba6d2,0e992dba-f631-52d1-b7e3-76faec77c33f,project_update,project,155,Open-source issue notebook,open-source-issue-notebook,true,2026-09-17T10:30:00+00:00
401,cb162f3d-006f-544e-bfa6-f9abb8a52026,3d016498-e16a-5ad9-95c7-b633dfc6a142,task_assigned,project,156,Food label reading aid,food-label-reading-aid,true,2026-07-21T08:30:00+00:00
402,cb162f3d-006f-544e-bfa6-f9abb8a52026,3d016498-e16a-5ad9-95c7-b633dfc6a142,task_assigned,project,156,Food label reading aid,food-label-reading-aid,true,2026-07-21T10:30:00+00:00
403,cb162f3d-006f-544e-bfa6-f9abb8a52026,3d016498-e16a-5ad9-95c7-b633dfc6a142,task_assigned,project,156,Food label reading aid,food-label-reading-aid,true,2026-07-21T12:30:00+00:00
404,cd8c4c60-ab9b-5cf3-996e-d4fbb990f4c6,f22a7317-9c2b-5d13-99b9-1a1622094bb3,task_assigned,project,157,Campus step-free audit,campus-step-free-audit,true,2026-07-06T15:30:00+00:00
405,cd8c4c60-ab9b-5cf3-996e-d4fbb990f4c6,f22a7317-9c2b-5d13-99b9-1a1622094bb3,task_assigned,project,157,Campus step-free audit,campus-step-free-audit,true,2026-07-06T17:30:00+00:00
406,cd8c4c60-ab9b-5cf3-996e-d4fbb990f4c6,f22a7317-9c2b-5d13-99b9-1a1622094bb3,task_assigned,project,157,Campus step-free audit,campus-step-free-audit,true,2026-07-06T19:30:00+00:00
407,1bc15434-bc22-56cc-a890-336efd2a11e5,4cf03b5a-e2ca-57f2-95b8-16a3b92247e6,task_assigned,project,158,Tide cleanup planner,tide-cleanup-planner,true,2026-08-13T19:30:00+00:00
408,f3744506-cae3-5f81-8a4f-506a60395be8,4cf03b5a-e2ca-57f2-95b8-16a3b92247e6,task_assigned,project,158,Tide cleanup planner,tide-cleanup-planner,true,2026-08-13T20:30:00+00:00
409,4845dc43-0c9d-5f09-aa4a-62e68abb5d12,4cf03b5a-e2ca-57f2-95b8-16a3b92247e6,task_assigned,project,158,Tide cleanup planner,tide-cleanup-planner,true,2026-08-13T21:30:00+00:00
410,4cf03b5a-e2ca-57f2-95b8-16a3b92247e6,45cee65b-db52-5dff-b09d-0ee1ac2be20f,project_join_request,project,158,Tide cleanup planner,tide-cleanup-planner,true,2026-09-17T10:30:00+00:00
411,88820056-e901-59a1-b2ca-c4e813b34f7b,1767869f-381f-59b9-acac-01da2d539e40,task_assigned,project,159,Neighbourhood sound diary,neighbourhood-sound-diary,true,2026-07-04T20:30:00+00:00
412,b7f1d97d-9f3c-5885-b9ef-48d67a16a686,1767869f-381f-59b9-acac-01da2d539e40,task_assigned,project,159,Neighbourhood sound diary,neighbourhood-sound-diary,true,2026-07-04T21:30:00+00:00
413,61347d09-09eb-5f04-a4ec-fe830319799f,1767869f-381f-59b9-acac-01da2d539e40,task_assigned,project,159,Neighbourhood sound diary,neighbourhood-sound-diary,true,2026-07-04T22:30:00+00:00
414,4ec67eb8-4fda-5cbc-bbd1-a6afc7ce8130,1767869f-381f-59b9-acac-01da2d539e40,task_assigned,project,159,Neighbourhood sound diary,neighbourhood-sound-diary,true,2026-07-04T23:30:00+00:00
415,6e82bb3e-ede8-5803-ba1a-cc3aa8766199,eb397f92-99ac-5f0f-8f81-3540865f0477,task_assigned,project,160,Shared camera bookings,shared-camera-bookings,true,2026-08-26T06:30:00+00:00
416,0947c4b9-50d6-50e2-9043-84a15b80e8c7,eb397f92-99ac-5f0f-8f81-3540865f0477,task_assigned,project,160,Shared camera bookings,shared-camera-bookings,true,2026-08-26T07:30:00+00:00
417,eb397f92-99ac-5f0f-8f81-3540865f0477,6e82bb3e-ede8-5803-ba1a-cc3aa8766199,project_update,project,160,Shared camera bookings,shared-camera-bookings,true,2026-09-18T10:30:00+00:00
418,0947c4b9-50d6-50e2-9043-84a15b80e8c7,6e82bb3e-ede8-5803-ba1a-cc3aa8766199,project_update,project,160,Shared camera bookings,shared-camera-bookings,false,2026-09-18T10:30:00+00:00
419,40120057-c43a-5745-9d3a-d9b0c6b1e84e,6e82bb3e-ede8-5803-ba1a-cc3aa8766199,project_update,project,160,Shared camera bookings,shared-camera-bookings,true,2026-09-18T10:30:00+00:00
420,f22a7317-9c2b-5d13-99b9-1a1622094bb3,eb397f92-99ac-5f0f-8f81-3540865f0477,project_invite,project,160,Shared camera bookings,shared-camera-bookings,true,2026-09-15T10:30:00+00:00
421,96ccee9a-30f2-56cd-b597-a927c84e0f75,1bc15434-bc22-56cc-a890-336efd2a11e5,task_assigned,project,162,Accessible chart gallery,accessible-chart-gallery,true,2026-06-30T04:30:00+00:00
422,f4793612-bd5c-52c4-b29e-226fe28a77ca,1bc15434-bc22-56cc-a890-336efd2a11e5,task_assigned,project,162,Accessible chart gallery,accessible-chart-gallery,true,2026-06-30T05:30:00+00:00
423,d48cab4b-e48b-59ae-88d6-41d5d463569d,1bc15434-bc22-56cc-a890-336efd2a11e5,task_assigned,project,162,Accessible chart gallery,accessible-chart-gallery,true,2026-06-30T06:30:00+00:00
424,8819cb55-67e6-5a55-98c8-d80446975a9e,6ab0c42d-0ad5-5b3d-9c6c-4ab9eaa47586,task_assigned,project,163,Study snack preorders,study-snack-preorders,true,2026-07-22T21:30:00+00:00
425,3425797b-5c54-5f3a-9a34-9cedb0dc5b84,6ab0c42d-0ad5-5b3d-9c6c-4ab9eaa47586,task_assigned,project,163,Study snack preorders,study-snack-preorders,true,2026-07-22T22:30:00+00:00
426,1b1e4344-fde4-5cc2-b82c-4fb458696522,e0b64119-ecb0-52a5-852d-39c211ce337a,task_assigned,project,164,Second-hand desk finder,second-hand-desk-finder,true,2026-08-15T16:30:00+00:00
427,693ebb02-ab3f-5d60-b798-d4d4df4900d2,e0b64119-ecb0-52a5-852d-39c211ce337a,task_assigned,project,164,Second-hand desk finder,second-hand-desk-finder,true,2026-08-15T17:30:00+00:00
428,1b1e4344-fde4-5cc2-b82c-4fb458696522,e0b64119-ecb0-52a5-852d-39c211ce337a,task_assigned,project,164,Second-hand desk finder,second-hand-desk-finder,true,2026-08-15T19:30:00+00:00
429,693ebb02-ab3f-5d60-b798-d4d4df4900d2,e0b64119-ecb0-52a5-852d-39c211ce337a,task_assigned,project,164,Second-hand desk finder,second-hand-desk-finder,true,2026-08-15T20:30:00+00:00
430,e0b64119-ecb0-52a5-852d-39c211ce337a,1b1e4344-fde4-5cc2-b82c-4fb458696522,project_update,project,164,Second-hand desk finder,second-hand-desk-finder,true,2026-09-14T10:30:00+00:00
431,693ebb02-ab3f-5d60-b798-d4d4df4900d2,1b1e4344-fde4-5cc2-b82c-4fb458696522,project_update,project,164,Second-hand desk finder,second-hand-desk-finder,true,2026-09-14T10:30:00+00:00
432,e0b64119-ecb0-52a5-852d-39c211ce337a,d0c58825-6ead-50f6-9a07-f2f95dbb51ea,project_join_request,project,164,Second-hand desk finder,second-hand-desk-finder,true,2026-09-16T10:30:00+00:00
433,d767d4bb-a2aa-587a-90f9-23d0689ae52a,302b84f9-9053-5cf7-bed0-305678227875,task_assigned,project,165,Group assignment ledger,group-assignment-ledger,true,2026-08-11T20:30:00+00:00
434,4845dc43-0c9d-5f09-aa4a-62e68abb5d12,302b84f9-9053-5cf7-bed0-305678227875,task_assigned,project,165,Group assignment ledger,group-assignment-ledger,true,2026-08-11T21:30:00+00:00
435,f985b68e-39ae-5c83-8468-2b126802c414,302b84f9-9053-5cf7-bed0-305678227875,task_assigned,project,165,Group assignment ledger,group-assignment-ledger,true,2026-08-11T22:30:00+00:00
436,4966bb54-4d4f-5992-8586-1bd44991d17f,302b84f9-9053-5cf7-bed0-305678227875,task_assigned,project,165,Group assignment ledger,group-assignment-ledger,true,2026-08-11T23:30:00+00:00
437,1767869f-381f-59b9-acac-01da2d539e40,302b84f9-9053-5cf7-bed0-305678227875,task_assigned,project,165,Group assignment ledger,group-assignment-ledger,true,2026-08-12T00:30:00+00:00
438,d767d4bb-a2aa-587a-90f9-23d0689ae52a,302b84f9-9053-5cf7-bed0-305678227875,task_assigned,project,165,Group assignment ledger,group-assignment-ledger,true,2026-08-12T02:30:00+00:00
439,6ab0c42d-0ad5-5b3d-9c6c-4ab9eaa47586,a2cc3818-be31-5aeb-828c-e23f579431aa,task_assigned,project,166,Methods flashcards,methods-flashcards,true,2026-07-03T18:30:00+00:00
440,eb397f92-99ac-5f0f-8f81-3540865f0477,a2cc3818-be31-5aeb-828c-e23f579431aa,task_assigned,project,166,Methods flashcards,methods-flashcards,true,2026-07-03T19:30:00+00:00
441,facb4557-eabe-5f8b-89cc-f223b91c89b7,a2cc3818-be31-5aeb-828c-e23f579431aa,task_assigned,project,166,Methods flashcards,methods-flashcards,true,2026-07-03T20:30:00+00:00
442,88a268b0-6bca-5583-b041-ffdbc51be7e6,a2cc3818-be31-5aeb-828c-e23f579431aa,task_assigned,project,166,Methods flashcards,methods-flashcards,true,2026-07-03T21:30:00+00:00
443,6ab0c42d-0ad5-5b3d-9c6c-4ab9eaa47586,a2cc3818-be31-5aeb-828c-e23f579431aa,task_assigned,project,166,Methods flashcards,methods-flashcards,true,2026-07-03T23:30:00+00:00
444,eb397f92-99ac-5f0f-8f81-3540865f0477,a2cc3818-be31-5aeb-828c-e23f579431aa,task_assigned,project,166,Methods flashcards,methods-flashcards,true,2026-07-04T00:30:00+00:00
445,b39a9d3d-f3eb-5d31-9cc7-15e278969b70,20b63262-d3e6-555a-95b2-84fc87694a19,task_assigned,project,167,Lab error notebook,lab-error-notebook,true,2026-08-20T21:30:00+00:00
446,88a268b0-6bca-5583-b041-ffdbc51be7e6,20b63262-d3e6-555a-95b2-84fc87694a19,task_assigned,project,167,Lab error notebook,lab-error-notebook,true,2026-08-20T22:30:00+00:00
447,b39a9d3d-f3eb-5d31-9cc7-15e278969b70,20b63262-d3e6-555a-95b2-84fc87694a19,task_assigned,project,167,Lab error notebook,lab-error-notebook,true,2026-08-21T00:30:00+00:00
448,88a268b0-6bca-5583-b041-ffdbc51be7e6,20b63262-d3e6-555a-95b2-84fc87694a19,task_assigned,project,167,Lab error notebook,lab-error-notebook,true,2026-08-21T01:30:00+00:00
449,20b63262-d3e6-555a-95b2-84fc87694a19,b39a9d3d-f3eb-5d31-9cc7-15e278969b70,project_update,project,167,Lab error notebook,lab-error-notebook,true,2026-09-17T10:30:00+00:00
450,88a268b0-6bca-5583-b041-ffdbc51be7e6,b39a9d3d-f3eb-5d31-9cc7-15e278969b70,project_update,project,167,Lab error notebook,lab-error-notebook,false,2026-09-17T10:30:00+00:00
451,a53c485b-a35c-51fb-84a5-364207ce0adb,ae96d203-7a11-52ed-9e02-cd93c3dda603,task_assigned,project,168,Flood alert explainer,flood-alert-explainer,true,2026-07-12T18:30:00+00:00
452,a070c6d0-c23b-5036-b352-f16db0d6ec8e,8819cb55-67e6-5a55-98c8-d80446975a9e,task_assigned,project,169,Workshop cost calculator,workshop-cost-calculator,true,2026-08-26T19:30:00+00:00
453,61347d09-09eb-5f04-a4ec-fe830319799f,8819cb55-67e6-5a55-98c8-d80446975a9e,task_assigned,project,169,Workshop cost calculator,workshop-cost-calculator,true,2026-08-26T20:30:00+00:00
454,96ccee9a-30f2-56cd-b597-a927c84e0f75,8819cb55-67e6-5a55-98c8-d80446975a9e,task_assigned,project,169,Workshop cost calculator,workshop-cost-calculator,true,2026-08-26T21:30:00+00:00
455,37b7aed3-d207-54f7-b4ec-0e05c50eaeb2,8819cb55-67e6-5a55-98c8-d80446975a9e,task_assigned,project,169,Workshop cost calculator,workshop-cost-calculator,true,2026-08-26T22:30:00+00:00
456,8819cb55-67e6-5a55-98c8-d80446975a9e,a070c6d0-c23b-5036-b352-f16db0d6ec8e,project_update,project,169,Workshop cost calculator,workshop-cost-calculator,true,2026-09-15T10:30:00+00:00
457,61347d09-09eb-5f04-a4ec-fe830319799f,a070c6d0-c23b-5036-b352-f16db0d6ec8e,project_update,project,169,Workshop cost calculator,workshop-cost-calculator,true,2026-09-15T10:30:00+00:00
458,96ccee9a-30f2-56cd-b597-a927c84e0f75,a070c6d0-c23b-5036-b352-f16db0d6ec8e,project_update,project,169,Workshop cost calculator,workshop-cost-calculator,true,2026-09-15T10:30:00+00:00
459,37b7aed3-d207-54f7-b4ec-0e05c50eaeb2,a070c6d0-c23b-5036-b352-f16db0d6ec8e,project_update,project,169,Workshop cost calculator,workshop-cost-calculator,true,2026-09-15T10:30:00+00:00
460,0b532307-3033-5baf-b61c-915d1213c01f,d0c58825-6ead-50f6-9a07-f2f95dbb51ea,task_assigned,project,170,Recycling label classifier,recycling-label-classifier,true,2026-07-27T04:30:00+00:00
461,4307ee18-2e16-50be-abbc-db160bb8e8fd,d0c58825-6ead-50f6-9a07-f2f95dbb51ea,task_assigned,project,170,Recycling label classifier,recycling-label-classifier,true,2026-07-27T05:30:00+00:00
462,d0c58825-6ead-50f6-9a07-f2f95dbb51ea,0b532307-3033-5baf-b61c-915d1213c01f,project_update,project,170,Recycling label classifier,recycling-label-classifier,true,2026-09-14T10:30:00+00:00
463,4307ee18-2e16-50be-abbc-db160bb8e8fd,0b532307-3033-5baf-b61c-915d1213c01f,project_update,project,170,Recycling label classifier,recycling-label-classifier,true,2026-09-14T10:30:00+00:00
464,1bc15434-bc22-56cc-a890-336efd2a11e5,0b532307-3033-5baf-b61c-915d1213c01f,project_update,project,170,Recycling label classifier,recycling-label-classifier,true,2026-09-14T10:30:00+00:00
465,8819cb55-67e6-5a55-98c8-d80446975a9e,0b532307-3033-5baf-b61c-915d1213c01f,project_update,project,170,Recycling label classifier,recycling-label-classifier,true,2026-09-14T10:30:00+00:00
466,d0c58825-6ead-50f6-9a07-f2f95dbb51ea,3bc3e38a-5ff7-5330-ab2d-8add18e85d57,project_join_request,project,170,Recycling label classifier,recycling-label-classifier,true,2026-09-15T10:30:00+00:00
467,693ebb02-ab3f-5d60-b798-d4d4df4900d2,95927b04-f214-5c26-878d-fb55176e41bc,task_assigned,project,171,Public transport delay charts,public-transport-delay-charts,true,2026-08-18T05:30:00+00:00
468,693ebb02-ab3f-5d60-b798-d4d4df4900d2,95927b04-f214-5c26-878d-fb55176e41bc,task_assigned,project,171,Public transport delay charts,public-transport-delay-charts,true,2026-08-18T07:30:00+00:00
469,693ebb02-ab3f-5d60-b798-d4d4df4900d2,95927b04-f214-5c26-878d-fb55176e41bc,task_assigned,project,171,Public transport delay charts,public-transport-delay-charts,true,2026-08-18T09:30:00+00:00
470,90cced0e-f2c7-528c-bd28-38c44ead6c98,43a3bb15-e7a6-5c42-a198-3e0d7f080ba1,task_assigned,project,172,Personal data export viewer,personal-data-export-viewer,true,2026-07-04T06:30:00+00:00
471,fb400c3e-ecd0-522e-8b8e-1323946be71a,43a3bb15-e7a6-5c42-a198-3e0d7f080ba1,task_assigned,project,172,Personal data export viewer,personal-data-export-viewer,true,2026-07-04T07:30:00+00:00
472,90cced0e-f2c7-528c-bd28-38c44ead6c98,43a3bb15-e7a6-5c42-a198-3e0d7f080ba1,task_assigned,project,172,Personal data export viewer,personal-data-export-viewer,true,2026-07-04T09:30:00+00:00
473,fb400c3e-ecd0-522e-8b8e-1323946be71a,43a3bb15-e7a6-5c42-a198-3e0d7f080ba1,task_assigned,project,172,Personal data export viewer,personal-data-export-viewer,true,2026-07-04T10:30:00+00:00
474,90cced0e-f2c7-528c-bd28-38c44ead6c98,43a3bb15-e7a6-5c42-a198-3e0d7f080ba1,task_assigned,project,172,Personal data export viewer,personal-data-export-viewer,true,2026-07-04T12:30:00+00:00
475,43a3bb15-e7a6-5c42-a198-3e0d7f080ba1,90cced0e-f2c7-528c-bd28-38c44ead6c98,project_update,project,172,Personal data export viewer,personal-data-export-viewer,false,2026-09-18T10:30:00+00:00
476,fb400c3e-ecd0-522e-8b8e-1323946be71a,90cced0e-f2c7-528c-bd28-38c44ead6c98,project_update,project,172,Personal data export viewer,personal-data-export-viewer,false,2026-09-18T10:30:00+00:00
477,7624f38b-fbca-546f-af04-c9dda9318f82,43a3bb15-e7a6-5c42-a198-3e0d7f080ba1,project_invite,project,172,Personal data export viewer,personal-data-export-viewer,false,2026-09-18T10:30:00+00:00
478,605985c4-d18d-54b0-829f-2a199ea5c81d,a60d0128-bffa-5d2d-9915-36693e6bc3ba,task_assigned,project,173,Code review warmups,code-review-warmups,true,2026-07-11T20:30:00+00:00
479,85df6dcd-e42a-581f-802b-eb93568b74eb,a60d0128-bffa-5d2d-9915-36693e6bc3ba,task_assigned,project,173,Code review warmups,code-review-warmups,true,2026-07-11T21:30:00+00:00
480,1767869f-381f-59b9-acac-01da2d539e40,a60d0128-bffa-5d2d-9915-36693e6bc3ba,task_assigned,project,173,Code review warmups,code-review-warmups,true,2026-07-11T22:30:00+00:00
481,e7dd6cb0-626e-510a-9e98-0498c534b04d,a60d0128-bffa-5d2d-9915-36693e6bc3ba,task_assigned,project,173,Code review warmups,code-review-warmups,true,2026-07-11T23:30:00+00:00
482,8819cb55-67e6-5a55-98c8-d80446975a9e,a60d0128-bffa-5d2d-9915-36693e6bc3ba,task_assigned,project,173,Code review warmups,code-review-warmups,true,2026-07-12T00:30:00+00:00
483,605985c4-d18d-54b0-829f-2a199ea5c81d,a60d0128-bffa-5d2d-9915-36693e6bc3ba,task_assigned,project,173,Code review warmups,code-review-warmups,true,2026-07-12T02:30:00+00:00
484,6988340a-a3c1-5fda-a996-711f1723c649,7bdf8ad6-1318-5f74-9112-e2b655e215a2,task_assigned,project,174,Club archive timeline,club-archive-timeline,true,2026-07-12T01:30:00+00:00
485,6ab0c42d-0ad5-5b3d-9c6c-4ab9eaa47586,7bdf8ad6-1318-5f74-9112-e2b655e215a2,task_assigned,project,174,Club archive timeline,club-archive-timeline,true,2026-07-12T02:30:00+00:00
486,7bdf8ad6-1318-5f74-9112-e2b655e215a2,6988340a-a3c1-5fda-a996-711f1723c649,project_update,project,174,Club archive timeline,club-archive-timeline,false,2026-09-16T10:30:00+00:00
487,6ab0c42d-0ad5-5b3d-9c6c-4ab9eaa47586,6988340a-a3c1-5fda-a996-711f1723c649,project_update,project,174,Club archive timeline,club-archive-timeline,true,2026-09-16T10:30:00+00:00
488,20b63262-d3e6-555a-95b2-84fc87694a19,6988340a-a3c1-5fda-a996-711f1723c649,project_update,project,174,Club archive timeline,club-archive-timeline,true,2026-09-16T10:30:00+00:00
489,7bdf8ad6-1318-5f74-9112-e2b655e215a2,1bc15434-bc22-56cc-a890-336efd2a11e5,project_join_request,project,174,Club archive timeline,club-archive-timeline,true,2026-09-16T10:30:00+00:00
490,508d03e7-de84-523a-8242-f48abc9451d7,7624f38b-fbca-546f-af04-c9dda9318f82,task_assigned,project,175,Laptop loan desk,laptop-loan-desk,true,2026-08-02T23:30:00+00:00
491,508d03e7-de84-523a-8242-f48abc9451d7,7624f38b-fbca-546f-af04-c9dda9318f82,task_assigned,project,175,Laptop loan desk,laptop-loan-desk,true,2026-08-03T01:30:00+00:00
492,f4793612-bd5c-52c4-b29e-226fe28a77ca,d2a70bca-a25c-522f-9b7e-c967b69503cc,task_assigned,project,176,Pollinator count map,pollinator-count-map,true,2026-08-17T19:30:00+00:00
493,508d03e7-de84-523a-8242-f48abc9451d7,d2a70bca-a25c-522f-9b7e-c967b69503cc,task_assigned,project,176,Pollinator count map,pollinator-count-map,true,2026-08-17T20:30:00+00:00
494,88a268b0-6bca-5583-b041-ffdbc51be7e6,d2a70bca-a25c-522f-9b7e-c967b69503cc,task_assigned,project,176,Pollinator count map,pollinator-count-map,true,2026-08-17T21:30:00+00:00
495,f8f213c7-3d61-567e-9735-5e3e9498b892,d2a70bca-a25c-522f-9b7e-c967b69503cc,task_assigned,project,176,Pollinator count map,pollinator-count-map,true,2026-08-17T22:30:00+00:00
496,d2a70bca-a25c-522f-9b7e-c967b69503cc,f4793612-bd5c-52c4-b29e-226fe28a77ca,project_update,project,176,Pollinator count map,pollinator-count-map,true,2026-09-14T10:30:00+00:00
497,508d03e7-de84-523a-8242-f48abc9451d7,f4793612-bd5c-52c4-b29e-226fe28a77ca,project_update,project,176,Pollinator count map,pollinator-count-map,true,2026-09-14T10:30:00+00:00
498,88a268b0-6bca-5583-b041-ffdbc51be7e6,f4793612-bd5c-52c4-b29e-226fe28a77ca,project_update,project,176,Pollinator count map,pollinator-count-map,true,2026-09-14T10:30:00+00:00
499,f8f213c7-3d61-567e-9735-5e3e9498b892,f4793612-bd5c-52c4-b29e-226fe28a77ca,project_update,project,176,Pollinator count map,pollinator-count-map,true,2026-09-14T10:30:00+00:00
500,d2a70bca-a25c-522f-9b7e-c967b69503cc,e502b694-466f-5e1f-9293-146b264ae20c,project_join_request,project,176,Pollinator count map,pollinator-count-map,true,2026-09-14T10:30:00+00:00
501,eb3717c1-cd92-5eeb-af40-9df7f3132426,e747fee0-a84b-5f51-98a3-7481903c9023,task_assigned,project,177,Local language quiz pack,local-language-quiz-pack,true,2026-08-28T03:30:00+00:00
502,bf54d417-d834-5d3e-a7f9-106377fe05a5,e747fee0-a84b-5f51-98a3-7481903c9023,task_assigned,project,177,Local language quiz pack,local-language-quiz-pack,true,2026-08-28T04:30:00+00:00
503,ae7ac442-d880-5cd8-bc30-8d21c5f7dc54,e747fee0-a84b-5f51-98a3-7481903c9023,task_assigned,project,177,Local language quiz pack,local-language-quiz-pack,true,2026-08-28T05:30:00+00:00
504,eb3717c1-cd92-5eeb-af40-9df7f3132426,e747fee0-a84b-5f51-98a3-7481903c9023,task_assigned,project,177,Local language quiz pack,local-language-quiz-pack,true,2026-08-28T07:30:00+00:00
505,bf54d417-d834-5d3e-a7f9-106377fe05a5,e747fee0-a84b-5f51-98a3-7481903c9023,task_assigned,project,177,Local language quiz pack,local-language-quiz-pack,true,2026-08-28T08:30:00+00:00
506,ae7ac442-d880-5cd8-bc30-8d21c5f7dc54,e747fee0-a84b-5f51-98a3-7481903c9023,task_assigned,project,177,Local language quiz pack,local-language-quiz-pack,true,2026-08-28T09:30:00+00:00
507,e747fee0-a84b-5f51-98a3-7481903c9023,eb3717c1-cd92-5eeb-af40-9df7f3132426,project_update,project,177,Local language quiz pack,local-language-quiz-pack,true,2026-09-13T10:30:00+00:00
508,bf54d417-d834-5d3e-a7f9-106377fe05a5,eb3717c1-cd92-5eeb-af40-9df7f3132426,project_update,project,177,Local language quiz pack,local-language-quiz-pack,true,2026-09-13T10:30:00+00:00
509,ae7ac442-d880-5cd8-bc30-8d21c5f7dc54,eb3717c1-cd92-5eeb-af40-9df7f3132426,project_update,project,177,Local language quiz pack,local-language-quiz-pack,true,2026-09-13T10:30:00+00:00
510,4307ee18-2e16-50be-abbc-db160bb8e8fd,5421f79d-ed60-5eed-852b-01b379adab9e,task_assigned,project,178,Tiny accessibility backlog,tiny-accessibility-backlog,true,2026-08-06T20:30:00+00:00
511,4307ee18-2e16-50be-abbc-db160bb8e8fd,5421f79d-ed60-5eed-852b-01b379adab9e,task_assigned,project,178,Tiny accessibility backlog,tiny-accessibility-backlog,true,2026-08-06T22:30:00+00:00
512,4307ee18-2e16-50be-abbc-db160bb8e8fd,5421f79d-ed60-5eed-852b-01b379adab9e,task_assigned,project,178,Tiny accessibility backlog,tiny-accessibility-backlog,true,2026-08-07T00:30:00+00:00
513,5421f79d-ed60-5eed-852b-01b379adab9e,4307ee18-2e16-50be-abbc-db160bb8e8fd,project_update,project,178,Tiny accessibility backlog,tiny-accessibility-backlog,true,2026-09-18T10:30:00+00:00
514,44f09dba-7a20-5f46-840b-4670e6c7eb92,5421f79d-ed60-5eed-852b-01b379adab9e,project_invite,project,178,Tiny accessibility backlog,tiny-accessibility-backlog,false,2026-09-17T10:30:00+00:00
515,a60d0128-bffa-5d2d-9915-36693e6bc3ba,610e9654-06d6-5e55-959b-377b8749b8f9,task_assigned,project,179,Student zine shelf,student-zine-shelf,true,2026-08-23T00:30:00+00:00
516,cd8c4c60-ab9b-5cf3-996e-d4fbb990f4c6,610e9654-06d6-5e55-959b-377b8749b8f9,task_assigned,project,179,Student zine shelf,student-zine-shelf,true,2026-08-23T01:30:00+00:00
517,a60d0128-bffa-5d2d-9915-36693e6bc3ba,610e9654-06d6-5e55-959b-377b8749b8f9,task_assigned,project,179,Student zine shelf,student-zine-shelf,true,2026-08-23T03:30:00+00:00
518,cd8c4c60-ab9b-5cf3-996e-d4fbb990f4c6,610e9654-06d6-5e55-959b-377b8749b8f9,task_assigned,project,179,Student zine shelf,student-zine-shelf,true,2026-08-23T04:30:00+00:00
519,a60d0128-bffa-5d2d-9915-36693e6bc3ba,610e9654-06d6-5e55-959b-377b8749b8f9,task_assigned,project,179,Student zine shelf,student-zine-shelf,true,2026-08-23T06:30:00+00:00
520,f22a7317-9c2b-5d13-99b9-1a1622094bb3,54561bf4-fe37-5b37-934d-9c7f81542f8b,task_assigned,project,180,Water refill notes,water-refill-notes,true,2026-07-10T10:30:00+00:00
521,6e82bb3e-ede8-5803-ba1a-cc3aa8766199,54561bf4-fe37-5b37-934d-9c7f81542f8b,task_assigned,project,180,Water refill notes,water-refill-notes,true,2026-07-10T11:30:00+00:00
522,f22a7317-9c2b-5d13-99b9-1a1622094bb3,54561bf4-fe37-5b37-934d-9c7f81542f8b,task_assigned,project,180,Water refill notes,water-refill-notes,true,2026-07-10T13:30:00+00:00
523,6e82bb3e-ede8-5803-ba1a-cc3aa8766199,54561bf4-fe37-5b37-934d-9c7f81542f8b,task_assigned,project,180,Water refill notes,water-refill-notes,true,2026-07-10T14:30:00+00:00
524,f22a7317-9c2b-5d13-99b9-1a1622094bb3,54561bf4-fe37-5b37-934d-9c7f81542f8b,task_assigned,project,180,Water refill notes,water-refill-notes,true,2026-07-10T16:30:00+00:00
525,4c2177ab-592a-5e4a-b25b-8bb3f8090555,ef763ec1-f93c-5744-9640-4ca59adf9347,task_assigned,project,181,Scholarship document checklist,scholarship-document-checklist,true,2026-08-21T18:30:00+00:00
526,4c2177ab-592a-5e4a-b25b-8bb3f8090555,ef763ec1-f93c-5744-9640-4ca59adf9347,task_assigned,project,181,Scholarship document checklist,scholarship-document-checklist,true,2026-08-21T20:30:00+00:00
527,4c2177ab-592a-5e4a-b25b-8bb3f8090555,ef763ec1-f93c-5744-9640-4ca59adf9347,task_assigned,project,181,Scholarship document checklist,scholarship-document-checklist,true,2026-08-21T22:30:00+00:00
528,96ccee9a-30f2-56cd-b597-a927c84e0f75,3bc3e38a-5ff7-5330-ab2d-8add18e85d57,task_assigned,project,182,Peer tutoring session notes,peer-tutoring-session-notes,true,2026-08-20T16:30:00+00:00
529,f3744506-cae3-5f81-8a4f-506a60395be8,3bc3e38a-5ff7-5330-ab2d-8add18e85d57,task_assigned,project,182,Peer tutoring session notes,peer-tutoring-session-notes,true,2026-08-20T17:30:00+00:00
530,96ccee9a-30f2-56cd-b597-a927c84e0f75,3bc3e38a-5ff7-5330-ab2d-8add18e85d57,task_assigned,project,182,Peer tutoring session notes,peer-tutoring-session-notes,true,2026-08-20T19:30:00+00:00
531,f3744506-cae3-5f81-8a4f-506a60395be8,3bc3e38a-5ff7-5330-ab2d-8add18e85d57,task_assigned,project,182,Peer tutoring session notes,peer-tutoring-session-notes,true,2026-08-20T20:30:00+00:00
532,3bc3e38a-5ff7-5330-ab2d-8add18e85d57,9edec740-5de6-5c27-8233-5cf72946b182,project_join_request,project,182,Peer tutoring session notes,peer-tutoring-session-notes,false,2026-09-18T10:30:00+00:00
533,484e243b-afd7-5767-bb0f-4262c0334aea,da462241-608b-5422-bdbd-0d98184a433d,task_assigned,project,183,Markdown lab report builder,markdown-lab-report-builder,true,2026-08-22T21:30:00+00:00
534,0947c4b9-50d6-50e2-9043-84a15b80e8c7,da462241-608b-5422-bdbd-0d98184a433d,task_assigned,project,183,Markdown lab report builder,markdown-lab-report-builder,true,2026-08-22T22:30:00+00:00
535,693ebb02-ab3f-5d60-b798-d4d4df4900d2,da462241-608b-5422-bdbd-0d98184a433d,task_assigned,project,183,Markdown lab report builder,markdown-lab-report-builder,true,2026-08-22T23:30:00+00:00
536,da462241-608b-5422-bdbd-0d98184a433d,484e243b-afd7-5767-bb0f-4262c0334aea,project_update,project,183,Markdown lab report builder,markdown-lab-report-builder,true,2026-09-13T10:30:00+00:00
537,0947c4b9-50d6-50e2-9043-84a15b80e8c7,484e243b-afd7-5767-bb0f-4262c0334aea,project_update,project,183,Markdown lab report builder,markdown-lab-report-builder,true,2026-09-13T10:30:00+00:00
538,693ebb02-ab3f-5d60-b798-d4d4df4900d2,484e243b-afd7-5767-bb0f-4262c0334aea,project_update,project,183,Markdown lab report builder,markdown-lab-report-builder,true,2026-09-13T10:30:00+00:00
539,a36cd93c-2f0c-5956-9a51-8094e39a7bed,484e243b-afd7-5767-bb0f-4262c0334aea,project_update,project,183,Markdown lab report builder,markdown-lab-report-builder,true,2026-09-13T10:30:00+00:00
540,5ccdaadc-80b2-50e1-a0c1-bad0246a7cf2,2e2e8079-6c9e-51c9-bc7e-1475045fd514,task_assigned,project,184,Classroom air diary,classroom-air-diary,true,2026-07-02T05:30:00+00:00
541,001e944b-e64e-5742-afb7-5e04327e41ee,2e2e8079-6c9e-51c9-bc7e-1475045fd514,task_assigned,project,184,Classroom air diary,classroom-air-diary,true,2026-07-02T06:30:00+00:00
542,96ccee9a-30f2-56cd-b597-a927c84e0f75,2e2e8079-6c9e-51c9-bc7e-1475045fd514,task_assigned,project,184,Classroom air diary,classroom-air-diary,true,2026-07-02T07:30:00+00:00
543,35e87bcc-650c-5e3f-9741-3f0c54905b6f,2e2e8079-6c9e-51c9-bc7e-1475045fd514,task_assigned,project,184,Classroom air diary,classroom-air-diary,true,2026-07-02T08:30:00+00:00
544,5ccdaadc-80b2-50e1-a0c1-bad0246a7cf2,2e2e8079-6c9e-51c9-bc7e-1475045fd514,task_assigned,project,184,Classroom air diary,classroom-air-diary,true,2026-07-02T10:30:00+00:00
545,eb3717c1-cd92-5eeb-af40-9df7f3132426,d5dc7189-89df-5fd7-983f-1124b6de3d68,task_assigned,project,185,Freelance scope worksheet,freelance-scope-worksheet,true,2026-08-11T00:30:00+00:00
546,eb3717c1-cd92-5eeb-af40-9df7f3132426,d5dc7189-89df-5fd7-983f-1124b6de3d68,task_assigned,project,185,Freelance scope worksheet,freelance-scope-worksheet,true,2026-08-11T02:30:00+00:00
547,eb3717c1-cd92-5eeb-af40-9df7f3132426,d5dc7189-89df-5fd7-983f-1124b6de3d68,task_assigned,project,185,Freelance scope worksheet,freelance-scope-worksheet,true,2026-08-11T04:30:00+00:00
548,d5dc7189-89df-5fd7-983f-1124b6de3d68,eb3717c1-cd92-5eeb-af40-9df7f3132426,project_update,project,185,Freelance scope worksheet,freelance-scope-worksheet,true,2026-09-17T10:30:00+00:00
549,1bc15434-bc22-56cc-a890-336efd2a11e5,40120057-c43a-5745-9d3a-d9b0c6b1e84e,task_assigned,project,186,Mutual aid pickup rota,mutual-aid-pickup-rota,true,2026-07-21T23:30:00+00:00
550,fb400c3e-ecd0-522e-8b8e-1323946be71a,40120057-c43a-5745-9d3a-d9b0c6b1e84e,task_assigned,project,186,Mutual aid pickup rota,mutual-aid-pickup-rota,true,2026-07-22T00:30:00+00:00
551,eeeb9e89-042f-5fdc-8fcf-2c3ad56f9bf1,40120057-c43a-5745-9d3a-d9b0c6b1e84e,task_assigned,project,186,Mutual aid pickup rota,mutual-aid-pickup-rota,true,2026-07-22T01:30:00+00:00
552,1bc15434-bc22-56cc-a890-336efd2a11e5,40120057-c43a-5745-9d3a-d9b0c6b1e84e,task_assigned,project,186,Mutual aid pickup rota,mutual-aid-pickup-rota,true,2026-07-22T03:30:00+00:00
553,fb400c3e-ecd0-522e-8b8e-1323946be71a,40120057-c43a-5745-9d3a-d9b0c6b1e84e,task_assigned,project,186,Mutual aid pickup rota,mutual-aid-pickup-rota,true,2026-07-22T04:30:00+00:00
554,eeeb9e89-042f-5fdc-8fcf-2c3ad56f9bf1,40120057-c43a-5745-9d3a-d9b0c6b1e84e,task_assigned,project,186,Mutual aid pickup rota,mutual-aid-pickup-rota,true,2026-07-22T05:30:00+00:00
555,40120057-c43a-5745-9d3a-d9b0c6b1e84e,1bc15434-bc22-56cc-a890-336efd2a11e5,project_update,project,186,Mutual aid pickup rota,mutual-aid-pickup-rota,false,2026-09-16T10:30:00+00:00
556,fb400c3e-ecd0-522e-8b8e-1323946be71a,1bc15434-bc22-56cc-a890-336efd2a11e5,project_update,project,186,Mutual aid pickup rota,mutual-aid-pickup-rota,true,2026-09-16T10:30:00+00:00
557,eeeb9e89-042f-5fdc-8fcf-2c3ad56f9bf1,1bc15434-bc22-56cc-a890-336efd2a11e5,project_update,project,186,Mutual aid pickup rota,mutual-aid-pickup-rota,false,2026-09-16T10:30:00+00:00
558,40120057-c43a-5745-9d3a-d9b0c6b1e84e,0947c4b9-50d6-50e2-9043-84a15b80e8c7,project_join_request,project,186,Mutual aid pickup rota,mutual-aid-pickup-rota,true,2026-09-14T10:30:00+00:00
559,6e82bb3e-ede8-5803-ba1a-cc3aa8766199,cd8c4c60-ab9b-5cf3-996e-d4fbb990f4c6,task_assigned,project,187,Book club question cards,book-club-question-cards,true,2026-07-15T09:30:00+00:00
560,d5dc7189-89df-5fd7-983f-1124b6de3d68,cd8c4c60-ab9b-5cf3-996e-d4fbb990f4c6,task_assigned,project,187,Book club question cards,book-club-question-cards,true,2026-07-15T10:30:00+00:00
561,cd8c4c60-ab9b-5cf3-996e-d4fbb990f4c6,6e82bb3e-ede8-5803-ba1a-cc3aa8766199,project_update,project,187,Book club question cards,book-club-question-cards,true,2026-09-15T10:30:00+00:00
562,d5dc7189-89df-5fd7-983f-1124b6de3d68,6e82bb3e-ede8-5803-ba1a-cc3aa8766199,project_update,project,187,Book club question cards,book-club-question-cards,true,2026-09-15T10:30:00+00:00
563,06657aeb-b604-5b0d-9281-d2e5afb78a9d,3d5b480d-3962-5c76-96ca-5459d65372aa,task_assigned,project,188,Photo walk contact sheets,photo-walk-contact-sheets,true,2026-08-14T03:30:00+00:00
564,51420309-4688-52d6-84b9-51c0dc3a900e,3d5b480d-3962-5c76-96ca-5459d65372aa,task_assigned,project,188,Photo walk contact sheets,photo-walk-contact-sheets,true,2026-08-14T04:30:00+00:00
565,a60d0128-bffa-5d2d-9915-36693e6bc3ba,3d5b480d-3962-5c76-96ca-5459d65372aa,task_assigned,project,188,Photo walk contact sheets,photo-walk-contact-sheets,true,2026-08-14T05:30:00+00:00
566,da462241-608b-5422-bdbd-0d98184a433d,3d5b480d-3962-5c76-96ca-5459d65372aa,task_assigned,project,188,Photo walk contact sheets,photo-walk-contact-sheets,true,2026-08-14T06:30:00+00:00
567,06657aeb-b604-5b0d-9281-d2e5afb78a9d,3d5b480d-3962-5c76-96ca-5459d65372aa,task_assigned,project,188,Photo walk contact sheets,photo-walk-contact-sheets,true,2026-08-14T08:30:00+00:00
568,51420309-4688-52d6-84b9-51c0dc3a900e,3d5b480d-3962-5c76-96ca-5459d65372aa,task_assigned,project,188,Photo walk contact sheets,photo-walk-contact-sheets,true,2026-08-14T09:30:00+00:00
569,b39a9d3d-f3eb-5d31-9cc7-15e278969b70,4ec67eb8-4fda-5cbc-bbd1-a6afc7ce8130,task_assigned,project,189,API permission playground,api-permission-playground,true,2026-07-02T10:30:00+00:00
570,88a268b0-6bca-5583-b041-ffdbc51be7e6,4ec67eb8-4fda-5cbc-bbd1-a6afc7ce8130,task_assigned,project,189,API permission playground,api-permission-playground,true,2026-07-02T11:30:00+00:00
571,cb162f3d-006f-544e-bfa6-f9abb8a52026,facb4557-eabe-5f8b-89cc-f223b91c89b7,task_assigned,project,190,Field survey cleaning log,field-survey-cleaning-log,true,2026-08-27T00:30:00+00:00
572,693ebb02-ab3f-5d60-b798-d4d4df4900d2,facb4557-eabe-5f8b-89cc-f223b91c89b7,task_assigned,project,190,Field survey cleaning log,field-survey-cleaning-log,true,2026-08-27T01:30:00+00:00
573,facb4557-eabe-5f8b-89cc-f223b91c89b7,cb162f3d-006f-544e-bfa6-f9abb8a52026,project_update,project,190,Field survey cleaning log,field-survey-cleaning-log,false,2026-09-18T10:30:00+00:00
574,693ebb02-ab3f-5d60-b798-d4d4df4900d2,cb162f3d-006f-544e-bfa6-f9abb8a52026,project_update,project,190,Field survey cleaning log,field-survey-cleaning-log,false,2026-09-18T10:30:00+00:00
575,a36cd93c-2f0c-5956-9a51-8094e39a7bed,cb162f3d-006f-544e-bfa6-f9abb8a52026,project_update,project,190,Field survey cleaning log,field-survey-cleaning-log,false,2026-09-18T10:30:00+00:00
576,6ab0c42d-0ad5-5b3d-9c6c-4ab9eaa47586,facb4557-eabe-5f8b-89cc-f223b91c89b7,project_invite,project,190,Field survey cleaning log,field-survey-cleaning-log,true,2026-09-15T10:30:00+00:00
577,90cced0e-f2c7-528c-bd28-38c44ead6c98,001e944b-e64e-5742-afb7-5e04327e41ee,task_assigned,project,191,Study room booking replay,study-room-booking-replay,true,2026-07-16T15:30:00+00:00
578,3425797b-5c54-5f3a-9a34-9cedb0dc5b84,001e944b-e64e-5742-afb7-5e04327e41ee,task_assigned,project,191,Study room booking replay,study-room-booking-replay,true,2026-07-16T16:30:00+00:00
579,f3744506-cae3-5f81-8a4f-506a60395be8,001e944b-e64e-5742-afb7-5e04327e41ee,task_assigned,project,191,Study room booking replay,study-room-booking-replay,true,2026-07-16T17:30:00+00:00
580,001e944b-e64e-5742-afb7-5e04327e41ee,90cced0e-f2c7-528c-bd28-38c44ead6c98,project_update,project,191,Study room booking replay,study-room-booking-replay,false,2026-09-17T10:30:00+00:00
581,3425797b-5c54-5f3a-9a34-9cedb0dc5b84,90cced0e-f2c7-528c-bd28-38c44ead6c98,project_update,project,191,Study room booking replay,study-room-booking-replay,true,2026-09-17T10:30:00+00:00
582,f3744506-cae3-5f81-8a4f-506a60395be8,90cced0e-f2c7-528c-bd28-38c44ead6c98,project_update,project,191,Study room booking replay,study-room-booking-replay,false,2026-09-17T10:30:00+00:00
583,3b932376-f549-5a1c-a24b-664b4bc338e3,90cced0e-f2c7-528c-bd28-38c44ead6c98,project_update,project,191,Study room booking replay,study-room-booking-replay,true,2026-09-17T10:30:00+00:00
584,a36cd93c-2f0c-5956-9a51-8094e39a7bed,341a0cef-f4a9-53ee-8980-229dc154ff4e,commented_on_thread,thread,115,Does this filter need useEffect at all?,does-this-filter-need-useeffect-at-all,true,2026-09-12T11:30:00+00:00
585,fd96bbd1-5601-5c99-a1e2-04b09168b35e,bb4b0d34-59a4-5948-a9be-a1aa6caece55,commented_on_thread,thread,116,How do you test keyboard navigation without a mouse?,how-do-you-test-keyboard-navigation-without-a-mouse,true,2026-09-08T02:30:00+00:00
586,bb4b0d34-59a4-5948-a9be-a1aa6caece55,84da666c-c47c-572e-b2c9-3b6f35881596,replied_to_comment,thread,116,How do you test keyboard navigation without a mouse?,how-do-you-test-keyboard-navigation-without-a-mouse,true,2026-09-08T09:30:00+00:00
587,fd96bbd1-5601-5c99-a1e2-04b09168b35e,33ba5d16-c38c-5bcf-9896-ea8ae81d6e7b,commented_on_thread,thread,116,How do you test keyboard navigation without a mouse?,how-do-you-test-keyboard-navigation-without-a-mouse,true,2026-09-08T16:30:00+00:00
588,b39a9d3d-f3eb-5d31-9cc7-15e278969b70,508d03e7-de84-523a-8242-f48abc9451d7,commented_on_thread,thread,117,Our Django query count climbs with every card,our-django-query-count-climbs-with-every-card,true,2026-09-01T08:30:00+00:00
589,508d03e7-de84-523a-8242-f48abc9451d7,082b47e7-5a06-5a34-bd49-595c82b2b196,replied_to_comment,thread,117,Our Django query count climbs with every card,our-django-query-count-climbs-with-every-card,true,2026-09-01T15:30:00+00:00
590,b39a9d3d-f3eb-5d31-9cc7-15e278969b70,b7f1d97d-9f3c-5885-b9ef-48d67a16a686,commented_on_thread,thread,117,Our Django query count climbs with every card,our-django-query-count-climbs-with-every-card,true,2026-09-01T22:30:00+00:00
591,b39a9d3d-f3eb-5d31-9cc7-15e278969b70,7298015b-9105-595a-b879-3013c08053f7,commented_on_thread,thread,117,Our Django query count climbs with every card,our-django-query-count-climbs-with-every-card,true,2026-09-02T05:30:00+00:00
592,0947c4b9-50d6-50e2-9043-84a15b80e8c7,f0f4eb8c-a1ed-50a1-bc7d-2863700a31a5,commented_on_thread,thread,118,Should an empty search return everything?,should-an-empty-search-return-everything,true,2026-08-15T02:30:00+00:00
593,f0f4eb8c-a1ed-50a1-bc7d-2863700a31a5,1873645b-b54c-51dc-a41a-7131e831a64f,replied_to_comment,thread,118,Should an empty search return everything?,should-an-empty-search-return-everything,true,2026-08-15T09:30:00+00:00
594,0947c4b9-50d6-50e2-9043-84a15b80e8c7,88a268b0-6bca-5583-b041-ffdbc51be7e6,commented_on_thread,thread,118,Should an empty search return everything?,should-an-empty-search-return-everything,true,2026-08-15T16:30:00+00:00
595,0947c4b9-50d6-50e2-9043-84a15b80e8c7,473b12ab-4d0d-5b7f-89b2-c0a1e2405c60,commented_on_thread,thread,118,Should an empty search return everything?,should-an-empty-search-return-everything,true,2026-08-15T23:30:00+00:00
596,f0f4eb8c-a1ed-50a1-bc7d-2863700a31a5,ffe47fd1-7989-5728-addd-50b504edd889,commented_on_thread,thread,119,PostgreSQL dates are making my deadline move a day,postgresql-dates-are-making-my-deadline-move-a-day,true,2026-08-01T02:30:00+00:00
597,ffe47fd1-7989-5728-addd-50b504edd889,88a268b0-6bca-5583-b041-ffdbc51be7e6,replied_to_comment,thread,119,PostgreSQL dates are making my deadline move a day,postgresql-dates-are-making-my-deadline-move-a-day,true,2026-08-01T09:30:00+00:00
598,6e82bb3e-ede8-5803-ba1a-cc3aa8766199,651ce25b-8132-52d9-8f74-889f22c3bb5c,commented_on_thread,thread,120,What goes in the README when the project is unfinished?,what-goes-in-the-readme-when-the-project-is-unfinished,false,2026-09-17T11:30:00+00:00
599,651ce25b-8132-52d9-8f74-889f22c3bb5c,cd8c4c60-ab9b-5cf3-996e-d4fbb990f4c6,replied_to_comment,thread,120,What goes in the README when the project is unfinished?,what-goes-in-the-readme-when-the-project-is-unfinished,true,2026-09-17T18:30:00+00:00
600,6e82bb3e-ede8-5803-ba1a-cc3aa8766199,a6b8342c-310b-5b88-9c07-602dbd646488,commented_on_thread,thread,120,What goes in the README when the project is unfinished?,what-goes-in-the-readme-when-the-project-is-unfinished,false,2026-09-18T01:30:00+00:00
601,508d03e7-de84-523a-8242-f48abc9451d7,9d1c460b-bd0b-57ff-ac14-f2b10f73edd3,commented_on_thread,thread,121,Need a second pair of eyes on our database roles,need-a-second-pair-of-eyes-on-our-database-roles,true,2026-08-08T06:30:00+00:00
602,daa36188-60fd-56a2-938b-70b1b51084b0,06657aeb-b604-5b0d-9281-d2e5afb78a9d,commented_on_thread,thread,123,Anyone else stuck choosing between two project ideas?,anyone-else-stuck-choosing-between-two-project-ideas,true,2026-07-22T11:30:00+00:00
603,f3744506-cae3-5f81-8a4f-506a60395be8,6ecf180b-be59-594c-a33b-31bd0120f01f,commented_on_thread,thread,124,Our survey has 23 responses. Is that enough to show a chart?,our-survey-has-23-responses-is-that-enough-to-show-a-chart,true,2026-08-21T02:30:00+00:00
604,6ecf180b-be59-594c-a33b-31bd0120f01f,64609795-d498-5ea7-ad33-a3bcecf9d962,replied_to_comment,thread,124,Our survey has 23 responses. Is that enough to show a chart?,our-survey-has-23-responses-is-that-enough-to-show-a-chart,true,2026-08-21T09:30:00+00:00
605,f3744506-cae3-5f81-8a4f-506a60395be8,b7180518-4b5b-54ef-9060-958212d05ab7,commented_on_thread,thread,124,Our survey has 23 responses. Is that enough to show a chart?,our-survey-has-23-responses-is-that-enough-to-show-a-chart,true,2026-08-21T16:30:00+00:00
606,a36cd93c-2f0c-5956-9a51-8094e39a7bed,88a268b0-6bca-5583-b041-ffdbc51be7e6,commented_on_thread,thread,125,Flutter list jumps after I load older items,flutter-list-jumps-after-i-load-older-items,true,2026-08-28T05:30:00+00:00
607,88a268b0-6bca-5583-b041-ffdbc51be7e6,95927b04-f214-5c26-878d-fb55176e41bc,replied_to_comment,thread,125,Flutter list jumps after I load older items,flutter-list-jumps-after-i-load-older-items,true,2026-08-28T12:30:00+00:00
608,a36cd93c-2f0c-5956-9a51-8094e39a7bed,01c00e49-c4d6-5d4b-bbc1-8aa3fe21ba2a,commented_on_thread,thread,125,Flutter list jumps after I load older items,flutter-list-jumps-after-i-load-older-items,true,2026-08-28T19:30:00+00:00
609,a36cd93c-2f0c-5956-9a51-8094e39a7bed,d2a70bca-a25c-522f-9b7e-c967b69503cc,commented_on_thread,thread,125,Flutter list jumps after I load older items,flutter-list-jumps-after-i-load-older-items,true,2026-08-29T02:30:00+00:00
610,96dbbdad-601e-5bc2-9d1a-78f9f6349a39,19e81afb-74c1-5b4a-9af3-469f3b610235,commented_on_thread,thread,126,What does a good bug report look like for a class team?,what-does-a-good-bug-report-look-like-for-a-class-team,true,2026-08-14T07:30:00+00:00
611,19e81afb-74c1-5b4a-9af3-469f3b610235,96ccee9a-30f2-56cd-b597-a927c84e0f75,replied_to_comment,thread,126,What does a good bug report look like for a class team?,what-does-a-good-bug-report-look-like-for-a-class-team,true,2026-08-14T14:30:00+00:00
612,96dbbdad-601e-5bc2-9d1a-78f9f6349a39,4307ee18-2e16-50be-abbc-db160bb8e8fd,commented_on_thread,thread,126,What does a good bug report look like for a class team?,what-does-a-good-bug-report-look-like-for-a-class-team,true,2026-08-14T21:30:00+00:00
613,96dbbdad-601e-5bc2-9d1a-78f9f6349a39,a6b8342c-310b-5b88-9c07-602dbd646488,commented_on_thread,thread,126,What does a good bug report look like for a class team?,what-does-a-good-bug-report-look-like-for-a-class-team,true,2026-08-15T04:30:00+00:00
614,fb400c3e-ecd0-522e-8b8e-1323946be71a,484e243b-afd7-5767-bb0f-4262c0334aea,commented_on_thread,thread,127,Can we skip a login screen for the first prototype?,can-we-skip-a-login-screen-for-the-first-prototype,true,2026-08-28T07:30:00+00:00
615,484e243b-afd7-5767-bb0f-4262c0334aea,673e8617-3280-5bfa-85a6-738a6d64aac6,replied_to_comment,thread,127,Can we skip a login screen for the first prototype?,can-we-skip-a-login-screen-for-the-first-prototype,true,2026-08-28T14:30:00+00:00
616,eb397f92-99ac-5f0f-8f81-3540865f0477,f3744506-cae3-5f81-8a4f-506a60395be8,commented_on_thread,thread,128,Git says both of us changed the same file,git-says-both-of-us-changed-the-same-file,true,2026-09-17T11:30:00+00:00
617,f3744506-cae3-5f81-8a4f-506a60395be8,ac9c9500-b7e4-5bbe-8f4e-a40a6201979a,replied_to_comment,thread,128,Git says both of us changed the same file,git-says-both-of-us-changed-the-same-file,true,2026-09-17T18:30:00+00:00
618,eb397f92-99ac-5f0f-8f81-3540865f0477,f22a7317-9c2b-5d13-99b9-1a1622094bb3,commented_on_thread,thread,128,Git says both of us changed the same file,git-says-both-of-us-changed-the-same-file,false,2026-09-18T01:30:00+00:00
619,77c684c4-9514-5edc-85ff-1052c8544c14,9a026691-28ff-5880-9da3-006735af19d3,commented_on_thread,thread,129,Is it okay to use a simple baseline for an ML project?,is-it-okay-to-use-a-simple-baseline-for-an-ml-project,true,2026-09-12T08:30:00+00:00
620,3b932376-f549-5a1c-a24b-664b4bc338e3,06657aeb-b604-5b0d-9281-d2e5afb78a9d,commented_on_thread,thread,131,How do you ask for help without pasting the whole project?,how-do-you-ask-for-help-without-pasting-the-whole-project,true,2026-09-14T03:30:00+00:00
621,0947c4b9-50d6-50e2-9043-84a15b80e8c7,36016ab9-3cc9-5f6a-8bc7-1d138ad9cb43,commented_on_thread,thread,132,Our stock count can go negative. Prevent it or record it?,our-stock-count-can-go-negative-prevent-it-or-record-it,true,2026-08-10T11:30:00+00:00
622,36016ab9-3cc9-5f6a-8bc7-1d138ad9cb43,64609795-d498-5ea7-ad33-a3bcecf9d962,replied_to_comment,thread,132,Our stock count can go negative. Prevent it or record it?,our-stock-count-can-go-negative-prevent-it-or-record-it,true,2026-08-10T18:30:00+00:00
623,0947c4b9-50d6-50e2-9043-84a15b80e8c7,96ccee9a-30f2-56cd-b597-a927c84e0f75,commented_on_thread,thread,132,Our stock count can go negative. Prevent it or record it?,our-stock-count-can-go-negative-prevent-it-or-record-it,true,2026-08-11T01:30:00+00:00
624,4307ee18-2e16-50be-abbc-db160bb8e8fd,d3175e63-6121-5d55-b429-df91670d9aca,commented_on_thread,thread,133,Can a chart use colour if it also has labels?,can-a-chart-use-colour-if-it-also-has-labels,true,2026-08-05T10:30:00+00:00
625,d3175e63-6121-5d55-b429-df91670d9aca,82a5c89c-0b3a-58b9-9259-837a5348a5c2,replied_to_comment,thread,133,Can a chart use colour if it also has labels?,can-a-chart-use-colour-if-it-also-has-labels,true,2026-08-05T17:30:00+00:00
626,4307ee18-2e16-50be-abbc-db160bb8e8fd,f22a7317-9c2b-5d13-99b9-1a1622094bb3,commented_on_thread,thread,133,Can a chart use colour if it also has labels?,can-a-chart-use-colour-if-it-also-has-labels,true,2026-08-06T00:30:00+00:00
627,4307ee18-2e16-50be-abbc-db160bb8e8fd,8300625d-d3f5-5264-8503-98a2bfbf60d8,commented_on_thread,thread,133,Can a chart use colour if it also has labels?,can-a-chart-use-colour-if-it-also-has-labels,true,2026-08-06T07:30:00+00:00
628,51420309-4688-52d6-84b9-51c0dc3a900e,cac67f41-f5af-5268-9e2d-34feac0dc9fa,commented_on_thread,thread,134,Looking for a study buddy for SQL joins,looking-for-a-study-buddy-for-sql-joins,true,2026-08-11T03:30:00+00:00
629,cac67f41-f5af-5268-9e2d-34feac0dc9fa,10feece1-a2cd-532b-8488-21659a3bee22,replied_to_comment,thread,134,Looking for a study buddy for SQL joins,looking-for-a-study-buddy-for-sql-joins,true,2026-08-11T10:30:00+00:00
630,51420309-4688-52d6-84b9-51c0dc3a900e,e7c63421-97d2-555e-9731-46cb0f04f637,commented_on_thread,thread,134,Looking for a study buddy for SQL joins,looking-for-a-study-buddy-for-sql-joins,true,2026-08-11T17:30:00+00:00
631,51420309-4688-52d6-84b9-51c0dc3a900e,d2a70bca-a25c-522f-9b7e-c967b69503cc,commented_on_thread,thread,134,Looking for a study buddy for SQL joins,looking-for-a-study-buddy-for-sql-joins,true,2026-08-12T00:30:00+00:00
632,7f0221a7-4703-52e7-8b26-fa2cd7303c90,1bc15434-bc22-56cc-a890-336efd2a11e5,commented_on_thread,thread,135,How do you handle a teammate disappearing near the deadline?,how-do-you-handle-a-teammate-disappearing-near-the-deadline,true,2026-08-19T10:30:00+00:00
633,1bc15434-bc22-56cc-a890-336efd2a11e5,64b591cd-4cbe-577a-aba9-ee6912328a58,replied_to_comment,thread,135,How do you handle a teammate disappearing near the deadline?,how-do-you-handle-a-teammate-disappearing-near-the-deadline,true,2026-08-19T17:30:00+00:00
634,cb162f3d-006f-544e-bfa6-f9abb8a52026,7e6a1243-34f5-52e6-862f-e5f3b2ebe640,commented_on_thread,thread,136,Do portfolio screenshots need fake activity numbers?,do-portfolio-screenshots-need-fake-activity-numbers,true,2026-09-12T02:30:00+00:00
635,7e6a1243-34f5-52e6-862f-e5f3b2ebe640,f3744506-cae3-5f81-8a4f-506a60395be8,replied_to_comment,thread,136,Do portfolio screenshots need fake activity numbers?,do-portfolio-screenshots-need-fake-activity-numbers,true,2026-09-12T09:30:00+00:00
636,cb162f3d-006f-544e-bfa6-f9abb8a52026,d48cab4b-e48b-59ae-88d6-41d5d463569d,commented_on_thread,thread,136,Do portfolio screenshots need fake activity numbers?,do-portfolio-screenshots-need-fake-activity-numbers,true,2026-09-12T16:30:00+00:00
637,ae7ac442-d880-5cd8-bc30-8d21c5f7dc54,63fdd1e3-9db3-5b05-9799-510eea6abab7,commented_on_thread,thread,137,Deploying a student project without leaving secrets in Git,deploying-a-student-project-without-leaving-secrets-in-git,true,2026-09-07T08:30:00+00:00
638,693ebb02-ab3f-5d60-b798-d4d4df4900d2,484e243b-afd7-5767-bb0f-4262c0334aea,commented_on_thread,thread,139,Do you write tests before the first prototype?,do-you-write-tests-before-the-first-prototype,true,2026-08-03T04:30:00+00:00
639,5421f79d-ed60-5eed-852b-01b379adab9e,84da666c-c47c-572e-b2c9-3b6f35881596,commented_on_thread,thread,140,What's a useful question to ask after a usability test?,what-s-a-useful-question-to-ask-after-a-usability-test,true,2026-08-24T09:30:00+00:00
640,84da666c-c47c-572e-b2c9-3b6f35881596,44a33563-638c-52da-ae01-285f43dfcb99,replied_to_comment,thread,140,What's a useful question to ask after a usability test?,what-s-a-useful-question-to-ask-after-a-usability-test,true,2026-08-24T16:30:00+00:00
641,5421f79d-ed60-5eed-852b-01b379adab9e,d3175e63-6121-5d55-b429-df91670d9aca,commented_on_thread,thread,140,What's a useful question to ask after a usability test?,what-s-a-useful-question-to-ask-after-a-usability-test,true,2026-08-24T23:30:00+00:00
642,eb397f92-99ac-5f0f-8f81-3540865f0477,ac9c9500-b7e4-5bbe-8f4e-a40a6201979a,commented_on_thread,thread,141,Trying to make a CSV import less fragile,trying-to-make-a-csv-import-less-fragile,true,2026-09-12T03:30:00+00:00
643,ac9c9500-b7e4-5bbe-8f4e-a40a6201979a,f21481e8-5bf3-5aa6-a7e0-fe6e26920e28,replied_to_comment,thread,141,Trying to make a CSV import less fragile,trying-to-make-a-csv-import-less-fragile,true,2026-09-12T10:30:00+00:00
644,eb397f92-99ac-5f0f-8f81-3540865f0477,d6b81cb4-a299-5894-baa5-463cb63679a3,commented_on_thread,thread,141,Trying to make a CSV import less fragile,trying-to-make-a-csv-import-less-fragile,true,2026-09-12T17:30:00+00:00
645,eb397f92-99ac-5f0f-8f81-3540865f0477,ffe47fd1-7989-5728-addd-50b504edd889,commented_on_thread,thread,141,Trying to make a CSV import less fragile,trying-to-make-a-csv-import-less-fragile,true,2026-09-13T00:30:00+00:00
646,774fd1d7-ca6b-5177-9d91-fc7b24739425,0da68170-ff38-5dad-9224-770d261f1c8a,commented_on_thread,thread,142,How much detail should a task description have?,how-much-detail-should-a-task-description-have,true,2026-09-18T04:30:00+00:00
647,0da68170-ff38-5dad-9224-770d261f1c8a,33d87513-60c2-51ff-9ec5-f0f1389ed27e,replied_to_comment,thread,142,How much detail should a task description have?,how-much-detail-should-a-task-description-have,false,2026-09-18T11:30:00+00:00
648,774fd1d7-ca6b-5177-9d91-fc7b24739425,8ae0340a-8eaf-5e9d-9db0-ac449334023d,commented_on_thread,thread,142,How much detail should a task description have?,how-much-detail-should-a-task-description-have,false,2026-09-18T18:30:00+00:00
649,774fd1d7-ca6b-5177-9d91-fc7b24739425,8300625d-d3f5-5264-8503-98a2bfbf60d8,commented_on_thread,thread,142,How much detail should a task description have?,how-much-detail-should-a-task-description-have,false,2026-09-19T01:30:00+00:00
650,d48cab4b-e48b-59ae-88d6-41d5d463569d,63fdd1e3-9db3-5b05-9799-510eea6abab7,commented_on_thread,thread,143,Can I use a university logo in a fictional demo?,can-i-use-a-university-logo-in-a-fictional-demo,true,2026-08-24T07:30:00+00:00
651,63fdd1e3-9db3-5b05-9799-510eea6abab7,3425797b-5c54-5f3a-9a34-9cedb0dc5b84,replied_to_comment,thread,143,Can I use a university logo in a fictional demo?,can-i-use-a-university-logo-in-a-fictional-demo,true,2026-08-24T14:30:00+00:00
652,d9fbcbde-376a-5f82-9fb5-268a24b02d57,6e82bb3e-ede8-5803-ba1a-cc3aa8766199,commented_on_thread,thread,144,How do you keep dates readable across countries?,how-do-you-keep-dates-readable-across-countries,true,2026-09-03T09:30:00+00:00
653,6e82bb3e-ede8-5803-ba1a-cc3aa8766199,20b63262-d3e6-555a-95b2-84fc87694a19,replied_to_comment,thread,144,How do you keep dates readable across countries?,how-do-you-keep-dates-readable-across-countries,true,2026-09-03T16:30:00+00:00
654,d9fbcbde-376a-5f82-9fb5-268a24b02d57,473b12ab-4d0d-5b7f-89b2-c0a1e2405c60,commented_on_thread,thread,144,How do you keep dates readable across countries?,how-do-you-keep-dates-readable-across-countries,true,2026-09-03T23:30:00+00:00
655,f0f4eb8c-a1ed-50a1-bc7d-2863700a31a5,8ecc0792-3789-53b2-a26e-fc6daa886eb7,commented_on_thread,thread,145,Anyone tried QGIS for a non-geography class project?,anyone-tried-qgis-for-a-non-geography-class-project,true,2026-07-24T10:30:00+00:00
656,508d03e7-de84-523a-8242-f48abc9451d7,84047d01-74e6-5a08-a20e-b5c25e3eff3e,commented_on_thread,thread,147,I finally reproduced the double-booking bug,i-finally-reproduced-the-double-booking-bug,true,2026-09-16T09:30:00+00:00
657,518ae987-15f7-5b22-8bcc-df59623dbdce,1062abbb-4fcd-51a9-95fc-5474e4af7640,commented_on_thread,thread,148,How do you pick a first issue in a repo you don't know?,how-do-you-pick-a-first-issue-in-a-repo-you-don-t-know,true,2026-07-26T11:30:00+00:00
658,1062abbb-4fcd-51a9-95fc-5474e4af7640,58074159-53d7-5a52-8436-d84a05af35a9,replied_to_comment,thread,148,How do you pick a first issue in a repo you don't know?,how-do-you-pick-a-first-issue-in-a-repo-you-don-t-know,true,2026-07-26T18:30:00+00:00
659,518ae987-15f7-5b22-8bcc-df59623dbdce,3a376c3a-3e46-5c8c-815c-232b66ca9bc8,commented_on_thread,thread,148,How do you pick a first issue in a repo you don't know?,how-do-you-pick-a-first-issue-in-a-repo-you-don-t-know,true,2026-07-27T01:30:00+00:00
660,a53c485b-a35c-51fb-84a5-364207ce0adb,4ec67eb8-4fda-5cbc-bbd1-a6afc7ce8130,commented_on_thread,thread,149,Our accessibility checklist is getting too long,our-accessibility-checklist-is-getting-too-long,true,2026-08-19T09:30:00+00:00
661,4ec67eb8-4fda-5cbc-bbd1-a6afc7ce8130,50de23a6-cd45-55ac-adb0-06d14b4ed8ce,replied_to_comment,thread,149,Our accessibility checklist is getting too long,our-accessibility-checklist-is-getting-too-long,true,2026-08-19T16:30:00+00:00
662,a53c485b-a35c-51fb-84a5-364207ce0adb,554a90ae-c448-548d-a552-cd8f1c340cbd,commented_on_thread,thread,149,Our accessibility checklist is getting too long,our-accessibility-checklist-is-getting-too-long,true,2026-08-19T23:30:00+00:00
663,a53c485b-a35c-51fb-84a5-364207ce0adb,7298015b-9105-595a-b879-3013c08053f7,commented_on_thread,thread,149,Our accessibility checklist is getting too long,our-accessibility-checklist-is-getting-too-long,true,2026-08-20T06:30:00+00:00
664,ae7ac442-d880-5cd8-bc30-8d21c5f7dc54,33ba5d16-c38c-5bcf-9896-ea8ae81d6e7b,commented_on_thread,thread,150,Do I need Docker for a two-person Django project?,do-i-need-docker-for-a-two-person-django-project,true,2026-08-03T02:30:00+00:00
665,33ba5d16-c38c-5bcf-9896-ea8ae81d6e7b,6b9b6012-cdb4-50eb-8ad0-01c36516df23,replied_to_comment,thread,150,Do I need Docker for a two-person Django project?,do-i-need-docker-for-a-two-person-django-project,true,2026-08-03T09:30:00+00:00
666,ae7ac442-d880-5cd8-bc30-8d21c5f7dc54,1767869f-381f-59b9-acac-01da2d539e40,commented_on_thread,thread,150,Do I need Docker for a two-person Django project?,do-i-need-docker-for-a-two-person-django-project,true,2026-08-03T16:30:00+00:00
667,ae7ac442-d880-5cd8-bc30-8d21c5f7dc54,01c00e49-c4d6-5d4b-bbc1-8aa3fe21ba2a,commented_on_thread,thread,150,Do I need Docker for a two-person Django project?,do-i-need-docker-for-a-two-person-django-project,true,2026-08-03T23:30:00+00:00
668,6988340a-a3c1-5fda-a996-711f1723c649,6d9d0917-bda8-5863-abe4-92d14b0cc926,commented_on_thread,thread,151,What should we do with missing survey answers?,what-should-we-do-with-missing-survey-answers,true,2026-08-02T08:30:00+00:00
669,6d9d0917-bda8-5863-abe4-92d14b0cc926,4845dc43-0c9d-5f09-aa4a-62e68abb5d12,replied_to_comment,thread,151,What should we do with missing survey answers?,what-should-we-do-with-missing-survey-answers,true,2026-08-02T15:30:00+00:00
670,d5dc7189-89df-5fd7-983f-1124b6de3d68,0da68170-ff38-5dad-9224-770d261f1c8a,commented_on_thread,thread,152,How do you make a short project demo less stressful?,how-do-you-make-a-short-project-demo-less-stressful,true,2026-08-11T04:30:00+00:00
671,0da68170-ff38-5dad-9224-770d261f1c8a,d9fbcbde-376a-5f82-9fb5-268a24b02d57,replied_to_comment,thread,152,How do you make a short project demo less stressful?,how-do-you-make-a-short-project-demo-less-stressful,true,2026-08-11T11:30:00+00:00
672,d5dc7189-89df-5fd7-983f-1124b6de3d68,e3efd234-c7f9-5957-937f-661b1c3981ef,commented_on_thread,thread,152,How do you make a short project demo less stressful?,how-do-you-make-a-short-project-demo-less-stressful,true,2026-08-11T18:30:00+00:00
673,4307ee18-2e16-50be-abbc-db160bb8e8fd,729fe171-fa0d-547e-b374-39bd19f4c645,commented_on_thread,thread,153,When is localStorage the wrong place for a draft?,when-is-localstorage-the-wrong-place-for-a-draft,true,2026-08-06T06:30:00+00:00
674,f4b545d6-b6c0-54b8-847e-101d68428b48,673e8617-3280-5bfa-85a6-738a6d64aac6,commented_on_thread,thread,155,How can a business student help on a technical team?,how-can-a-business-student-help-on-a-technical-team,true,2026-08-09T08:30:00+00:00
675,3d016498-e16a-5ad9-95c7-b633dfc6a142,e5b7ccce-2cb7-5b6e-95a5-32ffacbca87f,commented_on_thread,thread,156,What does 'done' mean for a student research prototype?,what-does-done-mean-for-a-student-research-prototype,true,2026-08-05T03:30:00+00:00
676,e5b7ccce-2cb7-5b6e-95a5-32ffacbca87f,eb3717c1-cd92-5eeb-af40-9df7f3132426,replied_to_comment,thread,156,What does 'done' mean for a student research prototype?,what-does-done-mean-for-a-student-research-prototype,true,2026-08-05T10:30:00+00:00
677,3d016498-e16a-5ad9-95c7-b633dfc6a142,d48cab4b-e48b-59ae-88d6-41d5d463569d,commented_on_thread,thread,156,What does 'done' mean for a student research prototype?,what-does-done-mean-for-a-student-research-prototype,true,2026-08-05T17:30:00+00:00
678,484e243b-afd7-5767-bb0f-4262c0334aea,eb397f92-99ac-5f0f-8f81-3540865f0477,commented_on_thread,thread,157,Blender exports are too large for our gallery page,blender-exports-are-too-large-for-our-gallery-page,true,2026-08-28T03:30:00+00:00
679,eb397f92-99ac-5f0f-8f81-3540865f0477,082b47e7-5a06-5a34-bd49-595c82b2b196,replied_to_comment,thread,157,Blender exports are too large for our gallery page,blender-exports-are-too-large-for-our-gallery-page,true,2026-08-28T10:30:00+00:00
680,484e243b-afd7-5767-bb0f-4262c0334aea,6467241a-6abd-5888-8e87-40e0e86cbc55,commented_on_thread,thread,157,Blender exports are too large for our gallery page,blender-exports-are-too-large-for-our-gallery-page,true,2026-08-28T17:30:00+00:00
681,484e243b-afd7-5767-bb0f-4262c0334aea,eb3717c1-cd92-5eeb-af40-9df7f3132426,commented_on_thread,thread,157,Blender exports are too large for our gallery page,blender-exports-are-too-large-for-our-gallery-page,true,2026-08-29T00:30:00+00:00
682,518ae987-15f7-5b22-8bcc-df59623dbdce,f2561442-8439-5138-9a3b-8bcf96f16609,commented_on_thread,thread,158,How do you ask a mentor for feedback on code?,how-do-you-ask-a-mentor-for-feedback-on-code,true,2026-08-13T04:30:00+00:00
683,f2561442-8439-5138-9a3b-8bcf96f16609,36016ab9-3cc9-5f6a-8bc7-1d138ad9cb43,replied_to_comment,thread,158,How do you ask a mentor for feedback on code?,how-do-you-ask-a-mentor-for-feedback-on-code,true,2026-08-13T11:30:00+00:00
684,518ae987-15f7-5b22-8bcc-df59623dbdce,82a5c89c-0b3a-58b9-9259-837a5348a5c2,commented_on_thread,thread,158,How do you ask a mentor for feedback on code?,how-do-you-ask-a-mentor-for-feedback-on-code,true,2026-08-13T18:30:00+00:00
685,518ae987-15f7-5b22-8bcc-df59623dbdce,405fd522-6b0d-52fc-b397-dc3ce2e4a2ea,commented_on_thread,thread,158,How do you ask a mentor for feedback on code?,how-do-you-ask-a-mentor-for-feedback-on-code,true,2026-08-14T01:30:00+00:00
686,20b63262-d3e6-555a-95b2-84fc87694a19,52ab3a8f-ec5c-5e66-bcd5-efc304512118,commented_on_thread,thread,159,Simple project ideas for learning database transactions?,simple-project-ideas-for-learning-database-transactions,true,2026-07-31T03:30:00+00:00
687,52ab3a8f-ec5c-5e66-bcd5-efc304512118,f22a7317-9c2b-5d13-99b9-1a1622094bb3,replied_to_comment,thread,159,Simple project ideas for learning database transactions?,simple-project-ideas-for-learning-database-transactions,true,2026-07-31T10:30:00+00:00
688,0947c4b9-50d6-50e2-9043-84a15b80e8c7,eb397f92-99ac-5f0f-8f81-3540865f0477,commented_on_thread,thread,160,What would make you trust a project progress bar?,what-would-make-you-trust-a-project-progress-bar,true,2026-07-26T04:30:00+00:00
689,eb397f92-99ac-5f0f-8f81-3540865f0477,2e2e8079-6c9e-51c9-bc7e-1475045fd514,replied_to_comment,thread,160,What would make you trust a project progress bar?,what-would-make-you-trust-a-project-progress-bar,true,2026-07-26T11:30:00+00:00
690,0947c4b9-50d6-50e2-9043-84a15b80e8c7,a36cd93c-2f0c-5956-9a51-8094e39a7bed,commented_on_thread,thread,160,What would make you trust a project progress bar?,what-would-make-you-trust-a-project-progress-bar,true,2026-07-26T18:30:00+00:00
691,fd96bbd1-5601-5c99-a1e2-04b09168b35e,d48cab4b-e48b-59ae-88d6-41d5d463569d,commented_on_thread,thread,161,Phone camera photos rotate after uploading,phone-camera-photos-rotate-after-uploading,true,2026-08-20T08:30:00+00:00
692,ae7ac442-d880-5cd8-bc30-8d21c5f7dc54,f6e8344b-87f4-5461-93fc-b01ff1ae4265,commented_on_thread,thread,163,Can an API return a useful error without leaking details?,can-an-api-return-a-useful-error-without-leaking-details,true,2026-08-24T05:30:00+00:00
693,88820056-e901-59a1-b2ca-c4e813b34f7b,0da68170-ff38-5dad-9224-770d261f1c8a,commented_on_thread,thread,164,Our club wants a newsletter. Is a spreadsheet enough first?,our-club-wants-a-newsletter-is-a-spreadsheet-enough-first,true,2026-09-03T02:30:00+00:00
694,0da68170-ff38-5dad-9224-770d261f1c8a,daa36188-60fd-56a2-938b-70b1b51084b0,replied_to_comment,thread,164,Our club wants a newsletter. Is a spreadsheet enough first?,our-club-wants-a-newsletter-is-a-spreadsheet-enough-first,true,2026-09-03T09:30:00+00:00
695,88820056-e901-59a1-b2ca-c4e813b34f7b,50d6350f-ffd4-59ad-a1ff-65a49a77a913,commented_on_thread,thread,164,Our club wants a newsletter. Is a spreadsheet enough first?,our-club-wants-a-newsletter-is-a-spreadsheet-enough-first,true,2026-09-03T16:30:00+00:00
696,7f0221a7-4703-52e7-8b26-fa2cd7303c90,693ebb02-ab3f-5d60-b798-d4d4df4900d2,commented_on_thread,thread,165,How do you give helpful feedback on a rough design?,how-do-you-give-helpful-feedback-on-a-rough-design,true,2026-09-13T11:30:00+00:00
697,693ebb02-ab3f-5d60-b798-d4d4df4900d2,52ab3a8f-ec5c-5e66-bcd5-efc304512118,replied_to_comment,thread,165,How do you give helpful feedback on a rough design?,how-do-you-give-helpful-feedback-on-a-rough-design,true,2026-09-13T18:30:00+00:00
698,7f0221a7-4703-52e7-8b26-fa2cd7303c90,5a4b137d-2ebb-5c75-8cdd-bf77406b4b9f,commented_on_thread,thread,165,How do you give helpful feedback on a rough design?,how-do-you-give-helpful-feedback-on-a-rough-design,true,2026-09-14T01:30:00+00:00
699,7f0221a7-4703-52e7-8b26-fa2cd7303c90,373cd20e-25d5-5a46-a0ae-18157cf68a55,commented_on_thread,thread,165,How do you give helpful feedback on a rough design?,how-do-you-give-helpful-feedback-on-a-rough-design,true,2026-09-14T08:30:00+00:00
700,001e944b-e64e-5742-afb7-5e04327e41ee,6cf4bb40-4d81-5eb3-b9d9-5841cd55724e,commented_on_thread,thread,166,SQL count is bigger after adding a join,sql-count-is-bigger-after-adding-a-join,true,2026-08-11T04:30:00+00:00
701,6cf4bb40-4d81-5eb3-b9d9-5841cd55724e,4845dc43-0c9d-5f09-aa4a-62e68abb5d12,replied_to_comment,thread,166,SQL count is bigger after adding a join,sql-count-is-bigger-after-adding-a-join,true,2026-08-11T11:30:00+00:00
702,001e944b-e64e-5742-afb7-5e04327e41ee,bc38029f-d1c5-5b8f-8055-d446a522cb91,commented_on_thread,thread,166,SQL count is bigger after adding a join,sql-count-is-bigger-after-adding-a-join,true,2026-08-11T18:30:00+00:00
703,001e944b-e64e-5742-afb7-5e04327e41ee,ae7ac442-d880-5cd8-bc30-8d21c5f7dc54,commented_on_thread,thread,166,SQL count is bigger after adding a join,sql-count-is-bigger-after-adding-a-join,true,2026-08-12T01:30:00+00:00
704,f1fb49f6-8f16-5086-a3b3-1c5e169f9ad4,5ccdaadc-80b2-50e1-a0c1-bad0246a7cf2,commented_on_thread,thread,167,Anyone learning technical writing alongside programming?,anyone-learning-technical-writing-alongside-programming,true,2026-07-26T03:30:00+00:00
705,5ccdaadc-80b2-50e1-a0c1-bad0246a7cf2,405fd522-6b0d-52fc-b397-dc3ce2e4a2ea,replied_to_comment,thread,167,Anyone learning technical writing alongside programming?,anyone-learning-technical-writing-alongside-programming,true,2026-07-26T10:30:00+00:00
706,77c684c4-9514-5edc-85ff-1052c8544c14,8819cb55-67e6-5a55-98c8-d80446975a9e,commented_on_thread,thread,168,What should an offline app do when two edits disagree?,what-should-an-offline-app-do-when-two-edits-disagree,true,2026-07-30T05:30:00+00:00
707,8819cb55-67e6-5a55-98c8-d80446975a9e,e7c63421-97d2-555e-9731-46cb0f04f637,replied_to_comment,thread,168,What should an offline app do when two edits disagree?,what-should-an-offline-app-do-when-two-edits-disagree,true,2026-07-30T12:30:00+00:00
708,77c684c4-9514-5edc-85ff-1052c8544c14,cd8c4c60-ab9b-5cf3-996e-d4fbb990f4c6,commented_on_thread,thread,168,What should an offline app do when two edits disagree?,what-should-an-offline-app-do-when-two-edits-disagree,true,2026-07-30T19:30:00+00:00
709,4c2177ab-592a-5e4a-b25b-8bb3f8090555,88a268b0-6bca-5583-b041-ffdbc51be7e6,commented_on_thread,thread,169,How do you explain a project that didn't meet its goal?,how-do-you-explain-a-project-that-didn-t-meet-its-goal,true,2026-07-23T06:30:00+00:00
710,a6b8342c-310b-5b88-9c07-602dbd646488,d767d4bb-a2aa-587a-90f9-23d0689ae52a,commented_on_thread,thread,171,Python virtual environments finally make sense,python-virtual-environments-finally-make-sense,true,2026-09-02T04:30:00+00:00
711,eeeb9e89-042f-5fdc-8fcf-2c3ad56f9bf1,35e87bcc-650c-5e3f-9741-3f0c54905b6f,commented_on_thread,thread,172,Should notifications link to a comment or the whole discussion?,should-notifications-link-to-a-comment-or-the-whole-discussion,true,2026-08-01T07:30:00+00:00
712,35e87bcc-650c-5e3f-9741-3f0c54905b6f,fb400c3e-ecd0-522e-8b8e-1323946be71a,replied_to_comment,thread,172,Should notifications link to a comment or the whole discussion?,should-notifications-link-to-a-comment-or-the-whole-discussion,true,2026-08-01T14:30:00+00:00
713,eeeb9e89-042f-5fdc-8fcf-2c3ad56f9bf1,5532dec3-02ae-5ac3-8b57-2e8214a8598b,commented_on_thread,thread,172,Should notifications link to a comment or the whole discussion?,should-notifications-link-to-a-comment-or-the-whole-discussion,true,2026-08-01T21:30:00+00:00
714,518ae987-15f7-5b22-8bcc-df59623dbdce,54561bf4-fe37-5b37-934d-9c7f81542f8b,commented_on_thread,thread,173,How do you decide which skills to put on a profile?,how-do-you-decide-which-skills-to-put-on-a-profile,true,2026-08-11T10:30:00+00:00
715,54561bf4-fe37-5b37-934d-9c7f81542f8b,33ba5d16-c38c-5bcf-9896-ea8ae81d6e7b,replied_to_comment,thread,173,How do you decide which skills to put on a profile?,how-do-you-decide-which-skills-to-put-on-a-profile,true,2026-08-11T17:30:00+00:00
716,518ae987-15f7-5b22-8bcc-df59623dbdce,50de23a6-cd45-55ac-adb0-06d14b4ed8ce,commented_on_thread,thread,173,How do you decide which skills to put on a profile?,how-do-you-decide-which-skills-to-put-on-a-profile,true,2026-08-12T00:30:00+00:00
717,518ae987-15f7-5b22-8bcc-df59623dbdce,35e87bcc-650c-5e3f-9741-3f0c54905b6f,commented_on_thread,thread,173,How do you decide which skills to put on a profile?,how-do-you-decide-which-skills-to-put-on-a-profile,true,2026-08-12T07:30:00+00:00
718,d9fbcbde-376a-5f82-9fb5-268a24b02d57,373cd20e-25d5-5a46-a0ae-18157cf68a55,commented_on_thread,thread,174,Is a paused project the same thing as a failed project?,is-a-paused-project-the-same-thing-as-a-failed-project,true,2026-08-23T04:30:00+00:00
719,373cd20e-25d5-5a46-a0ae-18157cf68a55,ffe47fd1-7989-5728-addd-50b504edd889,replied_to_comment,thread,174,Is a paused project the same thing as a failed project?,is-a-paused-project-the-same-thing-as-a-failed-project,true,2026-08-23T11:30:00+00:00
720,d9fbcbde-376a-5f82-9fb5-268a24b02d57,d767d4bb-a2aa-587a-90f9-23d0689ae52a,commented_on_thread,thread,174,Is a paused project the same thing as a failed project?,is-a-paused-project-the-same-thing-as-a-failed-project,true,2026-08-23T18:30:00+00:00
721,d9fbcbde-376a-5f82-9fb5-268a24b02d57,63fdd1e3-9db3-5b05-9799-510eea6abab7,commented_on_thread,thread,174,Is a paused project the same thing as a failed project?,is-a-paused-project-the-same-thing-as-a-failed-project,true,2026-08-24T01:30:00+00:00
722,96ccee9a-30f2-56cd-b597-a927c84e0f75,d767d4bb-a2aa-587a-90f9-23d0689ae52a,commented_on_thread,thread,175,How do you hand over a student project before placements?,how-do-you-hand-over-a-student-project-before-placements,true,2026-07-26T03:30:00+00:00
723,d767d4bb-a2aa-587a-90f9-23d0689ae52a,3d0f3e54-413b-5a89-bc88-8cb0e7246b97,replied_to_comment,thread,175,How do you hand over a student project before placements?,how-do-you-hand-over-a-student-project-before-placements,true,2026-07-26T10:30:00+00:00
724,96ccee9a-30f2-56cd-b597-a927c84e0f75,302b84f9-9053-5cf7-bed0-305678227875,commented_on_thread,thread,175,How do you hand over a student project before placements?,how-do-you-hand-over-a-student-project-before-placements,true,2026-07-26T17:30:00+00:00
725,96ccee9a-30f2-56cd-b597-a927c84e0f75,6d9d0917-bda8-5863-abe4-92d14b0cc926,commented_on_thread,thread,175,How do you hand over a student project before placements?,how-do-you-hand-over-a-student-project-before-placements,true,2026-07-27T00:30:00+00:00
726,6d9d0917-bda8-5863-abe4-92d14b0cc926,37b7aed3-d207-54f7-b4ec-0e05c50eaeb2,replied_to_comment,thread,175,How do you hand over a student project before placements?,how-do-you-hand-over-a-student-project-before-placements,true,2026-07-27T07:30:00+00:00
727,96ccee9a-30f2-56cd-b597-a927c84e0f75,d6b81cb4-a299-5894-baa5-463cb63679a3,commented_on_thread,thread,175,How do you hand over a student project before placements?,how-do-you-hand-over-a-student-project-before-placements,true,2026-07-27T14:30:00+00:00
728,96ccee9a-30f2-56cd-b597-a927c84e0f75,10feece1-a2cd-532b-8488-21659a3bee22,commented_on_thread,thread,175,How do you hand over a student project before placements?,how-do-you-hand-over-a-student-project-before-placements,true,2026-07-27T21:30:00+00:00
729,10feece1-a2cd-532b-8488-21659a3bee22,d9fbcbde-376a-5f82-9fb5-268a24b02d57,replied_to_comment,thread,175,How do you hand over a student project before placements?,how-do-you-hand-over-a-student-project-before-placements,true,2026-07-28T04:30:00+00:00
730,f223e569-d735-5980-b77b-25d459e64a37,e137404e-9196-525c-b17a-44dc96d29f29,commented_on_thread,thread,176,What goes into a brief for a two-week student prototype?,what-goes-into-a-brief-for-a-two-week-student-prototype,true,2026-08-09T09:30:00+00:00
731,e137404e-9196-525c-b17a-44dc96d29f29,3d5b480d-3962-5c76-96ca-5459d65372aa,replied_to_comment,thread,176,What goes into a brief for a two-week student prototype?,what-goes-into-a-brief-for-a-two-week-student-prototype,true,2026-08-09T16:30:00+00:00
732,f223e569-d735-5980-b77b-25d459e64a37,ae96d203-7a11-52ed-9e02-cd93c3dda603,commented_on_thread,thread,176,What goes into a brief for a two-week student prototype?,what-goes-into-a-brief-for-a-two-week-student-prototype,true,2026-08-10T06:30:00+00:00
733,ae96d203-7a11-52ed-9e02-cd93c3dda603,45abfe15-6e8d-57cf-bda3-b7ae2b5c0bc7,replied_to_comment,thread,176,What goes into a brief for a two-week student prototype?,what-goes-into-a-brief-for-a-two-week-student-prototype,true,2026-08-10T13:30:00+00:00
734,f223e569-d735-5980-b77b-25d459e64a37,44a33563-638c-52da-ae01-285f43dfcb99,commented_on_thread,thread,176,What goes into a brief for a two-week student prototype?,what-goes-into-a-brief-for-a-two-week-student-prototype,true,2026-08-10T20:30:00+00:00
735,f223e569-d735-5980-b77b-25d459e64a37,5532dec3-02ae-5ac3-8b57-2e8214a8598b,replied_to_comment,thread,176,What goes into a brief for a two-week student prototype?,what-goes-into-a-brief-for-a-two-week-student-prototype,true,2026-08-11T10:30:00+00:00
736,f223e569-d735-5980-b77b-25d459e64a37,3d016498-e16a-5ad9-95c7-b633dfc6a142,commented_on_thread,thread,176,What goes into a brief for a two-week student prototype?,what-goes-into-a-brief-for-a-two-week-student-prototype,true,2026-08-11T17:30:00+00:00
737,f223e569-d735-5980-b77b-25d459e64a37,096499d2-73d6-5063-9dd4-a7c1aebac61d,commented_on_thread,thread,176,What goes into a brief for a two-week student prototype?,what-goes-into-a-brief-for-a-two-week-student-prototype,true,2026-08-12T00:30:00+00:00
738,096499d2-73d6-5063-9dd4-a7c1aebac61d,f223e569-d735-5980-b77b-25d459e64a37,replied_to_comment,thread,176,What goes into a brief for a two-week student prototype?,what-goes-into-a-brief-for-a-two-week-student-prototype,true,2026-08-12T07:30:00+00:00
739,f223e569-d735-5980-b77b-25d459e64a37,e3efd234-c7f9-5957-937f-661b1c3981ef,commented_on_thread,thread,176,What goes into a brief for a two-week student prototype?,what-goes-into-a-brief-for-a-two-week-student-prototype,true,2026-08-12T14:30:00+00:00
740,f223e569-d735-5980-b77b-25d459e64a37,729fe171-fa0d-547e-b374-39bd19f4c645,commented_on_thread,thread,176,What goes into a brief for a two-week student prototype?,what-goes-into-a-brief-for-a-two-week-student-prototype,true,2026-08-12T21:30:00+00:00
741,729fe171-fa0d-547e-b374-39bd19f4c645,368442e7-2dfe-5df4-9ab7-a468b984050a,replied_to_comment,thread,176,What goes into a brief for a two-week student prototype?,what-goes-into-a-brief-for-a-two-week-student-prototype,true,2026-08-13T04:30:00+00:00
742,f223e569-d735-5980-b77b-25d459e64a37,bf54d417-d834-5d3e-a7f9-106377fe05a5,commented_on_thread,thread,176,What goes into a brief for a two-week student prototype?,what-goes-into-a-brief-for-a-two-week-student-prototype,true,2026-08-13T18:30:00+00:00
743,518ae987-15f7-5b22-8bcc-df59623dbdce,4c2177ab-592a-5e4a-b25b-8bb3f8090555,connection_request,user,4c2177ab-592a-5e4a-b25b-8bb3f8090555,Sagar Tamang,sagar.tamang.demo,true,2026-07-19T10:30:00+00:00
744,d9fbcbde-376a-5f82-9fb5-268a24b02d57,4c2177ab-592a-5e4a-b25b-8bb3f8090555,connection_request,user,4c2177ab-592a-5e4a-b25b-8bb3f8090555,Sagar Tamang,sagar.tamang.demo,true,2026-08-03T10:30:00+00:00
745,4c2177ab-592a-5e4a-b25b-8bb3f8090555,d9fbcbde-376a-5f82-9fb5-268a24b02d57,connection_accepted,user,d9fbcbde-376a-5f82-9fb5-268a24b02d57,Niruta Adhikari,niruta.adhikari.demo,true,2026-08-03T13:30:00+00:00
746,b55b4f74-ded6-5cf1-aae0-9ad89c03c10c,8ae0340a-8eaf-5e9d-9db0-ac449334023d,connection_request,user,8ae0340a-8eaf-5e9d-9db0-ac449334023d,Bipana Gurung,bipana.gurung.demo,true,2026-07-19T10:30:00+00:00
747,8ae0340a-8eaf-5e9d-9db0-ac449334023d,b55b4f74-ded6-5cf1-aae0-9ad89c03c10c,connection_accepted,user,b55b4f74-ded6-5cf1-aae0-9ad89c03c10c,Devansh Patel,devansh.patel.demo,true,2026-07-19T13:30:00+00:00
748,5ccdaadc-80b2-50e1-a0c1-bad0246a7cf2,8ae0340a-8eaf-5e9d-9db0-ac449334023d,connection_request,user,8ae0340a-8eaf-5e9d-9db0-ac449334023d,Bipana Gurung,bipana.gurung.demo,true,2026-08-27T10:30:00+00:00
749,8ae0340a-8eaf-5e9d-9db0-ac449334023d,5ccdaadc-80b2-50e1-a0c1-bad0246a7cf2,connection_accepted,user,5ccdaadc-80b2-50e1-a0c1-bad0246a7cf2,Ren Takahashi,ren.takahashi.demo,true,2026-08-27T13:30:00+00:00
750,af808cd8-ab34-515f-a8a0-a1b0719a537b,8ae0340a-8eaf-5e9d-9db0-ac449334023d,connection_request,user,8ae0340a-8eaf-5e9d-9db0-ac449334023d,Bipana Gurung,bipana.gurung.demo,true,2026-08-18T10:30:00+00:00
751,8ae0340a-8eaf-5e9d-9db0-ac449334023d,af808cd8-ab34-515f-a8a0-a1b0719a537b,connection_accepted,user,af808cd8-ab34-515f-a8a0-a1b0719a537b,Elias Andersson,elias.andersson.demo,true,2026-08-18T13:30:00+00:00
752,a5526e82-ef69-522b-b3ad-df818658bde0,3d016498-e16a-5ad9-95c7-b633dfc6a142,connection_request,user,3d016498-e16a-5ad9-95c7-b633dfc6a142,Ritesh Poudel,ritesh.poudel.demo,true,2026-07-20T10:30:00+00:00
753,d9fbcbde-376a-5f82-9fb5-268a24b02d57,3d016498-e16a-5ad9-95c7-b633dfc6a142,connection_request,user,3d016498-e16a-5ad9-95c7-b633dfc6a142,Ritesh Poudel,ritesh.poudel.demo,true,2026-08-24T10:30:00+00:00
754,3d016498-e16a-5ad9-95c7-b633dfc6a142,d9fbcbde-376a-5f82-9fb5-268a24b02d57,connection_accepted,user,d9fbcbde-376a-5f82-9fb5-268a24b02d57,Niruta Adhikari,niruta.adhikari.demo,true,2026-08-24T13:30:00+00:00
755,d9fbcbde-376a-5f82-9fb5-268a24b02d57,001e944b-e64e-5742-afb7-5e04327e41ee,connection_request,user,001e944b-e64e-5742-afb7-5e04327e41ee,Kritika Joshi,kritika.joshi.demo,false,2026-09-16T10:30:00+00:00
756,b55b4f74-ded6-5cf1-aae0-9ad89c03c10c,1767869f-381f-59b9-acac-01da2d539e40,connection_request,user,1767869f-381f-59b9-acac-01da2d539e40,Ishita Kulkarni,ishita.kulkarni.demo,true,2026-08-20T10:30:00+00:00
757,1767869f-381f-59b9-acac-01da2d539e40,b55b4f74-ded6-5cf1-aae0-9ad89c03c10c,connection_accepted,user,b55b4f74-ded6-5cf1-aae0-9ad89c03c10c,Devansh Patel,devansh.patel.demo,true,2026-08-20T13:30:00+00:00
758,5a4b137d-2ebb-5c75-8cdd-bf77406b4b9f,1767869f-381f-59b9-acac-01da2d539e40,connection_request,user,1767869f-381f-59b9-acac-01da2d539e40,Ishita Kulkarni,ishita.kulkarni.demo,true,2026-07-31T10:30:00+00:00
759,4c310820-12d3-5128-9a45-973db446b59e,1767869f-381f-59b9-acac-01da2d539e40,connection_request,user,1767869f-381f-59b9-acac-01da2d539e40,Ishita Kulkarni,ishita.kulkarni.demo,true,2026-07-22T10:30:00+00:00
760,1767869f-381f-59b9-acac-01da2d539e40,4c310820-12d3-5128-9a45-973db446b59e,connection_accepted,user,4c310820-12d3-5128-9a45-973db446b59e,Callum Fraser,callum.fraser.demo,true,2026-07-22T13:30:00+00:00
761,54561bf4-fe37-5b37-934d-9c7f81542f8b,1767869f-381f-59b9-acac-01da2d539e40,connection_request,user,1767869f-381f-59b9-acac-01da2d539e40,Ishita Kulkarni,ishita.kulkarni.demo,true,2026-08-18T10:30:00+00:00
762,64609795-d498-5ea7-ad33-a3bcecf9d962,50d6350f-ffd4-59ad-a1ff-65a49a77a913,connection_request,user,50d6350f-ffd4-59ad-a1ff-65a49a77a913,Aditya Menon,aditya.menon.demo,true,2026-08-28T10:30:00+00:00
763,50d6350f-ffd4-59ad-a1ff-65a49a77a913,64609795-d498-5ea7-ad33-a3bcecf9d962,connection_accepted,user,64609795-d498-5ea7-ad33-a3bcecf9d962,Rohan Gill,rohan.gill.demo,true,2026-08-28T13:30:00+00:00
764,1bc15434-bc22-56cc-a890-336efd2a11e5,50d6350f-ffd4-59ad-a1ff-65a49a77a913,connection_request,user,50d6350f-ffd4-59ad-a1ff-65a49a77a913,Aditya Menon,aditya.menon.demo,true,2026-08-26T10:30:00+00:00
765,b55b4f74-ded6-5cf1-aae0-9ad89c03c10c,50d6350f-ffd4-59ad-a1ff-65a49a77a913,connection_request,user,50d6350f-ffd4-59ad-a1ff-65a49a77a913,Aditya Menon,aditya.menon.demo,true,2026-08-18T10:30:00+00:00
766,50d6350f-ffd4-59ad-a1ff-65a49a77a913,b55b4f74-ded6-5cf1-aae0-9ad89c03c10c,connection_accepted,user,b55b4f74-ded6-5cf1-aae0-9ad89c03c10c,Devansh Patel,devansh.patel.demo,true,2026-08-18T13:30:00+00:00
767,b55b4f74-ded6-5cf1-aae0-9ad89c03c10c,3425797b-5c54-5f3a-9a34-9cedb0dc5b84,connection_request,user,3425797b-5c54-5f3a-9a34-9cedb0dc5b84,Zoya Ansari,zoya.ansari.demo,true,2026-09-01T10:30:00+00:00
768,3425797b-5c54-5f3a-9a34-9cedb0dc5b84,b55b4f74-ded6-5cf1-aae0-9ad89c03c10c,connection_accepted,user,b55b4f74-ded6-5cf1-aae0-9ad89c03c10c,Devansh Patel,devansh.patel.demo,true,2026-09-01T13:30:00+00:00
769,5ccdaadc-80b2-50e1-a0c1-bad0246a7cf2,b55b4f74-ded6-5cf1-aae0-9ad89c03c10c,connection_request,user,b55b4f74-ded6-5cf1-aae0-9ad89c03c10c,Devansh Patel,devansh.patel.demo,true,2026-09-10T10:30:00+00:00
770,b55b4f74-ded6-5cf1-aae0-9ad89c03c10c,5ccdaadc-80b2-50e1-a0c1-bad0246a7cf2,connection_accepted,user,5ccdaadc-80b2-50e1-a0c1-bad0246a7cf2,Ren Takahashi,ren.takahashi.demo,true,2026-09-10T13:30:00+00:00
771,f1fb49f6-8f16-5086-a3b3-1c5e169f9ad4,b55b4f74-ded6-5cf1-aae0-9ad89c03c10c,connection_request,user,b55b4f74-ded6-5cf1-aae0-9ad89c03c10c,Devansh Patel,devansh.patel.demo,true,2026-08-05T10:30:00+00:00
772,b55b4f74-ded6-5cf1-aae0-9ad89c03c10c,f1fb49f6-8f16-5086-a3b3-1c5e169f9ad4,connection_accepted,user,f1fb49f6-8f16-5086-a3b3-1c5e169f9ad4,Aisha Rahman,aisha.rahman.demo,true,2026-08-05T13:30:00+00:00
773,e3efd234-c7f9-5957-937f-661b1c3981ef,b0ebc690-efe0-594f-bd55-e4d7ec3454bc,connection_request,user,b0ebc690-efe0-594f-bd55-e4d7ec3454bc,Nusrat Jahan,nusrat.jahan.demo,true,2026-07-26T10:30:00+00:00
774,b0ebc690-efe0-594f-bd55-e4d7ec3454bc,e3efd234-c7f9-5957-937f-661b1c3981ef,connection_accepted,user,e3efd234-c7f9-5957-937f-661b1c3981ef,Saoirse Kelly,saoirse.kelly.demo,true,2026-07-26T13:30:00+00:00
775,ac9c9500-b7e4-5bbe-8f4e-a40a6201979a,b0ebc690-efe0-594f-bd55-e4d7ec3454bc,connection_request,user,b0ebc690-efe0-594f-bd55-e4d7ec3454bc,Nusrat Jahan,nusrat.jahan.demo,true,2026-07-30T10:30:00+00:00
776,b0ebc690-efe0-594f-bd55-e4d7ec3454bc,ac9c9500-b7e4-5bbe-8f4e-a40a6201979a,connection_accepted,user,ac9c9500-b7e4-5bbe-8f4e-a40a6201979a,Leon Hoffmann,leon.hoffmann.demo,true,2026-07-30T13:30:00+00:00
777,88a268b0-6bca-5583-b041-ffdbc51be7e6,b0ebc690-efe0-594f-bd55-e4d7ec3454bc,connection_request,user,b0ebc690-efe0-594f-bd55-e4d7ec3454bc,Nusrat Jahan,nusrat.jahan.demo,true,2026-08-26T10:30:00+00:00
778,b0ebc690-efe0-594f-bd55-e4d7ec3454bc,88a268b0-6bca-5583-b041-ffdbc51be7e6,connection_accepted,user,88a268b0-6bca-5583-b041-ffdbc51be7e6,Sumaiya Akter,sumaiya.akter.demo,true,2026-08-26T13:30:00+00:00
779,44f09dba-7a20-5f46-840b-4670e6c7eb92,9c9c228f-3bd5-5da4-b666-fbfab93b4b7e,connection_request,user,9c9c228f-3bd5-5da4-b666-fbfab93b4b7e,Fahim Chowdhury,fahim.chowdhury.demo,true,2026-08-11T10:30:00+00:00
780,9c9c228f-3bd5-5da4-b666-fbfab93b4b7e,44f09dba-7a20-5f46-840b-4670e6c7eb92,connection_accepted,user,44f09dba-7a20-5f46-840b-4670e6c7eb92,Nerea Etxeberria,nerea.etxeberria.demo,true,2026-08-11T13:30:00+00:00
781,baa8ef70-5b01-5a49-84cb-71c353290705,4966bb54-4d4f-5992-8586-1bd44991d17f,connection_request,user,4966bb54-4d4f-5992-8586-1bd44991d17f,Tasnim Sultana,tasnim.sultana.demo,true,2026-08-22T10:30:00+00:00
782,4966bb54-4d4f-5992-8586-1bd44991d17f,baa8ef70-5b01-5a49-84cb-71c353290705,connection_accepted,user,baa8ef70-5b01-5a49-84cb-71c353290705,Amirul Hakim,amirul.hakim.demo,true,2026-08-22T13:30:00+00:00
783,50d6350f-ffd4-59ad-a1ff-65a49a77a913,3a376c3a-3e46-5c8c-815c-232b66ca9bc8,connection_request,user,3a376c3a-3e46-5c8c-815c-232b66ca9bc8,Rafiul Islam,rafiul.islam.demo,true,2026-08-30T10:30:00+00:00
784,3a376c3a-3e46-5c8c-815c-232b66ca9bc8,50d6350f-ffd4-59ad-a1ff-65a49a77a913,connection_accepted,user,50d6350f-ffd4-59ad-a1ff-65a49a77a913,Aditya Menon,aditya.menon.demo,true,2026-08-30T13:30:00+00:00
785,4966bb54-4d4f-5992-8586-1bd44991d17f,3a376c3a-3e46-5c8c-815c-232b66ca9bc8,connection_request,user,3a376c3a-3e46-5c8c-815c-232b66ca9bc8,Rafiul Islam,rafiul.islam.demo,true,2026-07-23T10:30:00+00:00
786,64609795-d498-5ea7-ad33-a3bcecf9d962,3a376c3a-3e46-5c8c-815c-232b66ca9bc8,connection_request,user,3a376c3a-3e46-5c8c-815c-232b66ca9bc8,Rafiul Islam,rafiul.islam.demo,true,2026-07-28T10:30:00+00:00
787,3a376c3a-3e46-5c8c-815c-232b66ca9bc8,64609795-d498-5ea7-ad33-a3bcecf9d962,connection_accepted,user,64609795-d498-5ea7-ad33-a3bcecf9d962,Rohan Gill,rohan.gill.demo,true,2026-07-28T13:30:00+00:00
788,f4b545d6-b6c0-54b8-847e-101d68428b48,3a376c3a-3e46-5c8c-815c-232b66ca9bc8,connection_request,user,3a376c3a-3e46-5c8c-815c-232b66ca9bc8,Rafiul Islam,rafiul.islam.demo,true,2026-08-05T10:30:00+00:00
789,3a376c3a-3e46-5c8c-815c-232b66ca9bc8,f4b545d6-b6c0-54b8-847e-101d68428b48,connection_accepted,user,f4b545d6-b6c0-54b8-847e-101d68428b48,Nur Aisyah Rahman,nur.aisyah.rahman.demo,true,2026-08-05T13:30:00+00:00
790,a60d0128-bffa-5d2d-9915-36693e6bc3ba,a992f17b-79b6-5dcf-aed4-2aebaa5775c7,connection_request,user,a992f17b-79b6-5dcf-aed4-2aebaa5775c7,Mahnoor Siddiqui,mahnoor.siddiqui.demo,true,2026-08-29T10:30:00+00:00
791,a992f17b-79b6-5dcf-aed4-2aebaa5775c7,a60d0128-bffa-5d2d-9915-36693e6bc3ba,connection_accepted,user,a60d0128-bffa-5d2d-9915-36693e6bc3ba,Niamh Byrne,niamh.byrne.demo,true,2026-08-29T13:30:00+00:00
792,6b9b6012-cdb4-50eb-8ad0-01c36516df23,a992f17b-79b6-5dcf-aed4-2aebaa5775c7,connection_request,user,a992f17b-79b6-5dcf-aed4-2aebaa5775c7,Mahnoor Siddiqui,mahnoor.siddiqui.demo,true,2026-08-04T10:30:00+00:00
793,a992f17b-79b6-5dcf-aed4-2aebaa5775c7,6b9b6012-cdb4-50eb-8ad0-01c36516df23,connection_accepted,user,6b9b6012-cdb4-50eb-8ad0-01c36516df23,Hamza Farooq,hamza.farooq.demo,true,2026-08-04T13:30:00+00:00
794,7f0221a7-4703-52e7-8b26-fa2cd7303c90,a992f17b-79b6-5dcf-aed4-2aebaa5775c7,connection_request,user,a992f17b-79b6-5dcf-aed4-2aebaa5775c7,Mahnoor Siddiqui,mahnoor.siddiqui.demo,true,2026-07-29T10:30:00+00:00
795,a992f17b-79b6-5dcf-aed4-2aebaa5775c7,7f0221a7-4703-52e7-8b26-fa2cd7303c90,connection_accepted,user,7f0221a7-4703-52e7-8b26-fa2cd7303c90,Rizky Pratama,rizky.pratama.demo,true,2026-07-29T13:30:00+00:00
796,10feece1-a2cd-532b-8488-21659a3bee22,6b9b6012-cdb4-50eb-8ad0-01c36516df23,connection_request,user,6b9b6012-cdb4-50eb-8ad0-01c36516df23,Hamza Farooq,hamza.farooq.demo,true,2026-08-15T10:30:00+00:00
797,6b9b6012-cdb4-50eb-8ad0-01c36516df23,10feece1-a2cd-532b-8488-21659a3bee22,connection_accepted,user,10feece1-a2cd-532b-8488-21659a3bee22,Aitana García,aitana.garcia.demo,true,2026-08-15T13:30:00+00:00
798,1062abbb-4fcd-51a9-95fc-5474e4af7640,e502b694-466f-5e1f-9293-146b264ae20c,connection_request,user,e502b694-466f-5e1f-9293-146b264ae20c,Areeba Khan,areeba.khan.demo,true,2026-09-02T10:30:00+00:00
799,e502b694-466f-5e1f-9293-146b264ae20c,1062abbb-4fcd-51a9-95fc-5474e4af7640,connection_accepted,user,1062abbb-4fcd-51a9-95fc-5474e4af7640,Hugo Serrano,hugo.serrano.demo,true,2026-09-02T13:30:00+00:00
800,7bdf8ad6-1318-5f74-9112-e2b655e215a2,e502b694-466f-5e1f-9293-146b264ae20c,connection_request,user,e502b694-466f-5e1f-9293-146b264ae20c,Areeba Khan,areeba.khan.demo,true,2026-07-24T10:30:00+00:00
801,0e49007f-82be-5238-a956-37d8f7b40d4c,84da666c-c47c-572e-b2c9-3b6f35881596,connection_request,user,84da666c-c47c-572e-b2c9-3b6f35881596,Bilal Ahmed,bilal.ahmed.demo,true,2026-08-14T10:30:00+00:00
802,84da666c-c47c-572e-b2c9-3b6f35881596,0e49007f-82be-5238-a956-37d8f7b40d4c,connection_accepted,user,0e49007f-82be-5238-a956-37d8f7b40d4c,Hira Malik,hira.malik.demo,true,2026-08-14T13:30:00+00:00
803,5c465a9a-bc36-5d7b-b5a2-0f18d9dab68a,84da666c-c47c-572e-b2c9-3b6f35881596,connection_request,user,84da666c-c47c-572e-b2c9-3b6f35881596,Bilal Ahmed,bilal.ahmed.demo,true,2026-07-26T10:30:00+00:00
804,84da666c-c47c-572e-b2c9-3b6f35881596,5c465a9a-bc36-5d7b-b5a2-0f18d9dab68a,connection_accepted,user,5c465a9a-bc36-5d7b-b5a2-0f18d9dab68a,Latifa Al Mazrouei,latifa.al.mazrouei.demo,true,2026-07-26T13:30:00+00:00
805,a2cc3818-be31-5aeb-828c-e23f579431aa,84da666c-c47c-572e-b2c9-3b6f35881596,connection_request,user,84da666c-c47c-572e-b2c9-3b6f35881596,Bilal Ahmed,bilal.ahmed.demo,true,2026-08-12T10:30:00+00:00
806,84da666c-c47c-572e-b2c9-3b6f35881596,a2cc3818-be31-5aeb-828c-e23f579431aa,connection_accepted,user,a2cc3818-be31-5aeb-828c-e23f579431aa,Kavitha Rajan,kavitha.rajan.demo,true,2026-08-12T13:30:00+00:00
807,096499d2-73d6-5063-9dd4-a7c1aebac61d,0e49007f-82be-5238-a956-37d8f7b40d4c,connection_request,user,0e49007f-82be-5238-a956-37d8f7b40d4c,Hira Malik,hira.malik.demo,true,2026-09-10T10:30:00+00:00
808,1767869f-381f-59b9-acac-01da2d539e40,0e49007f-82be-5238-a956-37d8f7b40d4c,connection_request,user,0e49007f-82be-5238-a956-37d8f7b40d4c,Hira Malik,hira.malik.demo,true,2026-09-09T10:30:00+00:00
809,0e49007f-82be-5238-a956-37d8f7b40d4c,1767869f-381f-59b9-acac-01da2d539e40,connection_accepted,user,1767869f-381f-59b9-acac-01da2d539e40,Ishita Kulkarni,ishita.kulkarni.demo,true,2026-09-09T13:30:00+00:00
810,baa8ef70-5b01-5a49-84cb-71c353290705,0e49007f-82be-5238-a956-37d8f7b40d4c,connection_request,user,0e49007f-82be-5238-a956-37d8f7b40d4c,Hira Malik,hira.malik.demo,true,2026-08-07T10:30:00+00:00
811,0e49007f-82be-5238-a956-37d8f7b40d4c,baa8ef70-5b01-5a49-84cb-71c353290705,connection_accepted,user,baa8ef70-5b01-5a49-84cb-71c353290705,Amirul Hakim,amirul.hakim.demo,true,2026-08-07T13:30:00+00:00
812,9edec740-5de6-5c27-8233-5cf72946b182,774fd1d7-ca6b-5177-9d91-fc7b24739425,connection_request,user,774fd1d7-ca6b-5177-9d91-fc7b24739425,Nethmi Perera,nethmi.perera.demo,true,2026-08-12T10:30:00+00:00
813,a992f17b-79b6-5dcf-aed4-2aebaa5775c7,ee289908-380a-5bb3-8fdc-0990b203929b,connection_request,user,ee289908-380a-5bb3-8fdc-0990b203929b,Tharushi Fernando,tharushi.fernando.demo,true,2026-08-02T10:30:00+00:00
814,ee289908-380a-5bb3-8fdc-0990b203929b,a992f17b-79b6-5dcf-aed4-2aebaa5775c7,connection_accepted,user,a992f17b-79b6-5dcf-aed4-2aebaa5775c7,Mahnoor Siddiqui,mahnoor.siddiqui.demo,true,2026-08-02T13:30:00+00:00
815,a60d0128-bffa-5d2d-9915-36693e6bc3ba,ee289908-380a-5bb3-8fdc-0990b203929b,connection_request,user,ee289908-380a-5bb3-8fdc-0990b203929b,Tharushi Fernando,tharushi.fernando.demo,true,2026-08-22T10:30:00+00:00
816,ee289908-380a-5bb3-8fdc-0990b203929b,a60d0128-bffa-5d2d-9915-36693e6bc3ba,connection_accepted,user,a60d0128-bffa-5d2d-9915-36693e6bc3ba,Niamh Byrne,niamh.byrne.demo,true,2026-08-22T13:30:00+00:00
817,7f0221a7-4703-52e7-8b26-fa2cd7303c90,ee289908-380a-5bb3-8fdc-0990b203929b,connection_request,user,ee289908-380a-5bb3-8fdc-0990b203929b,Tharushi Fernando,tharushi.fernando.demo,true,2026-09-02T10:30:00+00:00
818,ee289908-380a-5bb3-8fdc-0990b203929b,7f0221a7-4703-52e7-8b26-fa2cd7303c90,connection_accepted,user,7f0221a7-4703-52e7-8b26-fa2cd7303c90,Rizky Pratama,rizky.pratama.demo,true,2026-09-02T13:30:00+00:00
819,e0b64119-ecb0-52a5-852d-39c211ce337a,84047d01-74e6-5a08-a20e-b5c25e3eff3e,connection_request,user,84047d01-74e6-5a08-a20e-b5c25e3eff3e,Kavin Sivarajah,kavin.sivarajah.demo,true,2026-08-26T10:30:00+00:00
820,84047d01-74e6-5a08-a20e-b5c25e3eff3e,e0b64119-ecb0-52a5-852d-39c211ce337a,connection_accepted,user,e0b64119-ecb0-52a5-852d-39c211ce337a,Nur Izzati Abdullah,nur.izzati.abdullah.demo,true,2026-08-26T13:30:00+00:00
821,e21dfd78-ea9f-5754-a3b2-3b3b66dd30b5,84047d01-74e6-5a08-a20e-b5c25e3eff3e,connection_request,user,84047d01-74e6-5a08-a20e-b5c25e3eff3e,Kavin Sivarajah,kavin.sivarajah.demo,true,2026-08-24T10:30:00+00:00
822,84047d01-74e6-5a08-a20e-b5c25e3eff3e,e21dfd78-ea9f-5754-a3b2-3b3b66dd30b5,connection_accepted,user,e21dfd78-ea9f-5754-a3b2-3b3b66dd30b5,Defne Aydın,defne.aydn.demo,true,2026-08-24T13:30:00+00:00
823,1bf86e3f-0e6e-5241-b319-71005237945f,84047d01-74e6-5a08-a20e-b5c25e3eff3e,connection_request,user,84047d01-74e6-5a08-a20e-b5c25e3eff3e,Kavin Sivarajah,kavin.sivarajah.demo,true,2026-09-04T10:30:00+00:00
824,84047d01-74e6-5a08-a20e-b5c25e3eff3e,1bf86e3f-0e6e-5241-b319-71005237945f,connection_accepted,user,1bf86e3f-0e6e-5241-b319-71005237945f,Maryam Al Mansoori,maryam.al.mansoori.demo,true,2026-09-04T13:30:00+00:00
825,84047d01-74e6-5a08-a20e-b5c25e3eff3e,bc38029f-d1c5-5b8f-8055-d446a522cb91,connection_request,user,bc38029f-d1c5-5b8f-8055-d446a522cb91,Sachini Silva,sachini.silva.demo,true,2026-08-30T10:30:00+00:00
826,50de23a6-cd45-55ac-adb0-06d14b4ed8ce,5d857806-7d61-533b-bc12-af2d7b775d29,connection_request,user,5d857806-7d61-533b-bc12-af2d7b775d29,Pema Choden,pema.choden.demo,true,2026-09-05T10:30:00+00:00
827,5d857806-7d61-533b-bc12-af2d7b775d29,50de23a6-cd45-55ac-adb0-06d14b4ed8ce,connection_accepted,user,50de23a6-cd45-55ac-adb0-06d14b4ed8ce,Yui Matsuda,yui.matsuda.demo,true,2026-09-05T13:30:00+00:00
828,3d5b480d-3962-5c76-96ca-5459d65372aa,5d857806-7d61-533b-bc12-af2d7b775d29,connection_request,user,5d857806-7d61-533b-bc12-af2d7b775d29,Pema Choden,pema.choden.demo,true,2026-07-31T10:30:00+00:00
829,5d857806-7d61-533b-bc12-af2d7b775d29,3d5b480d-3962-5c76-96ca-5459d65372aa,connection_accepted,user,3d5b480d-3962-5c76-96ca-5459d65372aa,Naledi Molefe,naledi.molefe.demo,true,2026-07-31T13:30:00+00:00
830,4cf03b5a-e2ca-57f2-95b8-16a3b92247e6,5d857806-7d61-533b-bc12-af2d7b775d29,connection_request,user,5d857806-7d61-533b-bc12-af2d7b775d29,Pema Choden,pema.choden.demo,true,2026-07-18T10:30:00+00:00
831,5d857806-7d61-533b-bc12-af2d7b775d29,4cf03b5a-e2ca-57f2-95b8-16a3b92247e6,connection_accepted,user,4cf03b5a-e2ca-57f2-95b8-16a3b92247e6,Sonam Lhamo,sonam.lhamo.demo,true,2026-07-18T13:30:00+00:00
832,25797954-b022-582e-8349-e1e2c141368c,5d857806-7d61-533b-bc12-af2d7b775d29,connection_request,user,5d857806-7d61-533b-bc12-af2d7b775d29,Pema Choden,pema.choden.demo,true,2026-08-21T10:30:00+00:00
833,5d857806-7d61-533b-bc12-af2d7b775d29,25797954-b022-582e-8349-e1e2c141368c,connection_accepted,user,25797954-b022-582e-8349-e1e2c141368c,Trần Gia Huy,tran.gia.huy.demo,true,2026-08-21T13:30:00+00:00
834,f2561442-8439-5138-9a3b-8bcf96f16609,554a90ae-c448-548d-a552-cd8f1c340cbd,connection_request,user,554a90ae-c448-548d-a552-cd8f1c340cbd,Karma Dorji,karma.dorji.demo,true,2026-09-18T10:30:00+00:00
835,554a90ae-c448-548d-a552-cd8f1c340cbd,f2561442-8439-5138-9a3b-8bcf96f16609,connection_accepted,user,f2561442-8439-5138-9a3b-8bcf96f16609,Andrea Villanueva,andrea.villanueva.demo,true,2026-09-18T13:30:00+00:00
836,33d87513-60c2-51ff-9ec5-f0f1389ed27e,4cf03b5a-e2ca-57f2-95b8-16a3b92247e6,connection_request,user,4cf03b5a-e2ca-57f2-95b8-16a3b92247e6,Sonam Lhamo,sonam.lhamo.demo,true,2026-07-16T10:30:00+00:00
837,4cf03b5a-e2ca-57f2-95b8-16a3b92247e6,33d87513-60c2-51ff-9ec5-f0f1389ed27e,connection_accepted,user,33d87513-60c2-51ff-9ec5-f0f1389ed27e,Diogo Ferreira,diogo.ferreira.demo,true,2026-07-16T13:30:00+00:00
838,f8f213c7-3d61-567e-9735-5e3e9498b892,4cf03b5a-e2ca-57f2-95b8-16a3b92247e6,connection_request,user,4cf03b5a-e2ca-57f2-95b8-16a3b92247e6,Sonam Lhamo,sonam.lhamo.demo,true,2026-08-18T10:30:00+00:00
839,4cf03b5a-e2ca-57f2-95b8-16a3b92247e6,f8f213c7-3d61-567e-9735-5e3e9498b892,connection_accepted,user,f8f213c7-3d61-567e-9735-5e3e9498b892,Maja Schneider,maja.schneider.demo,true,2026-08-18T13:30:00+00:00
840,302b84f9-9053-5cf7-bed0-305678227875,4cf03b5a-e2ca-57f2-95b8-16a3b92247e6,connection_request,user,4cf03b5a-e2ca-57f2-95b8-16a3b92247e6,Sonam Lhamo,sonam.lhamo.demo,true,2026-09-07T10:30:00+00:00
841,4cf03b5a-e2ca-57f2-95b8-16a3b92247e6,302b84f9-9053-5cf7-bed0-305678227875,connection_accepted,user,302b84f9-9053-5cf7-bed0-305678227875,Dechen Dema,dechen.dema.demo,true,2026-09-07T13:30:00+00:00
842,9edec740-5de6-5c27-8233-5cf72946b182,4cf03b5a-e2ca-57f2-95b8-16a3b92247e6,connection_request,user,4cf03b5a-e2ca-57f2-95b8-16a3b92247e6,Sonam Lhamo,sonam.lhamo.demo,true,2026-09-07T10:30:00+00:00
843,4cf03b5a-e2ca-57f2-95b8-16a3b92247e6,9edec740-5de6-5c27-8233-5cf72946b182,connection_accepted,user,9edec740-5de6-5c27-8233-5cf72946b182,Eren Kaya,eren.kaya.demo,true,2026-09-07T13:30:00+00:00
844,6ecf180b-be59-594c-a33b-31bd0120f01f,7b48b183-5d87-500f-9cec-2e003c19efac,connection_request,user,7b48b183-5d87-500f-9cec-2e003c19efac,Chen Yutong,chen.yutong.demo,true,2026-08-15T10:30:00+00:00
845,7b48b183-5d87-500f-9cec-2e003c19efac,6ecf180b-be59-594c-a33b-31bd0120f01f,connection_accepted,user,6ecf180b-be59-594c-a33b-31bd0120f01f,Imani Jackson,imani.jackson.demo,true,2026-08-15T13:30:00+00:00
846,36016ab9-3cc9-5f6a-8bc7-1d138ad9cb43,7b48b183-5d87-500f-9cec-2e003c19efac,connection_request,user,7b48b183-5d87-500f-9cec-2e003c19efac,Chen Yutong,chen.yutong.demo,true,2026-08-08T10:30:00+00:00
847,7b48b183-5d87-500f-9cec-2e003c19efac,36016ab9-3cc9-5f6a-8bc7-1d138ad9cb43,connection_accepted,user,36016ab9-3cc9-5f6a-8bc7-1d138ad9cb43,Liu Yifan,liu.yifan.demo,true,2026-08-08T13:30:00+00:00
848,77c684c4-9514-5edc-85ff-1052c8544c14,96ccee9a-30f2-56cd-b597-a927c84e0f75,connection_request,user,96ccee9a-30f2-56cd-b597-a927c84e0f75,Wang Zihan,wang.zihan.demo,false,2026-09-16T10:30:00+00:00
849,96ccee9a-30f2-56cd-b597-a927c84e0f75,77c684c4-9514-5edc-85ff-1052c8544c14,connection_accepted,user,77c684c4-9514-5edc-85ff-1052c8544c14,Daan Bakker,daan.bakker.demo,false,2026-09-16T13:30:00+00:00
850,ae7ac442-d880-5cd8-bc30-8d21c5f7dc54,96ccee9a-30f2-56cd-b597-a927c84e0f75,connection_request,user,96ccee9a-30f2-56cd-b597-a927c84e0f75,Wang Zihan,wang.zihan.demo,true,2026-08-30T10:30:00+00:00
851,96ccee9a-30f2-56cd-b597-a927c84e0f75,ae7ac442-d880-5cd8-bc30-8d21c5f7dc54,connection_accepted,user,ae7ac442-d880-5cd8-bc30-8d21c5f7dc54,Isabel Santos,isabel.santos.demo,true,2026-08-30T13:30:00+00:00
852,7b48b183-5d87-500f-9cec-2e003c19efac,96ccee9a-30f2-56cd-b597-a927c84e0f75,connection_request,user,96ccee9a-30f2-56cd-b597-a927c84e0f75,Wang Zihan,wang.zihan.demo,true,2026-08-03T10:30:00+00:00
853,96ccee9a-30f2-56cd-b597-a927c84e0f75,7b48b183-5d87-500f-9cec-2e003c19efac,connection_accepted,user,7b48b183-5d87-500f-9cec-2e003c19efac,Chen Yutong,chen.yutong.demo,true,2026-08-03T13:30:00+00:00
854,e5b7ccce-2cb7-5b6e-95a5-32ffacbca87f,96ccee9a-30f2-56cd-b597-a927c84e0f75,connection_request,user,96ccee9a-30f2-56cd-b597-a927c84e0f75,Wang Zihan,wang.zihan.demo,false,2026-09-17T10:30:00+00:00
855,96ccee9a-30f2-56cd-b597-a927c84e0f75,e5b7ccce-2cb7-5b6e-95a5-32ffacbca87f,connection_accepted,user,e5b7ccce-2cb7-5b6e-95a5-32ffacbca87f,Li Haoran,li.haoran.demo,false,2026-09-17T13:30:00+00:00
856,8ecc0792-3789-53b2-a26e-fc6daa886eb7,e5b7ccce-2cb7-5b6e-95a5-32ffacbca87f,connection_request,user,e5b7ccce-2cb7-5b6e-95a5-32ffacbca87f,Li Haoran,li.haoran.demo,true,2026-08-30T10:30:00+00:00
857,e5b7ccce-2cb7-5b6e-95a5-32ffacbca87f,8ecc0792-3789-53b2-a26e-fc6daa886eb7,connection_accepted,user,8ecc0792-3789-53b2-a26e-fc6daa886eb7,Inès Laurent,ines.laurent.demo,true,2026-08-30T13:30:00+00:00
858,50de23a6-cd45-55ac-adb0-06d14b4ed8ce,e5b7ccce-2cb7-5b6e-95a5-32ffacbca87f,connection_request,user,e5b7ccce-2cb7-5b6e-95a5-32ffacbca87f,Li Haoran,li.haoran.demo,true,2026-09-08T10:30:00+00:00
859,51420309-4688-52d6-84b9-51c0dc3a900e,e5b7ccce-2cb7-5b6e-95a5-32ffacbca87f,connection_request,user,e5b7ccce-2cb7-5b6e-95a5-32ffacbca87f,Li Haoran,li.haoran.demo,true,2026-08-12T10:30:00+00:00
860,e5b7ccce-2cb7-5b6e-95a5-32ffacbca87f,51420309-4688-52d6-84b9-51c0dc3a900e,connection_accepted,user,51420309-4688-52d6-84b9-51c0dc3a900e,Tiago Almeida,tiago.almeida.demo,true,2026-08-12T13:30:00+00:00
861,405fd522-6b0d-52fc-b397-dc3ce2e4a2ea,daa36188-60fd-56a2-938b-70b1b51084b0,connection_request,user,daa36188-60fd-56a2-938b-70b1b51084b0,Zhou Xinyi,zhou.xinyi.demo,true,2026-07-17T10:30:00+00:00
862,bb4b0d34-59a4-5948-a9be-a1aa6caece55,daa36188-60fd-56a2-938b-70b1b51084b0,connection_request,user,daa36188-60fd-56a2-938b-70b1b51084b0,Zhou Xinyi,zhou.xinyi.demo,true,2026-07-30T10:30:00+00:00
863,daa36188-60fd-56a2-938b-70b1b51084b0,bb4b0d34-59a4-5948-a9be-a1aa6caece55,connection_accepted,user,bb4b0d34-59a4-5948-a9be-a1aa6caece55,Lê Thu Hà,le.thu.ha.demo,true,2026-07-30T13:30:00+00:00
864,36016ab9-3cc9-5f6a-8bc7-1d138ad9cb43,daa36188-60fd-56a2-938b-70b1b51084b0,connection_request,user,daa36188-60fd-56a2-938b-70b1b51084b0,Zhou Xinyi,zhou.xinyi.demo,true,2026-08-24T10:30:00+00:00
865,daa36188-60fd-56a2-938b-70b1b51084b0,36016ab9-3cc9-5f6a-8bc7-1d138ad9cb43,connection_accepted,user,36016ab9-3cc9-5f6a-8bc7-1d138ad9cb43,Liu Yifan,liu.yifan.demo,true,2026-08-24T13:30:00+00:00
866,1873645b-b54c-51dc-a41a-7131e831a64f,daa36188-60fd-56a2-938b-70b1b51084b0,connection_request,user,daa36188-60fd-56a2-938b-70b1b51084b0,Zhou Xinyi,zhou.xinyi.demo,true,2026-08-29T10:30:00+00:00
867,daa36188-60fd-56a2-938b-70b1b51084b0,1873645b-b54c-51dc-a41a-7131e831a64f,connection_accepted,user,1873645b-b54c-51dc-a41a-7131e831a64f,Elif Demir,elif.demir.demo,true,2026-08-29T13:30:00+00:00
868,c6286e16-5e03-594c-aa67-861b8ba91b33,36016ab9-3cc9-5f6a-8bc7-1d138ad9cb43,connection_request,user,36016ab9-3cc9-5f6a-8bc7-1d138ad9cb43,Liu Yifan,liu.yifan.demo,true,2026-07-21T10:30:00+00:00
869,36016ab9-3cc9-5f6a-8bc7-1d138ad9cb43,c6286e16-5e03-594c-aa67-861b8ba91b33,connection_accepted,user,c6286e16-5e03-594c-aa67-861b8ba91b33,Aisha Ibrahim,aisha.ibrahim.demo,true,2026-07-21T13:30:00+00:00
870,33ba5d16-c38c-5bcf-9896-ea8ae81d6e7b,36016ab9-3cc9-5f6a-8bc7-1d138ad9cb43,connection_request,user,36016ab9-3cc9-5f6a-8bc7-1d138ad9cb43,Liu Yifan,liu.yifan.demo,true,2026-09-15T10:30:00+00:00
871,36016ab9-3cc9-5f6a-8bc7-1d138ad9cb43,33ba5d16-c38c-5bcf-9896-ea8ae81d6e7b,connection_accepted,user,33ba5d16-c38c-5bcf-9896-ea8ae81d6e7b,Phạm Minh Anh,pham.minh.anh.demo,true,2026-09-15T13:30:00+00:00
872,9a026691-28ff-5880-9da3-006735af19d3,36016ab9-3cc9-5f6a-8bc7-1d138ad9cb43,connection_request,user,36016ab9-3cc9-5f6a-8bc7-1d138ad9cb43,Liu Yifan,liu.yifan.demo,true,2026-07-16T10:30:00+00:00
873,36016ab9-3cc9-5f6a-8bc7-1d138ad9cb43,9a026691-28ff-5880-9da3-006735af19d3,connection_accepted,user,9a026691-28ff-5880-9da3-006735af19d3,Matteo Ferri,matteo.ferri.demo,true,2026-07-16T13:30:00+00:00
874,473b12ab-4d0d-5b7f-89b2-c0a1e2405c60,36016ab9-3cc9-5f6a-8bc7-1d138ad9cb43,connection_request,user,36016ab9-3cc9-5f6a-8bc7-1d138ad9cb43,Liu Yifan,liu.yifan.demo,true,2026-08-28T10:30:00+00:00
875,36016ab9-3cc9-5f6a-8bc7-1d138ad9cb43,473b12ab-4d0d-5b7f-89b2-c0a1e2405c60,connection_accepted,user,473b12ab-4d0d-5b7f-89b2-c0a1e2405c60,Martina Sosa,martina.sosa.demo,true,2026-08-28T13:30:00+00:00
876,43a3bb15-e7a6-5c42-a198-3e0d7f080ba1,5ccdaadc-80b2-50e1-a0c1-bad0246a7cf2,connection_request,user,5ccdaadc-80b2-50e1-a0c1-bad0246a7cf2,Ren Takahashi,ren.takahashi.demo,true,2026-07-19T10:30:00+00:00
877,5ccdaadc-80b2-50e1-a0c1-bad0246a7cf2,43a3bb15-e7a6-5c42-a198-3e0d7f080ba1,connection_accepted,user,43a3bb15-e7a6-5c42-a198-3e0d7f080ba1,Sophie Chen,sophie.chen.demo,true,2026-07-19T13:30:00+00:00
878,adfbbf3c-5175-5e0a-bf98-b8854f2081c2,95ff45a0-9b28-55cb-bba6-22a608a4e30d,connection_request,user,95ff45a0-9b28-55cb-bba6-22a608a4e30d,Aoi Nakamura,aoi.nakamura.demo,true,2026-07-19T10:30:00+00:00
879,6ab0c42d-0ad5-5b3d-9c6c-4ab9eaa47586,f0f4eb8c-a1ed-50a1-bc7d-2863700a31a5,connection_request,user,f0f4eb8c-a1ed-50a1-bc7d-2863700a31a5,Sota Ishikawa,sota.ishikawa.demo,true,2026-07-16T10:30:00+00:00
880,f0f4eb8c-a1ed-50a1-bc7d-2863700a31a5,6ab0c42d-0ad5-5b3d-9c6c-4ab9eaa47586,connection_accepted,user,6ab0c42d-0ad5-5b3d-9c6c-4ab9eaa47586,Haruka Fujimoto,haruka.fujimoto.demo,true,2026-07-16T13:30:00+00:00
881,50de23a6-cd45-55ac-adb0-06d14b4ed8ce,f0f4eb8c-a1ed-50a1-bc7d-2863700a31a5,connection_request,user,f0f4eb8c-a1ed-50a1-bc7d-2863700a31a5,Sota Ishikawa,sota.ishikawa.demo,true,2026-08-13T10:30:00+00:00
882,f0f4eb8c-a1ed-50a1-bc7d-2863700a31a5,50de23a6-cd45-55ac-adb0-06d14b4ed8ce,connection_accepted,user,50de23a6-cd45-55ac-adb0-06d14b4ed8ce,Yui Matsuda,yui.matsuda.demo,true,2026-08-13T13:30:00+00:00
883,40120057-c43a-5745-9d3a-d9b0c6b1e84e,f0f4eb8c-a1ed-50a1-bc7d-2863700a31a5,connection_request,user,f0f4eb8c-a1ed-50a1-bc7d-2863700a31a5,Sota Ishikawa,sota.ishikawa.demo,true,2026-08-17T10:30:00+00:00
884,f6e8344b-87f4-5461-93fc-b01ff1ae4265,50de23a6-cd45-55ac-adb0-06d14b4ed8ce,connection_request,user,50de23a6-cd45-55ac-adb0-06d14b4ed8ce,Yui Matsuda,yui.matsuda.demo,true,2026-08-18T10:30:00+00:00
885,50de23a6-cd45-55ac-adb0-06d14b4ed8ce,f6e8344b-87f4-5461-93fc-b01ff1ae4265,connection_accepted,user,f6e8344b-87f4-5461-93fc-b01ff1ae4265,Chinwe Nwosu,chinwe.nwosu.demo,true,2026-08-18T13:30:00+00:00
886,a36cd93c-2f0c-5956-9a51-8094e39a7bed,7ef6d8e7-132e-5da5-a653-16dd2e5719c4,connection_request,user,7ef6d8e7-132e-5da5-a653-16dd2e5719c4,Ji-won Han,ji.won.han.demo,true,2026-07-19T10:30:00+00:00
887,7ef6d8e7-132e-5da5-a653-16dd2e5719c4,a36cd93c-2f0c-5956-9a51-8094e39a7bed,connection_accepted,user,a36cd93c-2f0c-5956-9a51-8094e39a7bed,Do-yun Lee,do.yun.lee.demo,true,2026-07-19T13:30:00+00:00
888,673e8617-3280-5bfa-85a6-738a6d64aac6,7ef6d8e7-132e-5da5-a653-16dd2e5719c4,connection_request,user,7ef6d8e7-132e-5da5-a653-16dd2e5719c4,Ji-won Han,ji.won.han.demo,true,2026-09-03T10:30:00+00:00
889,7ef6d8e7-132e-5da5-a653-16dd2e5719c4,673e8617-3280-5bfa-85a6-738a6d64aac6,connection_accepted,user,673e8617-3280-5bfa-85a6-738a6d64aac6,Ida Madsen,ida.madsen.demo,true,2026-09-03T13:30:00+00:00
890,651ce25b-8132-52d9-8f74-889f22c3bb5c,7ef6d8e7-132e-5da5-a653-16dd2e5719c4,connection_request,user,7ef6d8e7-132e-5da5-a653-16dd2e5719c4,Ji-won Han,ji.won.han.demo,true,2026-07-20T10:30:00+00:00
891,7ef6d8e7-132e-5da5-a653-16dd2e5719c4,651ce25b-8132-52d9-8f74-889f22c3bb5c,connection_accepted,user,651ce25b-8132-52d9-8f74-889f22c3bb5c,Evie Bennett,evie.bennett.demo,true,2026-07-20T13:30:00+00:00
892,88a268b0-6bca-5583-b041-ffdbc51be7e6,a36cd93c-2f0c-5956-9a51-8094e39a7bed,connection_request,user,a36cd93c-2f0c-5956-9a51-8094e39a7bed,Do-yun Lee,do.yun.lee.demo,true,2026-08-02T10:30:00+00:00
893,a36cd93c-2f0c-5956-9a51-8094e39a7bed,88a268b0-6bca-5583-b041-ffdbc51be7e6,connection_accepted,user,88a268b0-6bca-5583-b041-ffdbc51be7e6,Sumaiya Akter,sumaiya.akter.demo,true,2026-08-02T13:30:00+00:00
894,7ef6d8e7-132e-5da5-a653-16dd2e5719c4,64b591cd-4cbe-577a-aba9-ee6912328a58,connection_request,user,64b591cd-4cbe-577a-aba9-ee6912328a58,Ha-eun Jeong,ha.eun.jeong.demo,true,2026-07-28T10:30:00+00:00
895,64b591cd-4cbe-577a-aba9-ee6912328a58,7ef6d8e7-132e-5da5-a653-16dd2e5719c4,connection_accepted,user,7ef6d8e7-132e-5da5-a653-16dd2e5719c4,Ji-won Han,ji.won.han.demo,true,2026-07-28T13:30:00+00:00
896,a36cd93c-2f0c-5956-9a51-8094e39a7bed,a6b8342c-310b-5b88-9c07-602dbd646488,connection_request,user,a6b8342c-310b-5b88-9c07-602dbd646488,Ji-ho Kang,ji.ho.kang.demo,true,2026-07-20T10:30:00+00:00
897,a6b8342c-310b-5b88-9c07-602dbd646488,a36cd93c-2f0c-5956-9a51-8094e39a7bed,connection_accepted,user,a36cd93c-2f0c-5956-9a51-8094e39a7bed,Do-yun Lee,do.yun.lee.demo,true,2026-07-20T13:30:00+00:00
898,7b359533-e634-59eb-a2c3-b5501ff96488,a6b8342c-310b-5b88-9c07-602dbd646488,connection_request,user,a6b8342c-310b-5b88-9c07-602dbd646488,Ji-ho Kang,ji.ho.kang.demo,true,2026-08-16T10:30:00+00:00
899,a6b8342c-310b-5b88-9c07-602dbd646488,7b359533-e634-59eb-a2c3-b5501ff96488,connection_accepted,user,7b359533-e634-59eb-a2c3-b5501ff96488,Nour El-Sayed,nour.el.sayed.demo,true,2026-08-16T13:30:00+00:00
900,f0ca4141-ccff-5472-ba76-f4b194108c7b,52ab3a8f-ec5c-5e66-bcd5-efc304512118,connection_request,user,52ab3a8f-ec5c-5e66-bcd5-efc304512118,Amelia Tan,amelia.tan.demo,true,2026-08-17T10:30:00+00:00
901,52ab3a8f-ec5c-5e66-bcd5-efc304512118,f0ca4141-ccff-5472-ba76-f4b194108c7b,connection_accepted,user,f0ca4141-ccff-5472-ba76-f4b194108c7b,Darragh O'Sullivan,darragh.o.sullivan.demo,true,2026-08-17T13:30:00+00:00
902,605985c4-d18d-54b0-829f-2a199ea5c81d,5a4b137d-2ebb-5c75-8cdd-bf77406b4b9f,connection_request,user,5a4b137d-2ebb-5c75-8cdd-bf77406b4b9f,Arjun Nair,arjun.nair.demo,true,2026-07-26T10:30:00+00:00
903,5a4b137d-2ebb-5c75-8cdd-bf77406b4b9f,605985c4-d18d-54b0-829f-2a199ea5c81d,connection_accepted,user,605985c4-d18d-54b0-829f-2a199ea5c81d,Maia Wilson,maia.wilson.demo,true,2026-07-26T13:30:00+00:00
904,341a0cef-f4a9-53ee-8980-229dc154ff4e,5a4b137d-2ebb-5c75-8cdd-bf77406b4b9f,connection_request,user,5a4b137d-2ebb-5c75-8cdd-bf77406b4b9f,Arjun Nair,arjun.nair.demo,true,2026-08-15T10:30:00+00:00
905,5a4b137d-2ebb-5c75-8cdd-bf77406b4b9f,341a0cef-f4a9-53ee-8980-229dc154ff4e,connection_accepted,user,341a0cef-f4a9-53ee-8980-229dc154ff4e,Eetu Laine,eetu.laine.demo,true,2026-08-15T13:30:00+00:00
906,0e49007f-82be-5238-a956-37d8f7b40d4c,5a4b137d-2ebb-5c75-8cdd-bf77406b4b9f,connection_request,user,5a4b137d-2ebb-5c75-8cdd-bf77406b4b9f,Arjun Nair,arjun.nair.demo,true,2026-08-30T10:30:00+00:00
907,5a4b137d-2ebb-5c75-8cdd-bf77406b4b9f,0e49007f-82be-5238-a956-37d8f7b40d4c,connection_accepted,user,0e49007f-82be-5238-a956-37d8f7b40d4c,Hira Malik,hira.malik.demo,true,2026-08-30T13:30:00+00:00
908,7ef6d8e7-132e-5da5-a653-16dd2e5719c4,f4b545d6-b6c0-54b8-847e-101d68428b48,connection_request,user,f4b545d6-b6c0-54b8-847e-101d68428b48,Nur Aisyah Rahman,nur.aisyah.rahman.demo,true,2026-08-27T10:30:00+00:00
909,f4b545d6-b6c0-54b8-847e-101d68428b48,7ef6d8e7-132e-5da5-a653-16dd2e5719c4,connection_accepted,user,7ef6d8e7-132e-5da5-a653-16dd2e5719c4,Ji-won Han,ji.won.han.demo,true,2026-08-27T13:30:00+00:00
910,d9fbcbde-376a-5f82-9fb5-268a24b02d57,4845dc43-0c9d-5f09-aa4a-62e68abb5d12,connection_request,user,4845dc43-0c9d-5f09-aa4a-62e68abb5d12,Ethan Lim,ethan.lim.demo,true,2026-08-06T10:30:00+00:00
911,4845dc43-0c9d-5f09-aa4a-62e68abb5d12,d9fbcbde-376a-5f82-9fb5-268a24b02d57,connection_accepted,user,d9fbcbde-376a-5f82-9fb5-268a24b02d57,Niruta Adhikari,niruta.adhikari.demo,true,2026-08-06T13:30:00+00:00
912,5a4b137d-2ebb-5c75-8cdd-bf77406b4b9f,4845dc43-0c9d-5f09-aa4a-62e68abb5d12,connection_request,user,4845dc43-0c9d-5f09-aa4a-62e68abb5d12,Ethan Lim,ethan.lim.demo,true,2026-07-23T10:30:00+00:00
913,4845dc43-0c9d-5f09-aa4a-62e68abb5d12,5a4b137d-2ebb-5c75-8cdd-bf77406b4b9f,connection_accepted,user,5a4b137d-2ebb-5c75-8cdd-bf77406b4b9f,Arjun Nair,arjun.nair.demo,true,2026-07-23T13:30:00+00:00
914,a2cc3818-be31-5aeb-828c-e23f579431aa,e0b64119-ecb0-52a5-852d-39c211ce337a,connection_request,user,e0b64119-ecb0-52a5-852d-39c211ce337a,Nur Izzati Abdullah,nur.izzati.abdullah.demo,true,2026-08-04T10:30:00+00:00
915,e0b64119-ecb0-52a5-852d-39c211ce337a,a2cc3818-be31-5aeb-828c-e23f579431aa,connection_accepted,user,a2cc3818-be31-5aeb-828c-e23f579431aa,Kavitha Rajan,kavitha.rajan.demo,true,2026-08-04T13:30:00+00:00
916,96373821-4bf4-53b8-bd24-bb64bbb3b84e,e0b64119-ecb0-52a5-852d-39c211ce337a,connection_request,user,e0b64119-ecb0-52a5-852d-39c211ce337a,Nur Izzati Abdullah,nur.izzati.abdullah.demo,true,2026-07-22T10:30:00+00:00
917,e0b64119-ecb0-52a5-852d-39c211ce337a,96373821-4bf4-53b8-bd24-bb64bbb3b84e,connection_accepted,user,96373821-4bf4-53b8-bd24-bb64bbb3b84e,Nabila Putri,nabila.putri.demo,true,2026-07-22T13:30:00+00:00
918,ae96d203-7a11-52ed-9e02-cd93c3dda603,e0b64119-ecb0-52a5-852d-39c211ce337a,connection_request,user,e0b64119-ecb0-52a5-852d-39c211ce337a,Nur Izzati Abdullah,nur.izzati.abdullah.demo,true,2026-09-15T10:30:00+00:00
919,b0ebc690-efe0-594f-bd55-e4d7ec3454bc,ae96d203-7a11-52ed-9e02-cd93c3dda603,connection_request,user,ae96d203-7a11-52ed-9e02-cd93c3dda603,Wei Jun Ong,wei.jun.ong.demo,true,2026-07-22T10:30:00+00:00
920,ae96d203-7a11-52ed-9e02-cd93c3dda603,b0ebc690-efe0-594f-bd55-e4d7ec3454bc,connection_accepted,user,b0ebc690-efe0-594f-bd55-e4d7ec3454bc,Nusrat Jahan,nusrat.jahan.demo,true,2026-07-22T13:30:00+00:00
921,1062abbb-4fcd-51a9-95fc-5474e4af7640,ae96d203-7a11-52ed-9e02-cd93c3dda603,connection_request,user,ae96d203-7a11-52ed-9e02-cd93c3dda603,Wei Jun Ong,wei.jun.ong.demo,true,2026-09-02T10:30:00+00:00
922,ae96d203-7a11-52ed-9e02-cd93c3dda603,1062abbb-4fcd-51a9-95fc-5474e4af7640,connection_accepted,user,1062abbb-4fcd-51a9-95fc-5474e4af7640,Hugo Serrano,hugo.serrano.demo,true,2026-09-02T13:30:00+00:00
923,e502b694-466f-5e1f-9293-146b264ae20c,ae96d203-7a11-52ed-9e02-cd93c3dda603,connection_request,user,ae96d203-7a11-52ed-9e02-cd93c3dda603,Wei Jun Ong,wei.jun.ong.demo,true,2026-07-25T10:30:00+00:00
924,ae96d203-7a11-52ed-9e02-cd93c3dda603,e502b694-466f-5e1f-9293-146b264ae20c,connection_accepted,user,e502b694-466f-5e1f-9293-146b264ae20c,Areeba Khan,areeba.khan.demo,true,2026-07-25T13:30:00+00:00
925,f0ca4141-ccff-5472-ba76-f4b194108c7b,a2cc3818-be31-5aeb-828c-e23f579431aa,connection_request,user,a2cc3818-be31-5aeb-828c-e23f579431aa,Kavitha Rajan,kavitha.rajan.demo,true,2026-09-08T10:30:00+00:00
926,e1f9b739-b2d3-51e6-9609-05805a6d151c,a2cc3818-be31-5aeb-828c-e23f579431aa,connection_request,user,a2cc3818-be31-5aeb-828c-e23f579431aa,Kavitha Rajan,kavitha.rajan.demo,true,2026-08-07T10:30:00+00:00
927,a2cc3818-be31-5aeb-828c-e23f579431aa,e1f9b739-b2d3-51e6-9609-05805a6d151c,connection_accepted,user,e1f9b739-b2d3-51e6-9609-05805a6d151c,Aino Korhonen,aino.korhonen.demo,true,2026-08-07T13:30:00+00:00
928,ae96d203-7a11-52ed-9e02-cd93c3dda603,baa8ef70-5b01-5a49-84cb-71c353290705,connection_request,user,baa8ef70-5b01-5a49-84cb-71c353290705,Amirul Hakim,amirul.hakim.demo,true,2026-08-23T10:30:00+00:00
929,baa8ef70-5b01-5a49-84cb-71c353290705,ae96d203-7a11-52ed-9e02-cd93c3dda603,connection_accepted,user,ae96d203-7a11-52ed-9e02-cd93c3dda603,Wei Jun Ong,wei.jun.ong.demo,true,2026-08-23T13:30:00+00:00
930,54561bf4-fe37-5b37-934d-9c7f81542f8b,baa8ef70-5b01-5a49-84cb-71c353290705,connection_request,user,baa8ef70-5b01-5a49-84cb-71c353290705,Amirul Hakim,amirul.hakim.demo,true,2026-07-17T10:30:00+00:00
931,baa8ef70-5b01-5a49-84cb-71c353290705,54561bf4-fe37-5b37-934d-9c7f81542f8b,connection_accepted,user,54561bf4-fe37-5b37-934d-9c7f81542f8b,Róisín Doyle,roisin.doyle.demo,true,2026-07-17T13:30:00+00:00
932,e0b64119-ecb0-52a5-852d-39c211ce337a,baa8ef70-5b01-5a49-84cb-71c353290705,connection_request,user,baa8ef70-5b01-5a49-84cb-71c353290705,Amirul Hakim,amirul.hakim.demo,true,2026-07-20T10:30:00+00:00
933,baa8ef70-5b01-5a49-84cb-71c353290705,e0b64119-ecb0-52a5-852d-39c211ce337a,connection_accepted,user,e0b64119-ecb0-52a5-852d-39c211ce337a,Nur Izzati Abdullah,nur.izzati.abdullah.demo,true,2026-07-20T13:30:00+00:00
934,0e992dba-f631-52d1-b7e3-76faec77c33f,baa8ef70-5b01-5a49-84cb-71c353290705,connection_request,user,baa8ef70-5b01-5a49-84cb-71c353290705,Amirul Hakim,amirul.hakim.demo,true,2026-08-07T10:30:00+00:00
935,baa8ef70-5b01-5a49-84cb-71c353290705,0e992dba-f631-52d1-b7e3-76faec77c33f,connection_accepted,user,0e992dba-f631-52d1-b7e3-76faec77c33f,Camila Santos,camila.santos.demo,true,2026-08-07T13:30:00+00:00
936,baa8ef70-5b01-5a49-84cb-71c353290705,d0c58825-6ead-50f6-9a07-f2f95dbb51ea,connection_request,user,d0c58825-6ead-50f6-9a07-f2f95dbb51ea,Mei Xuan Chew,mei.xuan.chew.demo,true,2026-09-12T10:30:00+00:00
937,d0c58825-6ead-50f6-9a07-f2f95dbb51ea,baa8ef70-5b01-5a49-84cb-71c353290705,connection_accepted,user,baa8ef70-5b01-5a49-84cb-71c353290705,Amirul Hakim,amirul.hakim.demo,true,2026-09-12T13:30:00+00:00
938,d9aaa9eb-5304-587b-b0f4-42a2d5930f54,d0c58825-6ead-50f6-9a07-f2f95dbb51ea,connection_request,user,d0c58825-6ead-50f6-9a07-f2f95dbb51ea,Mei Xuan Chew,mei.xuan.chew.demo,true,2026-09-04T10:30:00+00:00
939,d0c58825-6ead-50f6-9a07-f2f95dbb51ea,d9aaa9eb-5304-587b-b0f4-42a2d5930f54,connection_accepted,user,d9aaa9eb-5304-587b-b0f4-42a2d5930f54,Santiago Morales,santiago.morales.demo,true,2026-09-04T13:30:00+00:00
940,fb400c3e-ecd0-522e-8b8e-1323946be71a,f3744506-cae3-5f81-8a4f-506a60395be8,connection_request,user,f3744506-cae3-5f81-8a4f-506a60395be8,Dewi Lestari,dewi.lestari.demo,true,2026-08-24T10:30:00+00:00
941,f3744506-cae3-5f81-8a4f-506a60395be8,fb400c3e-ecd0-522e-8b8e-1323946be71a,connection_accepted,user,fb400c3e-ecd0-522e-8b8e-1323946be71a,Kelechi Nnamdi,kelechi.nnamdi.demo,true,2026-08-24T13:30:00+00:00
942,bdc5faf6-386d-5338-99a0-32d156bcbd68,96373821-4bf4-53b8-bd24-bb64bbb3b84e,connection_request,user,96373821-4bf4-53b8-bd24-bb64bbb3b84e,Nabila Putri,nabila.putri.demo,true,2026-08-08T10:30:00+00:00
943,96373821-4bf4-53b8-bd24-bb64bbb3b84e,bdc5faf6-386d-5338-99a0-32d156bcbd68,connection_accepted,user,bdc5faf6-386d-5338-99a0-32d156bcbd68,Sofia Greco,sofia.greco.demo,true,2026-08-08T13:30:00+00:00
944,fbdfefdb-ca2d-5a0e-87ed-62021c1c11d4,96373821-4bf4-53b8-bd24-bb64bbb3b84e,connection_request,user,96373821-4bf4-53b8-bd24-bb64bbb3b84e,Nabila Putri,nabila.putri.demo,true,2026-07-23T10:30:00+00:00
945,8fa5b823-1a70-59f7-9bb2-b3d5f36dc82b,45cee65b-db52-5dff-b09d-0ee1ac2be20f,connection_request,user,45cee65b-db52-5dff-b09d-0ee1ac2be20f,Bagas Saputra,bagas.saputra.demo,true,2026-09-06T10:30:00+00:00
946,45cee65b-db52-5dff-b09d-0ee1ac2be20f,8fa5b823-1a70-59f7-9bb2-b3d5f36dc82b,connection_accepted,user,8fa5b823-1a70-59f7-9bb2-b3d5f36dc82b,Lucía Fernández,lucia.fernandez.demo,true,2026-09-06T13:30:00+00:00
947,f3744506-cae3-5f81-8a4f-506a60395be8,95927b04-f214-5c26-878d-fb55176e41bc,connection_request,user,95927b04-f214-5c26-878d-fb55176e41bc,Intan Permata,intan.permata.demo,true,2026-07-23T10:30:00+00:00
948,7f0221a7-4703-52e7-8b26-fa2cd7303c90,95927b04-f214-5c26-878d-fb55176e41bc,connection_request,user,95927b04-f214-5c26-878d-fb55176e41bc,Intan Permata,intan.permata.demo,true,2026-07-28T10:30:00+00:00
949,95927b04-f214-5c26-878d-fb55176e41bc,7f0221a7-4703-52e7-8b26-fa2cd7303c90,connection_accepted,user,7f0221a7-4703-52e7-8b26-fa2cd7303c90,Rizky Pratama,rizky.pratama.demo,true,2026-07-28T13:30:00+00:00
950,02bf8d95-eee4-5287-b363-0551cc4a6d51,95927b04-f214-5c26-878d-fb55176e41bc,connection_request,user,95927b04-f214-5c26-878d-fb55176e41bc,Intan Permata,intan.permata.demo,true,2026-09-15T10:30:00+00:00
951,95927b04-f214-5c26-878d-fb55176e41bc,02bf8d95-eee4-5287-b363-0551cc4a6d51,connection_accepted,user,02bf8d95-eee4-5287-b363-0551cc4a6d51,Emiliano Cruz,emiliano.cruz.demo,true,2026-09-15T13:30:00+00:00
952,7e6a1243-34f5-52e6-862f-e5f3b2ebe640,6467241a-6abd-5888-8e87-40e0e86cbc55,connection_request,user,6467241a-6abd-5888-8e87-40e0e86cbc55,Pimchanok Suksai,pimchanok.suksai.demo,true,2026-08-20T10:30:00+00:00
953,19e81afb-74c1-5b4a-9af3-469f3b610235,6467241a-6abd-5888-8e87-40e0e86cbc55,connection_request,user,6467241a-6abd-5888-8e87-40e0e86cbc55,Pimchanok Suksai,pimchanok.suksai.demo,true,2026-09-15T10:30:00+00:00
954,f2561442-8439-5138-9a3b-8bcf96f16609,6467241a-6abd-5888-8e87-40e0e86cbc55,connection_request,user,6467241a-6abd-5888-8e87-40e0e86cbc55,Pimchanok Suksai,pimchanok.suksai.demo,true,2026-09-14T10:30:00+00:00
955,6467241a-6abd-5888-8e87-40e0e86cbc55,f2561442-8439-5138-9a3b-8bcf96f16609,connection_accepted,user,f2561442-8439-5138-9a3b-8bcf96f16609,Andrea Villanueva,andrea.villanueva.demo,true,2026-09-14T13:30:00+00:00
956,33d87513-60c2-51ff-9ec5-f0f1389ed27e,19e81afb-74c1-5b4a-9af3-469f3b610235,connection_request,user,19e81afb-74c1-5b4a-9af3-469f3b610235,Nattapong Chaiyaporn,nattapong.chaiyaporn.demo,true,2026-09-02T10:30:00+00:00
957,19e81afb-74c1-5b4a-9af3-469f3b610235,33d87513-60c2-51ff-9ec5-f0f1389ed27e,connection_accepted,user,33d87513-60c2-51ff-9ec5-f0f1389ed27e,Diogo Ferreira,diogo.ferreira.demo,true,2026-09-02T13:30:00+00:00
958,473b12ab-4d0d-5b7f-89b2-c0a1e2405c60,19e81afb-74c1-5b4a-9af3-469f3b610235,connection_request,user,19e81afb-74c1-5b4a-9af3-469f3b610235,Nattapong Chaiyaporn,nattapong.chaiyaporn.demo,true,2026-08-25T10:30:00+00:00
959,19e81afb-74c1-5b4a-9af3-469f3b610235,473b12ab-4d0d-5b7f-89b2-c0a1e2405c60,connection_accepted,user,473b12ab-4d0d-5b7f-89b2-c0a1e2405c60,Martina Sosa,martina.sosa.demo,true,2026-08-25T13:30:00+00:00
960,f223e569-d735-5980-b77b-25d459e64a37,d48cab4b-e48b-59ae-88d6-41d5d463569d,connection_request,user,d48cab4b-e48b-59ae-88d6-41d5d463569d,Siriporn Saelim,siriporn.saelim.demo,true,2026-07-17T10:30:00+00:00
961,d48cab4b-e48b-59ae-88d6-41d5d463569d,f223e569-d735-5980-b77b-25d459e64a37,connection_accepted,user,f223e569-d735-5980-b77b-25d459e64a37,Võ Hoàng Nam,vo.hoang.nam.demo,true,2026-07-17T13:30:00+00:00
962,10feece1-a2cd-532b-8488-21659a3bee22,ab45f9eb-3fee-5ea5-bccb-faffc50f3e76,connection_request,user,ab45f9eb-3fee-5ea5-bccb-faffc50f3e76,Ploypailin Thongdee,ploypailin.thongdee.demo,true,2026-08-10T10:30:00+00:00
963,ab45f9eb-3fee-5ea5-bccb-faffc50f3e76,10feece1-a2cd-532b-8488-21659a3bee22,connection_accepted,user,10feece1-a2cd-532b-8488-21659a3bee22,Aitana García,aitana.garcia.demo,true,2026-08-10T13:30:00+00:00
964,729fe171-fa0d-547e-b374-39bd19f4c645,ab45f9eb-3fee-5ea5-bccb-faffc50f3e76,connection_request,user,ab45f9eb-3fee-5ea5-bccb-faffc50f3e76,Ploypailin Thongdee,ploypailin.thongdee.demo,true,2026-08-08T10:30:00+00:00
965,ab45f9eb-3fee-5ea5-bccb-faffc50f3e76,729fe171-fa0d-547e-b374-39bd19f4c645,connection_accepted,user,729fe171-fa0d-547e-b374-39bd19f4c645,Reem Al Ghamdi,reem.al.ghamdi.demo,true,2026-08-08T13:30:00+00:00
966,f4793612-bd5c-52c4-b29e-226fe28a77ca,eb397f92-99ac-5f0f-8f81-3540865f0477,connection_request,user,eb397f92-99ac-5f0f-8f81-3540865f0477,Nguyễn Khánh An,nguyen.khanh.an.demo,true,2026-09-11T10:30:00+00:00
967,eb397f92-99ac-5f0f-8f81-3540865f0477,f4793612-bd5c-52c4-b29e-226fe28a77ca,connection_accepted,user,f4793612-bd5c-52c4-b29e-226fe28a77ca,Thando Nkosi,thando.nkosi.demo,true,2026-09-11T13:30:00+00:00
968,f223e569-d735-5980-b77b-25d459e64a37,eb397f92-99ac-5f0f-8f81-3540865f0477,connection_request,user,eb397f92-99ac-5f0f-8f81-3540865f0477,Nguyễn Khánh An,nguyen.khanh.an.demo,true,2026-08-02T10:30:00+00:00
969,eb397f92-99ac-5f0f-8f81-3540865f0477,f223e569-d735-5980-b77b-25d459e64a37,connection_accepted,user,f223e569-d735-5980-b77b-25d459e64a37,Võ Hoàng Nam,vo.hoang.nam.demo,true,2026-08-02T13:30:00+00:00
970,a070c6d0-c23b-5036-b352-f16db0d6ec8e,25797954-b022-582e-8349-e1e2c141368c,connection_request,user,25797954-b022-582e-8349-e1e2c141368c,Trần Gia Huy,tran.gia.huy.demo,true,2026-08-18T10:30:00+00:00
971,25797954-b022-582e-8349-e1e2c141368c,a070c6d0-c23b-5036-b352-f16db0d6ec8e,connection_accepted,user,a070c6d0-c23b-5036-b352-f16db0d6ec8e,Lotte Visser,lotte.visser.demo,true,2026-08-18T13:30:00+00:00
972,eb397f92-99ac-5f0f-8f81-3540865f0477,25797954-b022-582e-8349-e1e2c141368c,connection_request,user,25797954-b022-582e-8349-e1e2c141368c,Trần Gia Huy,tran.gia.huy.demo,true,2026-07-26T10:30:00+00:00
973,25797954-b022-582e-8349-e1e2c141368c,eb397f92-99ac-5f0f-8f81-3540865f0477,connection_accepted,user,eb397f92-99ac-5f0f-8f81-3540865f0477,Nguyễn Khánh An,nguyen.khanh.an.demo,true,2026-07-26T13:30:00+00:00
974,5ce94e6e-a987-5fd1-90b2-94a1174f9376,bb4b0d34-59a4-5948-a9be-a1aa6caece55,connection_request,user,bb4b0d34-59a4-5948-a9be-a1aa6caece55,Lê Thu Hà,le.thu.ha.demo,true,2026-09-12T10:30:00+00:00
975,bb4b0d34-59a4-5948-a9be-a1aa6caece55,5ce94e6e-a987-5fd1-90b2-94a1174f9376,connection_accepted,user,5ce94e6e-a987-5fd1-90b2-94a1174f9376,Hugo Moreau,hugo.moreau.demo,true,2026-09-12T13:30:00+00:00
976,6ac5a7a4-ae0d-5e31-8a7c-d85b63a96c46,bb4b0d34-59a4-5948-a9be-a1aa6caece55,connection_request,user,bb4b0d34-59a4-5948-a9be-a1aa6caece55,Lê Thu Hà,le.thu.ha.demo,true,2026-08-14T10:30:00+00:00
977,bb4b0d34-59a4-5948-a9be-a1aa6caece55,6ac5a7a4-ae0d-5e31-8a7c-d85b63a96c46,connection_accepted,user,6ac5a7a4-ae0d-5e31-8a7c-d85b63a96c46,Faith Wambui,faith.wambui.demo,true,2026-08-14T13:30:00+00:00
978,473b12ab-4d0d-5b7f-89b2-c0a1e2405c60,33ba5d16-c38c-5bcf-9896-ea8ae81d6e7b,connection_request,user,33ba5d16-c38c-5bcf-9896-ea8ae81d6e7b,Phạm Minh Anh,pham.minh.anh.demo,true,2026-07-29T10:30:00+00:00
979,33ba5d16-c38c-5bcf-9896-ea8ae81d6e7b,473b12ab-4d0d-5b7f-89b2-c0a1e2405c60,connection_accepted,user,473b12ab-4d0d-5b7f-89b2-c0a1e2405c60,Martina Sosa,martina.sosa.demo,true,2026-07-29T13:30:00+00:00
980,f8f213c7-3d61-567e-9735-5e3e9498b892,33ba5d16-c38c-5bcf-9896-ea8ae81d6e7b,connection_request,user,33ba5d16-c38c-5bcf-9896-ea8ae81d6e7b,Phạm Minh Anh,pham.minh.anh.demo,true,2026-08-11T10:30:00+00:00
981,33ba5d16-c38c-5bcf-9896-ea8ae81d6e7b,f8f213c7-3d61-567e-9735-5e3e9498b892,connection_accepted,user,f8f213c7-3d61-567e-9735-5e3e9498b892,Maja Schneider,maja.schneider.demo,true,2026-08-11T13:30:00+00:00
982,cac67f41-f5af-5268-9e2d-34feac0dc9fa,33ba5d16-c38c-5bcf-9896-ea8ae81d6e7b,connection_request,user,33ba5d16-c38c-5bcf-9896-ea8ae81d6e7b,Phạm Minh Anh,pham.minh.anh.demo,true,2026-09-05T10:30:00+00:00
983,33ba5d16-c38c-5bcf-9896-ea8ae81d6e7b,cac67f41-f5af-5268-9e2d-34feac0dc9fa,connection_accepted,user,cac67f41-f5af-5268-9e2d-34feac0dc9fa,Kelvin Kiprotich,kelvin.kiprotich.demo,true,2026-09-05T13:30:00+00:00
984,fb400c3e-ecd0-522e-8b8e-1323946be71a,f223e569-d735-5980-b77b-25d459e64a37,connection_request,user,f223e569-d735-5980-b77b-25d459e64a37,Võ Hoàng Nam,vo.hoang.nam.demo,true,2026-08-28T10:30:00+00:00
985,f223e569-d735-5980-b77b-25d459e64a37,fb400c3e-ecd0-522e-8b8e-1323946be71a,connection_accepted,user,fb400c3e-ecd0-522e-8b8e-1323946be71a,Kelechi Nnamdi,kelechi.nnamdi.demo,true,2026-08-28T13:30:00+00:00
986,bb4b0d34-59a4-5948-a9be-a1aa6caece55,f223e569-d735-5980-b77b-25d459e64a37,connection_request,user,f223e569-d735-5980-b77b-25d459e64a37,Võ Hoàng Nam,vo.hoang.nam.demo,true,2026-07-30T10:30:00+00:00
987,f223e569-d735-5980-b77b-25d459e64a37,bb4b0d34-59a4-5948-a9be-a1aa6caece55,connection_accepted,user,bb4b0d34-59a4-5948-a9be-a1aa6caece55,Lê Thu Hà,le.thu.ha.demo,true,2026-07-30T13:30:00+00:00
988,a6b8342c-310b-5b88-9c07-602dbd646488,a5526e82-ef69-522b-b3ad-df818658bde0,connection_request,user,a5526e82-ef69-522b-b3ad-df818658bde0,Paolo Reyes,paolo.reyes.demo,true,2026-08-06T10:30:00+00:00
989,3d0f3e54-413b-5a89-bc88-8cb0e7246b97,a5526e82-ef69-522b-b3ad-df818658bde0,connection_request,user,a5526e82-ef69-522b-b3ad-df818658bde0,Paolo Reyes,paolo.reyes.demo,true,2026-08-20T10:30:00+00:00
990,a5526e82-ef69-522b-b3ad-df818658bde0,3d0f3e54-413b-5a89-bc88-8cb0e7246b97,connection_accepted,user,3d0f3e54-413b-5a89-bc88-8cb0e7246b97,Ayesha Daniels,ayesha.daniels.demo,true,2026-08-20T13:30:00+00:00
991,f4793612-bd5c-52c4-b29e-226fe28a77ca,ae7ac442-d880-5cd8-bc30-8d21c5f7dc54,connection_request,user,ae7ac442-d880-5cd8-bc30-8d21c5f7dc54,Isabel Santos,isabel.santos.demo,true,2026-07-23T10:30:00+00:00
992,20b63262-d3e6-555a-95b2-84fc87694a19,ae7ac442-d880-5cd8-bc30-8d21c5f7dc54,connection_request,user,ae7ac442-d880-5cd8-bc30-8d21c5f7dc54,Isabel Santos,isabel.santos.demo,true,2026-08-17T10:30:00+00:00
993,ae7ac442-d880-5cd8-bc30-8d21c5f7dc54,20b63262-d3e6-555a-95b2-84fc87694a19,connection_accepted,user,20b63262-d3e6-555a-95b2-84fc87694a19,Grace Nguyen,grace.nguyen.demo,true,2026-08-17T13:30:00+00:00
994,77c684c4-9514-5edc-85ff-1052c8544c14,ae7ac442-d880-5cd8-bc30-8d21c5f7dc54,connection_request,user,ae7ac442-d880-5cd8-bc30-8d21c5f7dc54,Isabel Santos,isabel.santos.demo,true,2026-07-24T10:30:00+00:00
995,ae7ac442-d880-5cd8-bc30-8d21c5f7dc54,77c684c4-9514-5edc-85ff-1052c8544c14,connection_accepted,user,77c684c4-9514-5edc-85ff-1052c8544c14,Daan Bakker,daan.bakker.demo,true,2026-07-24T13:30:00+00:00
996,dfe9e449-d177-56af-a679-d3e1c78c5c02,6690668c-e73d-51ff-9ca4-36bec9b8c175,connection_request,user,6690668c-e73d-51ff-9ca4-36bec9b8c175,Miguel Dela Cruz,miguel.dela.cruz.demo,true,2026-07-19T10:30:00+00:00
997,50de23a6-cd45-55ac-adb0-06d14b4ed8ce,6690668c-e73d-51ff-9ca4-36bec9b8c175,connection_request,user,6690668c-e73d-51ff-9ca4-36bec9b8c175,Miguel Dela Cruz,miguel.dela.cruz.demo,true,2026-09-08T10:30:00+00:00
998,f2561442-8439-5138-9a3b-8bcf96f16609,6690668c-e73d-51ff-9ca4-36bec9b8c175,connection_request,user,6690668c-e73d-51ff-9ca4-36bec9b8c175,Miguel Dela Cruz,miguel.dela.cruz.demo,true,2026-09-12T10:30:00+00:00
999,6690668c-e73d-51ff-9ca4-36bec9b8c175,f2561442-8439-5138-9a3b-8bcf96f16609,connection_accepted,user,f2561442-8439-5138-9a3b-8bcf96f16609,Andrea Villanueva,andrea.villanueva.demo,true,2026-09-12T13:30:00+00:00
1000,5d857806-7d61-533b-bc12-af2d7b775d29,6690668c-e73d-51ff-9ca4-36bec9b8c175,connection_request,user,6690668c-e73d-51ff-9ca4-36bec9b8c175,Miguel Dela Cruz,miguel.dela.cruz.demo,true,2026-07-28T10:30:00+00:00
1001,6690668c-e73d-51ff-9ca4-36bec9b8c175,5d857806-7d61-533b-bc12-af2d7b775d29,connection_accepted,user,5d857806-7d61-533b-bc12-af2d7b775d29,Pema Choden,pema.choden.demo,true,2026-07-28T13:30:00+00:00
1002,ae7ac442-d880-5cd8-bc30-8d21c5f7dc54,f2561442-8439-5138-9a3b-8bcf96f16609,connection_request,user,f2561442-8439-5138-9a3b-8bcf96f16609,Andrea Villanueva,andrea.villanueva.demo,true,2026-07-26T10:30:00+00:00
1003,5ce94e6e-a987-5fd1-90b2-94a1174f9376,f2561442-8439-5138-9a3b-8bcf96f16609,connection_request,user,f2561442-8439-5138-9a3b-8bcf96f16609,Andrea Villanueva,andrea.villanueva.demo,false,2026-09-18T10:30:00+00:00
1004,f2561442-8439-5138-9a3b-8bcf96f16609,5ce94e6e-a987-5fd1-90b2-94a1174f9376,connection_accepted,user,5ce94e6e-a987-5fd1-90b2-94a1174f9376,Hugo Moreau,hugo.moreau.demo,true,2026-09-18T13:30:00+00:00
1005,1dd6da2f-292d-52b5-8e0e-a84885e81ba1,37b7aed3-d207-54f7-b4ec-0e05c50eaeb2,connection_request,user,37b7aed3-d207-54f7-b4ec-0e05c50eaeb2,Ruby Fletcher,ruby.fletcher.demo,false,2026-09-18T10:30:00+00:00
1006,37b7aed3-d207-54f7-b4ec-0e05c50eaeb2,1dd6da2f-292d-52b5-8e0e-a84885e81ba1,connection_accepted,user,1dd6da2f-292d-52b5-8e0e-a84885e81ba1,Oliver Tran,oliver.tran.demo,false,2026-09-18T13:30:00+00:00
1007,518ae987-15f7-5b22-8bcc-df59623dbdce,1dd6da2f-292d-52b5-8e0e-a84885e81ba1,connection_request,user,1dd6da2f-292d-52b5-8e0e-a84885e81ba1,Oliver Tran,oliver.tran.demo,true,2026-09-13T10:30:00+00:00
1008,adfbbf3c-5175-5e0a-bf98-b8854f2081c2,1dd6da2f-292d-52b5-8e0e-a84885e81ba1,connection_request,user,1dd6da2f-292d-52b5-8e0e-a84885e81ba1,Oliver Tran,oliver.tran.demo,true,2026-08-01T10:30:00+00:00
1009,1dd6da2f-292d-52b5-8e0e-a84885e81ba1,adfbbf3c-5175-5e0a-bf98-b8854f2081c2,connection_accepted,user,adfbbf3c-5175-5e0a-bf98-b8854f2081c2,Lachlan Bennett,lachlan.bennett.demo,true,2026-08-01T13:30:00+00:00
1010,0b532307-3033-5baf-b61c-915d1213c01f,adfbbf3c-5175-5e0a-bf98-b8854f2081c2,connection_request,user,adfbbf3c-5175-5e0a-bf98-b8854f2081c2,Lachlan Bennett,lachlan.bennett.demo,true,2026-09-10T10:30:00+00:00
1011,adfbbf3c-5175-5e0a-bf98-b8854f2081c2,0b532307-3033-5baf-b61c-915d1213c01f,connection_accepted,user,0b532307-3033-5baf-b61c-915d1213c01f,Noor de Vries,noor.de.vries.demo,true,2026-09-10T13:30:00+00:00
1012,20b63262-d3e6-555a-95b2-84fc87694a19,adfbbf3c-5175-5e0a-bf98-b8854f2081c2,connection_request,user,adfbbf3c-5175-5e0a-bf98-b8854f2081c2,Lachlan Bennett,lachlan.bennett.demo,true,2026-08-31T10:30:00+00:00
1013,eb397f92-99ac-5f0f-8f81-3540865f0477,20b63262-d3e6-555a-95b2-84fc87694a19,connection_request,user,20b63262-d3e6-555a-95b2-84fc87694a19,Grace Nguyen,grace.nguyen.demo,true,2026-07-17T10:30:00+00:00
1014,20b63262-d3e6-555a-95b2-84fc87694a19,eb397f92-99ac-5f0f-8f81-3540865f0477,connection_accepted,user,eb397f92-99ac-5f0f-8f81-3540865f0477,Nguyễn Khánh An,nguyen.khanh.an.demo,true,2026-07-17T13:30:00+00:00
1015,508d03e7-de84-523a-8242-f48abc9451d7,20b63262-d3e6-555a-95b2-84fc87694a19,connection_request,user,20b63262-d3e6-555a-95b2-84fc87694a19,Grace Nguyen,grace.nguyen.demo,true,2026-08-16T10:30:00+00:00
1016,77c684c4-9514-5edc-85ff-1052c8544c14,20b63262-d3e6-555a-95b2-84fc87694a19,connection_request,user,20b63262-d3e6-555a-95b2-84fc87694a19,Grace Nguyen,grace.nguyen.demo,true,2026-07-18T10:30:00+00:00
1017,f4793612-bd5c-52c4-b29e-226fe28a77ca,20b63262-d3e6-555a-95b2-84fc87694a19,connection_request,user,20b63262-d3e6-555a-95b2-84fc87694a19,Grace Nguyen,grace.nguyen.demo,true,2026-08-05T10:30:00+00:00
1018,20b63262-d3e6-555a-95b2-84fc87694a19,f4793612-bd5c-52c4-b29e-226fe28a77ca,connection_accepted,user,f4793612-bd5c-52c4-b29e-226fe28a77ca,Thando Nkosi,thando.nkosi.demo,true,2026-08-05T13:30:00+00:00
1019,54561bf4-fe37-5b37-934d-9c7f81542f8b,605985c4-d18d-54b0-829f-2a199ea5c81d,connection_request,user,605985c4-d18d-54b0-829f-2a199ea5c81d,Maia Wilson,maia.wilson.demo,true,2026-07-29T10:30:00+00:00
1020,0e49007f-82be-5238-a956-37d8f7b40d4c,605985c4-d18d-54b0-829f-2a199ea5c81d,connection_request,user,605985c4-d18d-54b0-829f-2a199ea5c81d,Maia Wilson,maia.wilson.demo,true,2026-08-22T10:30:00+00:00
1021,d16e3cdc-2868-563d-867d-62fa9b8b24ea,9355c2cf-38db-5118-9b77-3d5b5b3870df,connection_request,user,9355c2cf-38db-5118-9b77-3d5b5b3870df,Finn Taylor,finn.taylor.demo,true,2026-08-01T10:30:00+00:00
1022,34046d1a-c67e-5a81-b9d5-47dd4840c4fe,9355c2cf-38db-5118-9b77-3d5b5b3870df,connection_request,user,9355c2cf-38db-5118-9b77-3d5b5b3870df,Finn Taylor,finn.taylor.demo,true,2026-08-21T10:30:00+00:00
1023,9355c2cf-38db-5118-9b77-3d5b5b3870df,34046d1a-c67e-5a81-b9d5-47dd4840c4fe,connection_accepted,user,34046d1a-c67e-5a81-b9d5-47dd4840c4fe,Ingrid Haugen,ingrid.haugen.demo,true,2026-08-21T13:30:00+00:00
1024,06657aeb-b604-5b0d-9281-d2e5afb78a9d,fd96bbd1-5601-5c99-a1e2-04b09168b35e,connection_request,user,fd96bbd1-5601-5c99-a1e2-04b09168b35e,Anika Patel,anika.patel.demo,true,2026-09-08T10:30:00+00:00
1025,fd96bbd1-5601-5c99-a1e2-04b09168b35e,06657aeb-b604-5b0d-9281-d2e5afb78a9d,connection_accepted,user,06657aeb-b604-5b0d-9281-d2e5afb78a9d,Omar Mostafa,omar.mostafa.demo,true,2026-09-08T13:30:00+00:00
1026,518ae987-15f7-5b22-8bcc-df59623dbdce,cb162f3d-006f-544e-bfa6-f9abb8a52026,connection_request,user,cb162f3d-006f-544e-bfa6-f9abb8a52026,James Rangi,james.rangi.demo,true,2026-08-13T10:30:00+00:00
1027,cb162f3d-006f-544e-bfa6-f9abb8a52026,518ae987-15f7-5b22-8bcc-df59623dbdce,connection_accepted,user,518ae987-15f7-5b22-8bcc-df59623dbdce,Lerato Mokoena,lerato.mokoena.demo,true,2026-08-13T13:30:00+00:00
1028,ae96d203-7a11-52ed-9e02-cd93c3dda603,7bdf8ad6-1318-5f74-9112-e2b655e215a2,connection_request,user,7bdf8ad6-1318-5f74-9112-e2b655e215a2,Freya Collins,freya.collins.demo,true,2026-07-29T10:30:00+00:00
1029,7bdf8ad6-1318-5f74-9112-e2b655e215a2,ae96d203-7a11-52ed-9e02-cd93c3dda603,connection_accepted,user,ae96d203-7a11-52ed-9e02-cd93c3dda603,Wei Jun Ong,wei.jun.ong.demo,true,2026-07-29T13:30:00+00:00
1030,facb4557-eabe-5f8b-89cc-f223b91c89b7,368442e7-2dfe-5df4-9ab7-a468b984050a,connection_request,user,368442e7-2dfe-5df4-9ab7-a468b984050a,Yusuf Mahmood,yusuf.mahmood.demo,true,2026-08-11T10:30:00+00:00
1031,20b4182c-90f7-51da-99e8-97ade4d19a92,368442e7-2dfe-5df4-9ab7-a468b984050a,connection_request,user,368442e7-2dfe-5df4-9ab7-a468b984050a,Yusuf Mahmood,yusuf.mahmood.demo,true,2026-08-04T10:30:00+00:00
1032,368442e7-2dfe-5df4-9ab7-a468b984050a,20b4182c-90f7-51da-99e8-97ade4d19a92,connection_accepted,user,20b4182c-90f7-51da-99e8-97ade4d19a92,Alma Sørensen,alma.srensen.demo,true,2026-08-04T13:30:00+00:00
1033,e7dd6cb0-626e-510a-9e98-0498c534b04d,4c310820-12d3-5128-9a45-973db446b59e,connection_request,user,4c310820-12d3-5128-9a45-973db446b59e,Callum Fraser,callum.fraser.demo,true,2026-07-20T10:30:00+00:00
1034,4c310820-12d3-5128-9a45-973db446b59e,e7dd6cb0-626e-510a-9e98-0498c534b04d,connection_accepted,user,e7dd6cb0-626e-510a-9e98-0498c534b04d,Hamad Al Qasimi,hamad.al.qasimi.demo,true,2026-07-20T13:30:00+00:00
1035,9355c2cf-38db-5118-9b77-3d5b5b3870df,651ce25b-8132-52d9-8f74-889f22c3bb5c,connection_request,user,651ce25b-8132-52d9-8f74-889f22c3bb5c,Evie Bennett,evie.bennett.demo,true,2026-08-31T10:30:00+00:00
1036,fd96bbd1-5601-5c99-a1e2-04b09168b35e,53f78f7e-e2df-586b-b483-5748c92d0f9f,connection_request,user,53f78f7e-e2df-586b-b483-5748c92d0f9f,Priyanka Shah,priyanka.shah.demo,true,2026-09-03T10:30:00+00:00
1037,53f78f7e-e2df-586b-b483-5748c92d0f9f,fd96bbd1-5601-5c99-a1e2-04b09168b35e,connection_accepted,user,fd96bbd1-5601-5c99-a1e2-04b09168b35e,Anika Patel,anika.patel.demo,true,2026-09-03T13:30:00+00:00
1038,06657aeb-b604-5b0d-9281-d2e5afb78a9d,53f78f7e-e2df-586b-b483-5748c92d0f9f,connection_request,user,53f78f7e-e2df-586b-b483-5748c92d0f9f,Priyanka Shah,priyanka.shah.demo,true,2026-07-19T10:30:00+00:00
1039,53f78f7e-e2df-586b-b483-5748c92d0f9f,06657aeb-b604-5b0d-9281-d2e5afb78a9d,connection_accepted,user,06657aeb-b604-5b0d-9281-d2e5afb78a9d,Omar Mostafa,omar.mostafa.demo,true,2026-07-19T13:30:00+00:00
1040,54561bf4-fe37-5b37-934d-9c7f81542f8b,a60d0128-bffa-5d2d-9915-36693e6bc3ba,connection_request,user,a60d0128-bffa-5d2d-9915-36693e6bc3ba,Niamh Byrne,niamh.byrne.demo,true,2026-09-12T10:30:00+00:00
1041,a60d0128-bffa-5d2d-9915-36693e6bc3ba,54561bf4-fe37-5b37-934d-9c7f81542f8b,connection_accepted,user,54561bf4-fe37-5b37-934d-9c7f81542f8b,Róisín Doyle,roisin.doyle.demo,true,2026-09-12T13:30:00+00:00
1042,8300625d-d3f5-5264-8503-98a2bfbf60d8,a60d0128-bffa-5d2d-9915-36693e6bc3ba,connection_request,user,a60d0128-bffa-5d2d-9915-36693e6bc3ba,Niamh Byrne,niamh.byrne.demo,true,2026-08-08T10:30:00+00:00
1043,a60d0128-bffa-5d2d-9915-36693e6bc3ba,8300625d-d3f5-5264-8503-98a2bfbf60d8,connection_accepted,user,8300625d-d3f5-5264-8503-98a2bfbf60d8,Emre Yılmaz,emre.ylmaz.demo,true,2026-08-08T13:30:00+00:00
1044,45abfe15-6e8d-57cf-bda3-b7ae2b5c0bc7,a60d0128-bffa-5d2d-9915-36693e6bc3ba,connection_request,user,a60d0128-bffa-5d2d-9915-36693e6bc3ba,Niamh Byrne,niamh.byrne.demo,true,2026-08-20T10:30:00+00:00
1045,f0ca4141-ccff-5472-ba76-f4b194108c7b,a60d0128-bffa-5d2d-9915-36693e6bc3ba,connection_request,user,a60d0128-bffa-5d2d-9915-36693e6bc3ba,Niamh Byrne,niamh.byrne.demo,true,2026-09-18T10:30:00+00:00
1046,a60d0128-bffa-5d2d-9915-36693e6bc3ba,f0ca4141-ccff-5472-ba76-f4b194108c7b,connection_accepted,user,f0ca4141-ccff-5472-ba76-f4b194108c7b,Darragh O'Sullivan,darragh.o.sullivan.demo,false,2026-09-18T13:30:00+00:00
1047,ac9c9500-b7e4-5bbe-8f4e-a40a6201979a,e3efd234-c7f9-5957-937f-661b1c3981ef,connection_request,user,e3efd234-c7f9-5957-937f-661b1c3981ef,Saoirse Kelly,saoirse.kelly.demo,true,2026-08-04T10:30:00+00:00
1048,e3efd234-c7f9-5957-937f-661b1c3981ef,ac9c9500-b7e4-5bbe-8f4e-a40a6201979a,connection_accepted,user,ac9c9500-b7e4-5bbe-8f4e-a40a6201979a,Leon Hoffmann,leon.hoffmann.demo,true,2026-08-04T13:30:00+00:00
1049,54561bf4-fe37-5b37-934d-9c7f81542f8b,e3efd234-c7f9-5957-937f-661b1c3981ef,connection_request,user,e3efd234-c7f9-5957-937f-661b1c3981ef,Saoirse Kelly,saoirse.kelly.demo,true,2026-08-03T10:30:00+00:00
1050,8fa5b823-1a70-59f7-9bb2-b3d5f36dc82b,e3efd234-c7f9-5957-937f-661b1c3981ef,connection_request,user,e3efd234-c7f9-5957-937f-661b1c3981ef,Saoirse Kelly,saoirse.kelly.demo,true,2026-08-04T10:30:00+00:00
1051,e3efd234-c7f9-5957-937f-661b1c3981ef,8fa5b823-1a70-59f7-9bb2-b3d5f36dc82b,connection_accepted,user,8fa5b823-1a70-59f7-9bb2-b3d5f36dc82b,Lucía Fernández,lucia.fernandez.demo,true,2026-08-04T13:30:00+00:00
1052,ae96d203-7a11-52ed-9e02-cd93c3dda603,e3efd234-c7f9-5957-937f-661b1c3981ef,connection_request,user,e3efd234-c7f9-5957-937f-661b1c3981ef,Saoirse Kelly,saoirse.kelly.demo,true,2026-08-22T10:30:00+00:00
1053,e3efd234-c7f9-5957-937f-661b1c3981ef,ae96d203-7a11-52ed-9e02-cd93c3dda603,connection_accepted,user,ae96d203-7a11-52ed-9e02-cd93c3dda603,Wei Jun Ong,wei.jun.ong.demo,true,2026-08-22T13:30:00+00:00
1054,02bf8d95-eee4-5287-b363-0551cc4a6d51,f0ca4141-ccff-5472-ba76-f4b194108c7b,connection_request,user,f0ca4141-ccff-5472-ba76-f4b194108c7b,Darragh O'Sullivan,darragh.o.sullivan.demo,true,2026-07-23T10:30:00+00:00
1055,f0ca4141-ccff-5472-ba76-f4b194108c7b,02bf8d95-eee4-5287-b363-0551cc4a6d51,connection_accepted,user,02bf8d95-eee4-5287-b363-0551cc4a6d51,Emiliano Cruz,emiliano.cruz.demo,true,2026-07-23T13:30:00+00:00
1056,458287c3-1628-5e26-8930-0d88ae11ce1a,f0ca4141-ccff-5472-ba76-f4b194108c7b,connection_request,user,f0ca4141-ccff-5472-ba76-f4b194108c7b,Darragh O'Sullivan,darragh.o.sullivan.demo,true,2026-08-04T10:30:00+00:00
1057,f0ca4141-ccff-5472-ba76-f4b194108c7b,458287c3-1628-5e26-8930-0d88ae11ce1a,connection_accepted,user,458287c3-1628-5e26-8930-0d88ae11ce1a,Cian Walsh,cian.walsh.demo,true,2026-08-04T13:30:00+00:00
1058,5c465a9a-bc36-5d7b-b5a2-0f18d9dab68a,f0ca4141-ccff-5472-ba76-f4b194108c7b,connection_request,user,f0ca4141-ccff-5472-ba76-f4b194108c7b,Darragh O'Sullivan,darragh.o.sullivan.demo,true,2026-07-16T10:30:00+00:00
1059,f0ca4141-ccff-5472-ba76-f4b194108c7b,5c465a9a-bc36-5d7b-b5a2-0f18d9dab68a,connection_accepted,user,5c465a9a-bc36-5d7b-b5a2-0f18d9dab68a,Latifa Al Mazrouei,latifa.al.mazrouei.demo,true,2026-07-16T13:30:00+00:00
1060,0e49007f-82be-5238-a956-37d8f7b40d4c,54561bf4-fe37-5b37-934d-9c7f81542f8b,connection_request,user,54561bf4-fe37-5b37-934d-9c7f81542f8b,Róisín Doyle,roisin.doyle.demo,true,2026-08-12T10:30:00+00:00
1061,54561bf4-fe37-5b37-934d-9c7f81542f8b,0e49007f-82be-5238-a956-37d8f7b40d4c,connection_accepted,user,0e49007f-82be-5238-a956-37d8f7b40d4c,Hira Malik,hira.malik.demo,true,2026-08-12T13:30:00+00:00
1062,096499d2-73d6-5063-9dd4-a7c1aebac61d,54561bf4-fe37-5b37-934d-9c7f81542f8b,connection_request,user,54561bf4-fe37-5b37-934d-9c7f81542f8b,Róisín Doyle,roisin.doyle.demo,true,2026-07-20T10:30:00+00:00
1063,0e992dba-f631-52d1-b7e3-76faec77c33f,54561bf4-fe37-5b37-934d-9c7f81542f8b,connection_request,user,54561bf4-fe37-5b37-934d-9c7f81542f8b,Róisín Doyle,roisin.doyle.demo,true,2026-07-30T10:30:00+00:00
1064,54561bf4-fe37-5b37-934d-9c7f81542f8b,0e992dba-f631-52d1-b7e3-76faec77c33f,connection_accepted,user,0e992dba-f631-52d1-b7e3-76faec77c33f,Camila Santos,camila.santos.demo,true,2026-07-30T13:30:00+00:00
1065,85df6dcd-e42a-581f-802b-eb93568b74eb,54561bf4-fe37-5b37-934d-9c7f81542f8b,connection_request,user,54561bf4-fe37-5b37-934d-9c7f81542f8b,Róisín Doyle,roisin.doyle.demo,false,2026-09-16T10:30:00+00:00
1066,8300625d-d3f5-5264-8503-98a2bfbf60d8,f8f213c7-3d61-567e-9735-5e3e9498b892,connection_request,user,f8f213c7-3d61-567e-9735-5e3e9498b892,Maja Schneider,maja.schneider.demo,true,2026-07-26T10:30:00+00:00
1067,f8f213c7-3d61-567e-9735-5e3e9498b892,8300625d-d3f5-5264-8503-98a2bfbf60d8,connection_accepted,user,8300625d-d3f5-5264-8503-98a2bfbf60d8,Emre Yılmaz,emre.ylmaz.demo,true,2026-07-26T13:30:00+00:00
1068,e747fee0-a84b-5f51-98a3-7481903c9023,f8f213c7-3d61-567e-9735-5e3e9498b892,connection_request,user,f8f213c7-3d61-567e-9735-5e3e9498b892,Maja Schneider,maja.schneider.demo,false,2026-09-16T10:30:00+00:00
1069,f8f213c7-3d61-567e-9735-5e3e9498b892,e747fee0-a84b-5f51-98a3-7481903c9023,connection_accepted,user,e747fee0-a84b-5f51-98a3-7481903c9023,Hannah Richter,hannah.richter.demo,true,2026-09-16T13:30:00+00:00
1070,eeeb9e89-042f-5fdc-8fcf-2c3ad56f9bf1,9cba29b2-e169-54f3-9d61-1d5013f80312,connection_request,user,9cba29b2-e169-54f3-9d61-1d5013f80312,Jonas Weber,jonas.weber.demo,true,2026-08-20T10:30:00+00:00
1071,f3744506-cae3-5f81-8a4f-506a60395be8,9cba29b2-e169-54f3-9d61-1d5013f80312,connection_request,user,9cba29b2-e169-54f3-9d61-1d5013f80312,Jonas Weber,jonas.weber.demo,true,2026-08-24T10:30:00+00:00
1072,d48cab4b-e48b-59ae-88d6-41d5d463569d,9cba29b2-e169-54f3-9d61-1d5013f80312,connection_request,user,9cba29b2-e169-54f3-9d61-1d5013f80312,Jonas Weber,jonas.weber.demo,true,2026-07-16T10:30:00+00:00
1073,b897da16-1a55-5740-8129-7d502e6f44b8,ac9c9500-b7e4-5bbe-8f4e-a40a6201979a,connection_request,user,ac9c9500-b7e4-5bbe-8f4e-a40a6201979a,Leon Hoffmann,leon.hoffmann.demo,true,2026-08-01T10:30:00+00:00
1074,67357d35-e727-50a5-9114-d5f2da172374,ac9c9500-b7e4-5bbe-8f4e-a40a6201979a,connection_request,user,ac9c9500-b7e4-5bbe-8f4e-a40a6201979a,Leon Hoffmann,leon.hoffmann.demo,true,2026-09-07T10:30:00+00:00
1075,ac9c9500-b7e4-5bbe-8f4e-a40a6201979a,67357d35-e727-50a5-9114-d5f2da172374,connection_accepted,user,67357d35-e727-50a5-9114-d5f2da172374,Faisal Al Otaibi,faisal.al.otaibi.demo,true,2026-09-07T13:30:00+00:00
1076,bc38029f-d1c5-5b8f-8055-d446a522cb91,ac9c9500-b7e4-5bbe-8f4e-a40a6201979a,connection_request,user,ac9c9500-b7e4-5bbe-8f4e-a40a6201979a,Leon Hoffmann,leon.hoffmann.demo,true,2026-08-11T10:30:00+00:00
1077,ac9c9500-b7e4-5bbe-8f4e-a40a6201979a,bc38029f-d1c5-5b8f-8055-d446a522cb91,connection_accepted,user,bc38029f-d1c5-5b8f-8055-d446a522cb91,Sachini Silva,sachini.silva.demo,true,2026-08-11T13:30:00+00:00
1078,5ce94e6e-a987-5fd1-90b2-94a1174f9376,8ecc0792-3789-53b2-a26e-fc6daa886eb7,connection_request,user,8ecc0792-3789-53b2-a26e-fc6daa886eb7,Inès Laurent,ines.laurent.demo,true,2026-08-31T10:30:00+00:00
1079,f6e8344b-87f4-5461-93fc-b01ff1ae4265,8ecc0792-3789-53b2-a26e-fc6daa886eb7,connection_request,user,8ecc0792-3789-53b2-a26e-fc6daa886eb7,Inès Laurent,ines.laurent.demo,true,2026-07-22T10:30:00+00:00
1080,8ecc0792-3789-53b2-a26e-fc6daa886eb7,f6e8344b-87f4-5461-93fc-b01ff1ae4265,connection_accepted,user,f6e8344b-87f4-5461-93fc-b01ff1ae4265,Chinwe Nwosu,chinwe.nwosu.demo,true,2026-07-22T13:30:00+00:00
1081,3d5b480d-3962-5c76-96ca-5459d65372aa,8ecc0792-3789-53b2-a26e-fc6daa886eb7,connection_request,user,8ecc0792-3789-53b2-a26e-fc6daa886eb7,Inès Laurent,ines.laurent.demo,false,2026-09-16T10:30:00+00:00
1082,daa36188-60fd-56a2-938b-70b1b51084b0,5ce94e6e-a987-5fd1-90b2-94a1174f9376,connection_request,user,5ce94e6e-a987-5fd1-90b2-94a1174f9376,Hugo Moreau,hugo.moreau.demo,true,2026-08-25T10:30:00+00:00
1083,5ce94e6e-a987-5fd1-90b2-94a1174f9376,daa36188-60fd-56a2-938b-70b1b51084b0,connection_accepted,user,daa36188-60fd-56a2-938b-70b1b51084b0,Zhou Xinyi,zhou.xinyi.demo,true,2026-08-25T13:30:00+00:00
1084,cac67f41-f5af-5268-9e2d-34feac0dc9fa,ec6d706d-7dba-534b-8700-e6752dbd06e1,connection_request,user,ec6d706d-7dba-534b-8700-e6752dbd06e1,Camille Bernard,camille.bernard.demo,true,2026-08-04T10:30:00+00:00
1085,ec6d706d-7dba-534b-8700-e6752dbd06e1,cac67f41-f5af-5268-9e2d-34feac0dc9fa,connection_accepted,user,cac67f41-f5af-5268-9e2d-34feac0dc9fa,Kelvin Kiprotich,kelvin.kiprotich.demo,true,2026-08-04T13:30:00+00:00
1086,4cf03b5a-e2ca-57f2-95b8-16a3b92247e6,ec6d706d-7dba-534b-8700-e6752dbd06e1,connection_request,user,ec6d706d-7dba-534b-8700-e6752dbd06e1,Camille Bernard,camille.bernard.demo,true,2026-08-11T10:30:00+00:00
1087,ec6d706d-7dba-534b-8700-e6752dbd06e1,4cf03b5a-e2ca-57f2-95b8-16a3b92247e6,connection_accepted,user,4cf03b5a-e2ca-57f2-95b8-16a3b92247e6,Sonam Lhamo,sonam.lhamo.demo,true,2026-08-11T13:30:00+00:00
1088,33d87513-60c2-51ff-9ec5-f0f1389ed27e,ec6d706d-7dba-534b-8700-e6752dbd06e1,connection_request,user,ec6d706d-7dba-534b-8700-e6752dbd06e1,Camille Bernard,camille.bernard.demo,true,2026-08-09T10:30:00+00:00
1089,ec6d706d-7dba-534b-8700-e6752dbd06e1,33d87513-60c2-51ff-9ec5-f0f1389ed27e,connection_accepted,user,33d87513-60c2-51ff-9ec5-f0f1389ed27e,Diogo Ferreira,diogo.ferreira.demo,true,2026-08-09T13:30:00+00:00
1090,5ce94e6e-a987-5fd1-90b2-94a1174f9376,ec6d706d-7dba-534b-8700-e6752dbd06e1,connection_request,user,ec6d706d-7dba-534b-8700-e6752dbd06e1,Camille Bernard,camille.bernard.demo,true,2026-08-15T10:30:00+00:00
1091,ec6d706d-7dba-534b-8700-e6752dbd06e1,5ce94e6e-a987-5fd1-90b2-94a1174f9376,connection_accepted,user,5ce94e6e-a987-5fd1-90b2-94a1174f9376,Hugo Moreau,hugo.moreau.demo,true,2026-08-15T13:30:00+00:00
1092,5421f79d-ed60-5eed-852b-01b379adab9e,eeeb9e89-042f-5fdc-8fcf-2c3ad56f9bf1,connection_request,user,eeeb9e89-042f-5fdc-8fcf-2c3ad56f9bf1,Yanis Benali,yanis.benali.demo,true,2026-08-29T10:30:00+00:00
1093,eeeb9e89-042f-5fdc-8fcf-2c3ad56f9bf1,5421f79d-ed60-5eed-852b-01b379adab9e,connection_accepted,user,5421f79d-ed60-5eed-852b-01b379adab9e,Chiara Moretti,chiara.moretti.demo,true,2026-08-29T13:30:00+00:00
1094,082b47e7-5a06-5a34-bd49-595c82b2b196,eeeb9e89-042f-5fdc-8fcf-2c3ad56f9bf1,connection_request,user,eeeb9e89-042f-5fdc-8fcf-2c3ad56f9bf1,Yanis Benali,yanis.benali.demo,true,2026-08-22T10:30:00+00:00
1095,eeeb9e89-042f-5fdc-8fcf-2c3ad56f9bf1,082b47e7-5a06-5a34-bd49-595c82b2b196,connection_accepted,user,082b47e7-5a06-5a34-bd49-595c82b2b196,Dilan Jayasinghe,dilan.jayasinghe.demo,true,2026-08-22T13:30:00+00:00
1096,3b932376-f549-5a1c-a24b-664b4bc338e3,eeeb9e89-042f-5fdc-8fcf-2c3ad56f9bf1,connection_request,user,eeeb9e89-042f-5fdc-8fcf-2c3ad56f9bf1,Yanis Benali,yanis.benali.demo,true,2026-08-13T10:30:00+00:00
1097,eeeb9e89-042f-5fdc-8fcf-2c3ad56f9bf1,3b932376-f549-5a1c-a24b-664b4bc338e3,connection_accepted,user,3b932376-f549-5a1c-a24b-664b4bc338e3,Mariana Silva,mariana.silva.demo,true,2026-08-13T13:30:00+00:00
1098,6720265f-9f2b-5485-bf24-54e1784991b6,d767d4bb-a2aa-587a-90f9-23d0689ae52a,connection_request,user,d767d4bb-a2aa-587a-90f9-23d0689ae52a,Léa Fournier,lea.fournier.demo,true,2026-08-23T10:30:00+00:00
1099,d767d4bb-a2aa-587a-90f9-23d0689ae52a,6720265f-9f2b-5485-bf24-54e1784991b6,connection_accepted,user,6720265f-9f2b-5485-bf24-54e1784991b6,Agustina Pereyra,agustina.pereyra.demo,true,2026-08-23T13:30:00+00:00
1100,eeeb9e89-042f-5fdc-8fcf-2c3ad56f9bf1,d767d4bb-a2aa-587a-90f9-23d0689ae52a,connection_request,user,d767d4bb-a2aa-587a-90f9-23d0689ae52a,Léa Fournier,lea.fournier.demo,true,2026-08-03T10:30:00+00:00
1101,d767d4bb-a2aa-587a-90f9-23d0689ae52a,eeeb9e89-042f-5fdc-8fcf-2c3ad56f9bf1,connection_accepted,user,eeeb9e89-042f-5fdc-8fcf-2c3ad56f9bf1,Yanis Benali,yanis.benali.demo,true,2026-08-03T13:30:00+00:00
1102,001e944b-e64e-5742-afb7-5e04327e41ee,77c684c4-9514-5edc-85ff-1052c8544c14,connection_request,user,77c684c4-9514-5edc-85ff-1052c8544c14,Daan Bakker,daan.bakker.demo,true,2026-07-17T10:30:00+00:00
1103,77c684c4-9514-5edc-85ff-1052c8544c14,001e944b-e64e-5742-afb7-5e04327e41ee,connection_accepted,user,001e944b-e64e-5742-afb7-5e04327e41ee,Kritika Joshi,kritika.joshi.demo,true,2026-07-17T13:30:00+00:00
1104,d2a70bca-a25c-522f-9b7e-c967b69503cc,77c684c4-9514-5edc-85ff-1052c8544c14,connection_request,user,77c684c4-9514-5edc-85ff-1052c8544c14,Daan Bakker,daan.bakker.demo,true,2026-07-17T10:30:00+00:00
1105,b39a9d3d-f3eb-5d31-9cc7-15e278969b70,77c684c4-9514-5edc-85ff-1052c8544c14,connection_request,user,77c684c4-9514-5edc-85ff-1052c8544c14,Daan Bakker,daan.bakker.demo,true,2026-09-12T10:30:00+00:00
1106,77c684c4-9514-5edc-85ff-1052c8544c14,b39a9d3d-f3eb-5d31-9cc7-15e278969b70,connection_accepted,user,b39a9d3d-f3eb-5d31-9cc7-15e278969b70,Maja Wiśniewska,maja.wisniewska.demo,true,2026-09-12T13:30:00+00:00
1107,5d857806-7d61-533b-bc12-af2d7b775d29,a070c6d0-c23b-5036-b352-f16db0d6ec8e,connection_request,user,a070c6d0-c23b-5036-b352-f16db0d6ec8e,Lotte Visser,lotte.visser.demo,true,2026-08-10T10:30:00+00:00
1108,a070c6d0-c23b-5036-b352-f16db0d6ec8e,5d857806-7d61-533b-bc12-af2d7b775d29,connection_accepted,user,5d857806-7d61-533b-bc12-af2d7b775d29,Pema Choden,pema.choden.demo,true,2026-08-10T13:30:00+00:00
1109,d2a70bca-a25c-522f-9b7e-c967b69503cc,a070c6d0-c23b-5036-b352-f16db0d6ec8e,connection_request,user,a070c6d0-c23b-5036-b352-f16db0d6ec8e,Lotte Visser,lotte.visser.demo,true,2026-08-23T10:30:00+00:00
1110,405fd522-6b0d-52fc-b397-dc3ce2e4a2ea,a070c6d0-c23b-5036-b352-f16db0d6ec8e,connection_request,user,a070c6d0-c23b-5036-b352-f16db0d6ec8e,Lotte Visser,lotte.visser.demo,true,2026-09-04T10:30:00+00:00
1111,a070c6d0-c23b-5036-b352-f16db0d6ec8e,405fd522-6b0d-52fc-b397-dc3ce2e4a2ea,connection_accepted,user,405fd522-6b0d-52fc-b397-dc3ce2e4a2ea,Amir El Idrissi,amir.el.idrissi.demo,true,2026-09-04T13:30:00+00:00
1112,e5b7ccce-2cb7-5b6e-95a5-32ffacbca87f,a070c6d0-c23b-5036-b352-f16db0d6ec8e,connection_request,user,a070c6d0-c23b-5036-b352-f16db0d6ec8e,Lotte Visser,lotte.visser.demo,true,2026-08-19T10:30:00+00:00
1113,a070c6d0-c23b-5036-b352-f16db0d6ec8e,e5b7ccce-2cb7-5b6e-95a5-32ffacbca87f,connection_accepted,user,e5b7ccce-2cb7-5b6e-95a5-32ffacbca87f,Li Haoran,li.haoran.demo,true,2026-08-19T13:30:00+00:00
1114,0b532307-3033-5baf-b61c-915d1213c01f,d2a70bca-a25c-522f-9b7e-c967b69503cc,connection_request,user,d2a70bca-a25c-522f-9b7e-c967b69503cc,Sanne van Dijk,sanne.van.dijk.demo,true,2026-07-30T10:30:00+00:00
1115,d2a70bca-a25c-522f-9b7e-c967b69503cc,0b532307-3033-5baf-b61c-915d1213c01f,connection_accepted,user,0b532307-3033-5baf-b61c-915d1213c01f,Noor de Vries,noor.de.vries.demo,true,2026-07-30T13:30:00+00:00
1116,33ba5d16-c38c-5bcf-9896-ea8ae81d6e7b,d2a70bca-a25c-522f-9b7e-c967b69503cc,connection_request,user,d2a70bca-a25c-522f-9b7e-c967b69503cc,Sanne van Dijk,sanne.van.dijk.demo,true,2026-08-01T10:30:00+00:00
1117,33d87513-60c2-51ff-9ec5-f0f1389ed27e,d2a70bca-a25c-522f-9b7e-c967b69503cc,connection_request,user,d2a70bca-a25c-522f-9b7e-c967b69503cc,Sanne van Dijk,sanne.van.dijk.demo,true,2026-08-13T10:30:00+00:00
1118,d2a70bca-a25c-522f-9b7e-c967b69503cc,33d87513-60c2-51ff-9ec5-f0f1389ed27e,connection_accepted,user,33d87513-60c2-51ff-9ec5-f0f1389ed27e,Diogo Ferreira,diogo.ferreira.demo,true,2026-08-13T13:30:00+00:00
1119,19e81afb-74c1-5b4a-9af3-469f3b610235,d2a70bca-a25c-522f-9b7e-c967b69503cc,connection_request,user,d2a70bca-a25c-522f-9b7e-c967b69503cc,Sanne van Dijk,sanne.van.dijk.demo,true,2026-08-21T10:30:00+00:00
1120,d2a70bca-a25c-522f-9b7e-c967b69503cc,19e81afb-74c1-5b4a-9af3-469f3b610235,connection_accepted,user,19e81afb-74c1-5b4a-9af3-469f3b610235,Nattapong Chaiyaporn,nattapong.chaiyaporn.demo,true,2026-08-21T13:30:00+00:00
1121,8819cb55-67e6-5a55-98c8-d80446975a9e,bf54d417-d834-5d3e-a7f9-106377fe05a5,connection_request,user,bf54d417-d834-5d3e-a7f9-106377fe05a5,Alva Lindberg,alva.lindberg.demo,true,2026-08-31T10:30:00+00:00
1122,bf54d417-d834-5d3e-a7f9-106377fe05a5,8819cb55-67e6-5a55-98c8-d80446975a9e,connection_accepted,user,8819cb55-67e6-5a55-98c8-d80446975a9e,Chloe Goh,chloe.goh.demo,true,2026-08-31T13:30:00+00:00
1123,cb162f3d-006f-544e-bfa6-f9abb8a52026,bf54d417-d834-5d3e-a7f9-106377fe05a5,connection_request,user,bf54d417-d834-5d3e-a7f9-106377fe05a5,Alva Lindberg,alva.lindberg.demo,true,2026-07-17T10:30:00+00:00
1124,4c2177ab-592a-5e4a-b25b-8bb3f8090555,bf54d417-d834-5d3e-a7f9-106377fe05a5,connection_request,user,bf54d417-d834-5d3e-a7f9-106377fe05a5,Alva Lindberg,alva.lindberg.demo,true,2026-07-19T10:30:00+00:00
1125,bf54d417-d834-5d3e-a7f9-106377fe05a5,4c2177ab-592a-5e4a-b25b-8bb3f8090555,connection_accepted,user,4c2177ab-592a-5e4a-b25b-8bb3f8090555,Sagar Tamang,sagar.tamang.demo,true,2026-07-19T13:30:00+00:00
1126,b55b4f74-ded6-5cf1-aae0-9ad89c03c10c,af808cd8-ab34-515f-a8a0-a1b0719a537b,connection_request,user,af808cd8-ab34-515f-a8a0-a1b0719a537b,Elias Andersson,elias.andersson.demo,true,2026-08-06T10:30:00+00:00
1127,af808cd8-ab34-515f-a8a0-a1b0719a537b,b55b4f74-ded6-5cf1-aae0-9ad89c03c10c,connection_accepted,user,b55b4f74-ded6-5cf1-aae0-9ad89c03c10c,Devansh Patel,devansh.patel.demo,true,2026-08-06T13:30:00+00:00
1128,0da68170-ff38-5dad-9224-770d261f1c8a,af808cd8-ab34-515f-a8a0-a1b0719a537b,connection_request,user,af808cd8-ab34-515f-a8a0-a1b0719a537b,Elias Andersson,elias.andersson.demo,true,2026-08-09T10:30:00+00:00
1129,9b2e34a9-6722-598e-a857-e346acd294bf,af808cd8-ab34-515f-a8a0-a1b0719a537b,connection_request,user,af808cd8-ab34-515f-a8a0-a1b0719a537b,Elias Andersson,elias.andersson.demo,true,2026-08-02T10:30:00+00:00
1130,af808cd8-ab34-515f-a8a0-a1b0719a537b,9b2e34a9-6722-598e-a857-e346acd294bf,connection_accepted,user,9b2e34a9-6722-598e-a857-e346acd294bf,Henrik Solheim,henrik.solheim.demo,true,2026-08-02T13:30:00+00:00
1131,f21481e8-5bf3-5aa6-a7e0-fe6e26920e28,f985b68e-39ae-5c83-8468-2b126802c414,connection_request,user,f985b68e-39ae-5c83-8468-2b126802c414,Omar Hassan,omar.hassan.demo,false,2026-09-17T10:30:00+00:00
1132,20b63262-d3e6-555a-95b2-84fc87694a19,f985b68e-39ae-5c83-8468-2b126802c414,connection_request,user,f985b68e-39ae-5c83-8468-2b126802c414,Omar Hassan,omar.hassan.demo,true,2026-08-07T10:30:00+00:00
1133,f985b68e-39ae-5c83-8468-2b126802c414,20b63262-d3e6-555a-95b2-84fc87694a19,connection_accepted,user,20b63262-d3e6-555a-95b2-84fc87694a19,Grace Nguyen,grace.nguyen.demo,true,2026-08-07T13:30:00+00:00
1134,f4793612-bd5c-52c4-b29e-226fe28a77ca,f985b68e-39ae-5c83-8468-2b126802c414,connection_request,user,f985b68e-39ae-5c83-8468-2b126802c414,Omar Hassan,omar.hassan.demo,true,2026-08-13T10:30:00+00:00
1135,f985b68e-39ae-5c83-8468-2b126802c414,f4793612-bd5c-52c4-b29e-226fe28a77ca,connection_accepted,user,f4793612-bd5c-52c4-b29e-226fe28a77ca,Thando Nkosi,thando.nkosi.demo,true,2026-08-13T13:30:00+00:00
1136,0da68170-ff38-5dad-9224-770d261f1c8a,f985b68e-39ae-5c83-8468-2b126802c414,connection_request,user,f985b68e-39ae-5c83-8468-2b126802c414,Omar Hassan,omar.hassan.demo,true,2026-08-22T10:30:00+00:00
1137,f985b68e-39ae-5c83-8468-2b126802c414,0da68170-ff38-5dad-9224-770d261f1c8a,connection_accepted,user,0da68170-ff38-5dad-9224-770d261f1c8a,Maja Nyström,maja.nystrom.demo,true,2026-08-22T13:30:00+00:00
1138,a070c6d0-c23b-5036-b352-f16db0d6ec8e,f21481e8-5bf3-5aa6-a7e0-fe6e26920e28,connection_request,user,f21481e8-5bf3-5aa6-a7e0-fe6e26920e28,Vera Sjöberg,vera.sjoberg.demo,true,2026-09-01T10:30:00+00:00
1139,f21481e8-5bf3-5aa6-a7e0-fe6e26920e28,a070c6d0-c23b-5036-b352-f16db0d6ec8e,connection_accepted,user,a070c6d0-c23b-5036-b352-f16db0d6ec8e,Lotte Visser,lotte.visser.demo,true,2026-09-01T13:30:00+00:00
1140,8ecc0792-3789-53b2-a26e-fc6daa886eb7,f21481e8-5bf3-5aa6-a7e0-fe6e26920e28,connection_request,user,f21481e8-5bf3-5aa6-a7e0-fe6e26920e28,Vera Sjöberg,vera.sjoberg.demo,true,2026-08-03T10:30:00+00:00
1141,f21481e8-5bf3-5aa6-a7e0-fe6e26920e28,8ecc0792-3789-53b2-a26e-fc6daa886eb7,connection_accepted,user,8ecc0792-3789-53b2-a26e-fc6daa886eb7,Inès Laurent,ines.laurent.demo,true,2026-08-03T13:30:00+00:00
1142,f6e8344b-87f4-5461-93fc-b01ff1ae4265,f21481e8-5bf3-5aa6-a7e0-fe6e26920e28,connection_request,user,f21481e8-5bf3-5aa6-a7e0-fe6e26920e28,Vera Sjöberg,vera.sjoberg.demo,true,2026-09-09T10:30:00+00:00
1143,f21481e8-5bf3-5aa6-a7e0-fe6e26920e28,f6e8344b-87f4-5461-93fc-b01ff1ae4265,connection_accepted,user,f6e8344b-87f4-5461-93fc-b01ff1ae4265,Chinwe Nwosu,chinwe.nwosu.demo,true,2026-09-09T13:30:00+00:00
1144,6690668c-e73d-51ff-9ca4-36bec9b8c175,f21481e8-5bf3-5aa6-a7e0-fe6e26920e28,connection_request,user,f21481e8-5bf3-5aa6-a7e0-fe6e26920e28,Vera Sjöberg,vera.sjoberg.demo,true,2026-08-02T10:30:00+00:00
1145,f21481e8-5bf3-5aa6-a7e0-fe6e26920e28,6690668c-e73d-51ff-9ca4-36bec9b8c175,connection_accepted,user,6690668c-e73d-51ff-9ca4-36bec9b8c175,Miguel Dela Cruz,miguel.dela.cruz.demo,true,2026-08-02T13:30:00+00:00
1146,64609795-d498-5ea7-ad33-a3bcecf9d962,34046d1a-c67e-5a81-b9d5-47dd4840c4fe,connection_request,user,34046d1a-c67e-5a81-b9d5-47dd4840c4fe,Ingrid Haugen,ingrid.haugen.demo,true,2026-07-25T10:30:00+00:00
1147,34046d1a-c67e-5a81-b9d5-47dd4840c4fe,64609795-d498-5ea7-ad33-a3bcecf9d962,connection_accepted,user,64609795-d498-5ea7-ad33-a3bcecf9d962,Rohan Gill,rohan.gill.demo,true,2026-07-25T13:30:00+00:00
1148,96dbbdad-601e-5bc2-9d1a-78f9f6349a39,34046d1a-c67e-5a81-b9d5-47dd4840c4fe,connection_request,user,34046d1a-c67e-5a81-b9d5-47dd4840c4fe,Ingrid Haugen,ingrid.haugen.demo,true,2026-07-20T10:30:00+00:00
1149,34046d1a-c67e-5a81-b9d5-47dd4840c4fe,96dbbdad-601e-5bc2-9d1a-78f9f6349a39,connection_accepted,user,96dbbdad-601e-5bc2-9d1a-78f9f6349a39,Nora Ahmed,nora.ahmed.demo,true,2026-07-20T13:30:00+00:00
1150,d16e3cdc-2868-563d-867d-62fa9b8b24ea,34046d1a-c67e-5a81-b9d5-47dd4840c4fe,connection_request,user,34046d1a-c67e-5a81-b9d5-47dd4840c4fe,Ingrid Haugen,ingrid.haugen.demo,true,2026-09-14T10:30:00+00:00
1151,34046d1a-c67e-5a81-b9d5-47dd4840c4fe,d16e3cdc-2868-563d-867d-62fa9b8b24ea,connection_accepted,user,d16e3cdc-2868-563d-867d-62fa9b8b24ea,Abena Owusu,abena.owusu.demo,true,2026-09-14T13:30:00+00:00
1152,35e87bcc-650c-5e3f-9741-3f0c54905b6f,90cced0e-f2c7-528c-bd28-38c44ead6c98,connection_request,user,90cced0e-f2c7-528c-bd28-38c44ead6c98,Sander Berg,sander.berg.demo,true,2026-08-16T10:30:00+00:00
1153,90cced0e-f2c7-528c-bd28-38c44ead6c98,35e87bcc-650c-5e3f-9741-3f0c54905b6f,connection_accepted,user,35e87bcc-650c-5e3f-9741-3f0c54905b6f,Kofi Asante,kofi.asante.demo,true,2026-08-16T13:30:00+00:00
1154,34046d1a-c67e-5a81-b9d5-47dd4840c4fe,90cced0e-f2c7-528c-bd28-38c44ead6c98,connection_request,user,90cced0e-f2c7-528c-bd28-38c44ead6c98,Sander Berg,sander.berg.demo,true,2026-07-22T10:30:00+00:00
1155,90cced0e-f2c7-528c-bd28-38c44ead6c98,34046d1a-c67e-5a81-b9d5-47dd4840c4fe,connection_accepted,user,34046d1a-c67e-5a81-b9d5-47dd4840c4fe,Ingrid Haugen,ingrid.haugen.demo,true,2026-07-22T13:30:00+00:00
1156,d9fbcbde-376a-5f82-9fb5-268a24b02d57,90cced0e-f2c7-528c-bd28-38c44ead6c98,connection_request,user,90cced0e-f2c7-528c-bd28-38c44ead6c98,Sander Berg,sander.berg.demo,true,2026-07-17T10:30:00+00:00
1157,90cced0e-f2c7-528c-bd28-38c44ead6c98,d9fbcbde-376a-5f82-9fb5-268a24b02d57,connection_accepted,user,d9fbcbde-376a-5f82-9fb5-268a24b02d57,Niruta Adhikari,niruta.adhikari.demo,true,2026-07-17T13:30:00+00:00
1158,4c2177ab-592a-5e4a-b25b-8bb3f8090555,eb3717c1-cd92-5eeb-af40-9df7f3132426,connection_request,user,eb3717c1-cd92-5eeb-af40-9df7f3132426,Thea Nilsen,thea.nilsen.demo,true,2026-08-25T10:30:00+00:00
1159,eb3717c1-cd92-5eeb-af40-9df7f3132426,4c2177ab-592a-5e4a-b25b-8bb3f8090555,connection_accepted,user,4c2177ab-592a-5e4a-b25b-8bb3f8090555,Sagar Tamang,sagar.tamang.demo,true,2026-08-25T13:30:00+00:00
1160,518ae987-15f7-5b22-8bcc-df59623dbdce,eb3717c1-cd92-5eeb-af40-9df7f3132426,connection_request,user,eb3717c1-cd92-5eeb-af40-9df7f3132426,Thea Nilsen,thea.nilsen.demo,true,2026-07-19T10:30:00+00:00
1161,eb3717c1-cd92-5eeb-af40-9df7f3132426,518ae987-15f7-5b22-8bcc-df59623dbdce,connection_accepted,user,518ae987-15f7-5b22-8bcc-df59623dbdce,Lerato Mokoena,lerato.mokoena.demo,true,2026-07-19T13:30:00+00:00
1162,1dd6da2f-292d-52b5-8e0e-a84885e81ba1,eb3717c1-cd92-5eeb-af40-9df7f3132426,connection_request,user,eb3717c1-cd92-5eeb-af40-9df7f3132426,Thea Nilsen,thea.nilsen.demo,true,2026-07-29T10:30:00+00:00
1163,eb3717c1-cd92-5eeb-af40-9df7f3132426,1dd6da2f-292d-52b5-8e0e-a84885e81ba1,connection_accepted,user,1dd6da2f-292d-52b5-8e0e-a84885e81ba1,Oliver Tran,oliver.tran.demo,true,2026-07-29T13:30:00+00:00
1164,90cced0e-f2c7-528c-bd28-38c44ead6c98,9b2e34a9-6722-598e-a857-e346acd294bf,connection_request,user,9b2e34a9-6722-598e-a857-e346acd294bf,Henrik Solheim,henrik.solheim.demo,true,2026-09-12T10:30:00+00:00
1165,9b2e34a9-6722-598e-a857-e346acd294bf,90cced0e-f2c7-528c-bd28-38c44ead6c98,connection_accepted,user,90cced0e-f2c7-528c-bd28-38c44ead6c98,Sander Berg,sander.berg.demo,true,2026-09-12T13:30:00+00:00
1166,b7180518-4b5b-54ef-9060-958212d05ab7,9b2e34a9-6722-598e-a857-e346acd294bf,connection_request,user,9b2e34a9-6722-598e-a857-e346acd294bf,Henrik Solheim,henrik.solheim.demo,true,2026-08-04T10:30:00+00:00
1167,9b2e34a9-6722-598e-a857-e346acd294bf,b7180518-4b5b-54ef-9060-958212d05ab7,connection_accepted,user,b7180518-4b5b-54ef-9060-958212d05ab7,Sipho Dlamini,sipho.dlamini.demo,true,2026-08-04T13:30:00+00:00
1168,43a3bb15-e7a6-5c42-a198-3e0d7f080ba1,9b2e34a9-6722-598e-a857-e346acd294bf,connection_request,user,9b2e34a9-6722-598e-a857-e346acd294bf,Henrik Solheim,henrik.solheim.demo,true,2026-09-02T10:30:00+00:00
1169,9b2e34a9-6722-598e-a857-e346acd294bf,43a3bb15-e7a6-5c42-a198-3e0d7f080ba1,connection_accepted,user,43a3bb15-e7a6-5c42-a198-3e0d7f080ba1,Sophie Chen,sophie.chen.demo,true,2026-09-02T13:30:00+00:00
1170,dfe9e449-d177-56af-a679-d3e1c78c5c02,9b2e34a9-6722-598e-a857-e346acd294bf,connection_request,user,9b2e34a9-6722-598e-a857-e346acd294bf,Henrik Solheim,henrik.solheim.demo,true,2026-09-07T10:30:00+00:00
1171,9b2e34a9-6722-598e-a857-e346acd294bf,dfe9e449-d177-56af-a679-d3e1c78c5c02,connection_accepted,user,dfe9e449-d177-56af-a679-d3e1c78c5c02,Bea Mendoza,bea.mendoza.demo,true,2026-09-07T13:30:00+00:00
1172,9047d24d-0775-5f10-bf17-6e8fc62c5884,e1f9b739-b2d3-51e6-9609-05805a6d151c,connection_request,user,e1f9b739-b2d3-51e6-9609-05805a6d151c,Aino Korhonen,aino.korhonen.demo,true,2026-08-07T10:30:00+00:00
1173,e1f9b739-b2d3-51e6-9609-05805a6d151c,9047d24d-0775-5f10-bf17-6e8fc62c5884,connection_accepted,user,9047d24d-0775-5f10-bf17-6e8fc62c5884,Akosua Mensah,akosua.mensah.demo,true,2026-08-07T13:30:00+00:00
1174,1b1e4344-fde4-5cc2-b82c-4fb458696522,e1f9b739-b2d3-51e6-9609-05805a6d151c,connection_request,user,e1f9b739-b2d3-51e6-9609-05805a6d151c,Aino Korhonen,aino.korhonen.demo,true,2026-08-08T10:30:00+00:00
1175,0e49007f-82be-5238-a956-37d8f7b40d4c,341a0cef-f4a9-53ee-8980-229dc154ff4e,connection_request,user,341a0cef-f4a9-53ee-8980-229dc154ff4e,Eetu Laine,eetu.laine.demo,true,2026-08-01T10:30:00+00:00
1176,4966bb54-4d4f-5992-8586-1bd44991d17f,341a0cef-f4a9-53ee-8980-229dc154ff4e,connection_request,user,341a0cef-f4a9-53ee-8980-229dc154ff4e,Eetu Laine,eetu.laine.demo,false,2026-09-18T10:30:00+00:00
1177,341a0cef-f4a9-53ee-8980-229dc154ff4e,4966bb54-4d4f-5992-8586-1bd44991d17f,connection_accepted,user,4966bb54-4d4f-5992-8586-1bd44991d17f,Tasnim Sultana,tasnim.sultana.demo,true,2026-09-18T13:30:00+00:00
1178,d16e3cdc-2868-563d-867d-62fa9b8b24ea,1b1e4344-fde4-5cc2-b82c-4fb458696522,connection_request,user,1b1e4344-fde4-5cc2-b82c-4fb458696522,Sofia Virtanen,sofia.virtanen.demo,true,2026-08-07T10:30:00+00:00
1179,1b1e4344-fde4-5cc2-b82c-4fb458696522,d16e3cdc-2868-563d-867d-62fa9b8b24ea,connection_accepted,user,d16e3cdc-2868-563d-867d-62fa9b8b24ea,Abena Owusu,abena.owusu.demo,true,2026-08-07T13:30:00+00:00
1180,34046d1a-c67e-5a81-b9d5-47dd4840c4fe,1b1e4344-fde4-5cc2-b82c-4fb458696522,connection_request,user,1b1e4344-fde4-5cc2-b82c-4fb458696522,Sofia Virtanen,sofia.virtanen.demo,true,2026-08-24T10:30:00+00:00
1181,1b1e4344-fde4-5cc2-b82c-4fb458696522,34046d1a-c67e-5a81-b9d5-47dd4840c4fe,connection_accepted,user,34046d1a-c67e-5a81-b9d5-47dd4840c4fe,Ingrid Haugen,ingrid.haugen.demo,true,2026-08-24T13:30:00+00:00
1182,50d6350f-ffd4-59ad-a1ff-65a49a77a913,1b1e4344-fde4-5cc2-b82c-4fb458696522,connection_request,user,1b1e4344-fde4-5cc2-b82c-4fb458696522,Sofia Virtanen,sofia.virtanen.demo,true,2026-09-07T10:30:00+00:00
1183,1b1e4344-fde4-5cc2-b82c-4fb458696522,50d6350f-ffd4-59ad-a1ff-65a49a77a913,connection_accepted,user,50d6350f-ffd4-59ad-a1ff-65a49a77a913,Aditya Menon,aditya.menon.demo,true,2026-09-07T13:30:00+00:00
1184,341a0cef-f4a9-53ee-8980-229dc154ff4e,1b1e4344-fde4-5cc2-b82c-4fb458696522,connection_request,user,1b1e4344-fde4-5cc2-b82c-4fb458696522,Sofia Virtanen,sofia.virtanen.demo,true,2026-08-16T10:30:00+00:00
1185,1b1e4344-fde4-5cc2-b82c-4fb458696522,341a0cef-f4a9-53ee-8980-229dc154ff4e,connection_accepted,user,341a0cef-f4a9-53ee-8980-229dc154ff4e,Eetu Laine,eetu.laine.demo,true,2026-08-16T13:30:00+00:00
1186,fd96bbd1-5601-5c99-a1e2-04b09168b35e,484e243b-afd7-5767-bb0f-4262c0334aea,connection_request,user,484e243b-afd7-5767-bb0f-4262c0334aea,Onni Nieminen,onni.nieminen.demo,true,2026-08-16T10:30:00+00:00
1187,484e243b-afd7-5767-bb0f-4262c0334aea,fd96bbd1-5601-5c99-a1e2-04b09168b35e,connection_accepted,user,fd96bbd1-5601-5c99-a1e2-04b09168b35e,Anika Patel,anika.patel.demo,true,2026-08-16T13:30:00+00:00
1188,1b1e4344-fde4-5cc2-b82c-4fb458696522,d5dc7189-89df-5fd7-983f-1124b6de3d68,connection_request,user,d5dc7189-89df-5fd7-983f-1124b6de3d68,Sara Koskinen,sara.koskinen.demo,true,2026-08-13T10:30:00+00:00
1189,d5dc7189-89df-5fd7-983f-1124b6de3d68,1b1e4344-fde4-5cc2-b82c-4fb458696522,connection_accepted,user,1b1e4344-fde4-5cc2-b82c-4fb458696522,Sofia Virtanen,sofia.virtanen.demo,true,2026-08-13T13:30:00+00:00
1190,10feece1-a2cd-532b-8488-21659a3bee22,ffe47fd1-7989-5728-addd-50b504edd889,connection_request,user,ffe47fd1-7989-5728-addd-50b504edd889,Freja Nielsen,freja.nielsen.demo,true,2026-08-24T10:30:00+00:00
1191,ffe47fd1-7989-5728-addd-50b504edd889,10feece1-a2cd-532b-8488-21659a3bee22,connection_accepted,user,10feece1-a2cd-532b-8488-21659a3bee22,Aitana García,aitana.garcia.demo,true,2026-08-24T13:30:00+00:00
1192,e0b64119-ecb0-52a5-852d-39c211ce337a,ffe47fd1-7989-5728-addd-50b504edd889,connection_request,user,ffe47fd1-7989-5728-addd-50b504edd889,Freja Nielsen,freja.nielsen.demo,true,2026-07-25T10:30:00+00:00
1193,ffe47fd1-7989-5728-addd-50b504edd889,e0b64119-ecb0-52a5-852d-39c211ce337a,connection_accepted,user,e0b64119-ecb0-52a5-852d-39c211ce337a,Nur Izzati Abdullah,nur.izzati.abdullah.demo,true,2026-07-25T13:30:00+00:00
1194,96373821-4bf4-53b8-bd24-bb64bbb3b84e,ffe47fd1-7989-5728-addd-50b504edd889,connection_request,user,ffe47fd1-7989-5728-addd-50b504edd889,Freja Nielsen,freja.nielsen.demo,true,2026-08-25T10:30:00+00:00
1195,ffe47fd1-7989-5728-addd-50b504edd889,96373821-4bf4-53b8-bd24-bb64bbb3b84e,connection_accepted,user,96373821-4bf4-53b8-bd24-bb64bbb3b84e,Nabila Putri,nabila.putri.demo,true,2026-08-25T13:30:00+00:00
1196,02bf8d95-eee4-5287-b363-0551cc4a6d51,20b4182c-90f7-51da-99e8-97ade4d19a92,connection_request,user,20b4182c-90f7-51da-99e8-97ade4d19a92,Alma Sørensen,alma.srensen.demo,true,2026-08-10T10:30:00+00:00
1197,20b4182c-90f7-51da-99e8-97ade4d19a92,02bf8d95-eee4-5287-b363-0551cc4a6d51,connection_accepted,user,02bf8d95-eee4-5287-b363-0551cc4a6d51,Emiliano Cruz,emiliano.cruz.demo,true,2026-08-10T13:30:00+00:00
1198,ef763ec1-f93c-5744-9640-4ca59adf9347,2e2e8079-6c9e-51c9-bc7e-1475045fd514,connection_request,user,2e2e8079-6c9e-51c9-bc7e-1475045fd514,Emil Larsen,emil.larsen.demo,true,2026-07-28T10:30:00+00:00
1199,2e2e8079-6c9e-51c9-bc7e-1475045fd514,ef763ec1-f93c-5744-9640-4ca59adf9347,connection_accepted,user,ef763ec1-f93c-5744-9640-4ca59adf9347,Mikkel Jensen,mikkel.jensen.demo,true,2026-07-28T13:30:00+00:00
1200,ffe47fd1-7989-5728-addd-50b504edd889,2e2e8079-6c9e-51c9-bc7e-1475045fd514,connection_request,user,2e2e8079-6c9e-51c9-bc7e-1475045fd514,Emil Larsen,emil.larsen.demo,true,2026-08-01T10:30:00+00:00
1201,2e2e8079-6c9e-51c9-bc7e-1475045fd514,ffe47fd1-7989-5728-addd-50b504edd889,connection_accepted,user,ffe47fd1-7989-5728-addd-50b504edd889,Freja Nielsen,freja.nielsen.demo,true,2026-08-01T13:30:00+00:00
1202,4c310820-12d3-5128-9a45-973db446b59e,2e2e8079-6c9e-51c9-bc7e-1475045fd514,connection_request,user,2e2e8079-6c9e-51c9-bc7e-1475045fd514,Emil Larsen,emil.larsen.demo,true,2026-08-22T10:30:00+00:00
1203,2e2e8079-6c9e-51c9-bc7e-1475045fd514,4c310820-12d3-5128-9a45-973db446b59e,connection_accepted,user,4c310820-12d3-5128-9a45-973db446b59e,Callum Fraser,callum.fraser.demo,true,2026-08-22T13:30:00+00:00
1204,0e49007f-82be-5238-a956-37d8f7b40d4c,2e2e8079-6c9e-51c9-bc7e-1475045fd514,connection_request,user,2e2e8079-6c9e-51c9-bc7e-1475045fd514,Emil Larsen,emil.larsen.demo,true,2026-08-04T10:30:00+00:00
1205,2e2e8079-6c9e-51c9-bc7e-1475045fd514,0e49007f-82be-5238-a956-37d8f7b40d4c,connection_accepted,user,0e49007f-82be-5238-a956-37d8f7b40d4c,Hira Malik,hira.malik.demo,true,2026-08-04T13:30:00+00:00
1206,64609795-d498-5ea7-ad33-a3bcecf9d962,673e8617-3280-5bfa-85a6-738a6d64aac6,connection_request,user,673e8617-3280-5bfa-85a6-738a6d64aac6,Ida Madsen,ida.madsen.demo,true,2026-08-17T10:30:00+00:00
1207,d16e3cdc-2868-563d-867d-62fa9b8b24ea,673e8617-3280-5bfa-85a6-738a6d64aac6,connection_request,user,673e8617-3280-5bfa-85a6-738a6d64aac6,Ida Madsen,ida.madsen.demo,true,2026-08-22T10:30:00+00:00
1208,673e8617-3280-5bfa-85a6-738a6d64aac6,d16e3cdc-2868-563d-867d-62fa9b8b24ea,connection_accepted,user,d16e3cdc-2868-563d-867d-62fa9b8b24ea,Abena Owusu,abena.owusu.demo,true,2026-08-22T13:30:00+00:00
1209,d9aaa9eb-5304-587b-b0f4-42a2d5930f54,673e8617-3280-5bfa-85a6-738a6d64aac6,connection_request,user,673e8617-3280-5bfa-85a6-738a6d64aac6,Ida Madsen,ida.madsen.demo,true,2026-09-02T10:30:00+00:00
1210,3b932376-f549-5a1c-a24b-664b4bc338e3,a53c485b-a35c-51fb-84a5-364207ce0adb,connection_request,user,a53c485b-a35c-51fb-84a5-364207ce0adb,Lucía Navarro,lucia.navarro.demo,true,2026-08-20T10:30:00+00:00
1211,a53c485b-a35c-51fb-84a5-364207ce0adb,3b932376-f549-5a1c-a24b-664b4bc338e3,connection_accepted,user,3b932376-f549-5a1c-a24b-664b4bc338e3,Mariana Silva,mariana.silva.demo,true,2026-08-20T13:30:00+00:00
1212,da462241-608b-5422-bdbd-0d98184a433d,a53c485b-a35c-51fb-84a5-364207ce0adb,connection_request,user,a53c485b-a35c-51fb-84a5-364207ce0adb,Lucía Navarro,lucia.navarro.demo,true,2026-09-04T10:30:00+00:00
1213,a53c485b-a35c-51fb-84a5-364207ce0adb,da462241-608b-5422-bdbd-0d98184a433d,connection_accepted,user,da462241-608b-5422-bdbd-0d98184a433d,Pablo Romero,pablo.romero.demo,true,2026-09-04T13:30:00+00:00
1214,7f0221a7-4703-52e7-8b26-fa2cd7303c90,da462241-608b-5422-bdbd-0d98184a433d,connection_request,user,da462241-608b-5422-bdbd-0d98184a433d,Pablo Romero,pablo.romero.demo,true,2026-09-07T10:30:00+00:00
1215,da462241-608b-5422-bdbd-0d98184a433d,7f0221a7-4703-52e7-8b26-fa2cd7303c90,connection_accepted,user,7f0221a7-4703-52e7-8b26-fa2cd7303c90,Rizky Pratama,rizky.pratama.demo,true,2026-09-07T13:30:00+00:00
1216,ee289908-380a-5bb3-8fdc-0990b203929b,da462241-608b-5422-bdbd-0d98184a433d,connection_request,user,da462241-608b-5422-bdbd-0d98184a433d,Pablo Romero,pablo.romero.demo,true,2026-08-03T10:30:00+00:00
1217,da462241-608b-5422-bdbd-0d98184a433d,ee289908-380a-5bb3-8fdc-0990b203929b,connection_accepted,user,ee289908-380a-5bb3-8fdc-0990b203929b,Tharushi Fernando,tharushi.fernando.demo,true,2026-08-03T13:30:00+00:00
1218,302b84f9-9053-5cf7-bed0-305678227875,da462241-608b-5422-bdbd-0d98184a433d,connection_request,user,da462241-608b-5422-bdbd-0d98184a433d,Pablo Romero,pablo.romero.demo,true,2026-07-20T10:30:00+00:00
1219,da462241-608b-5422-bdbd-0d98184a433d,302b84f9-9053-5cf7-bed0-305678227875,connection_accepted,user,302b84f9-9053-5cf7-bed0-305678227875,Dechen Dema,dechen.dema.demo,true,2026-07-20T13:30:00+00:00
1220,a992f17b-79b6-5dcf-aed4-2aebaa5775c7,da462241-608b-5422-bdbd-0d98184a433d,connection_request,user,da462241-608b-5422-bdbd-0d98184a433d,Pablo Romero,pablo.romero.demo,true,2026-08-17T10:30:00+00:00
1221,da462241-608b-5422-bdbd-0d98184a433d,a992f17b-79b6-5dcf-aed4-2aebaa5775c7,connection_accepted,user,a992f17b-79b6-5dcf-aed4-2aebaa5775c7,Mahnoor Siddiqui,mahnoor.siddiqui.demo,true,2026-08-17T13:30:00+00:00
1222,1bf86e3f-0e6e-5241-b319-71005237945f,10feece1-a2cd-532b-8488-21659a3bee22,connection_request,user,10feece1-a2cd-532b-8488-21659a3bee22,Aitana García,aitana.garcia.demo,true,2026-07-18T10:30:00+00:00
1223,10feece1-a2cd-532b-8488-21659a3bee22,1bf86e3f-0e6e-5241-b319-71005237945f,connection_accepted,user,1bf86e3f-0e6e-5241-b319-71005237945f,Maryam Al Mansoori,maryam.al.mansoori.demo,true,2026-07-18T13:30:00+00:00
1224,da462241-608b-5422-bdbd-0d98184a433d,10feece1-a2cd-532b-8488-21659a3bee22,connection_request,user,10feece1-a2cd-532b-8488-21659a3bee22,Aitana García,aitana.garcia.demo,true,2026-08-29T10:30:00+00:00
1225,10feece1-a2cd-532b-8488-21659a3bee22,da462241-608b-5422-bdbd-0d98184a433d,connection_accepted,user,da462241-608b-5422-bdbd-0d98184a433d,Pablo Romero,pablo.romero.demo,true,2026-08-29T13:30:00+00:00
1226,10feece1-a2cd-532b-8488-21659a3bee22,44f09dba-7a20-5f46-840b-4670e6c7eb92,connection_request,user,44f09dba-7a20-5f46-840b-4670e6c7eb92,Nerea Etxeberria,nerea.etxeberria.demo,true,2026-08-10T10:30:00+00:00
1227,44f09dba-7a20-5f46-840b-4670e6c7eb92,10feece1-a2cd-532b-8488-21659a3bee22,connection_accepted,user,10feece1-a2cd-532b-8488-21659a3bee22,Aitana García,aitana.garcia.demo,true,2026-08-10T13:30:00+00:00
1228,e1f9b739-b2d3-51e6-9609-05805a6d151c,44f09dba-7a20-5f46-840b-4670e6c7eb92,connection_request,user,44f09dba-7a20-5f46-840b-4670e6c7eb92,Nerea Etxeberria,nerea.etxeberria.demo,true,2026-08-06T10:30:00+00:00
1229,44f09dba-7a20-5f46-840b-4670e6c7eb92,e1f9b739-b2d3-51e6-9609-05805a6d151c,connection_accepted,user,e1f9b739-b2d3-51e6-9609-05805a6d151c,Aino Korhonen,aino.korhonen.demo,true,2026-08-06T13:30:00+00:00
1230,405fd522-6b0d-52fc-b397-dc3ce2e4a2ea,a0a53b38-722a-56e6-a52c-fe0e06169a59,connection_request,user,a0a53b38-722a-56e6-a52c-fe0e06169a59,Giulia Conti,giulia.conti.demo,true,2026-08-14T10:30:00+00:00
1231,a0a53b38-722a-56e6-a52c-fe0e06169a59,405fd522-6b0d-52fc-b397-dc3ce2e4a2ea,connection_accepted,user,405fd522-6b0d-52fc-b397-dc3ce2e4a2ea,Amir El Idrissi,amir.el.idrissi.demo,true,2026-08-14T13:30:00+00:00
1232,f8f213c7-3d61-567e-9735-5e3e9498b892,9a026691-28ff-5880-9da3-006735af19d3,connection_request,user,9a026691-28ff-5880-9da3-006735af19d3,Matteo Ferri,matteo.ferri.demo,true,2026-08-06T10:30:00+00:00
1233,0947c4b9-50d6-50e2-9043-84a15b80e8c7,5421f79d-ed60-5eed-852b-01b379adab9e,connection_request,user,5421f79d-ed60-5eed-852b-01b379adab9e,Chiara Moretti,chiara.moretti.demo,true,2026-09-01T10:30:00+00:00
1234,5421f79d-ed60-5eed-852b-01b379adab9e,0947c4b9-50d6-50e2-9043-84a15b80e8c7,connection_accepted,user,0947c4b9-50d6-50e2-9043-84a15b80e8c7,Layan Al Harbi,layan.al.harbi.demo,true,2026-09-01T13:30:00+00:00
1235,bdc5faf6-386d-5338-99a0-32d156bcbd68,5421f79d-ed60-5eed-852b-01b379adab9e,connection_request,user,5421f79d-ed60-5eed-852b-01b379adab9e,Chiara Moretti,chiara.moretti.demo,true,2026-07-26T10:30:00+00:00
1236,6988340a-a3c1-5fda-a996-711f1723c649,5421f79d-ed60-5eed-852b-01b379adab9e,connection_request,user,5421f79d-ed60-5eed-852b-01b379adab9e,Chiara Moretti,chiara.moretti.demo,true,2026-07-30T10:30:00+00:00
1237,5421f79d-ed60-5eed-852b-01b379adab9e,6988340a-a3c1-5fda-a996-711f1723c649,connection_accepted,user,6988340a-a3c1-5fda-a996-711f1723c649,Zeynep Şahin,zeynep.sahin.demo,true,2026-07-30T13:30:00+00:00
1238,a53c485b-a35c-51fb-84a5-364207ce0adb,5421f79d-ed60-5eed-852b-01b379adab9e,connection_request,user,5421f79d-ed60-5eed-852b-01b379adab9e,Chiara Moretti,chiara.moretti.demo,true,2026-07-20T10:30:00+00:00
1239,5421f79d-ed60-5eed-852b-01b379adab9e,a53c485b-a35c-51fb-84a5-364207ce0adb,connection_accepted,user,a53c485b-a35c-51fb-84a5-364207ce0adb,Lucía Navarro,lucia.navarro.demo,true,2026-07-20T13:30:00+00:00
1240,5421f79d-ed60-5eed-852b-01b379adab9e,45abfe15-6e8d-57cf-bda3-b7ae2b5c0bc7,connection_request,user,45abfe15-6e8d-57cf-bda3-b7ae2b5c0bc7,Lorenzo Bianchi,lorenzo.bianchi.demo,true,2026-08-27T10:30:00+00:00
1241,45abfe15-6e8d-57cf-bda3-b7ae2b5c0bc7,5421f79d-ed60-5eed-852b-01b379adab9e,connection_accepted,user,5421f79d-ed60-5eed-852b-01b379adab9e,Chiara Moretti,chiara.moretti.demo,true,2026-08-27T13:30:00+00:00
1242,ee289908-380a-5bb3-8fdc-0990b203929b,45abfe15-6e8d-57cf-bda3-b7ae2b5c0bc7,connection_request,user,45abfe15-6e8d-57cf-bda3-b7ae2b5c0bc7,Lorenzo Bianchi,lorenzo.bianchi.demo,true,2026-08-23T10:30:00+00:00
1243,729fe171-fa0d-547e-b374-39bd19f4c645,bdc5faf6-386d-5338-99a0-32d156bcbd68,connection_request,user,bdc5faf6-386d-5338-99a0-32d156bcbd68,Sofia Greco,sofia.greco.demo,true,2026-08-03T10:30:00+00:00
1244,bdc5faf6-386d-5338-99a0-32d156bcbd68,729fe171-fa0d-547e-b374-39bd19f4c645,connection_accepted,user,729fe171-fa0d-547e-b374-39bd19f4c645,Reem Al Ghamdi,reem.al.ghamdi.demo,true,2026-08-03T13:30:00+00:00
1245,458287c3-1628-5e26-8930-0d88ae11ce1a,bdc5faf6-386d-5338-99a0-32d156bcbd68,connection_request,user,bdc5faf6-386d-5338-99a0-32d156bcbd68,Sofia Greco,sofia.greco.demo,true,2026-08-31T10:30:00+00:00
1246,10feece1-a2cd-532b-8488-21659a3bee22,bdc5faf6-386d-5338-99a0-32d156bcbd68,connection_request,user,bdc5faf6-386d-5338-99a0-32d156bcbd68,Sofia Greco,sofia.greco.demo,true,2026-08-26T10:30:00+00:00
1247,bdc5faf6-386d-5338-99a0-32d156bcbd68,10feece1-a2cd-532b-8488-21659a3bee22,connection_accepted,user,10feece1-a2cd-532b-8488-21659a3bee22,Aitana García,aitana.garcia.demo,true,2026-08-26T13:30:00+00:00
1248,25797954-b022-582e-8349-e1e2c141368c,51420309-4688-52d6-84b9-51c0dc3a900e,connection_request,user,51420309-4688-52d6-84b9-51c0dc3a900e,Tiago Almeida,tiago.almeida.demo,true,2026-07-23T10:30:00+00:00
1249,51420309-4688-52d6-84b9-51c0dc3a900e,25797954-b022-582e-8349-e1e2c141368c,connection_accepted,user,25797954-b022-582e-8349-e1e2c141368c,Trần Gia Huy,tran.gia.huy.demo,true,2026-07-23T13:30:00+00:00
1250,daa36188-60fd-56a2-938b-70b1b51084b0,7624f38b-fbca-546f-af04-c9dda9318f82,connection_request,user,7624f38b-fbca-546f-af04-c9dda9318f82,Beatriz Sousa,beatriz.sousa.demo,true,2026-09-02T10:30:00+00:00
1251,7624f38b-fbca-546f-af04-c9dda9318f82,daa36188-60fd-56a2-938b-70b1b51084b0,connection_accepted,user,daa36188-60fd-56a2-938b-70b1b51084b0,Zhou Xinyi,zhou.xinyi.demo,true,2026-09-02T13:30:00+00:00
1252,0bd9c807-50b6-567b-befe-96c80ed2fc9d,7624f38b-fbca-546f-af04-c9dda9318f82,connection_request,user,7624f38b-fbca-546f-af04-c9dda9318f82,Beatriz Sousa,beatriz.sousa.demo,true,2026-07-20T10:30:00+00:00
1253,7624f38b-fbca-546f-af04-c9dda9318f82,0bd9c807-50b6-567b-befe-96c80ed2fc9d,connection_accepted,user,0bd9c807-50b6-567b-befe-96c80ed2fc9d,Tobiloba Adeyemi,tobiloba.adeyemi.demo,true,2026-07-20T13:30:00+00:00
1254,3b932376-f549-5a1c-a24b-664b4bc338e3,7624f38b-fbca-546f-af04-c9dda9318f82,connection_request,user,7624f38b-fbca-546f-af04-c9dda9318f82,Beatriz Sousa,beatriz.sousa.demo,true,2026-08-10T10:30:00+00:00
1255,7624f38b-fbca-546f-af04-c9dda9318f82,3b932376-f549-5a1c-a24b-664b4bc338e3,connection_accepted,user,3b932376-f549-5a1c-a24b-664b4bc338e3,Mariana Silva,mariana.silva.demo,true,2026-08-10T13:30:00+00:00
1256,6467241a-6abd-5888-8e87-40e0e86cbc55,7624f38b-fbca-546f-af04-c9dda9318f82,connection_request,user,7624f38b-fbca-546f-af04-c9dda9318f82,Beatriz Sousa,beatriz.sousa.demo,true,2026-09-13T10:30:00+00:00
1257,3b932376-f549-5a1c-a24b-664b4bc338e3,33d87513-60c2-51ff-9ec5-f0f1389ed27e,connection_request,user,33d87513-60c2-51ff-9ec5-f0f1389ed27e,Diogo Ferreira,diogo.ferreira.demo,true,2026-07-18T10:30:00+00:00
1258,33d87513-60c2-51ff-9ec5-f0f1389ed27e,3b932376-f549-5a1c-a24b-664b4bc338e3,connection_accepted,user,3b932376-f549-5a1c-a24b-664b4bc338e3,Mariana Silva,mariana.silva.demo,true,2026-07-18T13:30:00+00:00
1259,33ba5d16-c38c-5bcf-9896-ea8ae81d6e7b,33d87513-60c2-51ff-9ec5-f0f1389ed27e,connection_request,user,33d87513-60c2-51ff-9ec5-f0f1389ed27e,Diogo Ferreira,diogo.ferreira.demo,true,2026-08-25T10:30:00+00:00
1260,64b591cd-4cbe-577a-aba9-ee6912328a58,e137404e-9196-525c-b17a-44dc96d29f29,connection_request,user,e137404e-9196-525c-b17a-44dc96d29f29,Zofia Kowalska,zofia.kowalska.demo,true,2026-08-14T10:30:00+00:00
1261,e137404e-9196-525c-b17a-44dc96d29f29,64b591cd-4cbe-577a-aba9-ee6912328a58,connection_accepted,user,64b591cd-4cbe-577a-aba9-ee6912328a58,Ha-eun Jeong,ha.eun.jeong.demo,true,2026-08-14T13:30:00+00:00
1262,d3175e63-6121-5d55-b429-df91670d9aca,e137404e-9196-525c-b17a-44dc96d29f29,connection_request,user,e137404e-9196-525c-b17a-44dc96d29f29,Zofia Kowalska,zofia.kowalska.demo,true,2026-08-19T10:30:00+00:00
1263,4ec67eb8-4fda-5cbc-bbd1-a6afc7ce8130,e137404e-9196-525c-b17a-44dc96d29f29,connection_request,user,e137404e-9196-525c-b17a-44dc96d29f29,Zofia Kowalska,zofia.kowalska.demo,true,2026-09-12T10:30:00+00:00
1264,e137404e-9196-525c-b17a-44dc96d29f29,4ec67eb8-4fda-5cbc-bbd1-a6afc7ce8130,connection_accepted,user,4ec67eb8-4fda-5cbc-bbd1-a6afc7ce8130,Malik Thompson,malik.thompson.demo,true,2026-09-12T13:30:00+00:00
1265,af808cd8-ab34-515f-a8a0-a1b0719a537b,e137404e-9196-525c-b17a-44dc96d29f29,connection_request,user,e137404e-9196-525c-b17a-44dc96d29f29,Zofia Kowalska,zofia.kowalska.demo,true,2026-08-11T10:30:00+00:00
1266,e137404e-9196-525c-b17a-44dc96d29f29,af808cd8-ab34-515f-a8a0-a1b0719a537b,connection_accepted,user,af808cd8-ab34-515f-a8a0-a1b0719a537b,Elias Andersson,elias.andersson.demo,true,2026-08-11T13:30:00+00:00
1267,a6b8342c-310b-5b88-9c07-602dbd646488,3bc3e38a-5ff7-5330-ab2d-8add18e85d57,connection_request,user,3bc3e38a-5ff7-5330-ab2d-8add18e85d57,Jakub Nowak,jakub.nowak.demo,true,2026-08-25T10:30:00+00:00
1268,3bc3e38a-5ff7-5330-ab2d-8add18e85d57,a6b8342c-310b-5b88-9c07-602dbd646488,connection_accepted,user,a6b8342c-310b-5b88-9c07-602dbd646488,Ji-ho Kang,ji.ho.kang.demo,true,2026-08-25T13:30:00+00:00
1269,6cf4bb40-4d81-5eb3-b9d9-5841cd55724e,3bc3e38a-5ff7-5330-ab2d-8add18e85d57,connection_request,user,3bc3e38a-5ff7-5330-ab2d-8add18e85d57,Jakub Nowak,jakub.nowak.demo,true,2026-09-14T10:30:00+00:00
1270,3bc3e38a-5ff7-5330-ab2d-8add18e85d57,6cf4bb40-4d81-5eb3-b9d9-5841cd55724e,connection_accepted,user,6cf4bb40-4d81-5eb3-b9d9-5841cd55724e,Alicja Wójcik,alicja.wojcik.demo,true,2026-09-14T13:30:00+00:00
1271,e5b7ccce-2cb7-5b6e-95a5-32ffacbca87f,610e9654-06d6-5e55-959b-377b8749b8f9,connection_request,user,610e9654-06d6-5e55-959b-377b8749b8f9,Kacper Zieliński,kacper.zielinski.demo,true,2026-08-18T10:30:00+00:00
1272,610e9654-06d6-5e55-959b-377b8749b8f9,e5b7ccce-2cb7-5b6e-95a5-32ffacbca87f,connection_accepted,user,e5b7ccce-2cb7-5b6e-95a5-32ffacbca87f,Li Haoran,li.haoran.demo,true,2026-08-18T13:30:00+00:00
1273,a0a53b38-722a-56e6-a52c-fe0e06169a59,6cf4bb40-4d81-5eb3-b9d9-5841cd55724e,connection_request,user,6cf4bb40-4d81-5eb3-b9d9-5841cd55724e,Alicja Wójcik,alicja.wojcik.demo,true,2026-08-30T10:30:00+00:00
1274,6cf4bb40-4d81-5eb3-b9d9-5841cd55724e,a0a53b38-722a-56e6-a52c-fe0e06169a59,connection_accepted,user,a0a53b38-722a-56e6-a52c-fe0e06169a59,Giulia Conti,giulia.conti.demo,true,2026-08-30T13:30:00+00:00
1275,554a90ae-c448-548d-a552-cd8f1c340cbd,6cf4bb40-4d81-5eb3-b9d9-5841cd55724e,connection_request,user,6cf4bb40-4d81-5eb3-b9d9-5841cd55724e,Alicja Wójcik,alicja.wojcik.demo,false,2026-09-17T10:30:00+00:00
1276,e137404e-9196-525c-b17a-44dc96d29f29,6cf4bb40-4d81-5eb3-b9d9-5841cd55724e,connection_request,user,6cf4bb40-4d81-5eb3-b9d9-5841cd55724e,Alicja Wójcik,alicja.wojcik.demo,true,2026-07-17T10:30:00+00:00
1277,6cf4bb40-4d81-5eb3-b9d9-5841cd55724e,e137404e-9196-525c-b17a-44dc96d29f29,connection_accepted,user,e137404e-9196-525c-b17a-44dc96d29f29,Zofia Kowalska,zofia.kowalska.demo,true,2026-07-17T13:30:00+00:00
1278,d9fbcbde-376a-5f82-9fb5-268a24b02d57,cd8c4c60-ab9b-5cf3-996e-d4fbb990f4c6,connection_request,user,cd8c4c60-ab9b-5cf3-996e-d4fbb990f4c6,Naomi Brooks,naomi.brooks.demo,true,2026-09-09T10:30:00+00:00
1279,cd8c4c60-ab9b-5cf3-996e-d4fbb990f4c6,d9fbcbde-376a-5f82-9fb5-268a24b02d57,connection_accepted,user,d9fbcbde-376a-5f82-9fb5-268a24b02d57,Niruta Adhikari,niruta.adhikari.demo,true,2026-09-09T13:30:00+00:00
1280,35e87bcc-650c-5e3f-9741-3f0c54905b6f,cd8c4c60-ab9b-5cf3-996e-d4fbb990f4c6,connection_request,user,cd8c4c60-ab9b-5cf3-996e-d4fbb990f4c6,Naomi Brooks,naomi.brooks.demo,true,2026-08-27T10:30:00+00:00
1281,cd8c4c60-ab9b-5cf3-996e-d4fbb990f4c6,35e87bcc-650c-5e3f-9741-3f0c54905b6f,connection_accepted,user,35e87bcc-650c-5e3f-9741-3f0c54905b6f,Kofi Asante,kofi.asante.demo,true,2026-08-27T13:30:00+00:00
1282,a36cd93c-2f0c-5956-9a51-8094e39a7bed,cd8c4c60-ab9b-5cf3-996e-d4fbb990f4c6,connection_request,user,cd8c4c60-ab9b-5cf3-996e-d4fbb990f4c6,Naomi Brooks,naomi.brooks.demo,true,2026-08-29T10:30:00+00:00
1283,cd8c4c60-ab9b-5cf3-996e-d4fbb990f4c6,a36cd93c-2f0c-5956-9a51-8094e39a7bed,connection_accepted,user,a36cd93c-2f0c-5956-9a51-8094e39a7bed,Do-yun Lee,do.yun.lee.demo,true,2026-08-29T13:30:00+00:00
1284,d5dc7189-89df-5fd7-983f-1124b6de3d68,878bb7d9-5569-5efb-bbd1-5e39d62d594d,connection_request,user,878bb7d9-5569-5efb-bbd1-5e39d62d594d,Mateo Rivera,mateo.rivera.demo,true,2026-08-29T10:30:00+00:00
1285,878bb7d9-5569-5efb-bbd1-5e39d62d594d,d5dc7189-89df-5fd7-983f-1124b6de3d68,connection_accepted,user,d5dc7189-89df-5fd7-983f-1124b6de3d68,Sara Koskinen,sara.koskinen.demo,true,2026-08-29T13:30:00+00:00
1286,4c2177ab-592a-5e4a-b25b-8bb3f8090555,878bb7d9-5569-5efb-bbd1-5e39d62d594d,connection_request,user,878bb7d9-5569-5efb-bbd1-5e39d62d594d,Mateo Rivera,mateo.rivera.demo,true,2026-07-24T10:30:00+00:00
1287,878bb7d9-5569-5efb-bbd1-5e39d62d594d,4c2177ab-592a-5e4a-b25b-8bb3f8090555,connection_accepted,user,4c2177ab-592a-5e4a-b25b-8bb3f8090555,Sagar Tamang,sagar.tamang.demo,true,2026-07-24T13:30:00+00:00
1288,6ab0c42d-0ad5-5b3d-9c6c-4ab9eaa47586,878bb7d9-5569-5efb-bbd1-5e39d62d594d,connection_request,user,878bb7d9-5569-5efb-bbd1-5e39d62d594d,Mateo Rivera,mateo.rivera.demo,true,2026-07-16T10:30:00+00:00
1289,878bb7d9-5569-5efb-bbd1-5e39d62d594d,6ab0c42d-0ad5-5b3d-9c6c-4ab9eaa47586,connection_accepted,user,6ab0c42d-0ad5-5b3d-9c6c-4ab9eaa47586,Haruka Fujimoto,haruka.fujimoto.demo,true,2026-07-16T13:30:00+00:00
1290,6ecf180b-be59-594c-a33b-31bd0120f01f,878bb7d9-5569-5efb-bbd1-5e39d62d594d,connection_request,user,878bb7d9-5569-5efb-bbd1-5e39d62d594d,Mateo Rivera,mateo.rivera.demo,true,2026-08-04T10:30:00+00:00
1291,4ec67eb8-4fda-5cbc-bbd1-a6afc7ce8130,ea7edc0e-b64d-545f-b311-b4ee943f2935,connection_request,user,ea7edc0e-b64d-545f-b311-b4ee943f2935,Caleb Nguyen,caleb.nguyen.demo,true,2026-07-24T10:30:00+00:00
1292,ea7edc0e-b64d-545f-b311-b4ee943f2935,4ec67eb8-4fda-5cbc-bbd1-a6afc7ce8130,connection_accepted,user,4ec67eb8-4fda-5cbc-bbd1-a6afc7ce8130,Malik Thompson,malik.thompson.demo,true,2026-07-24T13:30:00+00:00
1293,5ccdaadc-80b2-50e1-a0c1-bad0246a7cf2,ea7edc0e-b64d-545f-b311-b4ee943f2935,connection_request,user,ea7edc0e-b64d-545f-b311-b4ee943f2935,Caleb Nguyen,caleb.nguyen.demo,true,2026-09-09T10:30:00+00:00
1294,ea7edc0e-b64d-545f-b311-b4ee943f2935,5ccdaadc-80b2-50e1-a0c1-bad0246a7cf2,connection_accepted,user,5ccdaadc-80b2-50e1-a0c1-bad0246a7cf2,Ren Takahashi,ren.takahashi.demo,true,2026-09-09T13:30:00+00:00
1295,3bc3e38a-5ff7-5330-ab2d-8add18e85d57,6ecf180b-be59-594c-a33b-31bd0120f01f,connection_request,user,6ecf180b-be59-594c-a33b-31bd0120f01f,Imani Jackson,imani.jackson.demo,true,2026-08-29T10:30:00+00:00
1296,6ecf180b-be59-594c-a33b-31bd0120f01f,3bc3e38a-5ff7-5330-ab2d-8add18e85d57,connection_accepted,user,3bc3e38a-5ff7-5330-ab2d-8add18e85d57,Jakub Nowak,jakub.nowak.demo,true,2026-08-29T13:30:00+00:00
1297,adfbbf3c-5175-5e0a-bf98-b8854f2081c2,6ecf180b-be59-594c-a33b-31bd0120f01f,connection_request,user,6ecf180b-be59-594c-a33b-31bd0120f01f,Imani Jackson,imani.jackson.demo,true,2026-07-31T10:30:00+00:00
1298,6ecf180b-be59-594c-a33b-31bd0120f01f,adfbbf3c-5175-5e0a-bf98-b8854f2081c2,connection_accepted,user,adfbbf3c-5175-5e0a-bf98-b8854f2081c2,Lachlan Bennett,lachlan.bennett.demo,true,2026-07-31T13:30:00+00:00
1299,63fdd1e3-9db3-5b05-9799-510eea6abab7,096499d2-73d6-5063-9dd4-a7c1aebac61d,connection_request,user,096499d2-73d6-5063-9dd4-a7c1aebac61d,Émilie Gagnon,emilie.gagnon.demo,true,2026-08-24T10:30:00+00:00
1300,096499d2-73d6-5063-9dd4-a7c1aebac61d,63fdd1e3-9db3-5b05-9799-510eea6abab7,connection_accepted,user,63fdd1e3-9db3-5b05-9799-510eea6abab7,Sofia Chen,sofia.chen.demo,true,2026-08-24T13:30:00+00:00
1301,1767869f-381f-59b9-acac-01da2d539e40,096499d2-73d6-5063-9dd4-a7c1aebac61d,connection_request,user,096499d2-73d6-5063-9dd4-a7c1aebac61d,Émilie Gagnon,emilie.gagnon.demo,true,2026-09-04T10:30:00+00:00
1302,096499d2-73d6-5063-9dd4-a7c1aebac61d,1767869f-381f-59b9-acac-01da2d539e40,connection_accepted,user,1767869f-381f-59b9-acac-01da2d539e40,Ishita Kulkarni,ishita.kulkarni.demo,true,2026-09-04T13:30:00+00:00
1303,651ce25b-8132-52d9-8f74-889f22c3bb5c,64609795-d498-5ea7-ad33-a3bcecf9d962,connection_request,user,64609795-d498-5ea7-ad33-a3bcecf9d962,Rohan Gill,rohan.gill.demo,true,2026-08-17T10:30:00+00:00
1304,64609795-d498-5ea7-ad33-a3bcecf9d962,651ce25b-8132-52d9-8f74-889f22c3bb5c,connection_accepted,user,651ce25b-8132-52d9-8f74-889f22c3bb5c,Evie Bennett,evie.bennett.demo,true,2026-08-17T13:30:00+00:00
1305,9d1c460b-bd0b-57ff-ac14-f2b10f73edd3,64609795-d498-5ea7-ad33-a3bcecf9d962,connection_request,user,64609795-d498-5ea7-ad33-a3bcecf9d962,Rohan Gill,rohan.gill.demo,true,2026-07-18T10:30:00+00:00
1306,096499d2-73d6-5063-9dd4-a7c1aebac61d,64609795-d498-5ea7-ad33-a3bcecf9d962,connection_request,user,64609795-d498-5ea7-ad33-a3bcecf9d962,Rohan Gill,rohan.gill.demo,true,2026-07-22T10:30:00+00:00
1307,64609795-d498-5ea7-ad33-a3bcecf9d962,096499d2-73d6-5063-9dd4-a7c1aebac61d,connection_accepted,user,096499d2-73d6-5063-9dd4-a7c1aebac61d,Émilie Gagnon,emilie.gagnon.demo,true,2026-07-22T13:30:00+00:00
1308,88a268b0-6bca-5583-b041-ffdbc51be7e6,9d1c460b-bd0b-57ff-ac14-f2b10f73edd3,connection_request,user,9d1c460b-bd0b-57ff-ac14-f2b10f73edd3,Avery Campbell,avery.campbell.demo,true,2026-09-15T10:30:00+00:00
1309,9d1c460b-bd0b-57ff-ac14-f2b10f73edd3,88a268b0-6bca-5583-b041-ffdbc51be7e6,connection_accepted,user,88a268b0-6bca-5583-b041-ffdbc51be7e6,Sumaiya Akter,sumaiya.akter.demo,true,2026-09-15T13:30:00+00:00
1310,53f78f7e-e2df-586b-b483-5748c92d0f9f,9d1c460b-bd0b-57ff-ac14-f2b10f73edd3,connection_request,user,9d1c460b-bd0b-57ff-ac14-f2b10f73edd3,Avery Campbell,avery.campbell.demo,true,2026-08-04T10:30:00+00:00
1311,9d1c460b-bd0b-57ff-ac14-f2b10f73edd3,53f78f7e-e2df-586b-b483-5748c92d0f9f,connection_accepted,user,53f78f7e-e2df-586b-b483-5748c92d0f9f,Priyanka Shah,priyanka.shah.demo,true,2026-08-04T13:30:00+00:00
1312,63fdd1e3-9db3-5b05-9799-510eea6abab7,9d1c460b-bd0b-57ff-ac14-f2b10f73edd3,connection_request,user,9d1c460b-bd0b-57ff-ac14-f2b10f73edd3,Avery Campbell,avery.campbell.demo,true,2026-07-18T10:30:00+00:00
1313,9d1c460b-bd0b-57ff-ac14-f2b10f73edd3,63fdd1e3-9db3-5b05-9799-510eea6abab7,connection_accepted,user,63fdd1e3-9db3-5b05-9799-510eea6abab7,Sofia Chen,sofia.chen.demo,true,2026-07-18T13:30:00+00:00
1314,878bb7d9-5569-5efb-bbd1-5e39d62d594d,63fdd1e3-9db3-5b05-9799-510eea6abab7,connection_request,user,63fdd1e3-9db3-5b05-9799-510eea6abab7,Sofia Chen,sofia.chen.demo,true,2026-07-20T10:30:00+00:00
1315,63fdd1e3-9db3-5b05-9799-510eea6abab7,878bb7d9-5569-5efb-bbd1-5e39d62d594d,connection_accepted,user,878bb7d9-5569-5efb-bbd1-5e39d62d594d,Mateo Rivera,mateo.rivera.demo,true,2026-07-20T13:30:00+00:00
1316,5ccdaadc-80b2-50e1-a0c1-bad0246a7cf2,4ec67eb8-4fda-5cbc-bbd1-a6afc7ce8130,connection_request,user,4ec67eb8-4fda-5cbc-bbd1-a6afc7ce8130,Malik Thompson,malik.thompson.demo,true,2026-09-12T10:30:00+00:00
1317,4ec67eb8-4fda-5cbc-bbd1-a6afc7ce8130,5ccdaadc-80b2-50e1-a0c1-bad0246a7cf2,connection_accepted,user,5ccdaadc-80b2-50e1-a0c1-bad0246a7cf2,Ren Takahashi,ren.takahashi.demo,true,2026-09-12T13:30:00+00:00
1318,8ae0340a-8eaf-5e9d-9db0-ac449334023d,4ec67eb8-4fda-5cbc-bbd1-a6afc7ce8130,connection_request,user,4ec67eb8-4fda-5cbc-bbd1-a6afc7ce8130,Malik Thompson,malik.thompson.demo,true,2026-09-05T10:30:00+00:00
1319,b7180518-4b5b-54ef-9060-958212d05ab7,4ec67eb8-4fda-5cbc-bbd1-a6afc7ce8130,connection_request,user,4ec67eb8-4fda-5cbc-bbd1-a6afc7ce8130,Malik Thompson,malik.thompson.demo,true,2026-07-16T10:30:00+00:00
1320,4ec67eb8-4fda-5cbc-bbd1-a6afc7ce8130,b7180518-4b5b-54ef-9060-958212d05ab7,connection_accepted,user,b7180518-4b5b-54ef-9060-958212d05ab7,Sipho Dlamini,sipho.dlamini.demo,true,2026-07-16T13:30:00+00:00
1321,dfe9e449-d177-56af-a679-d3e1c78c5c02,4ec67eb8-4fda-5cbc-bbd1-a6afc7ce8130,connection_request,user,4ec67eb8-4fda-5cbc-bbd1-a6afc7ce8130,Malik Thompson,malik.thompson.demo,true,2026-08-26T10:30:00+00:00
1322,4ec67eb8-4fda-5cbc-bbd1-a6afc7ce8130,dfe9e449-d177-56af-a679-d3e1c78c5c02,connection_accepted,user,dfe9e449-d177-56af-a679-d3e1c78c5c02,Bea Mendoza,bea.mendoza.demo,true,2026-08-26T13:30:00+00:00
1323,e502b694-466f-5e1f-9293-146b264ae20c,44a33563-638c-52da-ae01-285f43dfcb99,connection_request,user,44a33563-638c-52da-ae01-285f43dfcb99,Valeria Torres,valeria.torres.demo,true,2026-09-01T10:30:00+00:00
1324,44a33563-638c-52da-ae01-285f43dfcb99,e502b694-466f-5e1f-9293-146b264ae20c,connection_accepted,user,e502b694-466f-5e1f-9293-146b264ae20c,Areeba Khan,areeba.khan.demo,true,2026-09-01T13:30:00+00:00
1325,096499d2-73d6-5063-9dd4-a7c1aebac61d,58074159-53d7-5a52-8436-d84a05af35a9,connection_request,user,58074159-53d7-5a52-8436-d84a05af35a9,Camila Ruiz,camila.ruiz.demo,true,2026-08-29T10:30:00+00:00
1326,58074159-53d7-5a52-8436-d84a05af35a9,096499d2-73d6-5063-9dd4-a7c1aebac61d,connection_accepted,user,096499d2-73d6-5063-9dd4-a7c1aebac61d,Émilie Gagnon,emilie.gagnon.demo,true,2026-08-29T13:30:00+00:00
1327,2e2e8079-6c9e-51c9-bc7e-1475045fd514,58074159-53d7-5a52-8436-d84a05af35a9,connection_request,user,58074159-53d7-5a52-8436-d84a05af35a9,Camila Ruiz,camila.ruiz.demo,false,2026-09-18T10:30:00+00:00
1328,58074159-53d7-5a52-8436-d84a05af35a9,2e2e8079-6c9e-51c9-bc7e-1475045fd514,connection_accepted,user,2e2e8079-6c9e-51c9-bc7e-1475045fd514,Emil Larsen,emil.larsen.demo,false,2026-09-18T13:30:00+00:00
1329,02bf8d95-eee4-5287-b363-0551cc4a6d51,58074159-53d7-5a52-8436-d84a05af35a9,connection_request,user,58074159-53d7-5a52-8436-d84a05af35a9,Camila Ruiz,camila.ruiz.demo,true,2026-07-27T10:30:00+00:00
1330,58074159-53d7-5a52-8436-d84a05af35a9,02bf8d95-eee4-5287-b363-0551cc4a6d51,connection_accepted,user,02bf8d95-eee4-5287-b363-0551cc4a6d51,Emiliano Cruz,emiliano.cruz.demo,true,2026-07-27T13:30:00+00:00
1331,f4b545d6-b6c0-54b8-847e-101d68428b48,d9aaa9eb-5304-587b-b0f4-42a2d5930f54,connection_request,user,d9aaa9eb-5304-587b-b0f4-42a2d5930f54,Santiago Morales,santiago.morales.demo,true,2026-09-10T10:30:00+00:00
1332,d9aaa9eb-5304-587b-b0f4-42a2d5930f54,f4b545d6-b6c0-54b8-847e-101d68428b48,connection_accepted,user,f4b545d6-b6c0-54b8-847e-101d68428b48,Nur Aisyah Rahman,nur.aisyah.rahman.demo,true,2026-09-10T13:30:00+00:00
1333,d6b81cb4-a299-5894-baa5-463cb63679a3,d9aaa9eb-5304-587b-b0f4-42a2d5930f54,connection_request,user,d9aaa9eb-5304-587b-b0f4-42a2d5930f54,Santiago Morales,santiago.morales.demo,true,2026-07-29T10:30:00+00:00
1334,d9aaa9eb-5304-587b-b0f4-42a2d5930f54,d6b81cb4-a299-5894-baa5-463cb63679a3,connection_accepted,user,d6b81cb4-a299-5894-baa5-463cb63679a3,Mariam Hassan,mariam.hassan.demo,true,2026-07-29T13:30:00+00:00
1335,37b7aed3-d207-54f7-b4ec-0e05c50eaeb2,4307ee18-2e16-50be-abbc-db160bb8e8fd,connection_request,user,4307ee18-2e16-50be-abbc-db160bb8e8fd,Regina Flores,regina.flores.demo,true,2026-09-17T10:30:00+00:00
1336,4307ee18-2e16-50be-abbc-db160bb8e8fd,37b7aed3-d207-54f7-b4ec-0e05c50eaeb2,connection_accepted,user,37b7aed3-d207-54f7-b4ec-0e05c50eaeb2,Ruby Fletcher,ruby.fletcher.demo,true,2026-09-17T13:30:00+00:00
1337,a60d0128-bffa-5d2d-9915-36693e6bc3ba,49a9d8f7-08ea-5972-af3a-0ca0a6c06e59,connection_request,user,49a9d8f7-08ea-5972-af3a-0ca0a6c06e59,Luana Ribeiro,luana.ribeiro.demo,true,2026-08-22T10:30:00+00:00
1338,49a9d8f7-08ea-5972-af3a-0ca0a6c06e59,a60d0128-bffa-5d2d-9915-36693e6bc3ba,connection_accepted,user,a60d0128-bffa-5d2d-9915-36693e6bc3ba,Niamh Byrne,niamh.byrne.demo,true,2026-08-22T13:30:00+00:00
1339,e7c63421-97d2-555e-9731-46cb0f04f637,49a9d8f7-08ea-5972-af3a-0ca0a6c06e59,connection_request,user,49a9d8f7-08ea-5972-af3a-0ca0a6c06e59,Luana Ribeiro,luana.ribeiro.demo,true,2026-09-01T10:30:00+00:00
1340,49a9d8f7-08ea-5972-af3a-0ca0a6c06e59,e7c63421-97d2-555e-9731-46cb0f04f637,connection_accepted,user,e7c63421-97d2-555e-9731-46cb0f04f637,Gabriel Oliveira,gabriel.oliveira.demo,true,2026-09-01T13:30:00+00:00
1341,e21dfd78-ea9f-5754-a3b2-3b3b66dd30b5,e7c63421-97d2-555e-9731-46cb0f04f637,connection_request,user,e7c63421-97d2-555e-9731-46cb0f04f637,Gabriel Oliveira,gabriel.oliveira.demo,true,2026-07-18T10:30:00+00:00
1342,84047d01-74e6-5a08-a20e-b5c25e3eff3e,e7c63421-97d2-555e-9731-46cb0f04f637,connection_request,user,e7c63421-97d2-555e-9731-46cb0f04f637,Gabriel Oliveira,gabriel.oliveira.demo,true,2026-07-28T10:30:00+00:00
1343,e7c63421-97d2-555e-9731-46cb0f04f637,84047d01-74e6-5a08-a20e-b5c25e3eff3e,connection_accepted,user,84047d01-74e6-5a08-a20e-b5c25e3eff3e,Kavin Sivarajah,kavin.sivarajah.demo,true,2026-07-28T13:30:00+00:00
1344,10feece1-a2cd-532b-8488-21659a3bee22,e7c63421-97d2-555e-9731-46cb0f04f637,connection_request,user,e7c63421-97d2-555e-9731-46cb0f04f637,Gabriel Oliveira,gabriel.oliveira.demo,true,2026-08-26T10:30:00+00:00
1345,e7c63421-97d2-555e-9731-46cb0f04f637,10feece1-a2cd-532b-8488-21659a3bee22,connection_accepted,user,10feece1-a2cd-532b-8488-21659a3bee22,Aitana García,aitana.garcia.demo,true,2026-08-26T13:30:00+00:00
1346,e747fee0-a84b-5f51-98a3-7481903c9023,e7c63421-97d2-555e-9731-46cb0f04f637,connection_request,user,e7c63421-97d2-555e-9731-46cb0f04f637,Gabriel Oliveira,gabriel.oliveira.demo,true,2026-08-04T10:30:00+00:00
1347,e7c63421-97d2-555e-9731-46cb0f04f637,e747fee0-a84b-5f51-98a3-7481903c9023,connection_accepted,user,e747fee0-a84b-5f51-98a3-7481903c9023,Hannah Richter,hannah.richter.demo,true,2026-08-04T13:30:00+00:00
1348,ae96d203-7a11-52ed-9e02-cd93c3dda603,b897da16-1a55-5740-8129-7d502e6f44b8,connection_request,user,b897da16-1a55-5740-8129-7d502e6f44b8,Beatriz Carvalho,beatriz.carvalho.demo,true,2026-09-10T10:30:00+00:00
1349,5a4b137d-2ebb-5c75-8cdd-bf77406b4b9f,0e992dba-f631-52d1-b7e3-76faec77c33f,connection_request,user,0e992dba-f631-52d1-b7e3-76faec77c33f,Camila Santos,camila.santos.demo,true,2026-08-23T10:30:00+00:00
1350,0e992dba-f631-52d1-b7e3-76faec77c33f,5a4b137d-2ebb-5c75-8cdd-bf77406b4b9f,connection_accepted,user,5a4b137d-2ebb-5c75-8cdd-bf77406b4b9f,Arjun Nair,arjun.nair.demo,true,2026-08-23T13:30:00+00:00
1351,8fa5b823-1a70-59f7-9bb2-b3d5f36dc82b,473b12ab-4d0d-5b7f-89b2-c0a1e2405c60,connection_request,user,473b12ab-4d0d-5b7f-89b2-c0a1e2405c60,Martina Sosa,martina.sosa.demo,true,2026-07-16T10:30:00+00:00
1352,473b12ab-4d0d-5b7f-89b2-c0a1e2405c60,8fa5b823-1a70-59f7-9bb2-b3d5f36dc82b,connection_accepted,user,8fa5b823-1a70-59f7-9bb2-b3d5f36dc82b,Lucía Fernández,lucia.fernandez.demo,true,2026-07-16T13:30:00+00:00
1353,9a026691-28ff-5880-9da3-006735af19d3,473b12ab-4d0d-5b7f-89b2-c0a1e2405c60,connection_request,user,473b12ab-4d0d-5b7f-89b2-c0a1e2405c60,Martina Sosa,martina.sosa.demo,true,2026-07-17T10:30:00+00:00
1354,6720265f-9f2b-5485-bf24-54e1784991b6,473b12ab-4d0d-5b7f-89b2-c0a1e2405c60,connection_request,user,473b12ab-4d0d-5b7f-89b2-c0a1e2405c60,Martina Sosa,martina.sosa.demo,true,2026-09-10T10:30:00+00:00
1355,473b12ab-4d0d-5b7f-89b2-c0a1e2405c60,6720265f-9f2b-5485-bf24-54e1784991b6,connection_accepted,user,6720265f-9f2b-5485-bf24-54e1784991b6,Agustina Pereyra,agustina.pereyra.demo,true,2026-09-10T13:30:00+00:00
1356,f22a7317-9c2b-5d13-99b9-1a1622094bb3,88820056-e901-59a1-b2ca-c4e813b34f7b,connection_request,user,88820056-e901-59a1-b2ca-c4e813b34f7b,Tomás Benítez,tomas.benitez.demo,true,2026-08-01T10:30:00+00:00
1357,88820056-e901-59a1-b2ca-c4e813b34f7b,f22a7317-9c2b-5d13-99b9-1a1622094bb3,connection_accepted,user,f22a7317-9c2b-5d13-99b9-1a1622094bb3,Tashi Wangchuk,tashi.wangchuk.demo,true,2026-08-01T13:30:00+00:00
1358,88820056-e901-59a1-b2ca-c4e813b34f7b,6720265f-9f2b-5485-bf24-54e1784991b6,connection_request,user,6720265f-9f2b-5485-bf24-54e1784991b6,Agustina Pereyra,agustina.pereyra.demo,true,2026-09-01T10:30:00+00:00
1359,6720265f-9f2b-5485-bf24-54e1784991b6,88820056-e901-59a1-b2ca-c4e813b34f7b,connection_accepted,user,88820056-e901-59a1-b2ca-c4e813b34f7b,Tomás Benítez,tomas.benitez.demo,true,2026-09-01T13:30:00+00:00
1360,a992f17b-79b6-5dcf-aed4-2aebaa5775c7,6720265f-9f2b-5485-bf24-54e1784991b6,connection_request,user,6720265f-9f2b-5485-bf24-54e1784991b6,Agustina Pereyra,agustina.pereyra.demo,true,2026-08-26T10:30:00+00:00
1361,6720265f-9f2b-5485-bf24-54e1784991b6,fbdfefdb-ca2d-5a0e-87ed-62021c1c11d4,connection_request,user,fbdfefdb-ca2d-5a0e-87ed-62021c1c11d4,Mateo Acosta,mateo.acosta.demo,true,2026-08-28T10:30:00+00:00
1362,fbdfefdb-ca2d-5a0e-87ed-62021c1c11d4,6720265f-9f2b-5485-bf24-54e1784991b6,connection_accepted,user,6720265f-9f2b-5485-bf24-54e1784991b6,Agustina Pereyra,agustina.pereyra.demo,true,2026-08-28T13:30:00+00:00
1363,e747fee0-a84b-5f51-98a3-7481903c9023,fbdfefdb-ca2d-5a0e-87ed-62021c1c11d4,connection_request,user,fbdfefdb-ca2d-5a0e-87ed-62021c1c11d4,Mateo Acosta,mateo.acosta.demo,true,2026-08-06T10:30:00+00:00
1364,ab45f9eb-3fee-5ea5-bccb-faffc50f3e76,fbdfefdb-ca2d-5a0e-87ed-62021c1c11d4,connection_request,user,fbdfefdb-ca2d-5a0e-87ed-62021c1c11d4,Mateo Acosta,mateo.acosta.demo,true,2026-07-26T10:30:00+00:00
1365,fbdfefdb-ca2d-5a0e-87ed-62021c1c11d4,ab45f9eb-3fee-5ea5-bccb-faffc50f3e76,connection_accepted,user,ab45f9eb-3fee-5ea5-bccb-faffc50f3e76,Ploypailin Thongdee,ploypailin.thongdee.demo,true,2026-07-26T13:30:00+00:00
1366,1bf86e3f-0e6e-5241-b319-71005237945f,fbdfefdb-ca2d-5a0e-87ed-62021c1c11d4,connection_request,user,fbdfefdb-ca2d-5a0e-87ed-62021c1c11d4,Mateo Acosta,mateo.acosta.demo,true,2026-08-30T10:30:00+00:00
1367,fbdfefdb-ca2d-5a0e-87ed-62021c1c11d4,1bf86e3f-0e6e-5241-b319-71005237945f,connection_accepted,user,1bf86e3f-0e6e-5241-b319-71005237945f,Maryam Al Mansoori,maryam.al.mansoori.demo,true,2026-08-30T13:30:00+00:00
1368,44a33563-638c-52da-ae01-285f43dfcb99,8fa5b823-1a70-59f7-9bb2-b3d5f36dc82b,connection_request,user,8fa5b823-1a70-59f7-9bb2-b3d5f36dc82b,Lucía Fernández,lucia.fernandez.demo,true,2026-07-31T10:30:00+00:00
1369,8fa5b823-1a70-59f7-9bb2-b3d5f36dc82b,44a33563-638c-52da-ae01-285f43dfcb99,connection_accepted,user,44a33563-638c-52da-ae01-285f43dfcb99,Valeria Torres,valeria.torres.demo,true,2026-07-31T13:30:00+00:00
1370,a0a53b38-722a-56e6-a52c-fe0e06169a59,0bd9c807-50b6-567b-befe-96c80ed2fc9d,connection_request,user,0bd9c807-50b6-567b-befe-96c80ed2fc9d,Tobiloba Adeyemi,tobiloba.adeyemi.demo,true,2026-07-28T10:30:00+00:00
1371,0bd9c807-50b6-567b-befe-96c80ed2fc9d,a0a53b38-722a-56e6-a52c-fe0e06169a59,connection_accepted,user,a0a53b38-722a-56e6-a52c-fe0e06169a59,Giulia Conti,giulia.conti.demo,true,2026-07-28T13:30:00+00:00
1372,daa36188-60fd-56a2-938b-70b1b51084b0,0bd9c807-50b6-567b-befe-96c80ed2fc9d,connection_request,user,0bd9c807-50b6-567b-befe-96c80ed2fc9d,Tobiloba Adeyemi,tobiloba.adeyemi.demo,true,2026-08-13T10:30:00+00:00
1373,0bd9c807-50b6-567b-befe-96c80ed2fc9d,daa36188-60fd-56a2-938b-70b1b51084b0,connection_accepted,user,daa36188-60fd-56a2-938b-70b1b51084b0,Zhou Xinyi,zhou.xinyi.demo,true,2026-08-13T13:30:00+00:00
1374,fb400c3e-ecd0-522e-8b8e-1323946be71a,0bd9c807-50b6-567b-befe-96c80ed2fc9d,connection_request,user,0bd9c807-50b6-567b-befe-96c80ed2fc9d,Tobiloba Adeyemi,tobiloba.adeyemi.demo,true,2026-08-01T10:30:00+00:00
1375,0bd9c807-50b6-567b-befe-96c80ed2fc9d,fb400c3e-ecd0-522e-8b8e-1323946be71a,connection_accepted,user,fb400c3e-ecd0-522e-8b8e-1323946be71a,Kelechi Nnamdi,kelechi.nnamdi.demo,true,2026-08-01T13:30:00+00:00
1376,ec6d706d-7dba-534b-8700-e6752dbd06e1,c6286e16-5e03-594c-aa67-861b8ba91b33,connection_request,user,c6286e16-5e03-594c-aa67-861b8ba91b33,Aisha Ibrahim,aisha.ibrahim.demo,true,2026-07-24T10:30:00+00:00
1377,c6286e16-5e03-594c-aa67-861b8ba91b33,ec6d706d-7dba-534b-8700-e6752dbd06e1,connection_accepted,user,ec6d706d-7dba-534b-8700-e6752dbd06e1,Camille Bernard,camille.bernard.demo,true,2026-07-24T13:30:00+00:00
1378,9edec740-5de6-5c27-8233-5cf72946b182,c6286e16-5e03-594c-aa67-861b8ba91b33,connection_request,user,c6286e16-5e03-594c-aa67-861b8ba91b33,Aisha Ibrahim,aisha.ibrahim.demo,true,2026-07-18T10:30:00+00:00
1379,c6286e16-5e03-594c-aa67-861b8ba91b33,9edec740-5de6-5c27-8233-5cf72946b182,connection_accepted,user,9edec740-5de6-5c27-8233-5cf72946b182,Eren Kaya,eren.kaya.demo,true,2026-07-18T13:30:00+00:00
1380,4cf03b5a-e2ca-57f2-95b8-16a3b92247e6,c6286e16-5e03-594c-aa67-861b8ba91b33,connection_request,user,c6286e16-5e03-594c-aa67-861b8ba91b33,Aisha Ibrahim,aisha.ibrahim.demo,true,2026-09-10T10:30:00+00:00
1381,c6286e16-5e03-594c-aa67-861b8ba91b33,4cf03b5a-e2ca-57f2-95b8-16a3b92247e6,connection_accepted,user,4cf03b5a-e2ca-57f2-95b8-16a3b92247e6,Sonam Lhamo,sonam.lhamo.demo,true,2026-09-10T13:30:00+00:00
1382,c6286e16-5e03-594c-aa67-861b8ba91b33,fb400c3e-ecd0-522e-8b8e-1323946be71a,connection_request,user,fb400c3e-ecd0-522e-8b8e-1323946be71a,Kelechi Nnamdi,kelechi.nnamdi.demo,true,2026-08-29T10:30:00+00:00
1383,fb400c3e-ecd0-522e-8b8e-1323946be71a,c6286e16-5e03-594c-aa67-861b8ba91b33,connection_accepted,user,c6286e16-5e03-594c-aa67-861b8ba91b33,Aisha Ibrahim,aisha.ibrahim.demo,true,2026-08-29T13:30:00+00:00
1384,5421f79d-ed60-5eed-852b-01b379adab9e,fb400c3e-ecd0-522e-8b8e-1323946be71a,connection_request,user,fb400c3e-ecd0-522e-8b8e-1323946be71a,Kelechi Nnamdi,kelechi.nnamdi.demo,true,2026-07-21T10:30:00+00:00
1385,fb400c3e-ecd0-522e-8b8e-1323946be71a,5421f79d-ed60-5eed-852b-01b379adab9e,connection_accepted,user,5421f79d-ed60-5eed-852b-01b379adab9e,Chiara Moretti,chiara.moretti.demo,true,2026-07-21T13:30:00+00:00
1386,6988340a-a3c1-5fda-a996-711f1723c649,fb400c3e-ecd0-522e-8b8e-1323946be71a,connection_request,user,fb400c3e-ecd0-522e-8b8e-1323946be71a,Kelechi Nnamdi,kelechi.nnamdi.demo,true,2026-08-12T10:30:00+00:00
1387,fb400c3e-ecd0-522e-8b8e-1323946be71a,6988340a-a3c1-5fda-a996-711f1723c649,connection_accepted,user,6988340a-a3c1-5fda-a996-711f1723c649,Zeynep Şahin,zeynep.sahin.demo,true,2026-08-12T13:30:00+00:00
1388,a60d0128-bffa-5d2d-9915-36693e6bc3ba,373cd20e-25d5-5a46-a0ae-18157cf68a55,connection_request,user,373cd20e-25d5-5a46-a0ae-18157cf68a55,Folake Adebayo,folake.adebayo.demo,true,2026-08-24T10:30:00+00:00
1389,6ecf180b-be59-594c-a33b-31bd0120f01f,b5be680a-732e-55e0-bc5d-b80e831ff33a,connection_request,user,b5be680a-732e-55e0-bc5d-b80e831ff33a,Wanjiku Mwangi,wanjiku.mwangi.demo,true,2026-08-24T10:30:00+00:00
1390,b5be680a-732e-55e0-bc5d-b80e831ff33a,6ecf180b-be59-594c-a33b-31bd0120f01f,connection_accepted,user,6ecf180b-be59-594c-a33b-31bd0120f01f,Imani Jackson,imani.jackson.demo,true,2026-08-24T13:30:00+00:00
1391,96ccee9a-30f2-56cd-b597-a927c84e0f75,40120057-c43a-5745-9d3a-d9b0c6b1e84e,connection_request,user,40120057-c43a-5745-9d3a-d9b0c6b1e84e,Brian Otieno,brian.otieno.demo,true,2026-08-26T10:30:00+00:00
1392,40120057-c43a-5745-9d3a-d9b0c6b1e84e,96ccee9a-30f2-56cd-b597-a927c84e0f75,connection_accepted,user,96ccee9a-30f2-56cd-b597-a927c84e0f75,Wang Zihan,wang.zihan.demo,true,2026-08-26T13:30:00+00:00
1393,6d9d0917-bda8-5863-abe4-92d14b0cc926,40120057-c43a-5745-9d3a-d9b0c6b1e84e,connection_request,user,40120057-c43a-5745-9d3a-d9b0c6b1e84e,Brian Otieno,brian.otieno.demo,true,2026-08-22T10:30:00+00:00
1394,40120057-c43a-5745-9d3a-d9b0c6b1e84e,6d9d0917-bda8-5863-abe4-92d14b0cc926,connection_accepted,user,6d9d0917-bda8-5863-abe4-92d14b0cc926,Amina Mohamed,amina.mohamed.demo,true,2026-08-22T13:30:00+00:00
1395,6ac5a7a4-ae0d-5e31-8a7c-d85b63a96c46,40120057-c43a-5745-9d3a-d9b0c6b1e84e,connection_request,user,40120057-c43a-5745-9d3a-d9b0c6b1e84e,Brian Otieno,brian.otieno.demo,true,2026-07-30T10:30:00+00:00
1396,40120057-c43a-5745-9d3a-d9b0c6b1e84e,6ac5a7a4-ae0d-5e31-8a7c-d85b63a96c46,connection_accepted,user,6ac5a7a4-ae0d-5e31-8a7c-d85b63a96c46,Faith Wambui,faith.wambui.demo,true,2026-07-30T13:30:00+00:00
1397,5ce94e6e-a987-5fd1-90b2-94a1174f9376,6ac5a7a4-ae0d-5e31-8a7c-d85b63a96c46,connection_request,user,6ac5a7a4-ae0d-5e31-8a7c-d85b63a96c46,Faith Wambui,faith.wambui.demo,true,2026-07-28T10:30:00+00:00
1398,6ac5a7a4-ae0d-5e31-8a7c-d85b63a96c46,5ce94e6e-a987-5fd1-90b2-94a1174f9376,connection_accepted,user,5ce94e6e-a987-5fd1-90b2-94a1174f9376,Hugo Moreau,hugo.moreau.demo,true,2026-07-28T13:30:00+00:00
1399,6d9d0917-bda8-5863-abe4-92d14b0cc926,6ac5a7a4-ae0d-5e31-8a7c-d85b63a96c46,connection_request,user,6ac5a7a4-ae0d-5e31-8a7c-d85b63a96c46,Faith Wambui,faith.wambui.demo,true,2026-09-04T10:30:00+00:00
1400,6d9d0917-bda8-5863-abe4-92d14b0cc926,cac67f41-f5af-5268-9e2d-34feac0dc9fa,connection_request,user,cac67f41-f5af-5268-9e2d-34feac0dc9fa,Kelvin Kiprotich,kelvin.kiprotich.demo,true,2026-09-05T10:30:00+00:00
1401,cac67f41-f5af-5268-9e2d-34feac0dc9fa,6d9d0917-bda8-5863-abe4-92d14b0cc926,connection_accepted,user,6d9d0917-bda8-5863-abe4-92d14b0cc926,Amina Mohamed,amina.mohamed.demo,true,2026-09-05T13:30:00+00:00
1402,9edec740-5de6-5c27-8233-5cf72946b182,cac67f41-f5af-5268-9e2d-34feac0dc9fa,connection_request,user,cac67f41-f5af-5268-9e2d-34feac0dc9fa,Kelvin Kiprotich,kelvin.kiprotich.demo,true,2026-08-26T10:30:00+00:00
1403,cac67f41-f5af-5268-9e2d-34feac0dc9fa,9edec740-5de6-5c27-8233-5cf72946b182,connection_accepted,user,9edec740-5de6-5c27-8233-5cf72946b182,Eren Kaya,eren.kaya.demo,true,2026-08-26T13:30:00+00:00
1404,c6286e16-5e03-594c-aa67-861b8ba91b33,cac67f41-f5af-5268-9e2d-34feac0dc9fa,connection_request,user,cac67f41-f5af-5268-9e2d-34feac0dc9fa,Kelvin Kiprotich,kelvin.kiprotich.demo,true,2026-07-31T10:30:00+00:00
1405,cac67f41-f5af-5268-9e2d-34feac0dc9fa,c6286e16-5e03-594c-aa67-861b8ba91b33,connection_accepted,user,c6286e16-5e03-594c-aa67-861b8ba91b33,Aisha Ibrahim,aisha.ibrahim.demo,true,2026-07-31T13:30:00+00:00
1406,3d0f3e54-413b-5a89-bc88-8cb0e7246b97,518ae987-15f7-5b22-8bcc-df59623dbdce,connection_request,user,518ae987-15f7-5b22-8bcc-df59623dbdce,Lerato Mokoena,lerato.mokoena.demo,true,2026-07-18T10:30:00+00:00
1407,518ae987-15f7-5b22-8bcc-df59623dbdce,3d0f3e54-413b-5a89-bc88-8cb0e7246b97,connection_accepted,user,3d0f3e54-413b-5a89-bc88-8cb0e7246b97,Ayesha Daniels,ayesha.daniels.demo,true,2026-07-18T13:30:00+00:00
1408,bf54d417-d834-5d3e-a7f9-106377fe05a5,518ae987-15f7-5b22-8bcc-df59623dbdce,connection_request,user,518ae987-15f7-5b22-8bcc-df59623dbdce,Lerato Mokoena,lerato.mokoena.demo,true,2026-08-27T10:30:00+00:00
1409,518ae987-15f7-5b22-8bcc-df59623dbdce,bf54d417-d834-5d3e-a7f9-106377fe05a5,connection_accepted,user,bf54d417-d834-5d3e-a7f9-106377fe05a5,Alva Lindberg,alva.lindberg.demo,true,2026-08-27T13:30:00+00:00
1410,b7f1d97d-9f3c-5885-b9ef-48d67a16a686,518ae987-15f7-5b22-8bcc-df59623dbdce,connection_request,user,518ae987-15f7-5b22-8bcc-df59623dbdce,Lerato Mokoena,lerato.mokoena.demo,true,2026-09-07T10:30:00+00:00
1411,518ae987-15f7-5b22-8bcc-df59623dbdce,b7f1d97d-9f3c-5885-b9ef-48d67a16a686,connection_accepted,user,b7f1d97d-9f3c-5885-b9ef-48d67a16a686,Salma Adel,salma.adel.demo,true,2026-09-07T13:30:00+00:00
1412,e137404e-9196-525c-b17a-44dc96d29f29,b7180518-4b5b-54ef-9060-958212d05ab7,connection_request,user,b7180518-4b5b-54ef-9060-958212d05ab7,Sipho Dlamini,sipho.dlamini.demo,true,2026-08-06T10:30:00+00:00
1413,b7180518-4b5b-54ef-9060-958212d05ab7,e137404e-9196-525c-b17a-44dc96d29f29,connection_accepted,user,e137404e-9196-525c-b17a-44dc96d29f29,Zofia Kowalska,zofia.kowalska.demo,true,2026-08-06T13:30:00+00:00
1414,f1fb49f6-8f16-5086-a3b3-1c5e169f9ad4,b7180518-4b5b-54ef-9060-958212d05ab7,connection_request,user,b7180518-4b5b-54ef-9060-958212d05ab7,Sipho Dlamini,sipho.dlamini.demo,true,2026-08-18T10:30:00+00:00
1415,b7180518-4b5b-54ef-9060-958212d05ab7,f1fb49f6-8f16-5086-a3b3-1c5e169f9ad4,connection_accepted,user,f1fb49f6-8f16-5086-a3b3-1c5e169f9ad4,Aisha Rahman,aisha.rahman.demo,true,2026-08-18T13:30:00+00:00
1416,f4793612-bd5c-52c4-b29e-226fe28a77ca,b7180518-4b5b-54ef-9060-958212d05ab7,connection_request,user,b7180518-4b5b-54ef-9060-958212d05ab7,Sipho Dlamini,sipho.dlamini.demo,true,2026-09-01T10:30:00+00:00
1417,a6b8342c-310b-5b88-9c07-602dbd646488,3d0f3e54-413b-5a89-bc88-8cb0e7246b97,connection_request,user,3d0f3e54-413b-5a89-bc88-8cb0e7246b97,Ayesha Daniels,ayesha.daniels.demo,true,2026-08-01T10:30:00+00:00
1418,3d0f3e54-413b-5a89-bc88-8cb0e7246b97,a6b8342c-310b-5b88-9c07-602dbd646488,connection_accepted,user,a6b8342c-310b-5b88-9c07-602dbd646488,Ji-ho Kang,ji.ho.kang.demo,true,2026-08-01T13:30:00+00:00
1419,40120057-c43a-5745-9d3a-d9b0c6b1e84e,f4793612-bd5c-52c4-b29e-226fe28a77ca,connection_request,user,f4793612-bd5c-52c4-b29e-226fe28a77ca,Thando Nkosi,thando.nkosi.demo,true,2026-09-01T10:30:00+00:00
1420,3d5b480d-3962-5c76-96ca-5459d65372aa,f4793612-bd5c-52c4-b29e-226fe28a77ca,connection_request,user,f4793612-bd5c-52c4-b29e-226fe28a77ca,Thando Nkosi,thando.nkosi.demo,true,2026-08-26T10:30:00+00:00
1421,f4793612-bd5c-52c4-b29e-226fe28a77ca,3d5b480d-3962-5c76-96ca-5459d65372aa,connection_accepted,user,3d5b480d-3962-5c76-96ca-5459d65372aa,Naledi Molefe,naledi.molefe.demo,true,2026-08-26T13:30:00+00:00
1422,693ebb02-ab3f-5d60-b798-d4d4df4900d2,f4793612-bd5c-52c4-b29e-226fe28a77ca,connection_request,user,f4793612-bd5c-52c4-b29e-226fe28a77ca,Thando Nkosi,thando.nkosi.demo,true,2026-08-12T10:30:00+00:00
1423,f4793612-bd5c-52c4-b29e-226fe28a77ca,693ebb02-ab3f-5d60-b798-d4d4df4900d2,connection_accepted,user,693ebb02-ab3f-5d60-b798-d4d4df4900d2,Sahana Rao,sahana.rao.demo,true,2026-08-12T13:30:00+00:00
1424,7b359533-e634-59eb-a2c3-b5501ff96488,d6b81cb4-a299-5894-baa5-463cb63679a3,connection_request,user,d6b81cb4-a299-5894-baa5-463cb63679a3,Mariam Hassan,mariam.hassan.demo,true,2026-07-29T10:30:00+00:00
1425,d6b81cb4-a299-5894-baa5-463cb63679a3,7b359533-e634-59eb-a2c3-b5501ff96488,connection_accepted,user,7b359533-e634-59eb-a2c3-b5501ff96488,Nour El-Sayed,nour.el.sayed.demo,true,2026-07-29T13:30:00+00:00
1426,b7f1d97d-9f3c-5885-b9ef-48d67a16a686,06657aeb-b604-5b0d-9281-d2e5afb78a9d,connection_request,user,06657aeb-b604-5b0d-9281-d2e5afb78a9d,Omar Mostafa,omar.mostafa.demo,true,2026-09-01T10:30:00+00:00
1427,4c2177ab-592a-5e4a-b25b-8bb3f8090555,b7f1d97d-9f3c-5885-b9ef-48d67a16a686,connection_request,user,b7f1d97d-9f3c-5885-b9ef-48d67a16a686,Salma Adel,salma.adel.demo,true,2026-07-31T10:30:00+00:00
1428,b7f1d97d-9f3c-5885-b9ef-48d67a16a686,4c2177ab-592a-5e4a-b25b-8bb3f8090555,connection_accepted,user,4c2177ab-592a-5e4a-b25b-8bb3f8090555,Sagar Tamang,sagar.tamang.demo,true,2026-07-31T13:30:00+00:00
1429,4ec67eb8-4fda-5cbc-bbd1-a6afc7ce8130,d3175e63-6121-5d55-b429-df91670d9aca,connection_request,user,d3175e63-6121-5d55-b429-df91670d9aca,Youssef Ibrahim,youssef.ibrahim.demo,true,2026-08-21T10:30:00+00:00
1430,d3175e63-6121-5d55-b429-df91670d9aca,4ec67eb8-4fda-5cbc-bbd1-a6afc7ce8130,connection_accepted,user,4ec67eb8-4fda-5cbc-bbd1-a6afc7ce8130,Malik Thompson,malik.thompson.demo,true,2026-08-21T13:30:00+00:00
1431,b5be680a-732e-55e0-bc5d-b80e831ff33a,7b359533-e634-59eb-a2c3-b5501ff96488,connection_request,user,7b359533-e634-59eb-a2c3-b5501ff96488,Nour El-Sayed,nour.el.sayed.demo,true,2026-09-05T10:30:00+00:00
1432,7b359533-e634-59eb-a2c3-b5501ff96488,b5be680a-732e-55e0-bc5d-b80e831ff33a,connection_accepted,user,b5be680a-732e-55e0-bc5d-b80e831ff33a,Wanjiku Mwangi,wanjiku.mwangi.demo,true,2026-09-05T13:30:00+00:00
1433,96dbbdad-601e-5bc2-9d1a-78f9f6349a39,7b359533-e634-59eb-a2c3-b5501ff96488,connection_request,user,7b359533-e634-59eb-a2c3-b5501ff96488,Nour El-Sayed,nour.el.sayed.demo,true,2026-07-22T10:30:00+00:00
1434,7b359533-e634-59eb-a2c3-b5501ff96488,96dbbdad-601e-5bc2-9d1a-78f9f6349a39,connection_accepted,user,96dbbdad-601e-5bc2-9d1a-78f9f6349a39,Nora Ahmed,nora.ahmed.demo,true,2026-07-22T13:30:00+00:00
1435,02bf8d95-eee4-5287-b363-0551cc4a6d51,9047d24d-0775-5f10-bf17-6e8fc62c5884,connection_request,user,9047d24d-0775-5f10-bf17-6e8fc62c5884,Akosua Mensah,akosua.mensah.demo,true,2026-08-26T10:30:00+00:00
1436,f0ca4141-ccff-5472-ba76-f4b194108c7b,9047d24d-0775-5f10-bf17-6e8fc62c5884,connection_request,user,9047d24d-0775-5f10-bf17-6e8fc62c5884,Akosua Mensah,akosua.mensah.demo,true,2026-07-28T10:30:00+00:00
1437,9047d24d-0775-5f10-bf17-6e8fc62c5884,f0ca4141-ccff-5472-ba76-f4b194108c7b,connection_accepted,user,f0ca4141-ccff-5472-ba76-f4b194108c7b,Darragh O'Sullivan,darragh.o.sullivan.demo,true,2026-07-28T13:30:00+00:00
1438,61347d09-09eb-5f04-a4ec-fe830319799f,d16e3cdc-2868-563d-867d-62fa9b8b24ea,connection_request,user,d16e3cdc-2868-563d-867d-62fa9b8b24ea,Abena Owusu,abena.owusu.demo,true,2026-08-09T10:30:00+00:00
1439,d16e3cdc-2868-563d-867d-62fa9b8b24ea,61347d09-09eb-5f04-a4ec-fe830319799f,connection_accepted,user,61347d09-09eb-5f04-a4ec-fe830319799f,Efua Osei,efua.osei.demo,true,2026-08-09T13:30:00+00:00
1440,3a376c3a-3e46-5c8c-815c-232b66ca9bc8,d16e3cdc-2868-563d-867d-62fa9b8b24ea,connection_request,user,d16e3cdc-2868-563d-867d-62fa9b8b24ea,Abena Owusu,abena.owusu.demo,true,2026-08-20T10:30:00+00:00
1441,d16e3cdc-2868-563d-867d-62fa9b8b24ea,3a376c3a-3e46-5c8c-815c-232b66ca9bc8,connection_accepted,user,3a376c3a-3e46-5c8c-815c-232b66ca9bc8,Rafiul Islam,rafiul.islam.demo,true,2026-08-20T13:30:00+00:00
1442,d16e3cdc-2868-563d-867d-62fa9b8b24ea,35e87bcc-650c-5e3f-9741-3f0c54905b6f,connection_request,user,35e87bcc-650c-5e3f-9741-3f0c54905b6f,Kofi Asante,kofi.asante.demo,true,2026-09-07T10:30:00+00:00
1443,9047d24d-0775-5f10-bf17-6e8fc62c5884,35e87bcc-650c-5e3f-9741-3f0c54905b6f,connection_request,user,35e87bcc-650c-5e3f-9741-3f0c54905b6f,Kofi Asante,kofi.asante.demo,true,2026-09-02T10:30:00+00:00
1444,35e87bcc-650c-5e3f-9741-3f0c54905b6f,9047d24d-0775-5f10-bf17-6e8fc62c5884,connection_accepted,user,9047d24d-0775-5f10-bf17-6e8fc62c5884,Akosua Mensah,akosua.mensah.demo,true,2026-09-02T13:30:00+00:00
1445,06657aeb-b604-5b0d-9281-d2e5afb78a9d,35e87bcc-650c-5e3f-9741-3f0c54905b6f,connection_request,user,35e87bcc-650c-5e3f-9741-3f0c54905b6f,Kofi Asante,kofi.asante.demo,true,2026-07-16T10:30:00+00:00
1446,35e87bcc-650c-5e3f-9741-3f0c54905b6f,06657aeb-b604-5b0d-9281-d2e5afb78a9d,connection_accepted,user,06657aeb-b604-5b0d-9281-d2e5afb78a9d,Omar Mostafa,omar.mostafa.demo,true,2026-07-16T13:30:00+00:00
1447,4307ee18-2e16-50be-abbc-db160bb8e8fd,35e87bcc-650c-5e3f-9741-3f0c54905b6f,connection_request,user,35e87bcc-650c-5e3f-9741-3f0c54905b6f,Kofi Asante,kofi.asante.demo,true,2026-09-07T10:30:00+00:00
1448,35e87bcc-650c-5e3f-9741-3f0c54905b6f,4307ee18-2e16-50be-abbc-db160bb8e8fd,connection_accepted,user,4307ee18-2e16-50be-abbc-db160bb8e8fd,Regina Flores,regina.flores.demo,true,2026-09-07T13:30:00+00:00
1449,4c2177ab-592a-5e4a-b25b-8bb3f8090555,61347d09-09eb-5f04-a4ec-fe830319799f,connection_request,user,61347d09-09eb-5f04-a4ec-fe830319799f,Efua Osei,efua.osei.demo,true,2026-07-21T10:30:00+00:00
1450,61347d09-09eb-5f04-a4ec-fe830319799f,4c2177ab-592a-5e4a-b25b-8bb3f8090555,connection_accepted,user,4c2177ab-592a-5e4a-b25b-8bb3f8090555,Sagar Tamang,sagar.tamang.demo,true,2026-07-21T13:30:00+00:00
1451,e0b64119-ecb0-52a5-852d-39c211ce337a,1bf86e3f-0e6e-5241-b319-71005237945f,connection_request,user,1bf86e3f-0e6e-5241-b319-71005237945f,Maryam Al Mansoori,maryam.al.mansoori.demo,true,2026-08-22T10:30:00+00:00
1452,1bf86e3f-0e6e-5241-b319-71005237945f,e0b64119-ecb0-52a5-852d-39c211ce337a,connection_accepted,user,e0b64119-ecb0-52a5-852d-39c211ce337a,Nur Izzati Abdullah,nur.izzati.abdullah.demo,true,2026-08-22T13:30:00+00:00
1453,729fe171-fa0d-547e-b374-39bd19f4c645,1bf86e3f-0e6e-5241-b319-71005237945f,connection_request,user,1bf86e3f-0e6e-5241-b319-71005237945f,Maryam Al Mansoori,maryam.al.mansoori.demo,true,2026-08-12T10:30:00+00:00
1454,1bf86e3f-0e6e-5241-b319-71005237945f,729fe171-fa0d-547e-b374-39bd19f4c645,connection_accepted,user,729fe171-fa0d-547e-b374-39bd19f4c645,Reem Al Ghamdi,reem.al.ghamdi.demo,true,2026-08-12T13:30:00+00:00
1455,8fa5b823-1a70-59f7-9bb2-b3d5f36dc82b,7298015b-9105-595a-b879-3013c08053f7,connection_request,user,7298015b-9105-595a-b879-3013c08053f7,Saeed Al Nuaimi,saeed.al.nuaimi.demo,true,2026-07-21T10:30:00+00:00
1456,7298015b-9105-595a-b879-3013c08053f7,8fa5b823-1a70-59f7-9bb2-b3d5f36dc82b,connection_accepted,user,8fa5b823-1a70-59f7-9bb2-b3d5f36dc82b,Lucía Fernández,lucia.fernandez.demo,true,2026-07-21T13:30:00+00:00
1457,e3efd234-c7f9-5957-937f-661b1c3981ef,7298015b-9105-595a-b879-3013c08053f7,connection_request,user,7298015b-9105-595a-b879-3013c08053f7,Saeed Al Nuaimi,saeed.al.nuaimi.demo,true,2026-07-20T10:30:00+00:00
1458,7298015b-9105-595a-b879-3013c08053f7,e3efd234-c7f9-5957-937f-661b1c3981ef,connection_accepted,user,e3efd234-c7f9-5957-937f-661b1c3981ef,Saoirse Kelly,saoirse.kelly.demo,true,2026-07-20T13:30:00+00:00
1459,ac9c9500-b7e4-5bbe-8f4e-a40a6201979a,7298015b-9105-595a-b879-3013c08053f7,connection_request,user,7298015b-9105-595a-b879-3013c08053f7,Saeed Al Nuaimi,saeed.al.nuaimi.demo,true,2026-08-05T10:30:00+00:00
1460,7298015b-9105-595a-b879-3013c08053f7,ac9c9500-b7e4-5bbe-8f4e-a40a6201979a,connection_accepted,user,ac9c9500-b7e4-5bbe-8f4e-a40a6201979a,Leon Hoffmann,leon.hoffmann.demo,true,2026-08-05T13:30:00+00:00
1461,facb4557-eabe-5f8b-89cc-f223b91c89b7,5c465a9a-bc36-5d7b-b5a2-0f18d9dab68a,connection_request,user,5c465a9a-bc36-5d7b-b5a2-0f18d9dab68a,Latifa Al Mazrouei,latifa.al.mazrouei.demo,true,2026-08-04T10:30:00+00:00
1462,5c465a9a-bc36-5d7b-b5a2-0f18d9dab68a,facb4557-eabe-5f8b-89cc-f223b91c89b7,connection_accepted,user,facb4557-eabe-5f8b-89cc-f223b91c89b7,Pedro Nascimento,pedro.nascimento.demo,true,2026-08-04T13:30:00+00:00
1463,5532dec3-02ae-5ac3-8b57-2e8214a8598b,5c465a9a-bc36-5d7b-b5a2-0f18d9dab68a,connection_request,user,5c465a9a-bc36-5d7b-b5a2-0f18d9dab68a,Latifa Al Mazrouei,latifa.al.mazrouei.demo,true,2026-08-24T10:30:00+00:00
1464,01c00e49-c4d6-5d4b-bbc1-8aa3fe21ba2a,5c465a9a-bc36-5d7b-b5a2-0f18d9dab68a,connection_request,user,5c465a9a-bc36-5d7b-b5a2-0f18d9dab68a,Latifa Al Mazrouei,latifa.al.mazrouei.demo,true,2026-08-23T10:30:00+00:00
1465,e7dd6cb0-626e-510a-9e98-0498c534b04d,5532dec3-02ae-5ac3-8b57-2e8214a8598b,connection_request,user,5532dec3-02ae-5ac3-8b57-2e8214a8598b,Noora Al Ali,noora.al.ali.demo,true,2026-08-31T10:30:00+00:00
1466,5532dec3-02ae-5ac3-8b57-2e8214a8598b,e7dd6cb0-626e-510a-9e98-0498c534b04d,connection_accepted,user,e7dd6cb0-626e-510a-9e98-0498c534b04d,Hamad Al Qasimi,hamad.al.qasimi.demo,true,2026-08-31T13:30:00+00:00
1467,64609795-d498-5ea7-ad33-a3bcecf9d962,5532dec3-02ae-5ac3-8b57-2e8214a8598b,connection_request,user,5532dec3-02ae-5ac3-8b57-2e8214a8598b,Noora Al Ali,noora.al.ali.demo,true,2026-08-01T10:30:00+00:00
1468,5532dec3-02ae-5ac3-8b57-2e8214a8598b,64609795-d498-5ea7-ad33-a3bcecf9d962,connection_accepted,user,64609795-d498-5ea7-ad33-a3bcecf9d962,Rohan Gill,rohan.gill.demo,true,2026-08-01T13:30:00+00:00
1469,6988340a-a3c1-5fda-a996-711f1723c649,0947c4b9-50d6-50e2-9043-84a15b80e8c7,connection_request,user,0947c4b9-50d6-50e2-9043-84a15b80e8c7,Layan Al Harbi,layan.al.harbi.demo,true,2026-09-04T10:30:00+00:00
1470,0947c4b9-50d6-50e2-9043-84a15b80e8c7,6988340a-a3c1-5fda-a996-711f1723c649,connection_accepted,user,6988340a-a3c1-5fda-a996-711f1723c649,Zeynep Şahin,zeynep.sahin.demo,true,2026-09-04T13:30:00+00:00
1471,eeeb9e89-042f-5fdc-8fcf-2c3ad56f9bf1,0947c4b9-50d6-50e2-9043-84a15b80e8c7,connection_request,user,0947c4b9-50d6-50e2-9043-84a15b80e8c7,Layan Al Harbi,layan.al.harbi.demo,true,2026-07-24T10:30:00+00:00
1472,0947c4b9-50d6-50e2-9043-84a15b80e8c7,eeeb9e89-042f-5fdc-8fcf-2c3ad56f9bf1,connection_accepted,user,eeeb9e89-042f-5fdc-8fcf-2c3ad56f9bf1,Yanis Benali,yanis.benali.demo,true,2026-07-24T13:30:00+00:00
1473,7e6a1243-34f5-52e6-862f-e5f3b2ebe640,82a5c89c-0b3a-58b9-9259-837a5348a5c2,connection_request,user,82a5c89c-0b3a-58b9-9259-837a5348a5c2,Abdullah Al Qahtani,abdullah.al.qahtani.demo,true,2026-09-05T10:30:00+00:00
1474,82a5c89c-0b3a-58b9-9259-837a5348a5c2,7e6a1243-34f5-52e6-862f-e5f3b2ebe640,connection_accepted,user,7e6a1243-34f5-52e6-862f-e5f3b2ebe640,Kittiphat Wongchai,kittiphat.wongchai.demo,true,2026-09-05T13:30:00+00:00
1475,67357d35-e727-50a5-9114-d5f2da172374,82a5c89c-0b3a-58b9-9259-837a5348a5c2,connection_request,user,82a5c89c-0b3a-58b9-9259-837a5348a5c2,Abdullah Al Qahtani,abdullah.al.qahtani.demo,true,2026-08-30T10:30:00+00:00
1476,82a5c89c-0b3a-58b9-9259-837a5348a5c2,67357d35-e727-50a5-9114-d5f2da172374,connection_accepted,user,67357d35-e727-50a5-9114-d5f2da172374,Faisal Al Otaibi,faisal.al.otaibi.demo,true,2026-08-30T13:30:00+00:00
1477,a992f17b-79b6-5dcf-aed4-2aebaa5775c7,82a5c89c-0b3a-58b9-9259-837a5348a5c2,connection_request,user,82a5c89c-0b3a-58b9-9259-837a5348a5c2,Abdullah Al Qahtani,abdullah.al.qahtani.demo,true,2026-09-17T10:30:00+00:00
1478,82a5c89c-0b3a-58b9-9259-837a5348a5c2,a992f17b-79b6-5dcf-aed4-2aebaa5775c7,connection_accepted,user,a992f17b-79b6-5dcf-aed4-2aebaa5775c7,Mahnoor Siddiqui,mahnoor.siddiqui.demo,false,2026-09-17T13:30:00+00:00
1479,729fe171-fa0d-547e-b374-39bd19f4c645,82a5c89c-0b3a-58b9-9259-837a5348a5c2,connection_request,user,82a5c89c-0b3a-58b9-9259-837a5348a5c2,Abdullah Al Qahtani,abdullah.al.qahtani.demo,true,2026-07-30T10:30:00+00:00
1480,e0b64119-ecb0-52a5-852d-39c211ce337a,729fe171-fa0d-547e-b374-39bd19f4c645,connection_request,user,729fe171-fa0d-547e-b374-39bd19f4c645,Reem Al Ghamdi,reem.al.ghamdi.demo,true,2026-07-26T10:30:00+00:00
1481,729fe171-fa0d-547e-b374-39bd19f4c645,e0b64119-ecb0-52a5-852d-39c211ce337a,connection_accepted,user,e0b64119-ecb0-52a5-852d-39c211ce337a,Nur Izzati Abdullah,nur.izzati.abdullah.demo,true,2026-07-26T13:30:00+00:00
1482,fbdfefdb-ca2d-5a0e-87ed-62021c1c11d4,729fe171-fa0d-547e-b374-39bd19f4c645,connection_request,user,729fe171-fa0d-547e-b374-39bd19f4c645,Reem Al Ghamdi,reem.al.ghamdi.demo,true,2026-08-28T10:30:00+00:00
1483,729fe171-fa0d-547e-b374-39bd19f4c645,fbdfefdb-ca2d-5a0e-87ed-62021c1c11d4,connection_accepted,user,fbdfefdb-ca2d-5a0e-87ed-62021c1c11d4,Mateo Acosta,mateo.acosta.demo,true,2026-08-28T13:30:00+00:00
1484,67357d35-e727-50a5-9114-d5f2da172374,729fe171-fa0d-547e-b374-39bd19f4c645,connection_request,user,729fe171-fa0d-547e-b374-39bd19f4c645,Reem Al Ghamdi,reem.al.ghamdi.demo,true,2026-08-26T10:30:00+00:00
1485,7bdf8ad6-1318-5f74-9112-e2b655e215a2,67357d35-e727-50a5-9114-d5f2da172374,connection_request,user,67357d35-e727-50a5-9114-d5f2da172374,Faisal Al Otaibi,faisal.al.otaibi.demo,true,2026-08-29T10:30:00+00:00
1486,67357d35-e727-50a5-9114-d5f2da172374,7bdf8ad6-1318-5f74-9112-e2b655e215a2,connection_accepted,user,7bdf8ad6-1318-5f74-9112-e2b655e215a2,Freya Collins,freya.collins.demo,true,2026-08-29T13:30:00+00:00
1487,ef763ec1-f93c-5744-9640-4ca59adf9347,67357d35-e727-50a5-9114-d5f2da172374,connection_request,user,67357d35-e727-50a5-9114-d5f2da172374,Faisal Al Otaibi,faisal.al.otaibi.demo,true,2026-08-19T10:30:00+00:00
1488,67357d35-e727-50a5-9114-d5f2da172374,ef763ec1-f93c-5744-9640-4ca59adf9347,connection_accepted,user,ef763ec1-f93c-5744-9640-4ca59adf9347,Mikkel Jensen,mikkel.jensen.demo,true,2026-08-19T13:30:00+00:00
1489,e502b694-466f-5e1f-9293-146b264ae20c,67357d35-e727-50a5-9114-d5f2da172374,connection_request,user,67357d35-e727-50a5-9114-d5f2da172374,Faisal Al Otaibi,faisal.al.otaibi.demo,true,2026-08-17T10:30:00+00:00
1490,9c9c228f-3bd5-5da4-b666-fbfab93b4b7e,01c00e49-c4d6-5d4b-bbc1-8aa3fe21ba2a,connection_request,user,01c00e49-c4d6-5d4b-bbc1-8aa3fe21ba2a,Hala Al Zahrani,hala.al.zahrani.demo,true,2026-08-03T10:30:00+00:00
1491,9cba29b2-e169-54f3-9d61-1d5013f80312,6988340a-a3c1-5fda-a996-711f1723c649,connection_request,user,6988340a-a3c1-5fda-a996-711f1723c649,Zeynep Şahin,zeynep.sahin.demo,true,2026-09-02T10:30:00+00:00
1492,f22a7317-9c2b-5d13-99b9-1a1622094bb3,6988340a-a3c1-5fda-a996-711f1723c649,connection_request,user,6988340a-a3c1-5fda-a996-711f1723c649,Zeynep Şahin,zeynep.sahin.demo,true,2026-08-06T10:30:00+00:00
1493,6988340a-a3c1-5fda-a996-711f1723c649,f22a7317-9c2b-5d13-99b9-1a1622094bb3,connection_accepted,user,f22a7317-9c2b-5d13-99b9-1a1622094bb3,Tashi Wangchuk,tashi.wangchuk.demo,true,2026-08-06T13:30:00+00:00
1494,88820056-e901-59a1-b2ca-c4e813b34f7b,6988340a-a3c1-5fda-a996-711f1723c649,connection_request,user,6988340a-a3c1-5fda-a996-711f1723c649,Zeynep Şahin,zeynep.sahin.demo,true,2026-09-13T10:30:00+00:00
1495,6988340a-a3c1-5fda-a996-711f1723c649,88820056-e901-59a1-b2ca-c4e813b34f7b,connection_accepted,user,88820056-e901-59a1-b2ca-c4e813b34f7b,Tomás Benítez,tomas.benitez.demo,true,2026-09-13T13:30:00+00:00
1496,8300625d-d3f5-5264-8503-98a2bfbf60d8,783491ec-2857-52e8-a102-766d7abba6d2,connection_request,user,783491ec-2857-52e8-a102-766d7abba6d2,Arda Yıldız,arda.yldz.demo,true,2026-08-28T10:30:00+00:00
1497,783491ec-2857-52e8-a102-766d7abba6d2,8300625d-d3f5-5264-8503-98a2bfbf60d8,connection_accepted,user,8300625d-d3f5-5264-8503-98a2bfbf60d8,Emre Yılmaz,emre.ylmaz.demo,true,2026-08-28T13:30:00+00:00
1498,ffe47fd1-7989-5728-addd-50b504edd889,e21dfd78-ea9f-5754-a3b2-3b3b66dd30b5,connection_request,user,e21dfd78-ea9f-5754-a3b2-3b3b66dd30b5,Defne Aydın,defne.aydn.demo,true,2026-07-18T10:30:00+00:00
1499,e21dfd78-ea9f-5754-a3b2-3b3b66dd30b5,ffe47fd1-7989-5728-addd-50b504edd889,connection_accepted,user,ffe47fd1-7989-5728-addd-50b504edd889,Freja Nielsen,freja.nielsen.demo,true,2026-07-18T13:30:00+00:00
1500,6b9b6012-cdb4-50eb-8ad0-01c36516df23,e21dfd78-ea9f-5754-a3b2-3b3b66dd30b5,connection_request,user,e21dfd78-ea9f-5754-a3b2-3b3b66dd30b5,Defne Aydın,defne.aydn.demo,true,2026-09-09T10:30:00+00:00
1501,e21dfd78-ea9f-5754-a3b2-3b3b66dd30b5,6b9b6012-cdb4-50eb-8ad0-01c36516df23,connection_accepted,user,6b9b6012-cdb4-50eb-8ad0-01c36516df23,Hamza Farooq,hamza.farooq.demo,true,2026-09-09T13:30:00+00:00
1502,e502b694-466f-5e1f-9293-146b264ae20c,\N,badge_earned,badge,12,Week Streak,,true,2026-06-01T07:27:00+00:00
1503,eb397f92-99ac-5f0f-8f81-3540865f0477,\N,badge_earned,badge,12,Week Streak,,true,2026-06-05T07:38:00+00:00
1504,7bdf8ad6-1318-5f74-9112-e2b655e215a2,\N,badge_earned,badge,12,Week Streak,,true,2026-06-06T07:21:00+00:00
1505,96dbbdad-601e-5bc2-9d1a-78f9f6349a39,\N,badge_earned,badge,12,Week Streak,,true,2026-06-07T07:18:00+00:00
1506,e137404e-9196-525c-b17a-44dc96d29f29,\N,badge_earned,badge,12,Week Streak,,true,2026-06-07T07:44:00+00:00
1507,64609795-d498-5ea7-ad33-a3bcecf9d962,\N,badge_earned,badge,12,Week Streak,,true,2026-06-13T07:18:00+00:00
1508,d5dc7189-89df-5fd7-983f-1124b6de3d68,\N,badge_earned,badge,12,Week Streak,,true,2026-06-13T07:23:00+00:00
1509,4c310820-12d3-5128-9a45-973db446b59e,\N,badge_earned,badge,12,Week Streak,,true,2026-06-14T07:23:00+00:00
1510,9047d24d-0775-5f10-bf17-6e8fc62c5884,\N,badge_earned,badge,12,Week Streak,,true,2026-06-15T07:20:00+00:00
1511,02bf8d95-eee4-5287-b363-0551cc4a6d51,\N,badge_earned,badge,12,Week Streak,,true,2026-06-15T07:23:00+00:00
1512,d16e3cdc-2868-563d-867d-62fa9b8b24ea,\N,badge_earned,badge,12,Week Streak,,true,2026-06-16T07:22:00+00:00
1513,50d6350f-ffd4-59ad-a1ff-65a49a77a913,\N,badge_earned,badge,12,Week Streak,,true,2026-06-19T07:16:00+00:00
1514,77c684c4-9514-5edc-85ff-1052c8544c14,\N,badge_earned,badge,12,Week Streak,,true,2026-06-22T07:42:00+00:00
1515,610e9654-06d6-5e55-959b-377b8749b8f9,\N,badge_earned,badge,12,Week Streak,,true,2026-06-23T07:10:00+00:00
1516,c6286e16-5e03-594c-aa67-861b8ba91b33,\N,badge_earned,badge,12,Week Streak,,true,2026-06-25T07:39:00+00:00
1517,1b1e4344-fde4-5cc2-b82c-4fb458696522,\N,badge_earned,badge,12,Week Streak,,true,2026-06-27T07:21:00+00:00
1518,f0f4eb8c-a1ed-50a1-bc7d-2863700a31a5,\N,badge_earned,badge,4,First Project,,true,2026-06-28T02:30:00+00:00
1519,4ec67eb8-4fda-5cbc-bbd1-a6afc7ce8130,\N,badge_earned,badge,4,First Project,,true,2026-06-28T02:30:00+00:00
1520,1bc15434-bc22-56cc-a890-336efd2a11e5,\N,badge_earned,badge,4,First Project,,true,2026-06-28T03:30:00+00:00
1521,77c684c4-9514-5edc-85ff-1052c8544c14,\N,badge_earned,badge,4,First Project,,true,2026-06-28T06:30:00+00:00
1522,dfe9e449-d177-56af-a679-d3e1c78c5c02,\N,badge_earned,badge,4,First Project,,true,2026-06-28T06:30:00+00:00
1523,96ccee9a-30f2-56cd-b597-a927c84e0f75,\N,badge_earned,badge,4,First Project,,true,2026-06-28T07:30:00+00:00
1524,cb162f3d-006f-544e-bfa6-f9abb8a52026,\N,badge_earned,badge,4,First Project,,true,2026-06-28T10:30:00+00:00
1525,eb3717c1-cd92-5eeb-af40-9df7f3132426,\N,badge_earned,badge,4,First Project,,true,2026-06-28T10:30:00+00:00
1526,f4793612-bd5c-52c4-b29e-226fe28a77ca,\N,badge_earned,badge,4,First Project,,true,2026-06-28T11:30:00+00:00
1527,3425797b-5c54-5f3a-9a34-9cedb0dc5b84,\N,badge_earned,badge,4,First Project,,true,2026-06-28T14:30:00+00:00
1528,eeeb9e89-042f-5fdc-8fcf-2c3ad56f9bf1,\N,badge_earned,badge,4,First Project,,true,2026-06-28T14:30:00+00:00
1529,d48cab4b-e48b-59ae-88d6-41d5d463569d,\N,badge_earned,badge,4,First Project,,true,2026-06-28T15:30:00+00:00
1530,90cced0e-f2c7-528c-bd28-38c44ead6c98,\N,badge_earned,badge,4,First Project,,true,2026-06-28T18:30:00+00:00
1531,88a268b0-6bca-5583-b041-ffdbc51be7e6,\N,badge_earned,badge,4,First Project,,true,2026-06-28T18:30:00+00:00
1532,2e2e8079-6c9e-51c9-bc7e-1475045fd514,\N,badge_earned,badge,4,First Project,,true,2026-06-30T04:30:00+00:00
1533,5ccdaadc-80b2-50e1-a0c1-bad0246a7cf2,\N,badge_earned,badge,4,First Project,,true,2026-06-30T08:30:00+00:00
1534,001e944b-e64e-5742-afb7-5e04327e41ee,\N,badge_earned,badge,4,First Project,,true,2026-06-30T12:30:00+00:00
1535,b39a9d3d-f3eb-5d31-9cc7-15e278969b70,\N,badge_earned,badge,4,First Project,,true,2026-06-30T13:30:00+00:00
1536,35e87bcc-650c-5e3f-9741-3f0c54905b6f,\N,badge_earned,badge,4,First Project,,true,2026-06-30T20:30:00+00:00
1537,b7180518-4b5b-54ef-9060-958212d05ab7,\N,badge_earned,badge,4,First Project,,true,2026-07-01T01:30:00+00:00
1538,6988340a-a3c1-5fda-a996-711f1723c649,\N,badge_earned,badge,4,First Project,,true,2026-07-01T05:30:00+00:00
1539,a2cc3818-be31-5aeb-828c-e23f579431aa,\N,badge_earned,badge,12,Week Streak,,true,2026-07-01T07:25:00+00:00
1540,a2cc3818-be31-5aeb-828c-e23f579431aa,\N,badge_earned,badge,4,First Project,,true,2026-07-01T17:30:00+00:00
1541,6ab0c42d-0ad5-5b3d-9c6c-4ab9eaa47586,\N,badge_earned,badge,4,First Project,,true,2026-07-01T21:30:00+00:00
1542,eb397f92-99ac-5f0f-8f81-3540865f0477,\N,badge_earned,badge,4,First Project,,true,2026-07-02T01:30:00+00:00
1543,facb4557-eabe-5f8b-89cc-f223b91c89b7,\N,badge_earned,badge,4,First Project,,true,2026-07-02T05:30:00+00:00
1544,43a3bb15-e7a6-5c42-a198-3e0d7f080ba1,\N,badge_earned,badge,4,First Project,,true,2026-07-02T05:30:00+00:00
1545,fb400c3e-ecd0-522e-8b8e-1323946be71a,\N,badge_earned,badge,4,First Project,,true,2026-07-02T13:30:00+00:00
1546,1767869f-381f-59b9-acac-01da2d539e40,\N,badge_earned,badge,4,First Project,,true,2026-07-02T19:30:00+00:00
1547,88820056-e901-59a1-b2ca-c4e813b34f7b,\N,badge_earned,badge,4,First Project,,true,2026-07-02T23:30:00+00:00
1548,f0f4eb8c-a1ed-50a1-bc7d-2863700a31a5,\N,badge_earned,badge,5,First Task,,true,2026-07-03T02:30:00+00:00
1549,f0f4eb8c-a1ed-50a1-bc7d-2863700a31a5,\N,badge_earned,badge,7,First Milestone,,true,2026-07-03T02:30:00+00:00
1550,77c684c4-9514-5edc-85ff-1052c8544c14,\N,badge_earned,badge,7,First Milestone,,true,2026-07-03T02:30:00+00:00
1551,cb162f3d-006f-544e-bfa6-f9abb8a52026,\N,badge_earned,badge,7,First Milestone,,true,2026-07-03T02:30:00+00:00
1552,3425797b-5c54-5f3a-9a34-9cedb0dc5b84,\N,badge_earned,badge,7,First Milestone,,true,2026-07-03T02:30:00+00:00
1553,90cced0e-f2c7-528c-bd28-38c44ead6c98,\N,badge_earned,badge,7,First Milestone,,true,2026-07-03T02:30:00+00:00
1554,b7f1d97d-9f3c-5885-b9ef-48d67a16a686,\N,badge_earned,badge,4,First Project,,true,2026-07-03T03:30:00+00:00
1555,1bc15434-bc22-56cc-a890-336efd2a11e5,\N,badge_earned,badge,5,First Task,,true,2026-07-03T03:30:00+00:00
1556,1bc15434-bc22-56cc-a890-336efd2a11e5,\N,badge_earned,badge,7,First Milestone,,true,2026-07-03T03:30:00+00:00
1557,96ccee9a-30f2-56cd-b597-a927c84e0f75,\N,badge_earned,badge,7,First Milestone,,true,2026-07-03T03:30:00+00:00
1558,f4793612-bd5c-52c4-b29e-226fe28a77ca,\N,badge_earned,badge,7,First Milestone,,true,2026-07-03T03:30:00+00:00
1559,d48cab4b-e48b-59ae-88d6-41d5d463569d,\N,badge_earned,badge,7,First Milestone,,true,2026-07-03T03:30:00+00:00
1560,61347d09-09eb-5f04-a4ec-fe830319799f,\N,badge_earned,badge,4,First Project,,true,2026-07-03T07:30:00+00:00
1561,19e81afb-74c1-5b4a-9af3-469f3b610235,\N,badge_earned,badge,4,First Project,,true,2026-07-03T19:30:00+00:00
1562,20b63262-d3e6-555a-95b2-84fc87694a19,\N,badge_earned,badge,4,First Project,,true,2026-07-03T22:30:00+00:00
1563,d5dc7189-89df-5fd7-983f-1124b6de3d68,\N,badge_earned,badge,4,First Project,,true,2026-07-04T02:30:00+00:00
1564,77c684c4-9514-5edc-85ff-1052c8544c14,\N,badge_earned,badge,5,First Task,,true,2026-07-04T03:30:00+00:00
1565,77c684c4-9514-5edc-85ff-1052c8544c14,\N,badge_earned,badge,14,Level 5,,true,2026-07-04T03:30:00+00:00
1566,96ccee9a-30f2-56cd-b597-a927c84e0f75,\N,badge_earned,badge,5,First Task,,true,2026-07-04T04:30:00+00:00
1567,f22a7317-9c2b-5d13-99b9-1a1622094bb3,\N,badge_earned,badge,4,First Project,,true,2026-07-04T14:30:00+00:00
1568,cd8c4c60-ab9b-5cf3-996e-d4fbb990f4c6,\N,badge_earned,badge,4,First Project,,true,2026-07-04T18:30:00+00:00
1569,d9fbcbde-376a-5f82-9fb5-268a24b02d57,\N,badge_earned,badge,4,First Project,,true,2026-07-05T02:30:00+00:00
1570,cb162f3d-006f-544e-bfa6-f9abb8a52026,\N,badge_earned,badge,5,First Task,,true,2026-07-05T04:30:00+00:00
1571,2e2e8079-6c9e-51c9-bc7e-1475045fd514,\N,badge_earned,badge,5,First Task,,true,2026-07-05T04:30:00+00:00
1572,2e2e8079-6c9e-51c9-bc7e-1475045fd514,\N,badge_earned,badge,7,First Milestone,,true,2026-07-05T04:30:00+00:00
1573,5ccdaadc-80b2-50e1-a0c1-bad0246a7cf2,\N,badge_earned,badge,7,First Milestone,,true,2026-07-05T04:30:00+00:00
1574,001e944b-e64e-5742-afb7-5e04327e41ee,\N,badge_earned,badge,7,First Milestone,,true,2026-07-05T04:30:00+00:00
1575,35e87bcc-650c-5e3f-9741-3f0c54905b6f,\N,badge_earned,badge,7,First Milestone,,true,2026-07-05T04:30:00+00:00
1576,f4793612-bd5c-52c4-b29e-226fe28a77ca,\N,badge_earned,badge,5,First Task,,true,2026-07-05T05:30:00+00:00
1577,693ebb02-ab3f-5d60-b798-d4d4df4900d2,\N,badge_earned,badge,4,First Project,,true,2026-07-05T06:30:00+00:00
1578,5ccdaadc-80b2-50e1-a0c1-bad0246a7cf2,\N,badge_earned,badge,5,First Task,,true,2026-07-06T05:30:00+00:00
1579,d48cab4b-e48b-59ae-88d6-41d5d463569d,\N,badge_earned,badge,5,First Task,,true,2026-07-06T06:30:00+00:00
1580,2e2e8079-6c9e-51c9-bc7e-1475045fd514,\N,badge_earned,badge,12,Week Streak,,true,2026-07-06T07:27:00+00:00
1581,2e2e8079-6c9e-51c9-bc7e-1475045fd514,\N,badge_earned,badge,14,Level 5,,true,2026-07-06T07:27:00+00:00
1582,a2cc3818-be31-5aeb-828c-e23f579431aa,\N,badge_earned,badge,7,First Milestone,,true,2026-07-06T17:30:00+00:00
1583,6ab0c42d-0ad5-5b3d-9c6c-4ab9eaa47586,\N,badge_earned,badge,7,First Milestone,,true,2026-07-06T17:30:00+00:00
1584,eb397f92-99ac-5f0f-8f81-3540865f0477,\N,badge_earned,badge,7,First Milestone,,true,2026-07-06T17:30:00+00:00
1585,facb4557-eabe-5f8b-89cc-f223b91c89b7,\N,badge_earned,badge,7,First Milestone,,true,2026-07-06T17:30:00+00:00
1586,88a268b0-6bca-5583-b041-ffdbc51be7e6,\N,badge_earned,badge,7,First Milestone,,true,2026-07-06T17:30:00+00:00
1587,6ac5a7a4-ae0d-5e31-8a7c-d85b63a96c46,\N,badge_earned,badge,4,First Project,,true,2026-07-06T18:30:00+00:00
1588,a0a53b38-722a-56e6-a52c-fe0e06169a59,\N,badge_earned,badge,4,First Project,,true,2026-07-06T22:30:00+00:00
1589,0bd9c807-50b6-567b-befe-96c80ed2fc9d,\N,badge_earned,badge,4,First Project,,true,2026-07-07T02:30:00+00:00
1590,43a3bb15-e7a6-5c42-a198-3e0d7f080ba1,\N,badge_earned,badge,7,First Milestone,,true,2026-07-07T05:30:00+00:00
1591,fb400c3e-ecd0-522e-8b8e-1323946be71a,\N,badge_earned,badge,7,First Milestone,,true,2026-07-07T05:30:00+00:00
1592,bb4b0d34-59a4-5948-a9be-a1aa6caece55,\N,badge_earned,badge,4,First Project,,true,2026-07-07T06:30:00+00:00
1593,001e944b-e64e-5742-afb7-5e04327e41ee,\N,badge_earned,badge,5,First Task,,true,2026-07-07T06:30:00+00:00
1594,7e6a1243-34f5-52e6-862f-e5f3b2ebe640,\N,badge_earned,badge,12,Week Streak,,true,2026-07-07T07:36:00+00:00
1595,6ab0c42d-0ad5-5b3d-9c6c-4ab9eaa47586,\N,badge_earned,badge,5,First Task,,true,2026-07-07T18:30:00+00:00
1596,1767869f-381f-59b9-acac-01da2d539e40,\N,badge_earned,badge,5,First Task,,true,2026-07-07T19:30:00+00:00
1597,1767869f-381f-59b9-acac-01da2d539e40,\N,badge_earned,badge,7,First Milestone,,true,2026-07-07T19:30:00+00:00
1598,88820056-e901-59a1-b2ca-c4e813b34f7b,\N,badge_earned,badge,7,First Milestone,,true,2026-07-07T19:30:00+00:00
1599,b7f1d97d-9f3c-5885-b9ef-48d67a16a686,\N,badge_earned,badge,7,First Milestone,,true,2026-07-07T19:30:00+00:00
1600,61347d09-09eb-5f04-a4ec-fe830319799f,\N,badge_earned,badge,7,First Milestone,,true,2026-07-07T19:30:00+00:00
1601,4ec67eb8-4fda-5cbc-bbd1-a6afc7ce8130,\N,badge_earned,badge,7,First Milestone,,true,2026-07-07T19:30:00+00:00
1602,54561bf4-fe37-5b37-934d-9c7f81542f8b,\N,badge_earned,badge,4,First Project,,true,2026-07-08T09:30:00+00:00
1603,6e82bb3e-ede8-5803-ba1a-cc3aa8766199,\N,badge_earned,badge,4,First Project,,true,2026-07-08T17:30:00+00:00
1604,88820056-e901-59a1-b2ca-c4e813b34f7b,\N,badge_earned,badge,5,First Task,,true,2026-07-08T20:30:00+00:00
1605,20b63262-d3e6-555a-95b2-84fc87694a19,\N,badge_earned,badge,5,First Task,,true,2026-07-08T22:30:00+00:00
1606,20b63262-d3e6-555a-95b2-84fc87694a19,\N,badge_earned,badge,7,First Milestone,,true,2026-07-08T22:30:00+00:00
1607,d5dc7189-89df-5fd7-983f-1124b6de3d68,\N,badge_earned,badge,7,First Milestone,,true,2026-07-08T22:30:00+00:00
1608,35e87bcc-650c-5e3f-9741-3f0c54905b6f,\N,badge_earned,badge,5,First Task,,true,2026-07-09T08:30:00+00:00
1609,f22a7317-9c2b-5d13-99b9-1a1622094bb3,\N,badge_earned,badge,5,First Task,,true,2026-07-09T14:30:00+00:00
1610,f22a7317-9c2b-5d13-99b9-1a1622094bb3,\N,badge_earned,badge,7,First Milestone,,true,2026-07-09T14:30:00+00:00
1611,cd8c4c60-ab9b-5cf3-996e-d4fbb990f4c6,\N,badge_earned,badge,7,First Milestone,,true,2026-07-09T14:30:00+00:00
1612,a60d0128-bffa-5d2d-9915-36693e6bc3ba,\N,badge_earned,badge,4,First Project,,true,2026-07-09T19:30:00+00:00
1613,facb4557-eabe-5f8b-89cc-f223b91c89b7,\N,badge_earned,badge,5,First Task,,true,2026-07-09T20:30:00+00:00
1614,b7f1d97d-9f3c-5885-b9ef-48d67a16a686,\N,badge_earned,badge,5,First Task,,true,2026-07-09T21:30:00+00:00
1615,d5dc7189-89df-5fd7-983f-1124b6de3d68,\N,badge_earned,badge,5,First Task,,true,2026-07-09T23:30:00+00:00
1616,605985c4-d18d-54b0-829f-2a199ea5c81d,\N,badge_earned,badge,4,First Project,,true,2026-07-09T23:30:00+00:00
1617,7bdf8ad6-1318-5f74-9112-e2b655e215a2,\N,badge_earned,badge,4,First Project,,true,2026-07-10T00:30:00+00:00
1618,d9fbcbde-376a-5f82-9fb5-268a24b02d57,\N,badge_earned,badge,5,First Task,,true,2026-07-10T02:30:00+00:00
1619,d9fbcbde-376a-5f82-9fb5-268a24b02d57,\N,badge_earned,badge,7,First Milestone,,true,2026-07-10T02:30:00+00:00
1620,693ebb02-ab3f-5d60-b798-d4d4df4900d2,\N,badge_earned,badge,7,First Milestone,,true,2026-07-10T02:30:00+00:00
1621,eeeb9e89-042f-5fdc-8fcf-2c3ad56f9bf1,\N,badge_earned,badge,7,First Milestone,,true,2026-07-10T02:30:00+00:00
1622,85df6dcd-e42a-581f-802b-eb93568b74eb,\N,badge_earned,badge,4,First Project,,true,2026-07-10T03:30:00+00:00
1623,e7dd6cb0-626e-510a-9e98-0498c534b04d,\N,badge_earned,badge,4,First Project,,true,2026-07-10T11:30:00+00:00
1624,cd8c4c60-ab9b-5cf3-996e-d4fbb990f4c6,\N,badge_earned,badge,5,First Task,,true,2026-07-10T15:30:00+00:00
1625,8819cb55-67e6-5a55-98c8-d80446975a9e,\N,badge_earned,badge,4,First Project,,true,2026-07-10T15:30:00+00:00
1626,ae96d203-7a11-52ed-9e02-cd93c3dda603,\N,badge_earned,badge,4,First Project,,true,2026-07-10T17:30:00+00:00
1627,a53c485b-a35c-51fb-84a5-364207ce0adb,\N,badge_earned,badge,4,First Project,,true,2026-07-10T21:30:00+00:00
1628,61347d09-09eb-5f04-a4ec-fe830319799f,\N,badge_earned,badge,5,First Task,,true,2026-07-10T22:30:00+00:00
1629,bf54d417-d834-5d3e-a7f9-106377fe05a5,\N,badge_earned,badge,4,First Project,,true,2026-07-11T02:30:00+00:00
1630,693ebb02-ab3f-5d60-b798-d4d4df4900d2,\N,badge_earned,badge,5,First Task,,true,2026-07-11T03:30:00+00:00
1631,90cced0e-f2c7-528c-bd28-38c44ead6c98,\N,badge_earned,badge,5,First Task,,true,2026-07-11T09:30:00+00:00
1632,50de23a6-cd45-55ac-adb0-06d14b4ed8ce,\N,badge_earned,badge,4,First Project,,true,2026-07-11T10:30:00+00:00
1633,f985b68e-39ae-5c83-8468-2b126802c414,\N,badge_earned,badge,4,First Project,,true,2026-07-11T14:30:00+00:00
1634,610e9654-06d6-5e55-959b-377b8749b8f9,\N,badge_earned,badge,4,First Project,,true,2026-07-11T18:30:00+00:00
1635,a2cc3818-be31-5aeb-828c-e23f579431aa,\N,badge_earned,badge,5,First Task,,true,2026-07-11T22:30:00+00:00
1636,a2cc3818-be31-5aeb-828c-e23f579431aa,\N,badge_earned,badge,14,Level 5,,true,2026-07-11T22:30:00+00:00
1637,4ec67eb8-4fda-5cbc-bbd1-a6afc7ce8130,\N,badge_earned,badge,5,First Task,,true,2026-07-11T23:30:00+00:00
1638,eeeb9e89-042f-5fdc-8fcf-2c3ad56f9bf1,\N,badge_earned,badge,5,First Task,,true,2026-07-12T04:30:00+00:00
1639,fb400c3e-ecd0-522e-8b8e-1323946be71a,\N,badge_earned,badge,5,First Task,,true,2026-07-12T10:30:00+00:00
1640,dfe9e449-d177-56af-a679-d3e1c78c5c02,\N,badge_earned,badge,12,Week Streak,,true,2026-07-13T07:43:00+00:00
1641,54561bf4-fe37-5b37-934d-9c7f81542f8b,\N,badge_earned,badge,5,First Task,,true,2026-07-13T09:30:00+00:00
1642,54561bf4-fe37-5b37-934d-9c7f81542f8b,\N,badge_earned,badge,7,First Milestone,,true,2026-07-13T09:30:00+00:00
1643,6e82bb3e-ede8-5803-ba1a-cc3aa8766199,\N,badge_earned,badge,7,First Milestone,,true,2026-07-13T09:30:00+00:00
1644,d5dc7189-89df-5fd7-983f-1124b6de3d68,\N,badge_earned,badge,14,Level 5,,true,2026-07-13T16:30:00+00:00
1645,508d03e7-de84-523a-8242-f48abc9451d7,\N,badge_earned,badge,12,Week Streak,,true,2026-07-14T07:39:00+00:00
1646,a60d0128-bffa-5d2d-9915-36693e6bc3ba,\N,badge_earned,badge,5,First Task,,true,2026-07-14T19:30:00+00:00
1647,a60d0128-bffa-5d2d-9915-36693e6bc3ba,\N,badge_earned,badge,7,First Milestone,,true,2026-07-14T19:30:00+00:00
1648,605985c4-d18d-54b0-829f-2a199ea5c81d,\N,badge_earned,badge,7,First Milestone,,true,2026-07-14T19:30:00+00:00
1649,85df6dcd-e42a-581f-802b-eb93568b74eb,\N,badge_earned,badge,7,First Milestone,,true,2026-07-14T19:30:00+00:00
1650,e7dd6cb0-626e-510a-9e98-0498c534b04d,\N,badge_earned,badge,7,First Milestone,,true,2026-07-14T19:30:00+00:00
1651,8819cb55-67e6-5a55-98c8-d80446975a9e,\N,badge_earned,badge,7,First Milestone,,true,2026-07-14T19:30:00+00:00
1652,7bdf8ad6-1318-5f74-9112-e2b655e215a2,\N,badge_earned,badge,5,First Task,,true,2026-07-15T00:30:00+00:00
1653,7bdf8ad6-1318-5f74-9112-e2b655e215a2,\N,badge_earned,badge,14,Level 5,,true,2026-07-15T00:30:00+00:00
1654,7bdf8ad6-1318-5f74-9112-e2b655e215a2,\N,badge_earned,badge,7,First Milestone,,true,2026-07-15T00:30:00+00:00
1655,6988340a-a3c1-5fda-a996-711f1723c649,\N,badge_earned,badge,7,First Milestone,,true,2026-07-15T00:30:00+00:00
1656,518ae987-15f7-5b22-8bcc-df59623dbdce,\N,badge_earned,badge,4,First Project,,true,2026-07-15T02:30:00+00:00
1657,f3744506-cae3-5f81-8a4f-506a60395be8,\N,badge_earned,badge,4,First Project,,true,2026-07-15T02:30:00+00:00
1658,1bc15434-bc22-56cc-a890-336efd2a11e5,\N,badge_earned,badge,8,Project Complete,,true,2026-07-15T03:30:00+00:00
1659,1bc15434-bc22-56cc-a890-336efd2a11e5,\N,badge_earned,badge,14,Level 5,,true,2026-07-15T03:30:00+00:00
1660,96ccee9a-30f2-56cd-b597-a927c84e0f75,\N,badge_earned,badge,8,Project Complete,,true,2026-07-15T03:30:00+00:00
1661,96ccee9a-30f2-56cd-b597-a927c84e0f75,\N,badge_earned,badge,14,Level 5,,true,2026-07-15T03:30:00+00:00
1662,f4793612-bd5c-52c4-b29e-226fe28a77ca,\N,badge_earned,badge,8,Project Complete,,true,2026-07-15T03:30:00+00:00
1663,f4793612-bd5c-52c4-b29e-226fe28a77ca,\N,badge_earned,badge,14,Level 5,,true,2026-07-15T03:30:00+00:00
1664,d48cab4b-e48b-59ae-88d6-41d5d463569d,\N,badge_earned,badge,8,Project Complete,,true,2026-07-15T03:30:00+00:00
1665,d48cab4b-e48b-59ae-88d6-41d5d463569d,\N,badge_earned,badge,14,Level 5,,true,2026-07-15T03:30:00+00:00
1666,3b932376-f549-5a1c-a24b-664b4bc338e3,\N,badge_earned,badge,4,First Project,,true,2026-07-15T06:30:00+00:00
1667,88820056-e901-59a1-b2ca-c4e813b34f7b,\N,badge_earned,badge,12,Week Streak,,true,2026-07-15T07:33:00+00:00
1668,88820056-e901-59a1-b2ca-c4e813b34f7b,\N,badge_earned,badge,14,Level 5,,true,2026-07-15T07:33:00+00:00
1669,6e82bb3e-ede8-5803-ba1a-cc3aa8766199,\N,badge_earned,badge,5,First Task,,true,2026-07-15T11:30:00+00:00
1670,ae96d203-7a11-52ed-9e02-cd93c3dda603,\N,badge_earned,badge,5,First Task,,true,2026-07-15T17:30:00+00:00
1671,ae96d203-7a11-52ed-9e02-cd93c3dda603,\N,badge_earned,badge,7,First Milestone,,true,2026-07-15T17:30:00+00:00
1672,a53c485b-a35c-51fb-84a5-364207ce0adb,\N,badge_earned,badge,7,First Milestone,,true,2026-07-15T17:30:00+00:00
1673,605985c4-d18d-54b0-829f-2a199ea5c81d,\N,badge_earned,badge,5,First Task,,true,2026-07-15T20:30:00+00:00
1674,95927b04-f214-5c26-878d-fb55176e41bc,\N,badge_earned,badge,4,First Project,,true,2026-07-15T23:30:00+00:00
1675,f223e569-d735-5980-b77b-25d459e64a37,\N,badge_earned,badge,4,First Project,,true,2026-07-16T07:30:00+00:00
1676,a53c485b-a35c-51fb-84a5-364207ce0adb,\N,badge_earned,badge,5,First Task,,true,2026-07-16T18:30:00+00:00
1677,85df6dcd-e42a-581f-802b-eb93568b74eb,\N,badge_earned,badge,5,First Task,,true,2026-07-16T21:30:00+00:00
1678,d9fbcbde-376a-5f82-9fb5-268a24b02d57,\N,badge_earned,badge,8,Project Complete,,true,2026-07-17T02:30:00+00:00
1679,d9fbcbde-376a-5f82-9fb5-268a24b02d57,\N,badge_earned,badge,14,Level 5,,true,2026-07-17T02:30:00+00:00
1680,693ebb02-ab3f-5d60-b798-d4d4df4900d2,\N,badge_earned,badge,8,Project Complete,,true,2026-07-17T02:30:00+00:00
1681,693ebb02-ab3f-5d60-b798-d4d4df4900d2,\N,badge_earned,badge,14,Level 5,,true,2026-07-17T02:30:00+00:00
1682,eeeb9e89-042f-5fdc-8fcf-2c3ad56f9bf1,\N,badge_earned,badge,8,Project Complete,,true,2026-07-17T02:30:00+00:00
1683,eeeb9e89-042f-5fdc-8fcf-2c3ad56f9bf1,\N,badge_earned,badge,14,Level 5,,true,2026-07-17T02:30:00+00:00
1684,90cced0e-f2c7-528c-bd28-38c44ead6c98,\N,badge_earned,badge,8,Project Complete,,true,2026-07-17T02:30:00+00:00
1685,90cced0e-f2c7-528c-bd28-38c44ead6c98,\N,badge_earned,badge,14,Level 5,,true,2026-07-17T02:30:00+00:00
1686,f0f4eb8c-a1ed-50a1-bc7d-2863700a31a5,\N,badge_earned,badge,8,Project Complete,,true,2026-07-17T02:30:00+00:00
1687,f0f4eb8c-a1ed-50a1-bc7d-2863700a31a5,\N,badge_earned,badge,14,Level 5,,true,2026-07-17T02:30:00+00:00
1688,77c684c4-9514-5edc-85ff-1052c8544c14,\N,badge_earned,badge,8,Project Complete,,true,2026-07-17T02:30:00+00:00
1689,cb162f3d-006f-544e-bfa6-f9abb8a52026,\N,badge_earned,badge,8,Project Complete,,true,2026-07-17T02:30:00+00:00
1690,cb162f3d-006f-544e-bfa6-f9abb8a52026,\N,badge_earned,badge,14,Level 5,,true,2026-07-17T02:30:00+00:00
1691,3425797b-5c54-5f3a-9a34-9cedb0dc5b84,\N,badge_earned,badge,8,Project Complete,,true,2026-07-17T02:30:00+00:00
1692,e3efd234-c7f9-5957-937f-661b1c3981ef,\N,badge_earned,badge,4,First Project,,true,2026-07-17T07:30:00+00:00
1693,878bb7d9-5569-5efb-bbd1-5e39d62d594d,\N,badge_earned,badge,4,First Project,,true,2026-07-17T11:30:00+00:00
1694,9d1c460b-bd0b-57ff-ac14-f2b10f73edd3,\N,badge_earned,badge,4,First Project,,true,2026-07-17T19:30:00+00:00
1695,fd96bbd1-5601-5c99-a1e2-04b09168b35e,\N,badge_earned,badge,4,First Project,,true,2026-07-18T05:30:00+00:00
1696,e7dd6cb0-626e-510a-9e98-0498c534b04d,\N,badge_earned,badge,5,First Task,,true,2026-07-18T23:30:00+00:00
1697,2e2e8079-6c9e-51c9-bc7e-1475045fd514,\N,badge_earned,badge,8,Project Complete,,true,2026-07-19T04:30:00+00:00
1698,5ccdaadc-80b2-50e1-a0c1-bad0246a7cf2,\N,badge_earned,badge,8,Project Complete,,true,2026-07-19T04:30:00+00:00
1699,5ccdaadc-80b2-50e1-a0c1-bad0246a7cf2,\N,badge_earned,badge,14,Level 5,,true,2026-07-19T04:30:00+00:00
1700,001e944b-e64e-5742-afb7-5e04327e41ee,\N,badge_earned,badge,8,Project Complete,,true,2026-07-19T04:30:00+00:00
1701,001e944b-e64e-5742-afb7-5e04327e41ee,\N,badge_earned,badge,14,Level 5,,true,2026-07-19T04:30:00+00:00
1702,35e87bcc-650c-5e3f-9741-3f0c54905b6f,\N,badge_earned,badge,8,Project Complete,,true,2026-07-19T04:30:00+00:00
1703,35e87bcc-650c-5e3f-9741-3f0c54905b6f,\N,badge_earned,badge,14,Level 5,,true,2026-07-19T04:30:00+00:00
1704,3d016498-e16a-5ad9-95c7-b633dfc6a142,\N,badge_earned,badge,4,First Project,,true,2026-07-19T07:30:00+00:00
1705,f3744506-cae3-5f81-8a4f-506a60395be8,\N,badge_earned,badge,7,First Milestone,,true,2026-07-19T14:30:00+00:00
1706,3b932376-f549-5a1c-a24b-664b4bc338e3,\N,badge_earned,badge,7,First Milestone,,true,2026-07-19T14:30:00+00:00
1707,40120057-c43a-5745-9d3a-d9b0c6b1e84e,\N,badge_earned,badge,4,First Project,,true,2026-07-19T22:30:00+00:00
1708,8819cb55-67e6-5a55-98c8-d80446975a9e,\N,badge_earned,badge,5,First Task,,true,2026-07-20T00:30:00+00:00
1709,4c310820-12d3-5128-9a45-973db446b59e,\N,badge_earned,badge,13,30-Day Streak,,true,2026-07-20T07:23:00+00:00
1710,4c310820-12d3-5128-9a45-973db446b59e,\N,badge_earned,badge,14,Level 5,,true,2026-07-20T07:23:00+00:00
1711,95927b04-f214-5c26-878d-fb55176e41bc,\N,badge_earned,badge,5,First Task,,true,2026-07-20T23:30:00+00:00
1712,95927b04-f214-5c26-878d-fb55176e41bc,\N,badge_earned,badge,7,First Milestone,,true,2026-07-20T23:30:00+00:00
1713,518ae987-15f7-5b22-8bcc-df59623dbdce,\N,badge_earned,badge,7,First Milestone,,true,2026-07-20T23:30:00+00:00
1714,f223e569-d735-5980-b77b-25d459e64a37,\N,badge_earned,badge,7,First Milestone,,true,2026-07-20T23:30:00+00:00
1715,518ae987-15f7-5b22-8bcc-df59623dbdce,\N,badge_earned,badge,5,First Task,,true,2026-07-22T00:30:00+00:00
1716,e3efd234-c7f9-5957-937f-661b1c3981ef,\N,badge_earned,badge,7,First Milestone,,true,2026-07-22T07:30:00+00:00
1717,878bb7d9-5569-5efb-bbd1-5e39d62d594d,\N,badge_earned,badge,7,First Milestone,,true,2026-07-22T07:30:00+00:00
1718,9d1c460b-bd0b-57ff-ac14-f2b10f73edd3,\N,badge_earned,badge,7,First Milestone,,true,2026-07-22T07:30:00+00:00
1719,daa36188-60fd-56a2-938b-70b1b51084b0,\N,badge_earned,badge,9,Community Builder,,true,2026-07-22T09:30:00+00:00
1720,eb3717c1-cd92-5eeb-af40-9df7f3132426,\N,badge_earned,badge,7,First Milestone,,true,2026-07-22T17:30:00+00:00
1721,fd96bbd1-5601-5c99-a1e2-04b09168b35e,\N,badge_earned,badge,7,First Milestone,,true,2026-07-22T17:30:00+00:00
1722,f223e569-d735-5980-b77b-25d459e64a37,\N,badge_earned,badge,5,First Task,,true,2026-07-23T01:30:00+00:00
1723,4c2177ab-592a-5e4a-b25b-8bb3f8090555,\N,badge_earned,badge,9,Community Builder,,true,2026-07-23T04:30:00+00:00
1724,1767869f-381f-59b9-acac-01da2d539e40,\N,badge_earned,badge,8,Project Complete,,true,2026-07-23T19:30:00+00:00
1725,1767869f-381f-59b9-acac-01da2d539e40,\N,badge_earned,badge,14,Level 5,,true,2026-07-23T19:30:00+00:00
1726,88820056-e901-59a1-b2ca-c4e813b34f7b,\N,badge_earned,badge,8,Project Complete,,true,2026-07-23T19:30:00+00:00
1727,b7f1d97d-9f3c-5885-b9ef-48d67a16a686,\N,badge_earned,badge,8,Project Complete,,true,2026-07-23T19:30:00+00:00
1728,b7f1d97d-9f3c-5885-b9ef-48d67a16a686,\N,badge_earned,badge,14,Level 5,,true,2026-07-23T19:30:00+00:00
1729,61347d09-09eb-5f04-a4ec-fe830319799f,\N,badge_earned,badge,8,Project Complete,,true,2026-07-23T19:30:00+00:00
1730,61347d09-09eb-5f04-a4ec-fe830319799f,\N,badge_earned,badge,14,Level 5,,true,2026-07-23T19:30:00+00:00
1731,4ec67eb8-4fda-5cbc-bbd1-a6afc7ce8130,\N,badge_earned,badge,8,Project Complete,,true,2026-07-23T19:30:00+00:00
1732,4ec67eb8-4fda-5cbc-bbd1-a6afc7ce8130,\N,badge_earned,badge,14,Level 5,,true,2026-07-23T19:30:00+00:00
1733,3d016498-e16a-5ad9-95c7-b633dfc6a142,\N,badge_earned,badge,5,First Task,,true,2026-07-24T07:30:00+00:00
1734,3d016498-e16a-5ad9-95c7-b633dfc6a142,\N,badge_earned,badge,7,First Milestone,,true,2026-07-24T07:30:00+00:00
1735,f0f4eb8c-a1ed-50a1-bc7d-2863700a31a5,\N,badge_earned,badge,9,Community Builder,,true,2026-07-24T08:30:00+00:00
1736,8ecc0792-3789-53b2-a26e-fc6daa886eb7,\N,badge_earned,badge,11,Mentor,,true,2026-07-24T13:40:00+00:00
1737,40120057-c43a-5745-9d3a-d9b0c6b1e84e,\N,badge_earned,badge,5,First Task,,true,2026-07-24T22:30:00+00:00
1738,40120057-c43a-5745-9d3a-d9b0c6b1e84e,\N,badge_earned,badge,7,First Milestone,,true,2026-07-24T22:30:00+00:00
1739,1dd6da2f-292d-52b5-8e0e-a84885e81ba1,\N,badge_earned,badge,4,First Project,,true,2026-07-24T23:30:00+00:00
1740,ffe47fd1-7989-5728-addd-50b504edd889,\N,badge_earned,badge,4,First Project,,true,2026-07-25T03:30:00+00:00
1741,d0c58825-6ead-50f6-9a07-f2f95dbb51ea,\N,badge_earned,badge,4,First Project,,true,2026-07-25T03:30:00+00:00
1742,373cd20e-25d5-5a46-a0ae-18157cf68a55,\N,badge_earned,badge,4,First Project,,true,2026-07-25T04:30:00+00:00
1743,729fe171-fa0d-547e-b374-39bd19f4c645,\N,badge_earned,badge,4,First Project,,true,2026-07-25T07:30:00+00:00
1744,0b532307-3033-5baf-b61c-915d1213c01f,\N,badge_earned,badge,4,First Project,,true,2026-07-25T07:30:00+00:00
1745,f22a7317-9c2b-5d13-99b9-1a1622094bb3,\N,badge_earned,badge,14,Level 5,,true,2026-07-25T11:30:00+00:00
1746,4307ee18-2e16-50be-abbc-db160bb8e8fd,\N,badge_earned,badge,4,First Project,,true,2026-07-25T11:30:00+00:00
1747,37b7aed3-d207-54f7-b4ec-0e05c50eaeb2,\N,badge_earned,badge,4,First Project,,true,2026-07-25T15:30:00+00:00
1748,4966bb54-4d4f-5992-8586-1bd44991d17f,\N,badge_earned,badge,4,First Project,,true,2026-07-25T16:30:00+00:00
1749,4c2177ab-592a-5e4a-b25b-8bb3f8090555,\N,badge_earned,badge,4,First Project,,true,2026-07-25T19:30:00+00:00
1750,f1fb49f6-8f16-5086-a3b3-1c5e169f9ad4,\N,badge_earned,badge,9,Community Builder,,true,2026-07-26T01:30:00+00:00
1751,96ccee9a-30f2-56cd-b597-a927c84e0f75,\N,badge_earned,badge,9,Community Builder,,true,2026-07-26T01:30:00+00:00
1752,0947c4b9-50d6-50e2-9043-84a15b80e8c7,\N,badge_earned,badge,9,Community Builder,,true,2026-07-26T02:30:00+00:00
1753,5ccdaadc-80b2-50e1-a0c1-bad0246a7cf2,\N,badge_earned,badge,11,Mentor,,true,2026-07-26T06:40:00+00:00
1754,518ae987-15f7-5b22-8bcc-df59623dbdce,\N,badge_earned,badge,9,Community Builder,,true,2026-07-26T09:30:00+00:00
1755,f22a7317-9c2b-5d13-99b9-1a1622094bb3,\N,badge_earned,badge,8,Project Complete,,true,2026-07-26T14:30:00+00:00
1756,cd8c4c60-ab9b-5cf3-996e-d4fbb990f4c6,\N,badge_earned,badge,8,Project Complete,,true,2026-07-26T14:30:00+00:00
1757,cd8c4c60-ab9b-5cf3-996e-d4fbb990f4c6,\N,badge_earned,badge,14,Level 5,,true,2026-07-26T14:30:00+00:00
1758,1062abbb-4fcd-51a9-95fc-5474e4af7640,\N,badge_earned,badge,11,Mentor,,true,2026-07-26T14:40:00+00:00
1759,9edec740-5de6-5c27-8233-5cf72946b182,\N,badge_earned,badge,4,First Project,,true,2026-07-28T00:30:00+00:00
1760,67357d35-e727-50a5-9114-d5f2da172374,\N,badge_earned,badge,4,First Project,,true,2026-07-28T04:30:00+00:00
1761,ef763ec1-f93c-5744-9640-4ca59adf9347,\N,badge_earned,badge,4,First Project,,true,2026-07-28T08:30:00+00:00
1762,54561bf4-fe37-5b37-934d-9c7f81542f8b,\N,badge_earned,badge,8,Project Complete,,true,2026-07-28T09:30:00+00:00
1763,54561bf4-fe37-5b37-934d-9c7f81542f8b,\N,badge_earned,badge,14,Level 5,,true,2026-07-28T09:30:00+00:00
1764,6e82bb3e-ede8-5803-ba1a-cc3aa8766199,\N,badge_earned,badge,8,Project Complete,,true,2026-07-28T09:30:00+00:00
1765,6e82bb3e-ede8-5803-ba1a-cc3aa8766199,\N,badge_earned,badge,14,Level 5,,true,2026-07-28T09:30:00+00:00
1766,8fa5b823-1a70-59f7-9bb2-b3d5f36dc82b,\N,badge_earned,badge,4,First Project,,true,2026-07-28T12:30:00+00:00
1767,20b63262-d3e6-555a-95b2-84fc87694a19,\N,badge_earned,badge,14,Level 5,,true,2026-07-28T16:30:00+00:00
1768,20b4182c-90f7-51da-99e8-97ade4d19a92,\N,badge_earned,badge,4,First Project,,true,2026-07-28T20:30:00+00:00
1769,95927b04-f214-5c26-878d-fb55176e41bc,\N,badge_earned,badge,8,Project Complete,,true,2026-07-28T23:30:00+00:00
1770,95927b04-f214-5c26-878d-fb55176e41bc,\N,badge_earned,badge,14,Level 5,,true,2026-07-28T23:30:00+00:00
1771,518ae987-15f7-5b22-8bcc-df59623dbdce,\N,badge_earned,badge,8,Project Complete,,true,2026-07-28T23:30:00+00:00
1772,518ae987-15f7-5b22-8bcc-df59623dbdce,\N,badge_earned,badge,14,Level 5,,true,2026-07-28T23:30:00+00:00
1773,f223e569-d735-5980-b77b-25d459e64a37,\N,badge_earned,badge,8,Project Complete,,true,2026-07-28T23:30:00+00:00
1774,f223e569-d735-5980-b77b-25d459e64a37,\N,badge_earned,badge,14,Level 5,,true,2026-07-28T23:30:00+00:00
1775,5421f79d-ed60-5eed-852b-01b379adab9e,\N,badge_earned,badge,4,First Project,,true,2026-07-29T00:30:00+00:00
1776,a36cd93c-2f0c-5956-9a51-8094e39a7bed,\N,badge_earned,badge,4,First Project,,true,2026-07-29T01:30:00+00:00
1777,783491ec-2857-52e8-a102-766d7abba6d2,\N,badge_earned,badge,4,First Project,,true,2026-07-29T06:30:00+00:00
1778,4845dc43-0c9d-5f09-aa4a-62e68abb5d12,\N,badge_earned,badge,4,First Project,,true,2026-07-29T09:30:00+00:00
1779,0e992dba-f631-52d1-b7e3-76faec77c33f,\N,badge_earned,badge,4,First Project,,true,2026-07-29T10:30:00+00:00
1780,1dd6da2f-292d-52b5-8e0e-a84885e81ba1,\N,badge_earned,badge,7,First Milestone,,true,2026-07-29T19:30:00+00:00
1781,ffe47fd1-7989-5728-addd-50b504edd889,\N,badge_earned,badge,7,First Milestone,,true,2026-07-30T03:30:00+00:00
1782,729fe171-fa0d-547e-b374-39bd19f4c645,\N,badge_earned,badge,7,First Milestone,,true,2026-07-30T03:30:00+00:00
1783,37b7aed3-d207-54f7-b4ec-0e05c50eaeb2,\N,badge_earned,badge,7,First Milestone,,true,2026-07-30T03:30:00+00:00
1784,4c2177ab-592a-5e4a-b25b-8bb3f8090555,\N,badge_earned,badge,7,First Milestone,,true,2026-07-30T03:30:00+00:00
1785,d0c58825-6ead-50f6-9a07-f2f95dbb51ea,\N,badge_earned,badge,7,First Milestone,,true,2026-07-30T03:30:00+00:00
1786,0b532307-3033-5baf-b61c-915d1213c01f,\N,badge_earned,badge,7,First Milestone,,true,2026-07-30T03:30:00+00:00
1787,4307ee18-2e16-50be-abbc-db160bb8e8fd,\N,badge_earned,badge,7,First Milestone,,true,2026-07-30T03:30:00+00:00
1788,77c684c4-9514-5edc-85ff-1052c8544c14,\N,badge_earned,badge,9,Community Builder,,true,2026-07-30T03:30:00+00:00
1789,20b63262-d3e6-555a-95b2-84fc87694a19,\N,badge_earned,badge,8,Project Complete,,true,2026-07-30T22:30:00+00:00
1790,d5dc7189-89df-5fd7-983f-1124b6de3d68,\N,badge_earned,badge,8,Project Complete,,true,2026-07-30T22:30:00+00:00
1791,20b63262-d3e6-555a-95b2-84fc87694a19,\N,badge_earned,badge,9,Community Builder,,true,2026-07-31T01:30:00+00:00
1792,729fe171-fa0d-547e-b374-39bd19f4c645,\N,badge_earned,badge,5,First Task,,true,2026-07-31T04:30:00+00:00
1793,0b532307-3033-5baf-b61c-915d1213c01f,\N,badge_earned,badge,5,First Task,,true,2026-07-31T04:30:00+00:00
1794,eb397f92-99ac-5f0f-8f81-3540865f0477,\N,badge_earned,badge,14,Level 5,,true,2026-07-31T07:38:00+00:00
1795,7624f38b-fbca-546f-af04-c9dda9318f82,\N,badge_earned,badge,4,First Project,,true,2026-07-31T22:30:00+00:00
1796,508d03e7-de84-523a-8242-f48abc9451d7,\N,badge_earned,badge,4,First Project,,true,2026-08-01T02:30:00+00:00
1797,4307ee18-2e16-50be-abbc-db160bb8e8fd,\N,badge_earned,badge,5,First Task,,true,2026-08-01T05:30:00+00:00
1798,eeeb9e89-042f-5fdc-8fcf-2c3ad56f9bf1,\N,badge_earned,badge,9,Community Builder,,true,2026-08-01T05:30:00+00:00
1799,878bb7d9-5569-5efb-bbd1-5e39d62d594d,\N,badge_earned,badge,5,First Task,,true,2026-08-01T16:30:00+00:00
1800,b39a9d3d-f3eb-5d31-9cc7-15e278969b70,\N,badge_earned,badge,7,First Milestone,,true,2026-08-01T16:30:00+00:00
1801,9edec740-5de6-5c27-8233-5cf72946b182,\N,badge_earned,badge,7,First Milestone,,true,2026-08-02T00:30:00+00:00
1802,67357d35-e727-50a5-9114-d5f2da172374,\N,badge_earned,badge,7,First Milestone,,true,2026-08-02T00:30:00+00:00
1803,ef763ec1-f93c-5744-9640-4ca59adf9347,\N,badge_earned,badge,7,First Milestone,,true,2026-08-02T00:30:00+00:00
1804,8fa5b823-1a70-59f7-9bb2-b3d5f36dc82b,\N,badge_earned,badge,7,First Milestone,,true,2026-08-02T00:30:00+00:00
1805,d9fbcbde-376a-5f82-9fb5-268a24b02d57,\N,badge_earned,badge,9,Community Builder,,true,2026-08-02T04:30:00+00:00
1806,6988340a-a3c1-5fda-a996-711f1723c649,\N,badge_earned,badge,9,Community Builder,,true,2026-08-02T06:30:00+00:00
1807,b5be680a-732e-55e0-bc5d-b80e831ff33a,\N,badge_earned,badge,12,Week Streak,,true,2026-08-02T07:42:00+00:00
1808,ae7ac442-d880-5cd8-bc30-8d21c5f7dc54,\N,badge_earned,badge,9,Community Builder,,true,2026-08-03T00:30:00+00:00
1809,a36cd93c-2f0c-5956-9a51-8094e39a7bed,\N,badge_earned,badge,7,First Milestone,,true,2026-08-03T01:30:00+00:00
1810,4845dc43-0c9d-5f09-aa4a-62e68abb5d12,\N,badge_earned,badge,7,First Milestone,,true,2026-08-03T01:30:00+00:00
1811,693ebb02-ab3f-5d60-b798-d4d4df4900d2,\N,badge_earned,badge,9,Community Builder,,true,2026-08-03T02:30:00+00:00
1812,33ba5d16-c38c-5bcf-9896-ea8ae81d6e7b,\N,badge_earned,badge,11,Mentor,,true,2026-08-03T05:40:00+00:00
1813,783491ec-2857-52e8-a102-766d7abba6d2,\N,badge_earned,badge,7,First Milestone,,true,2026-08-03T06:30:00+00:00
1814,0e992dba-f631-52d1-b7e3-76faec77c33f,\N,badge_earned,badge,7,First Milestone,,true,2026-08-03T06:30:00+00:00
1815,b39a9d3d-f3eb-5d31-9cc7-15e278969b70,\N,badge_earned,badge,5,First Task,,true,2026-08-03T18:30:00+00:00
1816,ef763ec1-f93c-5744-9640-4ca59adf9347,\N,badge_earned,badge,5,First Task,,true,2026-08-04T02:30:00+00:00
1817,ae96d203-7a11-52ed-9e02-cd93c3dda603,\N,badge_earned,badge,8,Project Complete,,true,2026-08-04T17:30:00+00:00
1818,ae96d203-7a11-52ed-9e02-cd93c3dda603,\N,badge_earned,badge,14,Level 5,,true,2026-08-04T17:30:00+00:00
1819,a53c485b-a35c-51fb-84a5-364207ce0adb,\N,badge_earned,badge,8,Project Complete,,true,2026-08-04T17:30:00+00:00
1820,a60d0128-bffa-5d2d-9915-36693e6bc3ba,\N,badge_earned,badge,8,Project Complete,,true,2026-08-04T19:30:00+00:00
1821,a60d0128-bffa-5d2d-9915-36693e6bc3ba,\N,badge_earned,badge,14,Level 5,,true,2026-08-04T19:30:00+00:00
1822,605985c4-d18d-54b0-829f-2a199ea5c81d,\N,badge_earned,badge,8,Project Complete,,true,2026-08-04T19:30:00+00:00
1823,605985c4-d18d-54b0-829f-2a199ea5c81d,\N,badge_earned,badge,14,Level 5,,true,2026-08-04T19:30:00+00:00
1824,85df6dcd-e42a-581f-802b-eb93568b74eb,\N,badge_earned,badge,8,Project Complete,,true,2026-08-04T19:30:00+00:00
1825,85df6dcd-e42a-581f-802b-eb93568b74eb,\N,badge_earned,badge,14,Level 5,,true,2026-08-04T19:30:00+00:00
1826,e7dd6cb0-626e-510a-9e98-0498c534b04d,\N,badge_earned,badge,8,Project Complete,,true,2026-08-04T19:30:00+00:00
1827,e7dd6cb0-626e-510a-9e98-0498c534b04d,\N,badge_earned,badge,14,Level 5,,true,2026-08-04T19:30:00+00:00
1828,8819cb55-67e6-5a55-98c8-d80446975a9e,\N,badge_earned,badge,8,Project Complete,,true,2026-08-04T19:30:00+00:00
1829,8819cb55-67e6-5a55-98c8-d80446975a9e,\N,badge_earned,badge,14,Level 5,,true,2026-08-04T19:30:00+00:00
1830,3d016498-e16a-5ad9-95c7-b633dfc6a142,\N,badge_earned,badge,9,Community Builder,,true,2026-08-05T01:30:00+00:00
1831,3d016498-e16a-5ad9-95c7-b633dfc6a142,\N,badge_earned,badge,14,Level 5,,true,2026-08-05T01:30:00+00:00
1832,4845dc43-0c9d-5f09-aa4a-62e68abb5d12,\N,badge_earned,badge,5,First Task,,true,2026-08-05T03:30:00+00:00
1833,783491ec-2857-52e8-a102-766d7abba6d2,\N,badge_earned,badge,5,First Task,,true,2026-08-05T08:30:00+00:00
1834,4307ee18-2e16-50be-abbc-db160bb8e8fd,\N,badge_earned,badge,9,Community Builder,,true,2026-08-05T08:30:00+00:00
1835,d3175e63-6121-5d55-b429-df91670d9aca,\N,badge_earned,badge,11,Mentor,,true,2026-08-05T13:40:00+00:00
1836,82a5c89c-0b3a-58b9-9259-837a5348a5c2,\N,badge_earned,badge,11,Mentor,,true,2026-08-05T20:40:00+00:00
1837,7624f38b-fbca-546f-af04-c9dda9318f82,\N,badge_earned,badge,7,First Milestone,,true,2026-08-05T22:30:00+00:00
1838,508d03e7-de84-523a-8242-f48abc9451d7,\N,badge_earned,badge,7,First Milestone,,true,2026-08-05T22:30:00+00:00
1839,f22a7317-9c2b-5d13-99b9-1a1622094bb3,\N,badge_earned,badge,11,Mentor,,true,2026-08-06T02:20:00+00:00
1840,4307ee18-2e16-50be-abbc-db160bb8e8fd,\N,badge_earned,badge,14,Level 5,,true,2026-08-06T04:30:00+00:00
1841,8300625d-d3f5-5264-8503-98a2bfbf60d8,\N,badge_earned,badge,11,Mentor,,true,2026-08-06T10:40:00+00:00
1842,508d03e7-de84-523a-8242-f48abc9451d7,\N,badge_earned,badge,5,First Task,,true,2026-08-06T23:30:00+00:00
1843,508d03e7-de84-523a-8242-f48abc9451d7,\N,badge_earned,badge,14,Level 5,,true,2026-08-06T23:30:00+00:00
1844,3d016498-e16a-5ad9-95c7-b633dfc6a142,\N,badge_earned,badge,8,Project Complete,,true,2026-08-07T07:30:00+00:00
1845,e747fee0-a84b-5f51-98a3-7481903c9023,\N,badge_earned,badge,4,First Project,,true,2026-08-08T02:30:00+00:00
1846,082b47e7-5a06-5a34-bd49-595c82b2b196,\N,badge_earned,badge,9,Community Builder,,true,2026-08-08T03:30:00+00:00
1847,508d03e7-de84-523a-8242-f48abc9451d7,\N,badge_earned,badge,9,Community Builder,,true,2026-08-08T04:30:00+00:00
1848,58074159-53d7-5a52-8436-d84a05af35a9,\N,badge_earned,badge,12,Week Streak,,true,2026-08-08T07:24:00+00:00
1849,6ab0c42d-0ad5-5b3d-9c6c-4ab9eaa47586,\N,badge_earned,badge,14,Level 5,,true,2026-08-08T07:45:00+00:00
1850,484e243b-afd7-5767-bb0f-4262c0334aea,\N,badge_earned,badge,4,First Project,,true,2026-08-08T14:30:00+00:00
1851,50d6350f-ffd4-59ad-a1ff-65a49a77a913,\N,badge_earned,badge,4,First Project,,true,2026-08-08T18:30:00+00:00
1852,9cba29b2-e169-54f3-9d61-1d5013f80312,\N,badge_earned,badge,4,First Project,,true,2026-08-08T22:30:00+00:00
1853,f4b545d6-b6c0-54b8-847e-101d68428b48,\N,badge_earned,badge,9,Community Builder,,true,2026-08-09T06:30:00+00:00
1854,f223e569-d735-5980-b77b-25d459e64a37,\N,badge_earned,badge,9,Community Builder,,true,2026-08-09T07:30:00+00:00
1855,302b84f9-9053-5cf7-bed0-305678227875,\N,badge_earned,badge,4,First Project,,true,2026-08-09T19:30:00+00:00
1856,5421f79d-ed60-5eed-852b-01b379adab9e,\N,badge_earned,badge,5,First Task,,true,2026-08-09T19:30:00+00:00
1857,5421f79d-ed60-5eed-852b-01b379adab9e,\N,badge_earned,badge,7,First Milestone,,true,2026-08-09T19:30:00+00:00
1858,d767d4bb-a2aa-587a-90f9-23d0689ae52a,\N,badge_earned,badge,4,First Project,,true,2026-08-09T23:30:00+00:00
1859,51420309-4688-52d6-84b9-51c0dc3a900e,\N,badge_earned,badge,9,Community Builder,,true,2026-08-11T01:30:00+00:00
1860,d5dc7189-89df-5fd7-983f-1124b6de3d68,\N,badge_earned,badge,9,Community Builder,,true,2026-08-11T02:30:00+00:00
1861,001e944b-e64e-5742-afb7-5e04327e41ee,\N,badge_earned,badge,9,Community Builder,,true,2026-08-11T02:30:00+00:00
1862,bdc5faf6-386d-5338-99a0-32d156bcbd68,\N,badge_earned,badge,4,First Project,,true,2026-08-11T04:30:00+00:00
1863,f223e569-d735-5980-b77b-25d459e64a37,\N,badge_earned,badge,11,Mentor,,true,2026-08-11T06:00:00+00:00
1864,6cf4bb40-4d81-5eb3-b9d9-5841cd55724e,\N,badge_earned,badge,11,Mentor,,true,2026-08-11T07:40:00+00:00
1865,4845dc43-0c9d-5f09-aa4a-62e68abb5d12,\N,badge_earned,badge,11,Mentor,,true,2026-08-11T12:00:00+00:00
1866,4845dc43-0c9d-5f09-aa4a-62e68abb5d12,\N,badge_earned,badge,14,Level 5,,true,2026-08-11T12:00:00+00:00
1867,d9fbcbde-376a-5f82-9fb5-268a24b02d57,\N,badge_earned,badge,11,Mentor,,true,2026-08-11T14:00:00+00:00
1868,4cf03b5a-e2ca-57f2-95b8-16a3b92247e6,\N,badge_earned,badge,4,First Project,,true,2026-08-11T18:30:00+00:00
1869,3d5b480d-3962-5c76-96ca-5459d65372aa,\N,badge_earned,badge,4,First Project,,true,2026-08-12T02:30:00+00:00
1870,50de23a6-cd45-55ac-adb0-06d14b4ed8ce,\N,badge_earned,badge,11,Mentor,,true,2026-08-12T03:40:00+00:00
1871,06657aeb-b604-5b0d-9281-d2e5afb78a9d,\N,badge_earned,badge,4,First Project,,true,2026-08-12T06:30:00+00:00
1872,302b84f9-9053-5cf7-bed0-305678227875,\N,badge_earned,badge,12,Week Streak,,true,2026-08-12T07:39:00+00:00
1873,35e87bcc-650c-5e3f-9741-3f0c54905b6f,\N,badge_earned,badge,11,Mentor,,true,2026-08-12T09:20:00+00:00
1874,51420309-4688-52d6-84b9-51c0dc3a900e,\N,badge_earned,badge,4,First Project,,true,2026-08-12T10:30:00+00:00
1875,da462241-608b-5422-bdbd-0d98184a433d,\N,badge_earned,badge,4,First Project,,true,2026-08-12T18:30:00+00:00
1876,e747fee0-a84b-5f51-98a3-7481903c9023,\N,badge_earned,badge,5,First Task,,true,2026-08-13T02:30:00+00:00
1877,e747fee0-a84b-5f51-98a3-7481903c9023,\N,badge_earned,badge,7,First Milestone,,true,2026-08-13T02:30:00+00:00
1878,bf54d417-d834-5d3e-a7f9-106377fe05a5,\N,badge_earned,badge,7,First Milestone,,true,2026-08-13T02:30:00+00:00
1879,484e243b-afd7-5767-bb0f-4262c0334aea,\N,badge_earned,badge,7,First Milestone,,true,2026-08-13T02:30:00+00:00
1880,50d6350f-ffd4-59ad-a1ff-65a49a77a913,\N,badge_earned,badge,7,First Milestone,,true,2026-08-13T02:30:00+00:00
1881,50d6350f-ffd4-59ad-a1ff-65a49a77a913,\N,badge_earned,badge,14,Level 5,,true,2026-08-13T02:30:00+00:00
1882,9cba29b2-e169-54f3-9d61-1d5013f80312,\N,badge_earned,badge,7,First Milestone,,true,2026-08-13T02:30:00+00:00
1883,7624f38b-fbca-546f-af04-c9dda9318f82,\N,badge_earned,badge,5,First Task,,true,2026-08-13T07:30:00+00:00
1884,e0b64119-ecb0-52a5-852d-39c211ce337a,\N,badge_earned,badge,4,First Project,,true,2026-08-13T15:30:00+00:00
1885,1b1e4344-fde4-5cc2-b82c-4fb458696522,\N,badge_earned,badge,4,First Project,,true,2026-08-13T19:30:00+00:00
1886,96dbbdad-601e-5bc2-9d1a-78f9f6349a39,\N,badge_earned,badge,9,Community Builder,,true,2026-08-14T05:30:00+00:00
1887,96dbbdad-601e-5bc2-9d1a-78f9f6349a39,\N,badge_earned,badge,14,Level 5,,true,2026-08-14T05:30:00+00:00
1888,baa8ef70-5b01-5a49-84cb-71c353290705,\N,badge_earned,badge,4,First Project,,true,2026-08-14T15:30:00+00:00
1889,5a4b137d-2ebb-5c75-8cdd-bf77406b4b9f,\N,badge_earned,badge,4,First Project,,true,2026-08-14T19:30:00+00:00
1890,7298015b-9105-595a-b879-3013c08053f7,\N,badge_earned,badge,4,First Project,,true,2026-08-14T20:30:00+00:00
1891,4307ee18-2e16-50be-abbc-db160bb8e8fd,\N,badge_earned,badge,11,Mentor,,true,2026-08-15T00:40:00+00:00
1892,bf54d417-d834-5d3e-a7f9-106377fe05a5,\N,badge_earned,badge,5,First Task,,true,2026-08-15T04:30:00+00:00
1893,1873645b-b54c-51dc-a41a-7131e831a64f,\N,badge_earned,badge,11,Mentor,,true,2026-08-15T12:40:00+00:00
1894,d2a70bca-a25c-522f-9b7e-c967b69503cc,\N,badge_earned,badge,4,First Project,,true,2026-08-15T18:30:00+00:00
1895,a992f17b-79b6-5dcf-aed4-2aebaa5775c7,\N,badge_earned,badge,4,First Project,,true,2026-08-16T00:30:00+00:00
1896,bdc5faf6-386d-5338-99a0-32d156bcbd68,\N,badge_earned,badge,7,First Milestone,,true,2026-08-16T04:30:00+00:00
1897,6690668c-e73d-51ff-9ca4-36bec9b8c175,\N,badge_earned,badge,4,First Project,,true,2026-08-16T05:30:00+00:00
1898,484e243b-afd7-5767-bb0f-4262c0334aea,\N,badge_earned,badge,5,First Task,,true,2026-08-16T05:30:00+00:00
1899,53f78f7e-e2df-586b-b483-5748c92d0f9f,\N,badge_earned,badge,4,First Project,,true,2026-08-16T08:30:00+00:00
1900,8300625d-d3f5-5264-8503-98a2bfbf60d8,\N,badge_earned,badge,4,First Project,,true,2026-08-16T09:30:00+00:00
1901,f8f213c7-3d61-567e-9735-5e3e9498b892,\N,badge_earned,badge,4,First Project,,true,2026-08-16T10:30:00+00:00
1902,0947c4b9-50d6-50e2-9043-84a15b80e8c7,\N,badge_earned,badge,4,First Project,,true,2026-08-16T12:30:00+00:00
1903,1873645b-b54c-51dc-a41a-7131e831a64f,\N,badge_earned,badge,4,First Project,,true,2026-08-16T23:30:00+00:00
1904,082b47e7-5a06-5a34-bd49-595c82b2b196,\N,badge_earned,badge,4,First Project,,true,2026-08-17T01:30:00+00:00
1905,3d5b480d-3962-5c76-96ca-5459d65372aa,\N,badge_earned,badge,5,First Task,,true,2026-08-17T02:30:00+00:00
1906,3d5b480d-3962-5c76-96ca-5459d65372aa,\N,badge_earned,badge,7,First Milestone,,true,2026-08-17T02:30:00+00:00
1907,06657aeb-b604-5b0d-9281-d2e5afb78a9d,\N,badge_earned,badge,7,First Milestone,,true,2026-08-17T02:30:00+00:00
1908,51420309-4688-52d6-84b9-51c0dc3a900e,\N,badge_earned,badge,7,First Milestone,,true,2026-08-17T02:30:00+00:00
1909,da462241-608b-5422-bdbd-0d98184a433d,\N,badge_earned,badge,7,First Milestone,,true,2026-08-17T02:30:00+00:00
1910,63fdd1e3-9db3-5b05-9799-510eea6abab7,\N,badge_earned,badge,4,First Project,,true,2026-08-17T03:30:00+00:00
1911,7624f38b-fbca-546f-af04-c9dda9318f82,\N,badge_earned,badge,14,Level 5,,true,2026-08-17T11:30:00+00:00
1912,ae7ac442-d880-5cd8-bc30-8d21c5f7dc54,\N,badge_earned,badge,4,First Project,,true,2026-08-17T15:30:00+00:00
1913,06657aeb-b604-5b0d-9281-d2e5afb78a9d,\N,badge_earned,badge,5,First Task,,true,2026-08-18T03:30:00+00:00
1914,4307ee18-2e16-50be-abbc-db160bb8e8fd,\N,badge_earned,badge,12,Week Streak,,true,2026-08-18T07:26:00+00:00
1915,e0b64119-ecb0-52a5-852d-39c211ce337a,\N,badge_earned,badge,5,First Task,,true,2026-08-18T15:30:00+00:00
1916,e0b64119-ecb0-52a5-852d-39c211ce337a,\N,badge_earned,badge,7,First Milestone,,true,2026-08-18T15:30:00+00:00
1917,1b1e4344-fde4-5cc2-b82c-4fb458696522,\N,badge_earned,badge,7,First Milestone,,true,2026-08-18T15:30:00+00:00
1918,3bc3e38a-5ff7-5330-ab2d-8add18e85d57,\N,badge_earned,badge,4,First Project,,true,2026-08-18T15:30:00+00:00
1919,eb3717c1-cd92-5eeb-af40-9df7f3132426,\N,badge_earned,badge,5,First Task,,true,2026-08-19T04:30:00+00:00
1920,51420309-4688-52d6-84b9-51c0dc3a900e,\N,badge_earned,badge,5,First Task,,true,2026-08-19T04:30:00+00:00
1921,a53c485b-a35c-51fb-84a5-364207ce0adb,\N,badge_earned,badge,9,Community Builder,,true,2026-08-19T07:30:00+00:00
1922,a53c485b-a35c-51fb-84a5-364207ce0adb,\N,badge_earned,badge,14,Level 5,,true,2026-08-19T07:30:00+00:00
1923,7f0221a7-4703-52e7-8b26-fa2cd7303c90,\N,badge_earned,badge,9,Community Builder,,true,2026-08-19T08:30:00+00:00
1924,baa8ef70-5b01-5a49-84cb-71c353290705,\N,badge_earned,badge,7,First Milestone,,true,2026-08-19T15:30:00+00:00
1925,5a4b137d-2ebb-5c75-8cdd-bf77406b4b9f,\N,badge_earned,badge,7,First Milestone,,true,2026-08-19T15:30:00+00:00
1926,7298015b-9105-595a-b879-3013c08053f7,\N,badge_earned,badge,5,First Task,,true,2026-08-19T20:30:00+00:00
1927,7298015b-9105-595a-b879-3013c08053f7,\N,badge_earned,badge,7,First Milestone,,true,2026-08-19T20:30:00+00:00
1928,fd96bbd1-5601-5c99-a1e2-04b09168b35e,\N,badge_earned,badge,9,Community Builder,,true,2026-08-20T06:30:00+00:00
1929,bdc5faf6-386d-5338-99a0-32d156bcbd68,\N,badge_earned,badge,5,First Task,,true,2026-08-20T08:30:00+00:00
1930,d2a70bca-a25c-522f-9b7e-c967b69503cc,\N,badge_earned,badge,7,First Milestone,,true,2026-08-20T18:30:00+00:00
1931,f8f213c7-3d61-567e-9735-5e3e9498b892,\N,badge_earned,badge,7,First Milestone,,true,2026-08-20T18:30:00+00:00
1932,a992f17b-79b6-5dcf-aed4-2aebaa5775c7,\N,badge_earned,badge,7,First Milestone,,true,2026-08-21T00:30:00+00:00
1933,53f78f7e-e2df-586b-b483-5748c92d0f9f,\N,badge_earned,badge,7,First Milestone,,true,2026-08-21T00:30:00+00:00
1934,0947c4b9-50d6-50e2-9043-84a15b80e8c7,\N,badge_earned,badge,7,First Milestone,,true,2026-08-21T00:30:00+00:00
1935,f3744506-cae3-5f81-8a4f-506a60395be8,\N,badge_earned,badge,9,Community Builder,,true,2026-08-21T00:30:00+00:00
1936,25797954-b022-582e-8349-e1e2c141368c,\N,badge_earned,badge,4,First Project,,true,2026-08-21T03:30:00+00:00
1937,6690668c-e73d-51ff-9ca4-36bec9b8c175,\N,badge_earned,badge,5,First Task,,true,2026-08-21T05:30:00+00:00
1938,6690668c-e73d-51ff-9ca4-36bec9b8c175,\N,badge_earned,badge,7,First Milestone,,true,2026-08-21T05:30:00+00:00
1939,8300625d-d3f5-5264-8503-98a2bfbf60d8,\N,badge_earned,badge,7,First Milestone,,true,2026-08-21T05:30:00+00:00
1940,da462241-608b-5422-bdbd-0d98184a433d,\N,badge_earned,badge,5,First Task,,true,2026-08-21T06:30:00+00:00
1941,52ab3a8f-ec5c-5e66-bcd5-efc304512118,\N,badge_earned,badge,12,Week Streak,,true,2026-08-21T07:18:00+00:00
1942,36016ab9-3cc9-5f6a-8bc7-1d138ad9cb43,\N,badge_earned,badge,4,First Project,,true,2026-08-21T08:30:00+00:00
1943,c6286e16-5e03-594c-aa67-861b8ba91b33,\N,badge_earned,badge,4,First Project,,true,2026-08-21T12:30:00+00:00
1944,1873645b-b54c-51dc-a41a-7131e831a64f,\N,badge_earned,badge,5,First Task,,true,2026-08-21T23:30:00+00:00
1945,1873645b-b54c-51dc-a41a-7131e831a64f,\N,badge_earned,badge,7,First Milestone,,true,2026-08-21T23:30:00+00:00
1946,1873645b-b54c-51dc-a41a-7131e831a64f,\N,badge_earned,badge,14,Level 5,,true,2026-08-21T23:30:00+00:00
1947,63fdd1e3-9db3-5b05-9799-510eea6abab7,\N,badge_earned,badge,7,First Milestone,,true,2026-08-21T23:30:00+00:00
1948,ae7ac442-d880-5cd8-bc30-8d21c5f7dc54,\N,badge_earned,badge,7,First Milestone,,true,2026-08-21T23:30:00+00:00
1949,082b47e7-5a06-5a34-bd49-595c82b2b196,\N,badge_earned,badge,7,First Milestone,,true,2026-08-22T01:30:00+00:00
1950,082b47e7-5a06-5a34-bd49-595c82b2b196,\N,badge_earned,badge,14,Level 5,,true,2026-08-22T01:30:00+00:00
1951,1b1e4344-fde4-5cc2-b82c-4fb458696522,\N,badge_earned,badge,14,Level 5,,true,2026-08-22T03:30:00+00:00
1952,8300625d-d3f5-5264-8503-98a2bfbf60d8,\N,badge_earned,badge,5,First Task,,true,2026-08-22T06:30:00+00:00
1953,3425797b-5c54-5f3a-9a34-9cedb0dc5b84,\N,badge_earned,badge,14,Level 5,,true,2026-08-22T07:30:00+00:00
1954,0da68170-ff38-5dad-9224-770d261f1c8a,\N,badge_earned,badge,4,First Project,,true,2026-08-22T11:30:00+00:00
1955,d16e3cdc-2868-563d-867d-62fa9b8b24ea,\N,badge_earned,badge,4,First Project,,true,2026-08-22T19:30:00+00:00
1956,53f78f7e-e2df-586b-b483-5748c92d0f9f,\N,badge_earned,badge,5,First Task,,true,2026-08-23T02:30:00+00:00
1957,45abfe15-6e8d-57cf-bda3-b7ae2b5c0bc7,\N,badge_earned,badge,4,First Project,,true,2026-08-23T05:30:00+00:00
1958,d9fbcbde-376a-5f82-9fb5-268a24b02d57,\N,badge_earned,badge,12,Week Streak,,true,2026-08-23T07:10:00+00:00
1959,9355c2cf-38db-5118-9b77-3d5b5b3870df,\N,badge_earned,badge,12,Week Streak,,true,2026-08-23T07:17:00+00:00
1960,d0c58825-6ead-50f6-9a07-f2f95dbb51ea,\N,badge_earned,badge,12,Week Streak,,true,2026-08-23T07:27:00+00:00
1961,d0c58825-6ead-50f6-9a07-f2f95dbb51ea,\N,badge_earned,badge,14,Level 5,,true,2026-08-23T07:27:00+00:00
1962,a0a53b38-722a-56e6-a52c-fe0e06169a59,\N,badge_earned,badge,12,Week Streak,,true,2026-08-23T07:34:00+00:00
1963,405fd522-6b0d-52fc-b397-dc3ce2e4a2ea,\N,badge_earned,badge,12,Week Streak,,true,2026-08-23T07:44:00+00:00
1964,58074159-53d7-5a52-8436-d84a05af35a9,\N,badge_earned,badge,4,First Project,,true,2026-08-23T09:30:00+00:00
1965,ffe47fd1-7989-5728-addd-50b504edd889,\N,badge_earned,badge,11,Mentor,,true,2026-08-23T14:00:00+00:00
1966,ffe47fd1-7989-5728-addd-50b504edd889,\N,badge_earned,badge,14,Level 5,,true,2026-08-23T14:00:00+00:00
1967,d48cab4b-e48b-59ae-88d6-41d5d463569d,\N,badge_earned,badge,9,Community Builder,,true,2026-08-24T05:30:00+00:00
1968,3d5b480d-3962-5c76-96ca-5459d65372aa,\N,badge_earned,badge,12,Week Streak,,true,2026-08-24T07:14:00+00:00
1969,3d5b480d-3962-5c76-96ca-5459d65372aa,\N,badge_earned,badge,14,Level 5,,true,2026-08-24T07:14:00+00:00
1970,5421f79d-ed60-5eed-852b-01b379adab9e,\N,badge_earned,badge,9,Community Builder,,true,2026-08-24T07:30:00+00:00
1971,5421f79d-ed60-5eed-852b-01b379adab9e,\N,badge_earned,badge,14,Level 5,,true,2026-08-24T07:30:00+00:00
1972,4cf03b5a-e2ca-57f2-95b8-16a3b92247e6,\N,badge_earned,badge,12,Week Streak,,true,2026-08-24T07:37:00+00:00
1973,f6e8344b-87f4-5461-93fc-b01ff1ae4265,\N,badge_earned,badge,11,Mentor,,true,2026-08-24T08:40:00+00:00
1974,878bb7d9-5569-5efb-bbd1-5e39d62d594d,\N,badge_earned,badge,8,Project Complete,,true,2026-08-24T16:30:00+00:00
1975,878bb7d9-5569-5efb-bbd1-5e39d62d594d,\N,badge_earned,badge,14,Level 5,,true,2026-08-24T16:30:00+00:00
1976,b39a9d3d-f3eb-5d31-9cc7-15e278969b70,\N,badge_earned,badge,8,Project Complete,,true,2026-08-24T16:30:00+00:00
1977,b39a9d3d-f3eb-5d31-9cc7-15e278969b70,\N,badge_earned,badge,14,Level 5,,true,2026-08-24T16:30:00+00:00
1978,a070c6d0-c23b-5036-b352-f16db0d6ec8e,\N,badge_earned,badge,4,First Project,,true,2026-08-24T22:30:00+00:00
1979,8fa5b823-1a70-59f7-9bb2-b3d5f36dc82b,\N,badge_earned,badge,5,First Task,,true,2026-08-25T01:30:00+00:00
1980,a992f17b-79b6-5dcf-aed4-2aebaa5775c7,\N,badge_earned,badge,5,First Task,,true,2026-08-25T04:30:00+00:00
1981,082b47e7-5a06-5a34-bd49-595c82b2b196,\N,badge_earned,badge,12,Week Streak,,true,2026-08-25T07:31:00+00:00
1982,45cee65b-db52-5dff-b09d-0ee1ac2be20f,\N,badge_earned,badge,12,Week Streak,,true,2026-08-25T07:31:00+00:00
1983,4c2177ab-592a-5e4a-b25b-8bb3f8090555,\N,badge_earned,badge,5,First Task,,true,2026-08-25T18:30:00+00:00
1984,da462241-608b-5422-bdbd-0d98184a433d,\N,badge_earned,badge,14,Level 5,,true,2026-08-25T20:30:00+00:00
1985,88a268b0-6bca-5583-b041-ffdbc51be7e6,\N,badge_earned,badge,5,First Task,,true,2026-08-25T22:30:00+00:00
1986,88a268b0-6bca-5583-b041-ffdbc51be7e6,\N,badge_earned,badge,14,Level 5,,true,2026-08-25T23:30:00+00:00
1987,610e9654-06d6-5e55-959b-377b8749b8f9,\N,badge_earned,badge,14,Level 5,,true,2026-08-25T23:30:00+00:00
1988,610e9654-06d6-5e55-959b-377b8749b8f9,\N,badge_earned,badge,7,First Milestone,,true,2026-08-25T23:30:00+00:00
1989,25797954-b022-582e-8349-e1e2c141368c,\N,badge_earned,badge,7,First Milestone,,true,2026-08-26T03:30:00+00:00
1990,eb397f92-99ac-5f0f-8f81-3540865f0477,\N,badge_earned,badge,9,Community Builder,,true,2026-08-26T07:30:00+00:00
1991,36016ab9-3cc9-5f6a-8bc7-1d138ad9cb43,\N,badge_earned,badge,5,First Task,,true,2026-08-26T08:30:00+00:00
1992,36016ab9-3cc9-5f6a-8bc7-1d138ad9cb43,\N,badge_earned,badge,7,First Milestone,,true,2026-08-26T08:30:00+00:00
1993,c6286e16-5e03-594c-aa67-861b8ba91b33,\N,badge_earned,badge,7,First Milestone,,true,2026-08-26T08:30:00+00:00
1994,c6286e16-5e03-594c-aa67-861b8ba91b33,\N,badge_earned,badge,14,Level 5,,true,2026-08-26T08:30:00+00:00
1995,1b1e4344-fde4-5cc2-b82c-4fb458696522,\N,badge_earned,badge,5,First Task,,true,2026-08-27T03:30:00+00:00
1996,0da68170-ff38-5dad-9224-770d261f1c8a,\N,badge_earned,badge,7,First Milestone,,true,2026-08-27T03:30:00+00:00
1997,d16e3cdc-2868-563d-867d-62fa9b8b24ea,\N,badge_earned,badge,7,First Milestone,,true,2026-08-27T03:30:00+00:00
1998,d16e3cdc-2868-563d-867d-62fa9b8b24ea,\N,badge_earned,badge,14,Level 5,,true,2026-08-27T03:30:00+00:00
1999,daa36188-60fd-56a2-938b-70b1b51084b0,\N,badge_earned,badge,4,First Project,,true,2026-08-27T05:30:00+00:00
2000,4c2177ab-592a-5e4a-b25b-8bb3f8090555,\N,badge_earned,badge,14,Level 5,,true,2026-08-27T07:11:00+00:00
2001,484e243b-afd7-5767-bb0f-4262c0334aea,\N,badge_earned,badge,9,Community Builder,,true,2026-08-28T01:30:00+00:00
2002,484e243b-afd7-5767-bb0f-4262c0334aea,\N,badge_earned,badge,14,Level 5,,true,2026-08-28T01:30:00+00:00
2003,a36cd93c-2f0c-5956-9a51-8094e39a7bed,\N,badge_earned,badge,9,Community Builder,,true,2026-08-28T03:30:00+00:00
2004,45abfe15-6e8d-57cf-bda3-b7ae2b5c0bc7,\N,badge_earned,badge,5,First Task,,true,2026-08-28T05:30:00+00:00
2005,45abfe15-6e8d-57cf-bda3-b7ae2b5c0bc7,\N,badge_earned,badge,7,First Milestone,,true,2026-08-28T05:30:00+00:00
2006,58074159-53d7-5a52-8436-d84a05af35a9,\N,badge_earned,badge,7,First Milestone,,true,2026-08-28T05:30:00+00:00
2007,58074159-53d7-5a52-8436-d84a05af35a9,\N,badge_earned,badge,14,Level 5,,true,2026-08-28T05:30:00+00:00
2008,fb400c3e-ecd0-522e-8b8e-1323946be71a,\N,badge_earned,badge,9,Community Builder,,true,2026-08-28T05:30:00+00:00
2009,fb400c3e-ecd0-522e-8b8e-1323946be71a,\N,badge_earned,badge,14,Level 5,,true,2026-08-28T05:30:00+00:00
2010,0947c4b9-50d6-50e2-9043-84a15b80e8c7,\N,badge_earned,badge,5,First Task,,true,2026-08-28T07:30:00+00:00
2011,0947c4b9-50d6-50e2-9043-84a15b80e8c7,\N,badge_earned,badge,14,Level 5,,true,2026-08-28T07:30:00+00:00
2012,7624f38b-fbca-546f-af04-c9dda9318f82,\N,badge_earned,badge,8,Project Complete,,true,2026-08-28T07:30:00+00:00
2013,88a268b0-6bca-5583-b041-ffdbc51be7e6,\N,badge_earned,badge,11,Mentor,,true,2026-08-28T08:00:00+00:00
2014,484e243b-afd7-5767-bb0f-4262c0334aea,\N,badge_earned,badge,11,Mentor,,true,2026-08-28T08:00:00+00:00
2015,8ecc0792-3789-53b2-a26e-fc6daa886eb7,\N,badge_earned,badge,4,First Project,,true,2026-08-29T09:30:00+00:00
2016,a070c6d0-c23b-5036-b352-f16db0d6ec8e,\N,badge_earned,badge,7,First Milestone,,true,2026-08-29T18:30:00+00:00
2017,54561bf4-fe37-5b37-934d-9c7f81542f8b,\N,badge_earned,badge,12,Week Streak,,true,2026-08-30T07:30:00+00:00
2018,d2a70bca-a25c-522f-9b7e-c967b69503cc,\N,badge_earned,badge,12,Week Streak,,true,2026-08-30T07:45:00+00:00
2019,d2a70bca-a25c-522f-9b7e-c967b69503cc,\N,badge_earned,badge,14,Level 5,,true,2026-08-30T07:45:00+00:00
2020,b7180518-4b5b-54ef-9060-958212d05ab7,\N,badge_earned,badge,7,First Milestone,,true,2026-08-30T19:30:00+00:00
2021,e747fee0-a84b-5f51-98a3-7481903c9023,\N,badge_earned,badge,8,Project Complete,,true,2026-08-31T02:30:00+00:00
2022,e747fee0-a84b-5f51-98a3-7481903c9023,\N,badge_earned,badge,14,Level 5,,true,2026-08-31T02:30:00+00:00
2023,508d03e7-de84-523a-8242-f48abc9451d7,\N,badge_earned,badge,8,Project Complete,,true,2026-08-31T02:30:00+00:00
2024,bf54d417-d834-5d3e-a7f9-106377fe05a5,\N,badge_earned,badge,8,Project Complete,,true,2026-08-31T02:30:00+00:00
2025,bf54d417-d834-5d3e-a7f9-106377fe05a5,\N,badge_earned,badge,14,Level 5,,true,2026-08-31T02:30:00+00:00
2026,484e243b-afd7-5767-bb0f-4262c0334aea,\N,badge_earned,badge,8,Project Complete,,true,2026-08-31T02:30:00+00:00
2027,50d6350f-ffd4-59ad-a1ff-65a49a77a913,\N,badge_earned,badge,8,Project Complete,,true,2026-08-31T02:30:00+00:00
2028,9cba29b2-e169-54f3-9d61-1d5013f80312,\N,badge_earned,badge,8,Project Complete,,true,2026-08-31T02:30:00+00:00
2029,d16e3cdc-2868-563d-867d-62fa9b8b24ea,\N,badge_earned,badge,5,First Task,,true,2026-08-31T07:30:00+00:00
2030,25797954-b022-582e-8349-e1e2c141368c,\N,badge_earned,badge,5,First Task,,true,2026-08-31T08:30:00+00:00
2031,53f78f7e-e2df-586b-b483-5748c92d0f9f,\N,badge_earned,badge,14,Level 5,,true,2026-08-31T20:30:00+00:00
2032,651ce25b-8132-52d9-8f74-889f22c3bb5c,\N,badge_earned,badge,4,First Project,,true,2026-08-31T21:30:00+00:00
2033,3a376c3a-3e46-5c8c-815c-232b66ca9bc8,\N,badge_earned,badge,4,First Project,,true,2026-09-01T01:30:00+00:00
2034,3d5b480d-3962-5c76-96ca-5459d65372aa,\N,badge_earned,badge,8,Project Complete,,true,2026-09-01T02:30:00+00:00
2035,06657aeb-b604-5b0d-9281-d2e5afb78a9d,\N,badge_earned,badge,8,Project Complete,,true,2026-09-01T02:30:00+00:00
2036,06657aeb-b604-5b0d-9281-d2e5afb78a9d,\N,badge_earned,badge,14,Level 5,,true,2026-09-01T02:30:00+00:00
2037,51420309-4688-52d6-84b9-51c0dc3a900e,\N,badge_earned,badge,8,Project Complete,,true,2026-09-01T02:30:00+00:00
2038,51420309-4688-52d6-84b9-51c0dc3a900e,\N,badge_earned,badge,14,Level 5,,true,2026-09-01T02:30:00+00:00
2039,da462241-608b-5422-bdbd-0d98184a433d,\N,badge_earned,badge,8,Project Complete,,true,2026-09-01T02:30:00+00:00
2040,b39a9d3d-f3eb-5d31-9cc7-15e278969b70,\N,badge_earned,badge,9,Community Builder,,true,2026-09-01T06:30:00+00:00
2041,a6b8342c-310b-5b88-9c07-602dbd646488,\N,badge_earned,badge,9,Community Builder,,true,2026-09-02T02:30:00+00:00
2042,d767d4bb-a2aa-587a-90f9-23d0689ae52a,\N,badge_earned,badge,11,Mentor,,true,2026-09-02T05:00:00+00:00
2043,7298015b-9105-595a-b879-3013c08053f7,\N,badge_earned,badge,11,Mentor,,true,2026-09-02T06:00:00+00:00
2044,7298015b-9105-595a-b879-3013c08053f7,\N,badge_earned,badge,14,Level 5,,true,2026-09-02T06:00:00+00:00
2045,fd96bbd1-5601-5c99-a1e2-04b09168b35e,\N,badge_earned,badge,5,First Task,,true,2026-09-02T22:30:00+00:00
2046,88820056-e901-59a1-b2ca-c4e813b34f7b,\N,badge_earned,badge,9,Community Builder,,true,2026-09-03T00:30:00+00:00
2047,6690668c-e73d-51ff-9ca4-36bec9b8c175,\N,badge_earned,badge,8,Project Complete,,true,2026-09-03T05:30:00+00:00
2048,6690668c-e73d-51ff-9ca4-36bec9b8c175,\N,badge_earned,badge,14,Level 5,,true,2026-09-03T05:30:00+00:00
2049,8300625d-d3f5-5264-8503-98a2bfbf60d8,\N,badge_earned,badge,8,Project Complete,,true,2026-09-03T05:30:00+00:00
2050,8300625d-d3f5-5264-8503-98a2bfbf60d8,\N,badge_earned,badge,14,Level 5,,true,2026-09-03T05:30:00+00:00
2051,53f78f7e-e2df-586b-b483-5748c92d0f9f,\N,badge_earned,badge,8,Project Complete,,true,2026-09-03T05:30:00+00:00
2052,ae7ac442-d880-5cd8-bc30-8d21c5f7dc54,\N,badge_earned,badge,5,First Task,,true,2026-09-03T05:30:00+00:00
2053,ae7ac442-d880-5cd8-bc30-8d21c5f7dc54,\N,badge_earned,badge,14,Level 5,,true,2026-09-03T05:30:00+00:00
2054,8ecc0792-3789-53b2-a26e-fc6daa886eb7,\N,badge_earned,badge,5,First Task,,true,2026-09-03T09:30:00+00:00
2055,8ecc0792-3789-53b2-a26e-fc6daa886eb7,\N,badge_earned,badge,7,First Milestone,,true,2026-09-03T09:30:00+00:00
2056,8ecc0792-3789-53b2-a26e-fc6daa886eb7,\N,badge_earned,badge,14,Level 5,,true,2026-09-03T09:30:00+00:00
2057,3425797b-5c54-5f3a-9a34-9cedb0dc5b84,\N,badge_earned,badge,5,First Task,,true,2026-09-03T10:30:00+00:00
2058,bb4b0d34-59a4-5948-a9be-a1aa6caece55,\N,badge_earned,badge,7,First Milestone,,true,2026-09-03T20:30:00+00:00
2059,5ce94e6e-a987-5fd1-90b2-94a1174f9376,\N,badge_earned,badge,12,Week Streak,,true,2026-09-04T07:37:00+00:00
2060,6ab0c42d-0ad5-5b3d-9c6c-4ab9eaa47586,\N,badge_earned,badge,12,Week Streak,,true,2026-09-04T07:45:00+00:00
2061,651ce25b-8132-52d9-8f74-889f22c3bb5c,\N,badge_earned,badge,7,First Milestone,,true,2026-09-05T21:30:00+00:00
2062,3a376c3a-3e46-5c8c-815c-232b66ca9bc8,\N,badge_earned,badge,7,First Milestone,,true,2026-09-05T21:30:00+00:00
2063,9d1c460b-bd0b-57ff-ac14-f2b10f73edd3,\N,badge_earned,badge,5,First Task,,true,2026-09-05T22:30:00+00:00
2064,36016ab9-3cc9-5f6a-8bc7-1d138ad9cb43,\N,badge_earned,badge,14,Level 5,,true,2026-09-06T07:44:00+00:00
2065,ef763ec1-f93c-5744-9640-4ca59adf9347,\N,badge_earned,badge,8,Project Complete,,true,2026-09-06T17:30:00+00:00
2066,ef763ec1-f93c-5744-9640-4ca59adf9347,\N,badge_earned,badge,14,Level 5,,true,2026-09-06T17:30:00+00:00
2067,4c2177ab-592a-5e4a-b25b-8bb3f8090555,\N,badge_earned,badge,8,Project Complete,,true,2026-09-06T17:30:00+00:00
2068,63fdd1e3-9db3-5b05-9799-510eea6abab7,\N,badge_earned,badge,11,Mentor,,true,2026-09-07T09:00:00+00:00
2069,84da666c-c47c-572e-b2c9-3b6f35881596,\N,badge_earned,badge,11,Mentor,,true,2026-09-08T10:00:00+00:00
2070,651ce25b-8132-52d9-8f74-889f22c3bb5c,\N,badge_earned,badge,5,First Task,,true,2026-09-10T01:30:00+00:00
2071,3a376c3a-3e46-5c8c-815c-232b66ca9bc8,\N,badge_earned,badge,5,First Task,,true,2026-09-11T02:30:00+00:00
2072,eb3717c1-cd92-5eeb-af40-9df7f3132426,\N,badge_earned,badge,14,Level 5,,true,2026-09-11T07:16:00+00:00
2073,e7dd6cb0-626e-510a-9e98-0498c534b04d,\N,badge_earned,badge,12,Week Streak,,true,2026-09-11T07:28:00+00:00
2074,e137404e-9196-525c-b17a-44dc96d29f29,\N,badge_earned,badge,14,Level 5,,true,2026-09-11T07:44:00+00:00
2075,88a268b0-6bca-5583-b041-ffdbc51be7e6,\N,badge_earned,badge,8,Project Complete,,true,2026-09-11T14:30:00+00:00
2076,cb162f3d-006f-544e-bfa6-f9abb8a52026,\N,badge_earned,badge,9,Community Builder,,true,2026-09-12T00:30:00+00:00
2077,f985b68e-39ae-5c83-8468-2b126802c414,\N,badge_earned,badge,9,Community Builder,,true,2026-09-12T01:30:00+00:00
2078,44f09dba-7a20-5f46-840b-4670e6c7eb92,\N,badge_earned,badge,9,Community Builder,,true,2026-09-12T07:30:00+00:00
2079,6988340a-a3c1-5fda-a996-711f1723c649,\N,badge_earned,badge,14,Level 5,,true,2026-09-12T07:37:00+00:00
2080,36016ab9-3cc9-5f6a-8bc7-1d138ad9cb43,\N,badge_earned,badge,12,Week Streak,,true,2026-09-12T07:44:00+00:00
2081,9a026691-28ff-5880-9da3-006735af19d3,\N,badge_earned,badge,11,Mentor,,true,2026-09-12T11:40:00+00:00
2082,341a0cef-f4a9-53ee-8980-229dc154ff4e,\N,badge_earned,badge,11,Mentor,,true,2026-09-12T14:40:00+00:00
2083,d6b81cb4-a299-5894-baa5-463cb63679a3,\N,badge_earned,badge,11,Mentor,,true,2026-09-12T18:00:00+00:00
2084,bdc5faf6-386d-5338-99a0-32d156bcbd68,\N,badge_earned,badge,14,Level 5,,true,2026-09-13T07:38:00+00:00
2085,3b932376-f549-5a1c-a24b-664b4bc338e3,\N,badge_earned,badge,9,Community Builder,,true,2026-09-14T01:30:00+00:00
2086,3b932376-f549-5a1c-a24b-664b4bc338e3,\N,badge_earned,badge,14,Level 5,,true,2026-09-14T01:30:00+00:00
2087,d9fbcbde-376a-5f82-9fb5-268a24b02d57,\N,badge_earned,badge,13,30-Day Streak,,true,2026-09-15T07:10:00+00:00
2088,9355c2cf-38db-5118-9b77-3d5b5b3870df,\N,badge_earned,badge,13,30-Day Streak,,true,2026-09-15T07:17:00+00:00
2089,9355c2cf-38db-5118-9b77-3d5b5b3870df,\N,badge_earned,badge,14,Level 5,,true,2026-09-15T07:17:00+00:00
2090,58074159-53d7-5a52-8436-d84a05af35a9,\N,badge_earned,badge,13,30-Day Streak,,true,2026-09-15T07:24:00+00:00
2091,d0c58825-6ead-50f6-9a07-f2f95dbb51ea,\N,badge_earned,badge,13,30-Day Streak,,true,2026-09-15T07:27:00+00:00
2092,a0a53b38-722a-56e6-a52c-fe0e06169a59,\N,badge_earned,badge,13,30-Day Streak,,true,2026-09-15T07:34:00+00:00
2093,a0a53b38-722a-56e6-a52c-fe0e06169a59,\N,badge_earned,badge,14,Level 5,,true,2026-09-15T07:34:00+00:00
2094,405fd522-6b0d-52fc-b397-dc3ce2e4a2ea,\N,badge_earned,badge,13,30-Day Streak,,true,2026-09-15T07:44:00+00:00
2095,405fd522-6b0d-52fc-b397-dc3ce2e4a2ea,\N,badge_earned,badge,14,Level 5,,true,2026-09-15T07:44:00+00:00
2096,3d5b480d-3962-5c76-96ca-5459d65372aa,\N,badge_earned,badge,13,30-Day Streak,,true,2026-09-16T07:14:00+00:00
2097,4cf03b5a-e2ca-57f2-95b8-16a3b92247e6,\N,badge_earned,badge,13,30-Day Streak,,true,2026-09-16T07:37:00+00:00
2098,4cf03b5a-e2ca-57f2-95b8-16a3b92247e6,\N,badge_earned,badge,14,Level 5,,true,2026-09-16T07:37:00+00:00
2099,6e82bb3e-ede8-5803-ba1a-cc3aa8766199,\N,badge_earned,badge,9,Community Builder,,false,2026-09-17T09:30:00+00:00
2100,774fd1d7-ca6b-5177-9d91-fc7b24739425,\N,badge_earned,badge,9,Community Builder,,true,2026-09-18T02:30:00+00:00
2101,8ecc0792-3789-53b2-a26e-fc6daa886eb7,\N,badge_earned,badge,8,Project Complete,,false,2026-09-18T10:30:00+00:00
2102,8819cb55-67e6-5a55-98c8-d80446975a9e,\N,badge_earned,badge,1,Page Turner,,false,2026-09-19T00:41:00+00:00
2103,ac9c9500-b7e4-5bbe-8f4e-a40a6201979a,\N,badge_earned,badge,1,Page Turner,,false,2026-09-19T00:41:00+00:00
2104,6cf4bb40-4d81-5eb3-b9d9-5841cd55724e,\N,badge_earned,badge,1,Page Turner,,false,2026-09-19T00:41:00+00:00
2105,61347d09-09eb-5f04-a4ec-fe830319799f,\N,badge_earned,badge,1,Page Turner,,true,2026-09-19T00:41:00+00:00
2106,e747fee0-a84b-5f51-98a3-7481903c9023,\N,badge_earned,badge,1,Page Turner,,true,2026-09-19T00:42:00+00:00
2107,35e87bcc-650c-5e3f-9741-3f0c54905b6f,\N,badge_earned,badge,1,Page Turner,,false,2026-09-19T00:42:00+00:00
2108,f4b545d6-b6c0-54b8-847e-101d68428b48,\N,badge_earned,badge,1,Page Turner,,true,2026-09-19T00:43:00+00:00
2109,8300625d-d3f5-5264-8503-98a2bfbf60d8,\N,badge_earned,badge,1,Page Turner,,false,2026-09-19T00:43:00+00:00
2110,b39a9d3d-f3eb-5d31-9cc7-15e278969b70,\N,badge_earned,badge,1,Page Turner,,false,2026-09-19T00:43:00+00:00
2111,3bc3e38a-5ff7-5330-ab2d-8add18e85d57,\N,badge_earned,badge,1,Page Turner,,false,2026-09-19T00:44:00+00:00
2112,52ab3a8f-ec5c-5e66-bcd5-efc304512118,\N,badge_earned,badge,1,Page Turner,,true,2026-09-19T00:45:00+00:00
2113,f8f213c7-3d61-567e-9735-5e3e9498b892,\N,badge_earned,badge,1,Page Turner,,true,2026-09-19T00:45:00+00:00
2114,e137404e-9196-525c-b17a-44dc96d29f29,\N,badge_earned,badge,1,Page Turner,,true,2026-09-19T00:45:00+00:00
2115,9047d24d-0775-5f10-bf17-6e8fc62c5884,\N,badge_earned,badge,1,Page Turner,,false,2026-09-19T00:45:00+00:00
2116,54561bf4-fe37-5b37-934d-9c7f81542f8b,\N,badge_earned,badge,1,Page Turner,,false,2026-09-19T00:46:00+00:00
2117,7b359533-e634-59eb-a2c3-b5501ff96488,\N,badge_earned,badge,1,Page Turner,,false,2026-09-19T00:46:00+00:00
2118,64b591cd-4cbe-577a-aba9-ee6912328a58,\N,badge_earned,badge,1,Page Turner,,true,2026-09-19T00:47:00+00:00
2119,f0ca4141-ccff-5472-ba76-f4b194108c7b,\N,badge_earned,badge,1,Page Turner,,true,2026-09-19T00:47:00+00:00
2120,33d87513-60c2-51ff-9ec5-f0f1389ed27e,\N,badge_earned,badge,1,Page Turner,,false,2026-09-19T00:47:00+00:00
2121,d3175e63-6121-5d55-b429-df91670d9aca,\N,badge_earned,badge,1,Page Turner,,false,2026-09-19T00:47:00+00:00
2122,6e82bb3e-ede8-5803-ba1a-cc3aa8766199,\N,badge_earned,badge,1,Page Turner,,false,2026-09-19T00:48:00+00:00
2123,7624f38b-fbca-546f-af04-c9dda9318f82,\N,badge_earned,badge,1,Page Turner,,false,2026-09-19T00:48:00+00:00
2124,a36cd93c-2f0c-5956-9a51-8094e39a7bed,\N,badge_earned,badge,1,Page Turner,,false,2026-09-19T00:49:00+00:00
2125,a36cd93c-2f0c-5956-9a51-8094e39a7bed,\N,badge_earned,badge,14,Level 5,,false,2026-09-19T00:49:00+00:00
2126,458287c3-1628-5e26-8930-0d88ae11ce1a,\N,badge_earned,badge,1,Page Turner,,false,2026-09-19T00:49:00+00:00
2127,51420309-4688-52d6-84b9-51c0dc3a900e,\N,badge_earned,badge,1,Page Turner,,true,2026-09-19T00:49:00+00:00
2128,06657aeb-b604-5b0d-9281-d2e5afb78a9d,\N,badge_earned,badge,1,Page Turner,,false,2026-09-19T00:49:00+00:00
2129,a60d0128-bffa-5d2d-9915-36693e6bc3ba,\N,badge_earned,badge,1,Page Turner,,false,2026-09-19T00:50:00+00:00
2130,d6b81cb4-a299-5894-baa5-463cb63679a3,\N,badge_earned,badge,1,Page Turner,,true,2026-09-19T00:50:00+00:00
2131,50de23a6-cd45-55ac-adb0-06d14b4ed8ce,\N,badge_earned,badge,1,Page Turner,,false,2026-09-19T00:51:00+00:00
2132,53f78f7e-e2df-586b-b483-5748c92d0f9f,\N,badge_earned,badge,1,Page Turner,,false,2026-09-19T00:51:00+00:00
2133,bdc5faf6-386d-5338-99a0-32d156bcbd68,\N,badge_earned,badge,1,Page Turner,,false,2026-09-19T00:51:00+00:00
2134,f0f4eb8c-a1ed-50a1-bc7d-2863700a31a5,\N,badge_earned,badge,1,Page Turner,,false,2026-09-19T00:52:00+00:00
2135,45abfe15-6e8d-57cf-bda3-b7ae2b5c0bc7,\N,badge_earned,badge,1,Page Turner,,false,2026-09-19T00:52:00+00:00
2136,95ff45a0-9b28-55cb-bba6-22a608a4e30d,\N,badge_earned,badge,1,Page Turner,,false,2026-09-19T00:53:00+00:00
2137,4c310820-12d3-5128-9a45-973db446b59e,\N,badge_earned,badge,1,Page Turner,,false,2026-09-19T00:53:00+00:00
2138,5421f79d-ed60-5eed-852b-01b379adab9e,\N,badge_earned,badge,1,Page Turner,,true,2026-09-19T00:53:00+00:00
2139,3d0f3e54-413b-5a89-bc88-8cb0e7246b97,\N,badge_earned,badge,1,Page Turner,,false,2026-09-19T00:53:00+00:00
2140,368442e7-2dfe-5df4-9ab7-a468b984050a,\N,badge_earned,badge,1,Page Turner,,true,2026-09-19T00:54:00+00:00
2141,b7180518-4b5b-54ef-9060-958212d05ab7,\N,badge_earned,badge,1,Page Turner,,false,2026-09-19T00:54:00+00:00
2142,6ab0c42d-0ad5-5b3d-9c6c-4ab9eaa47586,\N,badge_earned,badge,1,Page Turner,,false,2026-09-19T00:55:00+00:00
2143,7bdf8ad6-1318-5f74-9112-e2b655e215a2,\N,badge_earned,badge,1,Page Turner,,true,2026-09-19T00:55:00+00:00
2144,a0a53b38-722a-56e6-a52c-fe0e06169a59,\N,badge_earned,badge,1,Page Turner,,false,2026-09-19T00:55:00+00:00
2145,518ae987-15f7-5b22-8bcc-df59623dbdce,\N,badge_earned,badge,1,Page Turner,,true,2026-09-19T00:55:00+00:00
2146,36016ab9-3cc9-5f6a-8bc7-1d138ad9cb43,\N,badge_earned,badge,1,Page Turner,,true,2026-09-19T00:56:00+00:00
2147,44f09dba-7a20-5f46-840b-4670e6c7eb92,\N,badge_earned,badge,1,Page Turner,,false,2026-09-19T00:56:00+00:00
2148,daa36188-60fd-56a2-938b-70b1b51084b0,\N,badge_earned,badge,1,Page Turner,,false,2026-09-19T00:57:00+00:00
2149,cb162f3d-006f-544e-bfa6-f9abb8a52026,\N,badge_earned,badge,1,Page Turner,,false,2026-09-19T00:57:00+00:00
2150,6ac5a7a4-ae0d-5e31-8a7c-d85b63a96c46,\N,badge_earned,badge,1,Page Turner,,true,2026-09-19T00:57:00+00:00
2151,9047d24d-0775-5f10-bf17-6e8fc62c5884,\N,badge_earned,badge,14,Level 5,,true,2026-09-19T00:57:00+00:00
2152,fd96bbd1-5601-5c99-a1e2-04b09168b35e,\N,badge_earned,badge,1,Page Turner,,false,2026-09-19T00:58:00+00:00
2153,6d9d0917-bda8-5863-abe4-92d14b0cc926,\N,badge_earned,badge,1,Page Turner,,false,2026-09-19T00:58:00+00:00
2154,96ccee9a-30f2-56cd-b597-a927c84e0f75,\N,badge_earned,badge,1,Page Turner,,false,2026-09-19T00:59:00+00:00
2155,9355c2cf-38db-5118-9b77-3d5b5b3870df,\N,badge_earned,badge,1,Page Turner,,false,2026-09-19T00:59:00+00:00
2156,da462241-608b-5422-bdbd-0d98184a433d,\N,badge_earned,badge,1,Page Turner,,false,2026-09-19T00:59:00+00:00
2157,40120057-c43a-5745-9d3a-d9b0c6b1e84e,\N,badge_earned,badge,1,Page Turner,,false,2026-09-19T00:59:00+00:00
2158,7b48b183-5d87-500f-9cec-2e003c19efac,\N,badge_earned,badge,1,Page Turner,,false,2026-09-19T01:00:00+00:00
2159,a53c485b-a35c-51fb-84a5-364207ce0adb,\N,badge_earned,badge,1,Page Turner,,false,2026-09-19T01:00:00+00:00
2160,302b84f9-9053-5cf7-bed0-305678227875,\N,badge_earned,badge,1,Page Turner,,true,2026-09-19T01:01:00+00:00
2161,20b63262-d3e6-555a-95b2-84fc87694a19,\N,badge_earned,badge,1,Page Turner,,false,2026-09-19T01:01:00+00:00
2162,673e8617-3280-5bfa-85a6-738a6d64aac6,\N,badge_earned,badge,1,Page Turner,,true,2026-09-19T01:01:00+00:00
2163,373cd20e-25d5-5a46-a0ae-18157cf68a55,\N,badge_earned,badge,1,Page Turner,,false,2026-09-19T01:01:00+00:00
2164,adfbbf3c-5175-5e0a-bf98-b8854f2081c2,\N,badge_earned,badge,1,Page Turner,,true,2026-09-19T01:02:00+00:00
2165,fb400c3e-ecd0-522e-8b8e-1323946be71a,\N,badge_earned,badge,1,Page Turner,,true,2026-09-19T01:02:00+00:00
2166,f1fb49f6-8f16-5086-a3b3-1c5e169f9ad4,\N,badge_earned,badge,1,Page Turner,,true,2026-09-19T01:03:00+00:00
2167,20b4182c-90f7-51da-99e8-97ade4d19a92,\N,badge_earned,badge,1,Page Turner,,false,2026-09-19T01:03:00+00:00
2168,554a90ae-c448-548d-a552-cd8f1c340cbd,\N,badge_earned,badge,1,Page Turner,,false,2026-09-19T01:04:00+00:00
2169,ef763ec1-f93c-5744-9640-4ca59adf9347,\N,badge_earned,badge,1,Page Turner,,false,2026-09-19T01:04:00+00:00
2170,5d857806-7d61-533b-bc12-af2d7b775d29,\N,badge_earned,badge,1,Page Turner,,false,2026-09-19T01:05:00+00:00
2171,37b7aed3-d207-54f7-b4ec-0e05c50eaeb2,\N,badge_earned,badge,1,Page Turner,,false,2026-09-19T01:05:00+00:00
2172,ffe47fd1-7989-5728-addd-50b504edd889,\N,badge_earned,badge,1,Page Turner,,false,2026-09-19T01:05:00+00:00
2173,f6e8344b-87f4-5461-93fc-b01ff1ae4265,\N,badge_earned,badge,1,Page Turner,,false,2026-09-19T01:05:00+00:00
2174,f2561442-8439-5138-9a3b-8bcf96f16609,\N,badge_earned,badge,1,Page Turner,,true,2026-09-19T01:06:00+00:00
2175,8fa5b823-1a70-59f7-9bb2-b3d5f36dc82b,\N,badge_earned,badge,1,Page Turner,,false,2026-09-19T01:06:00+00:00
2176,84047d01-74e6-5a08-a20e-b5c25e3eff3e,\N,badge_earned,badge,1,Page Turner,,false,2026-09-19T01:07:00+00:00
2177,484e243b-afd7-5767-bb0f-4262c0334aea,\N,badge_earned,badge,1,Page Turner,,true,2026-09-19T01:07:00+00:00
2178,fbdfefdb-ca2d-5a0e-87ed-62021c1c11d4,\N,badge_earned,badge,1,Page Turner,,false,2026-09-19T01:07:00+00:00
2179,ee289908-380a-5bb3-8fdc-0990b203929b,\N,badge_earned,badge,1,Page Turner,,false,2026-09-19T01:08:00+00:00
2180,1b1e4344-fde4-5cc2-b82c-4fb458696522,\N,badge_earned,badge,1,Page Turner,,false,2026-09-19T01:08:00+00:00
2181,082b47e7-5a06-5a34-bd49-595c82b2b196,\N,badge_earned,badge,1,Page Turner,,true,2026-09-19T01:09:00+00:00
2182,a5526e82-ef69-522b-b3ad-df818658bde0,\N,badge_earned,badge,1,Page Turner,,false,2026-09-19T01:09:00+00:00
2183,341a0cef-f4a9-53ee-8980-229dc154ff4e,\N,badge_earned,badge,1,Page Turner,,true,2026-09-19T01:09:00+00:00
2184,88820056-e901-59a1-b2ca-c4e813b34f7b,\N,badge_earned,badge,1,Page Turner,,true,2026-09-19T01:09:00+00:00
2185,dfe9e449-d177-56af-a679-d3e1c78c5c02,\N,badge_earned,badge,1,Page Turner,,true,2026-09-19T01:10:00+00:00
2186,fd96bbd1-5601-5c99-a1e2-04b09168b35e,\N,badge_earned,badge,14,Level 5,,false,2026-09-19T01:10:00+00:00
2187,473b12ab-4d0d-5b7f-89b2-c0a1e2405c60,\N,badge_earned,badge,1,Page Turner,,false,2026-09-19T01:10:00+00:00
2188,0e49007f-82be-5238-a956-37d8f7b40d4c,\N,badge_earned,badge,1,Page Turner,,false,2026-09-19T01:11:00+00:00
2189,f223e569-d735-5980-b77b-25d459e64a37,\N,badge_earned,badge,1,Page Turner,,false,2026-09-19T01:11:00+00:00
2190,96dbbdad-601e-5bc2-9d1a-78f9f6349a39,\N,badge_earned,badge,1,Page Turner,,false,2026-09-19T01:11:00+00:00
2191,84da666c-c47c-572e-b2c9-3b6f35881596,\N,badge_earned,badge,1,Page Turner,,true,2026-09-19T01:12:00+00:00
2192,9b2e34a9-6722-598e-a857-e346acd294bf,\N,badge_earned,badge,1,Page Turner,,false,2026-09-19T01:12:00+00:00
2193,e502b694-466f-5e1f-9293-146b264ae20c,\N,badge_earned,badge,1,Page Turner,,false,2026-09-19T01:13:00+00:00
2194,e502b694-466f-5e1f-9293-146b264ae20c,\N,badge_earned,badge,14,Level 5,,false,2026-09-19T01:13:00+00:00
2195,bb4b0d34-59a4-5948-a9be-a1aa6caece55,\N,badge_earned,badge,1,Page Turner,,false,2026-09-19T01:13:00+00:00
2196,eb3717c1-cd92-5eeb-af40-9df7f3132426,\N,badge_earned,badge,1,Page Turner,,false,2026-09-19T01:13:00+00:00
2197,b897da16-1a55-5740-8129-7d502e6f44b8,\N,badge_earned,badge,1,Page Turner,,true,2026-09-19T01:13:00+00:00
2198,25797954-b022-582e-8349-e1e2c141368c,\N,badge_earned,badge,1,Page Turner,,true,2026-09-19T01:14:00+00:00
2199,e7c63421-97d2-555e-9731-46cb0f04f637,\N,badge_earned,badge,1,Page Turner,,false,2026-09-19T01:14:00+00:00
2200,a992f17b-79b6-5dcf-aed4-2aebaa5775c7,\N,badge_earned,badge,1,Page Turner,,false,2026-09-19T01:15:00+00:00
2201,eb397f92-99ac-5f0f-8f81-3540865f0477,\N,badge_earned,badge,1,Page Turner,,false,2026-09-19T01:15:00+00:00
2202,34046d1a-c67e-5a81-b9d5-47dd4840c4fe,\N,badge_earned,badge,1,Page Turner,,true,2026-09-19T01:15:00+00:00
2203,49a9d8f7-08ea-5972-af3a-0ca0a6c06e59,\N,badge_earned,badge,1,Page Turner,,true,2026-09-19T01:15:00+00:00
2204,88a268b0-6bca-5583-b041-ffdbc51be7e6,\N,badge_earned,badge,1,Page Turner,,false,2026-09-19T01:16:00+00:00
2205,f21481e8-5bf3-5aa6-a7e0-fe6e26920e28,\N,badge_earned,badge,1,Page Turner,,false,2026-09-19T01:16:00+00:00
2206,e21dfd78-ea9f-5754-a3b2-3b3b66dd30b5,\N,badge_earned,badge,1,Page Turner,,true,2026-09-19T01:16:00+00:00
2207,3a376c3a-3e46-5c8c-815c-232b66ca9bc8,\N,badge_earned,badge,1,Page Turner,,true,2026-09-19T01:17:00+00:00
2208,f985b68e-39ae-5c83-8468-2b126802c414,\N,badge_earned,badge,1,Page Turner,,false,2026-09-19T01:17:00+00:00
2209,d9aaa9eb-5304-587b-b0f4-42a2d5930f54,\N,badge_earned,badge,1,Page Turner,,false,2026-09-19T01:17:00+00:00
2210,783491ec-2857-52e8-a102-766d7abba6d2,\N,badge_earned,badge,1,Page Turner,,true,2026-09-19T01:17:00+00:00
2211,d48cab4b-e48b-59ae-88d6-41d5d463569d,\N,badge_earned,badge,1,Page Turner,,false,2026-09-19T01:18:00+00:00
2212,58074159-53d7-5a52-8436-d84a05af35a9,\N,badge_earned,badge,1,Page Turner,,false,2026-09-19T01:18:00+00:00
2213,9c9c228f-3bd5-5da4-b666-fbfab93b4b7e,\N,badge_earned,badge,1,Page Turner,,false,2026-09-19T01:19:00+00:00
2214,19e81afb-74c1-5b4a-9af3-469f3b610235,\N,badge_earned,badge,1,Page Turner,,false,2026-09-19T01:19:00+00:00
2215,af808cd8-ab34-515f-a8a0-a1b0719a537b,\N,badge_earned,badge,1,Page Turner,,false,2026-09-19T01:19:00+00:00
2216,02bf8d95-eee4-5287-b363-0551cc4a6d51,\N,badge_earned,badge,1,Page Turner,,false,2026-09-19T01:19:00+00:00
2217,02bf8d95-eee4-5287-b363-0551cc4a6d51,\N,badge_earned,badge,14,Level 5,,false,2026-09-19T01:19:00+00:00
2218,9edec740-5de6-5c27-8233-5cf72946b182,\N,badge_earned,badge,1,Page Turner,,false,2026-09-19T01:19:00+00:00
2219,b0ebc690-efe0-594f-bd55-e4d7ec3454bc,\N,badge_earned,badge,1,Page Turner,,false,2026-09-19T01:20:00+00:00
2220,1873645b-b54c-51dc-a41a-7131e831a64f,\N,badge_earned,badge,1,Page Turner,,false,2026-09-19T01:20:00+00:00
2221,95927b04-f214-5c26-878d-fb55176e41bc,\N,badge_earned,badge,1,Page Turner,,false,2026-09-19T01:21:00+00:00
2222,4ec67eb8-4fda-5cbc-bbd1-a6afc7ce8130,\N,badge_earned,badge,1,Page Turner,,false,2026-09-19T01:21:00+00:00
2223,01c00e49-c4d6-5d4b-bbc1-8aa3fe21ba2a,\N,badge_earned,badge,1,Page Turner,,true,2026-09-19T01:21:00+00:00
2224,45cee65b-db52-5dff-b09d-0ee1ac2be20f,\N,badge_earned,badge,1,Page Turner,,false,2026-09-19T01:22:00+00:00
2225,63fdd1e3-9db3-5b05-9799-510eea6abab7,\N,badge_earned,badge,1,Page Turner,,false,2026-09-19T01:22:00+00:00
2226,63fdd1e3-9db3-5b05-9799-510eea6abab7,\N,badge_earned,badge,14,Level 5,,false,2026-09-19T01:22:00+00:00
2227,1bc15434-bc22-56cc-a890-336efd2a11e5,\N,badge_earned,badge,1,Page Turner,,true,2026-09-19T01:23:00+00:00
2228,96373821-4bf4-53b8-bd24-bb64bbb3b84e,\N,badge_earned,badge,1,Page Turner,,false,2026-09-19T01:23:00+00:00
2229,a070c6d0-c23b-5036-b352-f16db0d6ec8e,\N,badge_earned,badge,1,Page Turner,,false,2026-09-19T01:23:00+00:00
2230,9d1c460b-bd0b-57ff-ac14-f2b10f73edd3,\N,badge_earned,badge,1,Page Turner,,false,2026-09-19T01:23:00+00:00
2231,9d1c460b-bd0b-57ff-ac14-f2b10f73edd3,\N,badge_earned,badge,14,Level 5,,true,2026-09-19T01:23:00+00:00
2232,729fe171-fa0d-547e-b374-39bd19f4c645,\N,badge_earned,badge,1,Page Turner,,false,2026-09-19T01:23:00+00:00
2233,50d6350f-ffd4-59ad-a1ff-65a49a77a913,\N,badge_earned,badge,1,Page Turner,,false,2026-09-19T01:24:00+00:00
2234,77c684c4-9514-5edc-85ff-1052c8544c14,\N,badge_earned,badge,1,Page Turner,,false,2026-09-19T01:24:00+00:00
2235,1767869f-381f-59b9-acac-01da2d539e40,\N,badge_earned,badge,1,Page Turner,,false,2026-09-19T01:25:00+00:00
2236,f3744506-cae3-5f81-8a4f-506a60395be8,\N,badge_earned,badge,1,Page Turner,,true,2026-09-19T01:25:00+00:00
2237,f3744506-cae3-5f81-8a4f-506a60395be8,\N,badge_earned,badge,14,Level 5,,false,2026-09-19T01:25:00+00:00
2238,bb4b0d34-59a4-5948-a9be-a1aa6caece55,\N,badge_earned,badge,14,Level 5,,true,2026-09-19T01:25:00+00:00
2239,0b532307-3033-5baf-b61c-915d1213c01f,\N,badge_earned,badge,1,Page Turner,,false,2026-09-19T01:25:00+00:00
2240,096499d2-73d6-5063-9dd4-a7c1aebac61d,\N,badge_earned,badge,1,Page Turner,,false,2026-09-19T01:25:00+00:00
2241,0947c4b9-50d6-50e2-9043-84a15b80e8c7,\N,badge_earned,badge,1,Page Turner,,true,2026-09-19T01:25:00+00:00
2242,d0c58825-6ead-50f6-9a07-f2f95dbb51ea,\N,badge_earned,badge,1,Page Turner,,false,2026-09-19T01:26:00+00:00
2243,693ebb02-ab3f-5d60-b798-d4d4df4900d2,\N,badge_earned,badge,1,Page Turner,,false,2026-09-19T01:26:00+00:00
2244,3d016498-e16a-5ad9-95c7-b633dfc6a142,\N,badge_earned,badge,1,Page Turner,,true,2026-09-19T01:27:00+00:00
2245,baa8ef70-5b01-5a49-84cb-71c353290705,\N,badge_earned,badge,1,Page Turner,,true,2026-09-19T01:27:00+00:00
2246,eeeb9e89-042f-5fdc-8fcf-2c3ad56f9bf1,\N,badge_earned,badge,1,Page Turner,,false,2026-09-19T01:27:00+00:00
2247,6ecf180b-be59-594c-a33b-31bd0120f01f,\N,badge_earned,badge,1,Page Turner,,false,2026-09-19T01:27:00+00:00
2248,e7dd6cb0-626e-510a-9e98-0498c534b04d,\N,badge_earned,badge,1,Page Turner,,false,2026-09-19T01:27:00+00:00
2249,8ae0340a-8eaf-5e9d-9db0-ac449334023d,\N,badge_earned,badge,1,Page Turner,,false,2026-09-19T01:28:00+00:00
2250,ec6d706d-7dba-534b-8700-e6752dbd06e1,\N,badge_earned,badge,1,Page Turner,,false,2026-09-19T01:28:00+00:00
2251,5c465a9a-bc36-5d7b-b5a2-0f18d9dab68a,\N,badge_earned,badge,1,Page Turner,,false,2026-09-19T01:28:00+00:00
2252,4c2177ab-592a-5e4a-b25b-8bb3f8090555,\N,badge_earned,badge,1,Page Turner,,true,2026-09-19T01:29:00+00:00
2253,ae96d203-7a11-52ed-9e02-cd93c3dda603,\N,badge_earned,badge,1,Page Turner,,false,2026-09-19T01:29:00+00:00
2254,5ce94e6e-a987-5fd1-90b2-94a1174f9376,\N,badge_earned,badge,1,Page Turner,,false,2026-09-19T01:29:00+00:00
2255,878bb7d9-5569-5efb-bbd1-5e39d62d594d,\N,badge_earned,badge,1,Page Turner,,false,2026-09-19T01:29:00+00:00
2256,61347d09-09eb-5f04-a4ec-fe830319799f,\N,badge_earned,badge,2,Bookworm,,true,2026-09-19T01:29:00+00:00
2257,7298015b-9105-595a-b879-3013c08053f7,\N,badge_earned,badge,1,Page Turner,,false,2026-09-19T01:29:00+00:00
2258,e0b64119-ecb0-52a5-852d-39c211ce337a,\N,badge_earned,badge,1,Page Turner,,false,2026-09-19T01:30:00+00:00
2259,cd8c4c60-ab9b-5cf3-996e-d4fbb990f4c6,\N,badge_earned,badge,1,Page Turner,,true,2026-09-19T01:30:00+00:00
2260,e137404e-9196-525c-b17a-44dc96d29f29,\N,badge_earned,badge,2,Bookworm,,false,2026-09-19T01:33:00+00:00
2261,7b359533-e634-59eb-a2c3-b5501ff96488,\N,badge_earned,badge,2,Bookworm,,true,2026-09-19T01:34:00+00:00
2262,f0ca4141-ccff-5472-ba76-f4b194108c7b,\N,badge_earned,badge,2,Bookworm,,false,2026-09-19T01:35:00+00:00
2263,33d87513-60c2-51ff-9ec5-f0f1389ed27e,\N,badge_earned,badge,2,Bookworm,,false,2026-09-19T01:35:00+00:00
2264,bdc5faf6-386d-5338-99a0-32d156bcbd68,\N,badge_earned,badge,2,Bookworm,,true,2026-09-19T01:39:00+00:00
2265,4c310820-12d3-5128-9a45-973db446b59e,\N,badge_earned,badge,2,Bookworm,,false,2026-09-19T01:41:00+00:00
2266,368442e7-2dfe-5df4-9ab7-a468b984050a,\N,badge_earned,badge,2,Bookworm,,false,2026-09-19T01:42:00+00:00
2267,cb162f3d-006f-544e-bfa6-f9abb8a52026,\N,badge_earned,badge,2,Bookworm,,false,2026-09-19T01:45:00+00:00
2268,ffe47fd1-7989-5728-addd-50b504edd889,\N,badge_earned,badge,2,Bookworm,,true,2026-09-19T01:53:00+00:00
2269,8fa5b823-1a70-59f7-9bb2-b3d5f36dc82b,\N,badge_earned,badge,2,Bookworm,,false,2026-09-19T01:54:00+00:00
2270,8fa5b823-1a70-59f7-9bb2-b3d5f36dc82b,\N,badge_earned,badge,14,Level 5,,false,2026-09-19T01:54:00+00:00
2271,84047d01-74e6-5a08-a20e-b5c25e3eff3e,\N,badge_earned,badge,2,Bookworm,,false,2026-09-19T01:55:00+00:00
2272,a5526e82-ef69-522b-b3ad-df818658bde0,\N,badge_earned,badge,2,Bookworm,,true,2026-09-19T01:57:00+00:00
2273,783491ec-2857-52e8-a102-766d7abba6d2,\N,badge_earned,badge,2,Bookworm,,false,2026-09-19T02:05:00+00:00
2274,783491ec-2857-52e8-a102-766d7abba6d2,\N,badge_earned,badge,14,Level 5,,true,2026-09-19T02:05:00+00:00
2275,d48cab4b-e48b-59ae-88d6-41d5d463569d,\N,badge_earned,badge,2,Bookworm,,false,2026-09-19T02:06:00+00:00
2276,b0ebc690-efe0-594f-bd55-e4d7ec3454bc,\N,badge_earned,badge,2,Bookworm,,false,2026-09-19T02:08:00+00:00
2277,77c684c4-9514-5edc-85ff-1052c8544c14,\N,badge_earned,badge,2,Bookworm,,false,2026-09-19T02:12:00+00:00
2278,0b532307-3033-5baf-b61c-915d1213c01f,\N,badge_earned,badge,2,Bookworm,,true,2026-09-19T02:13:00+00:00
2279,0b532307-3033-5baf-b61c-915d1213c01f,\N,badge_earned,badge,14,Level 5,,true,2026-09-19T02:13:00+00:00
2280,0947c4b9-50d6-50e2-9043-84a15b80e8c7,\N,badge_earned,badge,2,Bookworm,,false,2026-09-19T02:13:00+00:00
2281,8ae0340a-8eaf-5e9d-9db0-ac449334023d,\N,badge_earned,badge,2,Bookworm,,false,2026-09-19T02:16:00+00:00
2282,4c2177ab-592a-5e4a-b25b-8bb3f8090555,\N,badge_earned,badge,2,Bookworm,,false,2026-09-19T02:17:00+00:00
2283,878bb7d9-5569-5efb-bbd1-5e39d62d594d,\N,badge_earned,badge,2,Bookworm,,true,2026-09-19T02:17:00+00:00
2284,d16e3cdc-2868-563d-867d-62fa9b8b24ea,\N,badge_earned,badge,1,Page Turner,,false,2026-09-19T02:43:00+00:00
2285,4cf03b5a-e2ca-57f2-95b8-16a3b92247e6,\N,badge_earned,badge,1,Page Turner,,false,2026-09-19T03:03:00+00:00
2286,7e6a1243-34f5-52e6-862f-e5f3b2ebe640,\N,badge_earned,badge,1,Page Turner,,false,2026-09-19T03:17:00+00:00
2287,bf54d417-d834-5d3e-a7f9-106377fe05a5,\N,badge_earned,badge,1,Page Turner,,false,2026-09-19T03:20:00+00:00
2288,b55b4f74-ded6-5cf1-aae0-9ad89c03c10c,\N,badge_earned,badge,1,Page Turner,,false,2026-09-19T03:21:00+00:00
2289,3d0f3e54-413b-5a89-bc88-8cb0e7246b97,\N,badge_earned,badge,2,Bookworm,,false,2026-09-19T03:41:00+00:00
2290,f2561442-8439-5138-9a3b-8bcf96f16609,\N,badge_earned,badge,2,Bookworm,,false,2026-09-19T03:54:00+00:00
2291,bf54d417-d834-5d3e-a7f9-106377fe05a5,\N,badge_earned,badge,2,Bookworm,,false,2026-09-19T04:08:00+00:00
2292,50d6350f-ffd4-59ad-a1ff-65a49a77a913,\N,badge_earned,badge,2,Bookworm,,false,2026-09-19T04:12:00+00:00
2293,ae96d203-7a11-52ed-9e02-cd93c3dda603,\N,badge_earned,badge,2,Bookworm,,true,2026-09-19T04:17:00+00:00
2294,f2561442-8439-5138-9a3b-8bcf96f16609,\N,badge_earned,badge,14,Level 5,,false,2026-09-19T05:54:00+00:00
