id,legacy_id,username,full_name,avatar,bio,headline,role,location,github,linkedin,website,availability,interests,xp,level,streak_days,last_active,is_verified,onboarding_completed,is_active,is_staff,is_superuser,created_at,updated_at
d9fbcbde-376a-5f82-9fb5-268a24b02d57,\N,niruta.adhikari.demo,Niruta Adhikari,,"Year 1, computer science. I want to get better at accessible forms. Happy to help with a small edtech project; still balancing it with classes. Outside coursework: weekend walks. Fictional demo profile.",Computer Science · Year 1,learner,"Kathmandu, Nepal",,,,focused_learning,"[""EdTech"",""weekend walks"",""accessible forms""]",2535,8,34,2026-09-19,false,true,true,false,false,2026-06-06T02:30:00+00:00,2026-09-19T10:30:00+00:00
4c2177ab-592a-5e4a-b25b-8bb3f8090555,\N,sagar.tamang.demo,Sagar Tamang,,"Studying business administration in Pokhara (year 3). Currently practising measuring whether people return after a first visit. I like projects with a clear, small first version. Usually around for student radio on weekends. Fictional demo profile.",Research partner in training,builder,"Pokhara, Nepal",,,,open_to_collaboration,"[""Business"",""student radio"",""measuring whether people return after a first visit""]",1690,6,1,2026-09-18,false,true,true,false,false,2026-06-06T05:30:00+00:00,2026-09-19T10:30:00+00:00
8ae0340a-8eaf-5e9d-9db0-ac449334023d,\N,bipana.gurung.demo,Bipana Gurung,,"Cybersecurity, year 3. Looking for people to work through threat modelling a small web app with. My next project should involve cybersecurity. Also into weekend walks. Fictional demo profile.",Learning Linux through small projects,builder,"Lalitpur, Nepal",,,,open_to_collaboration,"[""Cybersecurity"",""weekend walks"",""threat modelling a small web app""]",535,4,0,2026-09-16,false,true,true,false,false,2026-06-10T20:30:00+00:00,2026-09-19T10:30:00+00:00
3d016498-e16a-5ad9-95c7-b633dfc6a142,\N,ritesh.poudel.demo,Ritesh Poudel,,Most of my work so far is coursework in public health. This year (3) I am spending more time on designing clearer information charts. Can contribute as a research partner. Student radio keeps me away from the laptop. Fictional demo profile.,Public Health student · HealthTech,learner,"Kathmandu, Nepal",,,,focused_learning,"[""HealthTech"",""student radio"",""designing clearer information charts""]",1660,6,1,2026-09-19,false,true,true,false,false,2026-05-28T03:30:00+00:00,2026-09-19T10:30:00+00:00
001e944b-e64e-5742-afb7-5e04327e41ee,\N,kritika.joshi.demo,Kritika Joshi,,"Learning by making small things. Year 4 of information technology, with an interest in community. Next up: API tests. I can usually find a few hours between classes and weekend walks. Fictional demo profile.",Information Technology · Year 4,mentor,"Pokhara, Nepal",,,,mentoring,"[""Community"",""weekend walks"",""API tests""]",1620,6,0,2026-09-11,false,true,true,false,false,2026-06-06T04:30:00+00:00,2026-09-19T10:30:00+00:00
1767869f-381f-59b9-acac-01da2d539e40,\N,ishita.kulkarni.demo,Ishita Kulkarni,,"Based in Pune; computer engineering, year 3. I enjoy the research and debugging parts of group work. Working on collecting reliable sensor readings at the moment. Looking for a manageable project, not another full-time commitment. Fictional demo profile.",Hardware builder in training,builder,"Pune, India",,,,open_to_collaboration,"[""Climate"",""short films"",""collecting reliable sensor readings""]",1345,6,0,2026-09-17,false,true,true,false,false,2026-06-09T00:30:00+00:00,2026-09-19T10:30:00+00:00
50d6350f-ffd4-59ad-a1ff-65a49a77a913,\N,aditya.menon.demo,Aditya Menon,,I am in year 1 of applied mathematics. Interested in machine learning and sketching. Would like to practise explaining where a classifier gets things wrong with a team that is comfortable asking basic questions. Fictional demo profile.,Learning Python through small projects,learner,"Chennai, India",,,,open_to_collaboration,"[""Machine Learning"",""sketching"",""explaining where a classifier gets things wrong""]",1900,7,9,2026-09-19,false,true,true,false,false,2026-06-13T05:30:00+00:00,2026-09-19T10:30:00+00:00
1bc15434-bc22-56cc-a890-336efd2a11e5,\N,kavya.reddy.demo,Kavya Reddy,,"Year 2, computer science. I want to get better at accessible forms. Happy to help with a small edtech project; still balancing it with classes. Outside coursework: short films. Fictional demo profile.",Computer Science student · EdTech,builder,"Kochi, India",,,,open_to_collaboration,"[""EdTech"",""short films"",""accessible forms""]",1620,6,0,2026-09-17,false,true,true,false,false,2026-06-08T23:30:00+00:00,2026-09-19T10:30:00+00:00
3425797b-5c54-5f3a-9a34-9cedb0dc5b84,\N,zoya.ansari.demo,Zoya Ansari,,"Studying business administration in Pune (year 1). Currently practising measuring whether people return after a first visit. I like projects with a clear, small first version. Usually around for sketching on weekends. Fictional demo profile.",Business Administration · Year 1,builder,"Pune, India",,,,,"[""Business"",""sketching"",""measuring whether people return after a first visit""]",1120,5,0,2026-09-13,false,true,true,false,false,2026-06-09T01:30:00+00:00,2026-09-19T10:30:00+00:00
b55b4f74-ded6-5cf1-aae0-9ad89c03c10c,\N,devansh.patel.demo,Devansh Patel,,"Cybersecurity, year 2. Looking for people to work through threat modelling a small web app with. My next project should involve cybersecurity. Also into short films. Fictional demo profile.",Security reviewer in training,learner,"Chennai, India",,,,focused_learning,"[""Cybersecurity"",""short films"",""threat modelling a small web app""]",175,2,0,2026-08-24,false,true,true,false,false,2026-05-29T23:30:00+00:00,2026-09-19T10:30:00+00:00
b0ebc690-efe0-594f-bd55-e4d7ec3454bc,\N,nusrat.jahan.demo,Nusrat Jahan,,Most of my work so far is coursework in digital media. This year (2) I am spending more time on writing navigation labels people understand. Can contribute as a content designer. Board games keeps me away from the laptop. Fictional demo profile.,Learning Figma through small projects,builder,"Dhaka, Bangladesh",,,,focused_learning,"[""Community"",""board games"",""writing navigation labels people understand""]",525,4,0,2026-09-15,false,true,true,false,false,2026-06-05T04:30:00+00:00,2026-09-19T10:30:00+00:00
9c9c228f-3bd5-5da4-b666-fbfab93b4b7e,\N,fahim.chowdhury.demo,Fahim Chowdhury,,"Learning by making small things. Year 2 of data science, with an interest in research. Next up: checking a model against a simple baseline. I can usually find a few hours between classes and cycling. Fictional demo profile.",Data Science student · Research,builder,"Chattogram, Bangladesh",,,,open_to_collaboration,"[""Research"",""cycling"",""checking a model against a simple baseline""]",330,3,0,2026-09-17,false,true,true,false,false,2026-06-04T03:30:00+00:00,2026-09-19T10:30:00+00:00
4966bb54-4d4f-5992-8586-1bd44991d17f,\N,tasnim.sultana.demo,Tasnim Sultana,,"Based in Dhaka; computer engineering, year 3. I enjoy the research and debugging parts of group work. Working on collecting reliable sensor readings at the moment. Looking for a manageable project, not another full-time commitment. Fictional demo profile.",Computer Engineering · Year 3,learner,"Dhaka, Bangladesh",,,,,"[""Climate"",""board games"",""collecting reliable sensor readings""]",400,3,0,2026-09-14,false,true,true,false,false,2026-05-27T01:30:00+00:00,2026-09-19T10:30:00+00:00
3a376c3a-3e46-5c8c-815c-232b66ca9bc8,\N,rafiul.islam.demo,Rafiul Islam,,I am in year 1 of applied mathematics. Interested in machine learning and cycling. Would like to practise explaining where a classifier gets things wrong with a team that is comfortable asking basic questions. Fictional demo profile.,ML contributor in training,builder,"Chattogram, Bangladesh",,,,open_to_collaboration,"[""Machine Learning"",""cycling"",""explaining where a classifier gets things wrong""]",710,4,1,2026-09-18,false,true,true,false,false,2026-05-29T06:30:00+00:00,2026-09-19T10:30:00+00:00
88a268b0-6bca-5583-b041-ffdbc51be7e6,\N,sumaiya.akter.demo,Sumaiya Akter,,"Year 4, computer science. I want to get better at accessible forms. Happy to help with a small edtech project; still balancing it with classes. Outside coursework: board games. Fictional demo profile.",Learning React through small projects,builder,"Dhaka, Bangladesh",,,,open_to_collaboration,"[""EdTech"",""board games"",""accessible forms""]",1850,7,1,2026-09-18,false,true,true,false,false,2026-06-15T20:30:00+00:00,2026-09-19T10:30:00+00:00
a992f17b-79b6-5dcf-aed4-2aebaa5775c7,\N,mahnoor.siddiqui.demo,Mahnoor Siddiqui,,"Studying software engineering in Lahore (year 3). Currently practising reliable offline sync. I like projects with a clear, small first version. Usually around for cooking on weekends. Fictional demo profile.",Software Engineering student · Productivity,learner,"Lahore, Pakistan",,,,open_to_collaboration,"[""Productivity"",""cooking"",""reliable offline sync""]",735,4,0,2026-09-10,false,true,true,false,false,2026-06-14T18:30:00+00:00,2026-09-19T10:30:00+00:00
6b9b6012-cdb4-50eb-8ad0-01c36516df23,\N,hamza.farooq.demo,Hamza Farooq,,"Mobile Computing, year 4. Looking for people to work through screen-reader support on Android with. My next project should involve mobile. Also into community gardens. Fictional demo profile.",Mobile Computing · Year 4,mentor,"Karachi, Pakistan",,,,mentoring,"[""Mobile"",""community gardens"",""screen-reader support on Android""]",165,2,1,2026-09-19,false,true,true,false,false,2026-06-17T02:30:00+00:00,2026-09-19T10:30:00+00:00
e502b694-466f-5e1f-9293-146b264ae20c,\N,areeba.khan.demo,Areeba Khan,,Most of my work so far is coursework in digital media. This year (3) I am spending more time on writing navigation labels people understand. Can contribute as a content designer. Cooking keeps me away from the laptop. Fictional demo profile.,Content designer in training,builder,"Islamabad, Pakistan",,,,open_to_collaboration,"[""Community"",""cooking"",""writing navigation labels people understand""]",1045,5,0,2026-09-17,false,true,true,false,false,2026-05-25T20:30:00+00:00,2026-09-19T10:30:00+00:00
84da666c-c47c-572e-b2c9-3b6f35881596,\N,bilal.ahmed.demo,Bilal Ahmed,,"Learning by making small things. Year 3 of data science, with an interest in research. Next up: checking a model against a simple baseline. I can usually find a few hours between classes and community gardens. Fictional demo profile.",Learning Python through small projects,learner,"Lahore, Pakistan",,,,focused_learning,"[""Research"",""community gardens"",""checking a model against a simple baseline""]",420,3,0,2026-09-10,false,true,true,false,false,2026-06-09T03:30:00+00:00,2026-09-19T10:30:00+00:00
0e49007f-82be-5238-a956-37d8f7b40d4c,\N,hira.malik.demo,Hira Malik,,"Based in Karachi; computer engineering, year 2. I enjoy the research and debugging parts of group work. Working on collecting reliable sensor readings at the moment. Looking for a manageable project, not another full-time commitment. Fictional demo profile.",Computer Engineering student · Climate,builder,"Karachi, Pakistan",,,,open_to_collaboration,"[""Climate"",""cooking"",""collecting reliable sensor readings""]",265,3,1,2026-09-18,false,true,true,false,false,2026-06-02T01:30:00+00:00,2026-09-19T10:30:00+00:00
774fd1d7-ca6b-5177-9d91-fc7b24739425,\N,nethmi.perera.demo,Nethmi Perera,,I am in year 2 of environmental science. Interested in climate and street photography. Would like to practise turning field notes into a usable map with a team that is comfortable asking basic questions. Fictional demo profile.,Environmental Science · Year 2,builder,"Colombo, Sri Lanka",,,,open_to_collaboration,"[""Climate"",""street photography"",""turning field notes into a usable map""]",345,3,0,2026-09-09,false,true,true,false,false,2026-06-15T23:30:00+00:00,2026-09-19T10:30:00+00:00
082b47e7-5a06-5a34-bd49-595c82b2b196,\N,dilan.jayasinghe.demo,Dilan Jayasinghe,,"Year 4, interaction design. I want to get better at testing prototypes with keyboard users. Happy to help with a small social impact project; still balancing it with classes. Outside coursework: music. Fictional demo profile.",Product designer in training,learner,"Kandy, Sri Lanka",,,,focused_learning,"[""Social Impact"",""music"",""testing prototypes with keyboard users""]",1345,6,2,2026-09-18,false,true,true,false,false,2026-05-28T23:30:00+00:00,2026-09-19T10:30:00+00:00
ee289908-380a-5bb3-8fdc-0990b203929b,\N,tharushi.fernando.demo,Tharushi Fernando,,"Studying software engineering in Colombo (year 4). Currently practising reliable offline sync. I like projects with a clear, small first version. Usually around for street photography on weekends. Fictional demo profile.",Learning TypeScript through small projects,builder,"Colombo, Sri Lanka",,,,open_to_collaboration,"[""Productivity"",""street photography"",""reliable offline sync""]",350,3,0,2026-09-17,false,true,true,false,false,2026-06-12T05:30:00+00:00,2026-09-19T10:30:00+00:00
84047d01-74e6-5a08-a20e-b5c25e3eff3e,\N,kavin.sivarajah.demo,Kavin Sivarajah,,"Mobile Computing, year 3. Looking for people to work through screen-reader support on Android with. My next project should involve mobile. Also into music. Fictional demo profile.",Mobile Computing student · Mobile,builder,"Kandy, Sri Lanka",,,,open_to_collaboration,"[""Mobile"",""music"",""screen-reader support on Android""]",665,4,1,2026-09-19,false,true,true,false,false,2026-05-30T04:30:00+00:00,2026-09-19T10:30:00+00:00
bc38029f-d1c5-5b8f-8055-d446a522cb91,\N,sachini.silva.demo,Sachini Silva,,Most of my work so far is coursework in digital media. This year (3) I am spending more time on writing navigation labels people understand. Can contribute as a content designer. Street photography keeps me away from the laptop. Fictional demo profile.,Digital Media · Year 3,learner,"Colombo, Sri Lanka",,,,,"[""Community"",""street photography"",""writing navigation labels people understand""]",180,2,1,2026-09-18,false,true,true,false,false,2026-06-03T19:30:00+00:00,2026-09-19T10:30:00+00:00
5d857806-7d61-533b-bc12-af2d7b775d29,\N,pema.choden.demo,Pema Choden,,"Learning by making small things. Year 4 of multimedia, with an interest in creative technology. Next up: making lightweight animations for the web. I can usually find a few hours between classes and badminton. Fictional demo profile.",Motion designer in training,builder,"Thimphu, Bhutan",,,,focused_learning,"[""Creative Technology"",""badminton"",""making lightweight animations for the web""]",305,3,0,2026-09-16,false,true,true,false,false,2026-05-23T19:30:00+00:00,2026-09-19T10:30:00+00:00
554a90ae-c448-548d-a552-cd8f1c340cbd,\N,karma.dorji.demo,Karma Dorji,,"Based in Paro; information systems, year 3. I enjoy the research and debugging parts of group work. Working on migrations that keep old records usable at the moment. Looking for a manageable project, not another full-time commitment. Fictional demo profile.",Learning SQL through small projects,builder,"Paro, Bhutan",,,,open_to_collaboration,"[""FinTech"",""language exchange"",""migrations that keep old records usable""]",175,2,0,2026-09-13,false,true,true,false,false,2026-05-27T01:30:00+00:00,2026-09-19T10:30:00+00:00
4cf03b5a-e2ca-57f2-95b8-16a3b92247e6,\N,sonam.lhamo.demo,Sonam Lhamo,,I am in year 3 of environmental science. Interested in climate and badminton. Would like to practise turning field notes into a usable map with a team that is comfortable asking basic questions. Fictional demo profile.,Environmental Science student · Climate,learner,"Thimphu, Bhutan",,,,open_to_collaboration,"[""Climate"",""badminton"",""turning field notes into a usable map""]",1255,6,33,2026-09-19,false,true,true,false,false,2026-06-13T01:30:00+00:00,2026-09-19T10:30:00+00:00
f22a7317-9c2b-5d13-99b9-1a1622094bb3,\N,tashi.wangchuk.demo,Tashi Wangchuk,,"Year 1, interaction design. I want to get better at testing prototypes with keyboard users. Happy to help with a small social impact project; still balancing it with classes. Outside coursework: language exchange. Fictional demo profile.",Interaction Design · Year 1,builder,"Paro, Bhutan",,,,open_to_collaboration,"[""Social Impact"",""language exchange"",""testing prototypes with keyboard users""]",1810,7,0,2026-09-07,false,true,true,false,false,2026-06-09T21:30:00+00:00,2026-09-19T10:30:00+00:00
302b84f9-9053-5cf7-bed0-305678227875,\N,dechen.dema.demo,Dechen Dema,,"Studying software engineering in Thimphu (year 2). Currently practising reliable offline sync. I like projects with a clear, small first version. Usually around for badminton on weekends. Fictional demo profile.",Full-stack developer in training,builder,"Thimphu, Bhutan",,,,open_to_collaboration,"[""Productivity"",""badminton"",""reliable offline sync""]",785,4,2,2026-09-19,false,true,true,false,false,2026-06-12T05:30:00+00:00,2026-09-19T10:30:00+00:00
7b48b183-5d87-500f-9cec-2e003c19efac,\N,chen.yutong.demo,Chen Yutong,,"Public Health, year 1. Looking for people to work through designing clearer information charts with. My next project should involve healthtech. Also into student radio. Fictional demo profile.",Learning Excel through small projects,learner,"Chengdu, China",,,,open_to_collaboration,"[""HealthTech"",""student radio"",""designing clearer information charts""]",325,3,2,2026-09-18,false,true,true,false,false,2026-06-11T22:30:00+00:00,2026-09-19T10:30:00+00:00
96ccee9a-30f2-56cd-b597-a927c84e0f75,\N,wang.zihan.demo,Wang Zihan,,Most of my work so far is coursework in information technology. This year (1) I am spending more time on API tests. Can contribute as a backend developer. Weekend walks keeps me away from the laptop. Fictional demo profile.,Information Technology student · Community,builder,"Hangzhou, China",,,,focused_learning,"[""Community"",""weekend walks"",""API tests""]",1710,6,0,2026-09-14,false,true,true,false,false,2026-05-23T19:30:00+00:00,2026-09-19T10:30:00+00:00
e5b7ccce-2cb7-5b6e-95a5-32ffacbca87f,\N,li.haoran.demo,Li Haoran,,"Learning by making small things. Year 2 of multimedia, with an interest in creative technology. Next up: making lightweight animations for the web. I can usually find a few hours between classes and student radio. Fictional demo profile.",Multimedia · Year 2,builder,"Nanjing, China",,,,open_to_collaboration,"[""Creative Technology"",""student radio"",""making lightweight animations for the web""]",200,3,0,2026-09-13,false,true,true,false,false,2026-05-25T18:30:00+00:00,2026-09-19T10:30:00+00:00
daa36188-60fd-56a2-938b-70b1b51084b0,\N,zhou.xinyi.demo,Zhou Xinyi,,"Based in Chengdu; information systems, year 2. I enjoy the research and debugging parts of group work. Working on migrations that keep old records usable at the moment. Looking for a manageable project, not another full-time commitment. Fictional demo profile.",Database developer in training,learner,"Chengdu, China",,,,open_to_collaboration,"[""FinTech"",""weekend walks"",""migrations that keep old records usable""]",585,4,0,2026-09-17,false,true,true,false,false,2026-05-27T03:30:00+00:00,2026-09-19T10:30:00+00:00
36016ab9-3cc9-5f6a-8bc7-1d138ad9cb43,\N,liu.yifan.demo,Liu Yifan,,I am in year 1 of environmental science. Interested in climate and student radio. Would like to practise turning field notes into a usable map with a team that is comfortable asking basic questions. Fictional demo profile.,Learning QGIS through small projects,builder,"Hangzhou, China",,,,open_to_collaboration,"[""Climate"",""student radio"",""turning field notes into a usable map""]",1320,6,2,2026-09-19,false,true,true,false,false,2026-05-31T01:30:00+00:00,2026-09-19T10:30:00+00:00
6ab0c42d-0ad5-5b3d-9c6c-4ab9eaa47586,\N,haruka.fujimoto.demo,Haruka Fujimoto,,"Year 3, business administration. I want to get better at measuring whether people return after a first visit. Happy to help with a small business project; still balancing it with classes. Outside coursework: sketching. Fictional demo profile.",Business Administration student · Business,builder,"Kyoto, Japan",,,,open_to_collaboration,"[""Business"",""sketching"",""measuring whether people return after a first visit""]",1445,6,2,2026-09-18,false,true,true,false,false,2026-06-11T20:30:00+00:00,2026-09-19T10:30:00+00:00
5ccdaadc-80b2-50e1-a0c1-bad0246a7cf2,\N,ren.takahashi.demo,Ren Takahashi,,"Studying cybersecurity in Osaka (year 2). Currently practising threat modelling a small web app. I like projects with a clear, small first version. Usually around for short films on weekends. Fictional demo profile.",Cybersecurity · Year 2,learner,"Osaka, Japan",,,,open_to_collaboration,"[""Cybersecurity"",""short films"",""threat modelling a small web app""]",1535,6,3,2026-09-18,false,true,true,false,false,2026-05-23T18:30:00+00:00,2026-09-19T10:30:00+00:00
95ff45a0-9b28-55cb-bba6-22a608a4e30d,\N,aoi.nakamura.demo,Aoi Nakamura,,"Public Health, year 3. Looking for people to work through designing clearer information charts with. My next project should involve healthtech. Also into sketching. Fictional demo profile.",Research partner in training,builder,"Fukuoka, Japan",,,,focused_learning,"[""HealthTech"",""sketching"",""designing clearer information charts""]",200,3,0,2026-09-17,false,true,true,false,false,2026-05-25T23:30:00+00:00,2026-09-19T10:30:00+00:00
f0f4eb8c-a1ed-50a1-bc7d-2863700a31a5,\N,sota.ishikawa.demo,Sota Ishikawa,,Most of my work so far is coursework in information technology. This year (2) I am spending more time on API tests. Can contribute as a backend developer. Short films keeps me away from the laptop. Fictional demo profile.,Learning Python through small projects,builder,"Kyoto, Japan",,,,focused_learning,"[""Community"",""short films"",""API tests""]",1645,6,0,2026-09-17,false,true,true,false,false,2026-06-09T20:30:00+00:00,2026-09-19T10:30:00+00:00
50de23a6-cd45-55ac-adb0-06d14b4ed8ce,\N,yui.matsuda.demo,Yui Matsuda,,"Learning by making small things. Year 2 of multimedia, with an interest in creative technology. Next up: making lightweight animations for the web. I can usually find a few hours between classes and sketching. Fictional demo profile.",Multimedia student · Creative Technology,learner,"Osaka, Japan",,,,open_to_collaboration,"[""Creative Technology"",""sketching"",""making lightweight animations for the web""]",590,4,0,2026-09-06,false,true,true,false,false,2026-05-23T02:30:00+00:00,2026-09-19T10:30:00+00:00
7ef6d8e7-132e-5da5-a653-16dd2e5719c4,\N,ji.won.han.demo,Ji-won Han,,"Based in Seoul; applied mathematics, year 3. I enjoy the research and debugging parts of group work. Working on explaining where a classifier gets things wrong at the moment. Looking for a manageable project, not another full-time commitment. Fictional demo profile.",Applied Mathematics · Year 3,builder,"Seoul, South Korea",,,,open_to_collaboration,"[""Machine Learning"",""cycling"",""explaining where a classifier gets things wrong""]",195,2,0,2026-09-06,false,true,true,false,false,2026-06-05T06:30:00+00:00,2026-09-19T10:30:00+00:00
a36cd93c-2f0c-5956-9a51-8094e39a7bed,\N,do.yun.lee.demo,Do-yun Lee,,I am in year 4 of computer science. Interested in edtech and board games. Would like to practise accessible forms with a team that is comfortable asking basic questions. Fictional demo profile.,Frontend developer in training,builder,"Busan, South Korea",,,,open_to_collaboration,"[""EdTech"",""board games"",""accessible forms""]",1030,5,0,2026-09-12,false,true,true,false,false,2026-06-14T18:30:00+00:00,2026-09-19T10:30:00+00:00
6e82bb3e-ede8-5803-ba1a-cc3aa8766199,\N,su.bin.choi.demo,Su-bin Choi,,"Year 4, business administration. I want to get better at measuring whether people return after a first visit. Happy to help with a small business project; still balancing it with classes. Outside coursework: cycling. Fictional demo profile.",Learning Excel through small projects,learner,"Daejeon, South Korea",,,,focused_learning,"[""Business"",""cycling"",""measuring whether people return after a first visit""]",1505,6,3,2026-09-18,false,true,true,false,false,2026-06-07T04:30:00+00:00,2026-09-19T10:30:00+00:00
64b591cd-4cbe-577a-aba9-ee6912328a58,\N,ha.eun.jeong.demo,Ha-eun Jeong,,"Studying cybersecurity in Seoul (year 3). Currently practising threat modelling a small web app. I like projects with a clear, small first version. Usually around for board games on weekends. Fictional demo profile.",Cybersecurity student · Cybersecurity,builder,"Seoul, South Korea",,,,,"[""Cybersecurity"",""board games"",""threat modelling a small web app""]",220,3,1,2026-09-18,false,true,true,false,false,2026-06-14T02:30:00+00:00,2026-09-19T10:30:00+00:00
a6b8342c-310b-5b88-9c07-602dbd646488,\N,ji.ho.kang.demo,Ji-ho Kang,,"Public Health, year 3. Looking for people to work through designing clearer information charts with. My next project should involve healthtech. Also into cycling. Fictional demo profile.",Public Health · Year 3,builder,"Busan, South Korea",,,,open_to_collaboration,"[""HealthTech"",""cycling"",""designing clearer information charts""]",335,3,0,2026-09-04,false,true,true,false,false,2026-05-24T22:30:00+00:00,2026-09-19T10:30:00+00:00
52ab3a8f-ec5c-5e66-bcd5-efc304512118,\N,amelia.tan.demo,Amelia Tan,,Most of my work so far is coursework in data science. This year (2) I am spending more time on checking a model against a simple baseline. Can contribute as a data analyst. Community gardens keeps me away from the laptop. Fictional demo profile.,Data analyst in training,learner,"Singapore, Singapore",,,,open_to_collaboration,"[""Research"",""community gardens"",""checking a model against a simple baseline""]",675,4,0,2026-09-14,false,true,true,false,false,2026-05-24T04:30:00+00:00,2026-09-19T10:30:00+00:00
5a4b137d-2ebb-5c75-8cdd-bf77406b4b9f,\N,arjun.nair.demo,Arjun Nair,,"Learning by making small things. Year 4 of computer engineering, with an interest in climate. Next up: collecting reliable sensor readings. I can usually find a few hours between classes and cooking. Fictional demo profile.",Learning Python through small projects,builder,"Singapore, Singapore",,,,focused_learning,"[""Climate"",""cooking"",""collecting reliable sensor readings""]",630,4,0,2026-09-14,false,true,true,false,false,2026-05-29T21:30:00+00:00,2026-09-19T10:30:00+00:00
f4b545d6-b6c0-54b8-847e-101d68428b48,\N,nur.aisyah.rahman.demo,Nur Aisyah Rahman,,"Based in Singapore; applied mathematics, year 1. I enjoy the research and debugging parts of group work. Working on explaining where a classifier gets things wrong at the moment. Looking for a manageable project, not another full-time commitment. Fictional demo profile.",Applied Mathematics student · Machine Learning,builder,"Singapore, Singapore",,,,focused_learning,"[""Machine Learning"",""community gardens"",""explaining where a classifier gets things wrong""]",345,3,0,2026-09-14,false,true,true,false,false,2026-06-03T23:30:00+00:00,2026-09-19T10:30:00+00:00
4845dc43-0c9d-5f09-aa4a-62e68abb5d12,\N,ethan.lim.demo,Ethan Lim,,I am in year 4 of computer science. Interested in edtech and cooking. Would like to practise accessible forms with a team that is comfortable asking basic questions. Fictional demo profile.,Computer Science · Year 4,mentor,"Singapore, Singapore",,,,mentoring,"[""EdTech"",""cooking"",""accessible forms""]",1135,5,1,2026-09-19,false,true,true,false,false,2026-05-24T05:30:00+00:00,2026-09-19T10:30:00+00:00
8819cb55-67e6-5a55-98c8-d80446975a9e,\N,chloe.goh.demo,Chloe Goh,,"Year 1, business administration. I want to get better at measuring whether people return after a first visit. Happy to help with a small business project; still balancing it with classes. Outside coursework: community gardens. Fictional demo profile.",Research partner in training,builder,"Singapore, Singapore",,,,open_to_collaboration,"[""Business"",""community gardens"",""measuring whether people return after a first visit""]",1460,6,0,2026-09-11,false,true,true,false,false,2026-05-28T18:30:00+00:00,2026-09-19T10:30:00+00:00
e0b64119-ecb0-52a5-852d-39c211ce337a,\N,nur.izzati.abdullah.demo,Nur Izzati Abdullah,,"Studying mobile computing in Kuala Lumpur (year 3). Currently practising screen-reader support on Android. I like projects with a clear, small first version. Usually around for music on weekends. Fictional demo profile.",Learning Flutter through small projects,builder,"Kuala Lumpur, Malaysia",,,,focused_learning,"[""Mobile"",""music"",""screen-reader support on Android""]",685,4,0,2026-09-16,false,true,true,false,false,2026-05-29T06:30:00+00:00,2026-09-19T10:30:00+00:00
ae96d203-7a11-52ed-9e02-cd93c3dda603,\N,wei.jun.ong.demo,Wei Jun Ong,,"Digital Media, year 3. Looking for people to work through writing navigation labels people understand with. My next project should involve community. Also into street photography. Fictional demo profile.",Digital Media student · Community,learner,"Penang, Malaysia",,,,,"[""Community"",""street photography"",""writing navigation labels people understand""]",1650,6,1,2026-09-18,false,true,true,false,false,2026-06-09T18:30:00+00:00,2026-09-19T10:30:00+00:00
a2cc3818-be31-5aeb-828c-e23f579431aa,\N,kavitha.rajan.demo,Kavitha Rajan,,Most of my work so far is coursework in data science. This year (1) I am spending more time on checking a model against a simple baseline. Can contribute as a data analyst. Music keeps me away from the laptop. Fictional demo profile.,Data Science · Year 1,builder,"Johor Bahru, Malaysia",,,,focused_learning,"[""Research"",""music"",""checking a model against a simple baseline""]",1440,6,1,2026-09-18,false,true,true,false,false,2026-06-06T21:30:00+00:00,2026-09-19T10:30:00+00:00
baa8ef70-5b01-5a49-84cb-71c353290705,\N,amirul.hakim.demo,Amirul Hakim,,"Learning by making small things. Year 2 of computer engineering, with an interest in climate. Next up: collecting reliable sensor readings. I can usually find a few hours between classes and street photography. Fictional demo profile.",Hardware builder in training,builder,"Kuala Lumpur, Malaysia",,,,open_to_collaboration,"[""Climate"",""street photography"",""collecting reliable sensor readings""]",795,4,4,2026-09-19,false,true,true,false,false,2026-06-10T02:30:00+00:00,2026-09-19T10:30:00+00:00
d0c58825-6ead-50f6-9a07-f2f95dbb51ea,\N,mei.xuan.chew.demo,Mei Xuan Chew,,"Based in Penang; applied mathematics, year 3. I enjoy the research and debugging parts of group work. Working on explaining where a classifier gets things wrong at the moment. Looking for a manageable project, not another full-time commitment. Fictional demo profile.",Learning Python through small projects,learner,"Penang, Malaysia",,,,open_to_collaboration,"[""Machine Learning"",""music"",""explaining where a classifier gets things wrong""]",1650,6,33,2026-09-18,false,true,true,false,false,2026-05-29T23:30:00+00:00,2026-09-19T10:30:00+00:00
f3744506-cae3-5f81-8a4f-506a60395be8,\N,dewi.lestari.demo,Dewi Lestari,,I am in year 2 of interaction design. Interested in social impact and language exchange. Would like to practise testing prototypes with keyboard users with a team that is comfortable asking basic questions. Fictional demo profile.,Interaction Design student · Social Impact,builder,"Bandung, Indonesia",,,,open_to_collaboration,"[""Social Impact"",""language exchange"",""testing prototypes with keyboard users""]",1040,5,0,2026-09-17,false,true,true,false,false,2026-06-13T02:30:00+00:00,2026-09-19T10:30:00+00:00
7f0221a7-4703-52e7-8b26-fa2cd7303c90,\N,rizky.pratama.demo,Rizky Pratama,,"Year 3, software engineering. I want to get better at reliable offline sync. Happy to help with a small productivity project; still balancing it with classes. Outside coursework: badminton. Fictional demo profile.",Software Engineering · Year 3,builder,"Yogyakarta, Indonesia",,,,focused_learning,"[""Productivity"",""badminton"",""reliable offline sync""]",275,3,0,2026-09-17,false,true,true,false,false,2026-06-15T04:30:00+00:00,2026-09-19T10:30:00+00:00
96373821-4bf4-53b8-bd24-bb64bbb3b84e,\N,nabila.putri.demo,Nabila Putri,,"Studying mobile computing in Surabaya (year 4). Currently practising screen-reader support on Android. I like projects with a clear, small first version. Usually around for language exchange on weekends. Fictional demo profile.",Mobile developer in training,learner,"Surabaya, Indonesia",,,,open_to_collaboration,"[""Mobile"",""language exchange"",""screen-reader support on Android""]",255,3,0,2026-09-13,false,true,true,false,false,2026-06-15T05:30:00+00:00,2026-09-19T10:30:00+00:00
45cee65b-db52-5dff-b09d-0ee1ac2be20f,\N,bagas.saputra.demo,Bagas Saputra,,"Digital Media, year 3. Looking for people to work through writing navigation labels people understand with. My next project should involve community. Also into badminton. Fictional demo profile.",Learning Figma through small projects,builder,"Bandung, Indonesia",,,,open_to_collaboration,"[""Community"",""badminton"",""writing navigation labels people understand""]",600,4,0,2026-09-12,false,true,true,false,false,2026-06-01T23:30:00+00:00,2026-09-19T10:30:00+00:00
95927b04-f214-5c26-878d-fb55176e41bc,\N,intan.permata.demo,Intan Permata,,Most of my work so far is coursework in data science. This year (3) I am spending more time on checking a model against a simple baseline. Can contribute as a data analyst. Language exchange keeps me away from the laptop. Fictional demo profile.,Data Science student · Research,builder,"Yogyakarta, Indonesia",,,,focused_learning,"[""Research"",""language exchange"",""checking a model against a simple baseline""]",1555,6,0,2026-09-17,false,true,true,false,false,2026-06-07T06:30:00+00:00,2026-09-19T10:30:00+00:00
6467241a-6abd-5888-8e87-40e0e86cbc55,\N,pimchanok.suksai.demo,Pimchanok Suksai,,"Learning by making small things. Year 1 of information systems, with an interest in fintech. Next up: migrations that keep old records usable. I can usually find a few hours between classes and weekend walks. Fictional demo profile.",Information Systems · Year 1,learner,"Bangkok, Thailand",,,,open_to_collaboration,"[""FinTech"",""weekend walks"",""migrations that keep old records usable""]",80,2,0,2026-09-11,false,true,true,false,false,2026-05-26T02:30:00+00:00,2026-09-19T10:30:00+00:00
19e81afb-74c1-5b4a-9af3-469f3b610235,\N,nattapong.chaiyaporn.demo,Nattapong Chaiyaporn,,"Based in Chiang Mai; environmental science, year 4. I enjoy the research and debugging parts of group work. Working on turning field notes into a usable map at the moment. Looking for a manageable project, not another full-time commitment. Fictional demo profile.",GIS contributor in training,builder,"Chiang Mai, Thailand",,,,focused_learning,"[""Climate"",""student radio"",""turning field notes into a usable map""]",435,3,0,2026-09-07,false,true,true,false,false,2026-06-01T05:30:00+00:00,2026-09-19T10:30:00+00:00
d48cab4b-e48b-59ae-88d6-41d5d463569d,\N,siriporn.saelim.demo,Siriporn Saelim,,I am in year 3 of interaction design. Interested in social impact and weekend walks. Would like to practise testing prototypes with keyboard users with a team that is comfortable asking basic questions. Fictional demo profile.,Learning Figma through small projects,builder,"Bangkok, Thailand",,,,open_to_collaboration,"[""Social Impact"",""weekend walks"",""testing prototypes with keyboard users""]",1705,6,0,2026-09-14,false,true,true,false,false,2026-06-15T01:30:00+00:00,2026-09-19T10:30:00+00:00
7e6a1243-34f5-52e6-862f-e5f3b2ebe640,\N,kittiphat.wongchai.demo,Kittiphat Wongchai,,"Year 3, software engineering. I want to get better at reliable offline sync. Happy to help with a small productivity project; still balancing it with classes. Outside coursework: student radio. Fictional demo profile.",Software Engineering student · Productivity,learner,"Chiang Mai, Thailand",,,,focused_learning,"[""Productivity"",""student radio"",""reliable offline sync""]",610,4,1,2026-09-19,false,true,true,false,false,2026-06-03T05:30:00+00:00,2026-09-19T10:30:00+00:00
ab45f9eb-3fee-5ea5-bccb-faffc50f3e76,\N,ploypailin.thongdee.demo,Ploypailin Thongdee,,"Studying mobile computing in Bangkok (year 1). Currently practising screen-reader support on Android. I like projects with a clear, small first version. Usually around for weekend walks on weekends. Fictional demo profile.",Mobile Computing · Year 1,builder,"Bangkok, Thailand",,,,open_to_collaboration,"[""Mobile"",""weekend walks"",""screen-reader support on Android""]",220,3,0,2026-09-16,false,true,true,false,false,2026-05-30T18:30:00+00:00,2026-09-19T10:30:00+00:00
eb397f92-99ac-5f0f-8f81-3540865f0477,\N,nguyen.khanh.an.demo,Nguyễn Khánh An,,"Information Technology, year 3. Looking for people to work through API tests with. My next project should involve community. Also into short films. Fictional demo profile.",Backend developer in training,builder,"Hanoi, Vietnam",,,,focused_learning,"[""Community"",""short films"",""API tests""]",1555,6,3,2026-09-19,false,true,true,false,false,2026-05-26T05:30:00+00:00,2026-09-19T10:30:00+00:00
25797954-b022-582e-8349-e1e2c141368c,\N,tran.gia.huy.demo,Trần Gia Huy,,Most of my work so far is coursework in multimedia. This year (1) I am spending more time on making lightweight animations for the web. Can contribute as a motion designer. Sketching keeps me away from the laptop. Fictional demo profile.,Learning Blender through small projects,learner,"Da Nang, Vietnam",,,,open_to_collaboration,"[""Creative Technology"",""sketching"",""making lightweight animations for the web""]",750,4,0,2026-09-15,false,true,true,false,false,2026-05-27T00:30:00+00:00,2026-09-19T10:30:00+00:00
bb4b0d34-59a4-5948-a9be-a1aa6caece55,\N,le.thu.ha.demo,Lê Thu Hà,,"Learning by making small things. Year 4 of information systems, with an interest in fintech. Next up: migrations that keep old records usable. I can usually find a few hours between classes and short films. Fictional demo profile.",Information Systems student · FinTech,builder,"Ho Chi Minh City, Vietnam",,,,,"[""FinTech"",""short films"",""migrations that keep old records usable""]",1020,5,2,2026-09-18,false,true,true,false,false,2026-06-08T18:30:00+00:00,2026-09-19T10:30:00+00:00
33ba5d16-c38c-5bcf-9896-ea8ae81d6e7b,\N,pham.minh.anh.demo,Phạm Minh Anh,,"Based in Hanoi; environmental science, year 2. I enjoy the research and debugging parts of group work. Working on turning field notes into a usable map at the moment. Looking for a manageable project, not another full-time commitment. Fictional demo profile.",Environmental Science · Year 2,builder,"Hanoi, Vietnam",,,,open_to_collaboration,"[""Climate"",""sketching"",""turning field notes into a usable map""]",540,4,0,2026-09-15,false,true,true,false,false,2026-05-30T01:30:00+00:00,2026-09-19T10:30:00+00:00
f223e569-d735-5980-b77b-25d459e64a37,\N,vo.hoang.nam.demo,Võ Hoàng Nam,,I am in year 4 of interaction design. Interested in social impact and short films. Would like to practise testing prototypes with keyboard users with a team that is comfortable asking basic questions. Fictional demo profile.,Product designer in training,learner,"Da Nang, Vietnam",,,,open_to_collaboration,"[""Social Impact"",""short films"",""testing prototypes with keyboard users""]",1570,6,0,2026-08-28,false,true,true,false,false,2026-05-28T20:30:00+00:00,2026-09-19T10:30:00+00:00
dfe9e449-d177-56af-a679-d3e1c78c5c02,\N,bea.mendoza.demo,Bea Mendoza,,"Year 2, cybersecurity. I want to get better at threat modelling a small web app. Happy to help with a small cybersecurity project; still balancing it with classes. Outside coursework: board games. Fictional demo profile.",Learning Linux through small projects,builder,"Manila, Philippines",,,,focused_learning,"[""Cybersecurity"",""board games"",""threat modelling a small web app""]",785,4,1,2026-09-18,false,true,true,false,false,2026-05-27T01:30:00+00:00,2026-09-19T10:30:00+00:00
a5526e82-ef69-522b-b3ad-df818658bde0,\N,paolo.reyes.demo,Paolo Reyes,,"Studying public health in Cebu (year 3). Currently practising designing clearer information charts. I like projects with a clear, small first version. Usually around for cycling on weekends. Fictional demo profile.",Public Health student · HealthTech,builder,"Cebu, Philippines",,,,,"[""HealthTech"",""cycling"",""designing clearer information charts""]",670,4,2,2026-09-18,false,true,true,false,false,2026-06-11T20:30:00+00:00,2026-09-19T10:30:00+00:00
ae7ac442-d880-5cd8-bc30-8d21c5f7dc54,\N,isabel.santos.demo,Isabel Santos,,"Information Technology, year 4. Looking for people to work through API tests with. My next project should involve community. Also into board games. Fictional demo profile.",Information Technology · Year 4,mentor,"Davao, Philippines",,,,mentoring,"[""Community"",""board games"",""API tests""]",1090,5,1,2026-09-18,false,true,true,false,false,2026-05-29T00:30:00+00:00,2026-09-19T10:30:00+00:00
6690668c-e73d-51ff-9ca4-36bec9b8c175,\N,miguel.dela.cruz.demo,Miguel Dela Cruz,,Most of my work so far is coursework in multimedia. This year (3) I am spending more time on making lightweight animations for the web. Can contribute as a motion designer. Cycling keeps me away from the laptop. Fictional demo profile.,Motion designer in training,builder,"Manila, Philippines",,,,focused_learning,"[""Creative Technology"",""cycling"",""making lightweight animations for the web""]",1155,5,0,2026-09-01,false,true,true,false,false,2026-06-16T06:30:00+00:00,2026-09-19T10:30:00+00:00
f2561442-8439-5138-9a3b-8bcf96f16609,\N,andrea.villanueva.demo,Andrea Villanueva,,"Learning by making small things. Year 4 of information systems, with an interest in fintech. Next up: migrations that keep old records usable. I can usually find a few hours between classes and board games. Fictional demo profile.",Learning SQL through small projects,builder,"Cebu, Philippines",,,,open_to_collaboration,"[""FinTech"",""board games"",""migrations that keep old records usable""]",1075,5,0,2026-09-13,false,true,true,false,false,2026-06-07T00:30:00+00:00,2026-09-19T10:30:00+00:00
37b7aed3-d207-54f7-b4ec-0e05c50eaeb2,\N,ruby.fletcher.demo,Ruby Fletcher,,"Based in Brisbane; computer science, year 2. I enjoy the research and debugging parts of group work. Working on accessible forms at the moment. Looking for a manageable project, not another full-time commitment. Fictional demo profile.",Computer Science student · EdTech,learner,"Brisbane, Australia",,,,focused_learning,"[""EdTech"",""cooking"",""accessible forms""]",795,4,1,2026-09-19,false,true,true,false,false,2026-06-16T04:30:00+00:00,2026-09-19T10:30:00+00:00
1dd6da2f-292d-52b5-8e0e-a84885e81ba1,\N,oliver.tran.demo,Oliver Tran,,I am in year 3 of business administration. Interested in business and community gardens. Would like to practise measuring whether people return after a first visit with a team that is comfortable asking basic questions. Fictional demo profile.,Business Administration · Year 3,builder,"Melbourne, Australia",,,,,"[""Business"",""community gardens"",""measuring whether people return after a first visit""]",405,3,0,2026-09-10,false,true,true,false,false,2026-06-01T23:30:00+00:00,2026-09-19T10:30:00+00:00
f1fb49f6-8f16-5086-a3b3-1c5e169f9ad4,\N,aisha.rahman.demo,Aisha Rahman,,"Year 4, cybersecurity. I want to get better at threat modelling a small web app. Happy to help with a small cybersecurity project; still balancing it with classes. Outside coursework: cooking. Fictional demo profile.",Security reviewer in training,builder,"Adelaide, Australia",,,,open_to_collaboration,"[""Cybersecurity"",""cooking"",""threat modelling a small web app""]",345,3,0,2026-09-14,false,true,true,false,false,2026-06-02T23:30:00+00:00,2026-09-19T10:30:00+00:00
adfbbf3c-5175-5e0a-bf98-b8854f2081c2,\N,lachlan.bennett.demo,Lachlan Bennett,,"Studying public health in Brisbane (year 4). Currently practising designing clearer information charts. I like projects with a clear, small first version. Usually around for community gardens on weekends. Fictional demo profile.",Learning Excel through small projects,learner,"Brisbane, Australia",,,,open_to_collaboration,"[""HealthTech"",""community gardens"",""designing clearer information charts""]",175,2,0,2026-09-15,false,true,true,false,false,2026-05-28T00:30:00+00:00,2026-09-19T10:30:00+00:00
20b63262-d3e6-555a-95b2-84fc87694a19,\N,grace.nguyen.demo,Grace Nguyen,,"Information Technology, year 3. Looking for people to work through API tests with. My next project should involve community. Also into cooking. Fictional demo profile.",Information Technology student · Community,builder,"Melbourne, Australia",,,,,"[""Community"",""cooking"",""API tests""]",1890,7,3,2026-09-19,false,true,true,false,false,2026-06-06T06:30:00+00:00,2026-09-19T10:30:00+00:00
605985c4-d18d-54b0-829f-2a199ea5c81d,\N,maia.wilson.demo,Maia Wilson,,Most of my work so far is coursework in computer engineering. This year (2) I am spending more time on collecting reliable sensor readings. Can contribute as a hardware builder. Street photography keeps me away from the laptop. Fictional demo profile.,Computer Engineering · Year 2,builder,"Auckland, New Zealand",,,,focused_learning,"[""Climate"",""street photography"",""collecting reliable sensor readings""]",1010,5,0,2026-08-26,false,true,true,false,false,2026-06-08T04:30:00+00:00,2026-09-19T10:30:00+00:00
9355c2cf-38db-5118-9b77-3d5b5b3870df,\N,finn.taylor.demo,Finn Taylor,,"Learning by making small things. Year 4 of applied mathematics, with an interest in machine learning. Next up: explaining where a classifier gets things wrong. I can usually find a few hours between classes and music. Fictional demo profile.",ML contributor in training,learner,"Wellington, New Zealand",,,,open_to_collaboration,"[""Machine Learning"",""music"",""explaining where a classifier gets things wrong""]",1190,5,34,2026-09-19,false,true,true,false,false,2026-06-10T03:30:00+00:00,2026-09-19T10:30:00+00:00
fd96bbd1-5601-5c99-a1e2-04b09168b35e,\N,anika.patel.demo,Anika Patel,,"Based in Christchurch; computer science, year 2. I enjoy the research and debugging parts of group work. Working on accessible forms at the moment. Looking for a manageable project, not another full-time commitment. Fictional demo profile.",Learning React through small projects,builder,"Christchurch, New Zealand",,,,focused_learning,"[""EdTech"",""street photography"",""accessible forms""]",1025,5,0,2026-08-29,false,true,true,false,false,2026-06-04T21:30:00+00:00,2026-09-19T10:30:00+00:00
cb162f3d-006f-544e-bfa6-f9abb8a52026,\N,james.rangi.demo,James Rangi,,I am in year 1 of business administration. Interested in business and music. Would like to practise measuring whether people return after a first visit with a team that is comfortable asking basic questions. Fictional demo profile.,Business Administration student · Business,builder,"Auckland, New Zealand",,,,open_to_collaboration,"[""Business"",""music"",""measuring whether people return after a first visit""]",1825,7,1,2026-09-18,false,true,true,false,false,2026-06-07T04:30:00+00:00,2026-09-19T10:30:00+00:00
43a3bb15-e7a6-5c42-a198-3e0d7f080ba1,\N,sophie.chen.demo,Sophie Chen,,"Year 3, cybersecurity. I want to get better at threat modelling a small web app. Happy to help with a small cybersecurity project; still balancing it with classes. Outside coursework: street photography. Fictional demo profile.",Cybersecurity · Year 3,learner,"Wellington, New Zealand",,,,open_to_collaboration,"[""Cybersecurity"",""street photography"",""threat modelling a small web app""]",610,4,1,2026-09-18,false,true,true,false,false,2026-05-29T23:30:00+00:00,2026-09-19T10:30:00+00:00
7bdf8ad6-1318-5f74-9112-e2b655e215a2,\N,freya.collins.demo,Freya Collins,,"Studying digital media in Leeds (year 4). Currently practising writing navigation labels people understand. I like projects with a clear, small first version. Usually around for badminton on weekends. Fictional demo profile.",Content designer in training,builder,"Leeds, United Kingdom",,,,focused_learning,"[""Community"",""badminton"",""writing navigation labels people understand""]",1575,6,3,2026-09-19,false,true,true,false,false,2026-05-30T00:30:00+00:00,2026-09-19T10:30:00+00:00
368442e7-2dfe-5df4-9ab7-a468b984050a,\N,yusuf.mahmood.demo,Yusuf Mahmood,,"Data Science, year 3. Looking for people to work through checking a model against a simple baseline with. My next project should involve research. Also into language exchange. Fictional demo profile.",Learning Python through small projects,builder,"Bristol, United Kingdom",,,,open_to_collaboration,"[""Research"",""language exchange"",""checking a model against a simple baseline""]",540,4,1,2026-09-19,false,true,true,false,false,2026-06-07T06:30:00+00:00,2026-09-19T10:30:00+00:00
4c310820-12d3-5128-9a45-973db446b59e,\N,callum.fraser.demo,Callum Fraser,,Most of my work so far is coursework in computer engineering. This year (3) I am spending more time on collecting reliable sensor readings. Can contribute as a hardware builder. Badminton keeps me away from the laptop. Fictional demo profile.,Computer Engineering student · Climate,learner,"Glasgow, United Kingdom",,,,focused_learning,"[""Climate"",""badminton"",""collecting reliable sensor readings""]",1675,6,1,2026-09-18,false,true,true,false,false,2026-06-03T02:30:00+00:00,2026-09-19T10:30:00+00:00
651ce25b-8132-52d9-8f74-889f22c3bb5c,\N,evie.bennett.demo,Evie Bennett,,"Learning by making small things. Year 2 of applied mathematics, with an interest in machine learning. Next up: explaining where a classifier gets things wrong. I can usually find a few hours between classes and language exchange. Fictional demo profile.",Applied Mathematics · Year 2,builder,"Leeds, United Kingdom",,,,open_to_collaboration,"[""Machine Learning"",""language exchange"",""explaining where a classifier gets things wrong""]",655,4,1,2026-09-19,false,true,true,false,false,2026-05-23T04:30:00+00:00,2026-09-19T10:30:00+00:00
53f78f7e-e2df-586b-b483-5748c92d0f9f,\N,priyanka.shah.demo,Priyanka Shah,,"Based in Bristol; computer science, year 1. I enjoy the research and debugging parts of group work. Working on accessible forms at the moment. Looking for a manageable project, not another full-time commitment. Fictional demo profile.",Frontend developer in training,builder,"Bristol, United Kingdom",,,,open_to_collaboration,"[""EdTech"",""badminton"",""accessible forms""]",1485,6,0,2026-09-17,false,true,true,false,false,2026-06-05T04:30:00+00:00,2026-09-19T10:30:00+00:00
a60d0128-bffa-5d2d-9915-36693e6bc3ba,\N,niamh.byrne.demo,Niamh Byrne,,I am in year 1 of software engineering. Interested in productivity and student radio. Would like to practise reliable offline sync with a team that is comfortable asking basic questions. Fictional demo profile.,Learning TypeScript through small projects,learner,"Dublin, Ireland",,,,open_to_collaboration,"[""Productivity"",""student radio"",""reliable offline sync""]",1660,6,0,2026-09-11,false,true,true,false,false,2026-05-25T04:30:00+00:00,2026-09-19T10:30:00+00:00
458287c3-1628-5e26-8930-0d88ae11ce1a,\N,cian.walsh.demo,Cian Walsh,,"Year 3, mobile computing. I want to get better at screen-reader support on Android. Happy to help with a small mobile project; still balancing it with classes. Outside coursework: weekend walks. Fictional demo profile.",Mobile Computing student · Mobile,builder,"Cork, Ireland",,,,open_to_collaboration,"[""Mobile"",""weekend walks"",""screen-reader support on Android""]",175,2,0,2026-09-08,false,true,true,false,false,2026-06-06T21:30:00+00:00,2026-09-19T10:30:00+00:00
e3efd234-c7f9-5957-937f-661b1c3981ef,\N,saoirse.kelly.demo,Saoirse Kelly,,"Studying digital media in Galway (year 4). Currently practising writing navigation labels people understand. I like projects with a clear, small first version. Usually around for student radio on weekends. Fictional demo profile.",Digital Media · Year 4,mentor,"Galway, Ireland",,,,mentoring,"[""Community"",""student radio"",""writing navigation labels people understand""]",555,4,0,2026-09-17,false,true,true,false,false,2026-05-29T02:30:00+00:00,2026-09-19T10:30:00+00:00
f0ca4141-ccff-5472-ba76-f4b194108c7b,\N,darragh.o.sullivan.demo,Darragh O'Sullivan,,"Data Science, year 1. Looking for people to work through checking a model against a simple baseline with. My next project should involve research. Also into weekend walks. Fictional demo profile.",Data analyst in training,learner,"Dublin, Ireland",,,,,"[""Research"",""weekend walks"",""checking a model against a simple baseline""]",535,4,0,2026-09-15,false,true,true,false,false,2026-06-09T18:30:00+00:00,2026-09-19T10:30:00+00:00
54561bf4-fe37-5b37-934d-9c7f81542f8b,\N,roisin.doyle.demo,Róisín Doyle,,Most of my work so far is coursework in computer engineering. This year (2) I am spending more time on collecting reliable sensor readings. Can contribute as a hardware builder. Student radio keeps me away from the laptop. Fictional demo profile.,Learning Python through small projects,builder,"Cork, Ireland",,,,,"[""Climate"",""student radio"",""collecting reliable sensor readings""]",1765,6,1,2026-09-19,false,true,true,false,false,2026-06-06T04:30:00+00:00,2026-09-19T10:30:00+00:00
f8f213c7-3d61-567e-9735-5e3e9498b892,\N,maja.schneider.demo,Maja Schneider,,"Learning by making small things. Year 3 of environmental science, with an interest in climate. Next up: turning field notes into a usable map. I can usually find a few hours between classes and sketching. Fictional demo profile.",Environmental Science student · Climate,builder,"Leipzig, Germany",,,,open_to_collaboration,"[""Climate"",""sketching"",""turning field notes into a usable map""]",630,4,1,2026-09-19,false,true,true,false,false,2026-06-13T04:30:00+00:00,2026-09-19T10:30:00+00:00
9cba29b2-e169-54f3-9d61-1d5013f80312,\N,jonas.weber.demo,Jonas Weber,,"Based in Hamburg; interaction design, year 1. I enjoy the research and debugging parts of group work. Working on testing prototypes with keyboard users at the moment. Looking for a manageable project, not another full-time commitment. Fictional demo profile.",Interaction Design · Year 1,learner,"Hamburg, Germany",,,,open_to_collaboration,"[""Social Impact"",""short films"",""testing prototypes with keyboard users""]",780,4,0,2026-09-17,false,true,true,false,false,2026-06-03T06:30:00+00:00,2026-09-19T10:30:00+00:00
8300625d-d3f5-5264-8503-98a2bfbf60d8,\N,emre.ylmaz.demo,Emre Yılmaz,,I am in year 2 of software engineering. Interested in productivity and sketching. Would like to practise reliable offline sync with a team that is comfortable asking basic questions. Fictional demo profile.,Full-stack developer in training,builder,"Munich, Germany",,,,open_to_collaboration,"[""Productivity"",""sketching"",""reliable offline sync""]",1355,6,1,2026-09-19,false,true,true,false,false,2026-06-06T04:30:00+00:00,2026-09-19T10:30:00+00:00
e747fee0-a84b-5f51-98a3-7481903c9023,\N,hannah.richter.demo,Hannah Richter,,"Year 3, mobile computing. I want to get better at screen-reader support on Android. Happy to help with a small mobile project; still balancing it with classes. Outside coursework: short films. Fictional demo profile.",Learning Flutter through small projects,builder,"Leipzig, Germany",,,,open_to_collaboration,"[""Mobile"",""short films"",""screen-reader support on Android""]",1495,6,0,2026-09-16,false,true,true,false,false,2026-05-27T03:30:00+00:00,2026-09-19T10:30:00+00:00
ac9c9500-b7e4-5bbe-8f4e-a40a6201979a,\N,leon.hoffmann.demo,Leon Hoffmann,,"Studying digital media in Hamburg (year 1). Currently practising writing navigation labels people understand. I like projects with a clear, small first version. Usually around for sketching on weekends. Fictional demo profile.",Digital Media student · Community,learner,"Hamburg, Germany",,,,focused_learning,"[""Community"",""sketching"",""writing navigation labels people understand""]",165,2,0,2026-09-13,false,true,true,false,false,2026-05-27T06:30:00+00:00,2026-09-19T10:30:00+00:00
8ecc0792-3789-53b2-a26e-fc6daa886eb7,\N,ines.laurent.demo,Inès Laurent,,"Multimedia, year 1. Looking for people to work through making lightweight animations for the web with. My next project should involve creative technology. Also into cycling. Fictional demo profile.",Multimedia · Year 1,builder,"Lyon, France",,,,open_to_collaboration,"[""Creative Technology"",""cycling"",""making lightweight animations for the web""]",1510,6,0,2026-09-06,false,true,true,false,false,2026-06-03T05:30:00+00:00,2026-09-19T10:30:00+00:00
5ce94e6e-a987-5fd1-90b2-94a1174f9376,\N,hugo.moreau.demo,Hugo Moreau,,Most of my work so far is coursework in information systems. This year (1) I am spending more time on migrations that keep old records usable. Can contribute as a database developer. Board games keeps me away from the laptop. Fictional demo profile.,Database developer in training,builder,"Toulouse, France",,,,focused_learning,"[""FinTech"",""board games"",""migrations that keep old records usable""]",590,4,2,2026-09-18,false,true,true,false,false,2026-06-16T21:30:00+00:00,2026-09-19T10:30:00+00:00
ec6d706d-7dba-534b-8700-e6752dbd06e1,\N,camille.bernard.demo,Camille Bernard,,"Learning by making small things. Year 4 of environmental science, with an interest in climate. Next up: turning field notes into a usable map. I can usually find a few hours between classes and cycling. Fictional demo profile.",Learning QGIS through small projects,learner,"Nantes, France",,,,open_to_collaboration,"[""Climate"",""cycling"",""turning field notes into a usable map""]",280,3,0,2026-09-16,false,true,true,false,false,2026-06-10T05:30:00+00:00,2026-09-19T10:30:00+00:00
eeeb9e89-042f-5fdc-8fcf-2c3ad56f9bf1,\N,yanis.benali.demo,Yanis Benali,,"Based in Lyon; interaction design, year 4. I enjoy the research and debugging parts of group work. Working on testing prototypes with keyboard users at the moment. Looking for a manageable project, not another full-time commitment. Fictional demo profile.",Interaction Design student · Social Impact,builder,"Lyon, France",,,,focused_learning,"[""Social Impact"",""board games"",""testing prototypes with keyboard users""]",1690,6,1,2026-09-18,false,true,true,false,false,2026-06-06T21:30:00+00:00,2026-09-19T10:30:00+00:00
d767d4bb-a2aa-587a-90f9-23d0689ae52a,\N,lea.fournier.demo,Léa Fournier,,I am in year 1 of software engineering. Interested in productivity and cycling. Would like to practise reliable offline sync with a team that is comfortable asking basic questions. Fictional demo profile.,Software Engineering · Year 1,builder,"Toulouse, France",,,,focused_learning,"[""Productivity"",""cycling"",""reliable offline sync""]",700,4,4,2026-09-18,false,true,true,false,false,2026-06-08T03:30:00+00:00,2026-09-19T10:30:00+00:00
0b532307-3033-5baf-b61c-915d1213c01f,\N,noor.de.vries.demo,Noor de Vries,,"Year 1, public health. I want to get better at designing clearer information charts. Happy to help with a small healthtech project; still balancing it with classes. Outside coursework: community gardens. Fictional demo profile.",Research partner in training,learner,"Utrecht, Netherlands",,,,focused_learning,"[""HealthTech"",""community gardens"",""designing clearer information charts""]",1155,5,0,2026-09-14,false,true,true,false,false,2026-06-09T01:30:00+00:00,2026-09-19T10:30:00+00:00
77c684c4-9514-5edc-85ff-1052c8544c14,\N,daan.bakker.demo,Daan Bakker,,"Studying information technology in Delft (year 1). Currently practising API tests. I like projects with a clear, small first version. Usually around for cooking on weekends. Fictional demo profile.",Learning Python through small projects,builder,"Delft, Netherlands",,,,focused_learning,"[""Community"",""cooking"",""API tests""]",2205,7,0,2026-09-16,false,true,true,false,false,2026-05-26T23:30:00+00:00,2026-09-19T10:30:00+00:00
a070c6d0-c23b-5036-b352-f16db0d6ec8e,\N,lotte.visser.demo,Lotte Visser,,"Multimedia, year 2. Looking for people to work through making lightweight animations for the web with. My next project should involve creative technology. Also into community gardens. Fictional demo profile.",Multimedia student · Creative Technology,builder,"Groningen, Netherlands",,,,open_to_collaboration,"[""Creative Technology"",""community gardens"",""making lightweight animations for the web""]",530,4,1,2026-09-19,false,true,true,false,false,2026-06-14T02:30:00+00:00,2026-09-19T10:30:00+00:00
405fd522-6b0d-52fc-b397-dc3ce2e4a2ea,\N,amir.el.idrissi.demo,Amir El Idrissi,,Most of my work so far is coursework in information systems. This year (2) I am spending more time on migrations that keep old records usable. Can contribute as a database developer. Cooking keeps me away from the laptop. Fictional demo profile.,Information Systems · Year 2,learner,"Utrecht, Netherlands",,,,focused_learning,"[""FinTech"",""cooking"",""migrations that keep old records usable""]",1060,5,33,2026-09-18,false,true,true,false,false,2026-06-08T19:30:00+00:00,2026-09-19T10:30:00+00:00
d2a70bca-a25c-522f-9b7e-c967b69503cc,\N,sanne.van.dijk.demo,Sanne van Dijk,,"Learning by making small things. Year 3 of environmental science, with an interest in climate. Next up: turning field notes into a usable map. I can usually find a few hours between classes and community gardens. Fictional demo profile.",GIS contributor in training,builder,"Delft, Netherlands",,,,open_to_collaboration,"[""Climate"",""community gardens"",""turning field notes into a usable map""]",1105,5,0,2026-09-09,false,true,true,false,false,2026-05-29T02:30:00+00:00,2026-09-19T10:30:00+00:00
bf54d417-d834-5d3e-a7f9-106377fe05a5,\N,alva.lindberg.demo,Alva Lindberg,,"Based in Lund; business administration, year 2. I enjoy the research and debugging parts of group work. Working on measuring whether people return after a first visit at the moment. Looking for a manageable project, not another full-time commitment. Fictional demo profile.",Learning Excel through small projects,builder,"Lund, Sweden",,,,open_to_collaboration,"[""Business"",""music"",""measuring whether people return after a first visit""]",1775,6,0,2026-09-15,false,true,true,false,false,2026-05-30T06:30:00+00:00,2026-09-19T10:30:00+00:00
af808cd8-ab34-515f-a8a0-a1b0719a537b,\N,elias.andersson.demo,Elias Andersson,,I am in year 1 of cybersecurity. Interested in cybersecurity and street photography. Would like to practise threat modelling a small web app with a team that is comfortable asking basic questions. Fictional demo profile.,Cybersecurity student · Cybersecurity,learner,"Gothenburg, Sweden",,,,open_to_collaboration,"[""Cybersecurity"",""street photography"",""threat modelling a small web app""]",300,3,0,2026-09-17,false,true,true,false,false,2026-06-17T03:30:00+00:00,2026-09-19T10:30:00+00:00
0da68170-ff38-5dad-9224-770d261f1c8a,\N,maja.nystrom.demo,Maja Nyström,,"Year 1, public health. I want to get better at designing clearer information charts. Happy to help with a small healthtech project; still balancing it with classes. Outside coursework: music. Fictional demo profile.",Public Health · Year 1,builder,"Uppsala, Sweden",,,,open_to_collaboration,"[""HealthTech"",""music"",""designing clearer information charts""]",490,4,1,2026-09-19,false,true,true,false,false,2026-05-24T03:30:00+00:00,2026-09-19T10:30:00+00:00
f985b68e-39ae-5c83-8468-2b126802c414,\N,omar.hassan.demo,Omar Hassan,,"Studying information technology in Lund (year 3). Currently practising API tests. I like projects with a clear, small first version. Usually around for street photography on weekends. Fictional demo profile.",Backend developer in training,builder,"Lund, Sweden",,,,focused_learning,"[""Community"",""street photography"",""API tests""]",650,4,1,2026-09-18,false,true,true,false,false,2026-06-03T00:30:00+00:00,2026-09-19T10:30:00+00:00
f21481e8-5bf3-5aa6-a7e0-fe6e26920e28,\N,vera.sjoberg.demo,Vera Sjöberg,,"Multimedia, year 2. Looking for people to work through making lightweight animations for the web with. My next project should involve creative technology. Also into music. Fictional demo profile.",Learning Blender through small projects,learner,"Gothenburg, Sweden",,,,focused_learning,"[""Creative Technology"",""music"",""making lightweight animations for the web""]",245,3,0,2026-09-11,false,true,true,false,false,2026-05-27T20:30:00+00:00,2026-09-19T10:30:00+00:00
34046d1a-c67e-5a81-b9d5-47dd4840c4fe,\N,ingrid.haugen.demo,Ingrid Haugen,,Most of my work so far is coursework in applied mathematics. This year (2) I am spending more time on explaining where a classifier gets things wrong. Can contribute as a ml contributor. Language exchange keeps me away from the laptop. Fictional demo profile.,Applied Mathematics student · Machine Learning,builder,"Trondheim, Norway",,,,open_to_collaboration,"[""Machine Learning"",""language exchange"",""explaining where a classifier gets things wrong""]",210,3,0,2026-09-10,false,true,true,false,false,2026-06-12T05:30:00+00:00,2026-09-19T10:30:00+00:00
90cced0e-f2c7-528c-bd28-38c44ead6c98,\N,sander.berg.demo,Sander Berg,,"Learning by making small things. Year 4 of computer science, with an interest in edtech. Next up: accessible forms. I can usually find a few hours between classes and badminton. Fictional demo profile.",Computer Science · Year 4,mentor,"Bergen, Norway",,,,mentoring,"[""EdTech"",""badminton"",""accessible forms""]",1425,6,0,2026-09-16,false,true,true,false,false,2026-06-05T04:30:00+00:00,2026-09-19T10:30:00+00:00
eb3717c1-cd92-5eeb-af40-9df7f3132426,\N,thea.nilsen.demo,Thea Nilsen,,"Based in Oslo; business administration, year 1. I enjoy the research and debugging parts of group work. Working on measuring whether people return after a first visit at the moment. Looking for a manageable project, not another full-time commitment. Fictional demo profile.",Research partner in training,learner,"Oslo, Norway",,,,focused_learning,"[""Business"",""language exchange"",""measuring whether people return after a first visit""]",1060,5,0,2026-09-11,false,true,true,false,false,2026-06-09T06:30:00+00:00,2026-09-19T10:30:00+00:00
9b2e34a9-6722-598e-a857-e346acd294bf,\N,henrik.solheim.demo,Henrik Solheim,,I am in year 2 of cybersecurity. Interested in cybersecurity and badminton. Would like to practise threat modelling a small web app with a team that is comfortable asking basic questions. Fictional demo profile.,Learning Linux through small projects,builder,"Trondheim, Norway",,,,open_to_collaboration,"[""Cybersecurity"",""badminton"",""threat modelling a small web app""]",185,2,0,2026-09-12,false,true,true,false,false,2026-06-10T06:30:00+00:00,2026-09-19T10:30:00+00:00
96dbbdad-601e-5bc2-9d1a-78f9f6349a39,\N,nora.ahmed.demo,Nora Ahmed,,"Year 3, public health. I want to get better at designing clearer information charts. Happy to help with a small healthtech project; still balancing it with classes. Outside coursework: language exchange. Fictional demo profile.",Public Health student · HealthTech,builder,"Bergen, Norway",,,,open_to_collaboration,"[""HealthTech"",""language exchange"",""designing clearer information charts""]",1230,5,4,2026-09-18,false,true,true,false,false,2026-05-29T22:30:00+00:00,2026-09-19T10:30:00+00:00
e1f9b739-b2d3-51e6-9609-05805a6d151c,\N,aino.korhonen.demo,Aino Korhonen,,"Studying data science in Tampere (year 2). Currently practising checking a model against a simple baseline. I like projects with a clear, small first version. Usually around for weekend walks on weekends. Fictional demo profile.",Data Science · Year 2,learner,"Tampere, Finland",,,,open_to_collaboration,"[""Research"",""weekend walks"",""checking a model against a simple baseline""]",185,2,0,2026-09-12,false,true,true,false,false,2026-06-03T22:30:00+00:00,2026-09-19T10:30:00+00:00
341a0cef-f4a9-53ee-8980-229dc154ff4e,\N,eetu.laine.demo,Eetu Laine,,"Computer Engineering, year 4. Looking for people to work through collecting reliable sensor readings with. My next project should involve climate. Also into student radio. Fictional demo profile.",Hardware builder in training,builder,"Turku, Finland",,,,open_to_collaboration,"[""Climate"",""student radio"",""collecting reliable sensor readings""]",500,4,0,2026-09-14,false,true,true,false,false,2026-05-28T04:30:00+00:00,2026-09-19T10:30:00+00:00
1b1e4344-fde4-5cc2-b82c-4fb458696522,\N,sofia.virtanen.demo,Sofia Virtanen,,Most of my work so far is coursework in applied mathematics. This year (3) I am spending more time on explaining where a classifier gets things wrong. Can contribute as a ml contributor. Weekend walks keeps me away from the laptop. Fictional demo profile.,Learning Python through small projects,builder,"Espoo, Finland",,,,open_to_collaboration,"[""Machine Learning"",""weekend walks"",""explaining where a classifier gets things wrong""]",1375,6,0,2026-09-17,false,true,true,false,false,2026-06-06T22:30:00+00:00,2026-09-19T10:30:00+00:00
484e243b-afd7-5767-bb0f-4262c0334aea,\N,onni.nieminen.demo,Onni Nieminen,,"Learning by making small things. Year 2 of computer science, with an interest in edtech. Next up: accessible forms. I can usually find a few hours between classes and student radio. Fictional demo profile.",Computer Science student · EdTech,learner,"Tampere, Finland",,,,open_to_collaboration,"[""EdTech"",""student radio"",""accessible forms""]",1680,6,0,2026-09-10,false,true,true,false,false,2026-05-24T21:30:00+00:00,2026-09-19T10:30:00+00:00
d5dc7189-89df-5fd7-983f-1124b6de3d68,\N,sara.koskinen.demo,Sara Koskinen,,"Based in Turku; business administration, year 2. I enjoy the research and debugging parts of group work. Working on measuring whether people return after a first visit at the moment. Looking for a manageable project, not another full-time commitment. Fictional demo profile.",Business Administration · Year 2,builder,"Turku, Finland",,,,open_to_collaboration,"[""Business"",""weekend walks"",""measuring whether people return after a first visit""]",1860,7,0,2026-09-17,false,true,true,false,false,2026-06-07T06:30:00+00:00,2026-09-19T10:30:00+00:00
ffe47fd1-7989-5728-addd-50b504edd889,\N,freja.nielsen.demo,Freja Nielsen,,I am in year 3 of mobile computing. Interested in mobile and short films. Would like to practise screen-reader support on Android with a team that is comfortable asking basic questions. Fictional demo profile.,Mobile developer in training,builder,"Aarhus, Denmark",,,,focused_learning,"[""Mobile"",""short films"",""screen-reader support on Android""]",1520,6,5,2026-09-19,false,true,true,false,false,2026-05-27T05:30:00+00:00,2026-09-19T10:30:00+00:00
ef763ec1-f93c-5744-9640-4ca59adf9347,\N,mikkel.jensen.demo,Mikkel Jensen,,"Year 4, digital media. I want to get better at writing navigation labels people understand. Happy to help with a small community project; still balancing it with classes. Outside coursework: sketching. Fictional demo profile.",Learning Figma through small projects,learner,"Odense, Denmark",,,,open_to_collaboration,"[""Community"",""sketching"",""writing navigation labels people understand""]",1475,6,0,2026-09-10,false,true,true,false,false,2026-06-03T23:30:00+00:00,2026-09-19T10:30:00+00:00
20b4182c-90f7-51da-99e8-97ade4d19a92,\N,alma.srensen.demo,Alma Sørensen,,"Studying data science in Copenhagen (year 4). Currently practising checking a model against a simple baseline. I like projects with a clear, small first version. Usually around for short films on weekends. Fictional demo profile.",Data Science student · Research,builder,"Copenhagen, Denmark",,,,focused_learning,"[""Research"",""short films"",""checking a model against a simple baseline""]",400,3,0,2026-09-13,false,true,true,false,false,2026-06-11T20:30:00+00:00,2026-09-19T10:30:00+00:00
2e2e8079-6c9e-51c9-bc7e-1475045fd514,\N,emil.larsen.demo,Emil Larsen,,"Computer Engineering, year 1. Looking for people to work through collecting reliable sensor readings with. My next project should involve climate. Also into sketching. Fictional demo profile.",Computer Engineering · Year 1,builder,"Aarhus, Denmark",,,,open_to_collaboration,"[""Climate"",""sketching"",""collecting reliable sensor readings""]",1995,7,8,2026-09-19,false,true,true,false,false,2026-06-04T03:30:00+00:00,2026-09-19T10:30:00+00:00
673e8617-3280-5bfa-85a6-738a6d64aac6,\N,ida.madsen.demo,Ida Madsen,,Most of my work so far is coursework in applied mathematics. This year (4) I am spending more time on explaining where a classifier gets things wrong. Can contribute as a ml contributor. Short films keeps me away from the laptop. Fictional demo profile.,ML contributor in training,learner,"Odense, Denmark",,,,,"[""Machine Learning"",""short films"",""explaining where a classifier gets things wrong""]",280,3,0,2026-09-16,false,true,true,false,false,2026-06-16T18:30:00+00:00,2026-09-19T10:30:00+00:00
a53c485b-a35c-51fb-84a5-364207ce0adb,\N,lucia.navarro.demo,Lucía Navarro,,"Learning by making small things. Year 4 of interaction design, with an interest in social impact. Next up: testing prototypes with keyboard users. I can usually find a few hours between classes and board games. Fictional demo profile.",Learning Figma through small projects,builder,"Valencia, Spain",,,,open_to_collaboration,"[""Social Impact"",""board games"",""testing prototypes with keyboard users""]",1320,6,0,2026-09-11,false,true,true,false,false,2026-06-08T00:30:00+00:00,2026-09-19T10:30:00+00:00
da462241-608b-5422-bdbd-0d98184a433d,\N,pablo.romero.demo,Pablo Romero,,"Based in Granada; software engineering, year 1. I enjoy the research and debugging parts of group work. Working on reliable offline sync at the moment. Looking for a manageable project, not another full-time commitment. Fictional demo profile.",Software Engineering student · Productivity,builder,"Granada, Spain",,,,,"[""Productivity"",""cycling"",""reliable offline sync""]",1455,6,6,2026-09-19,false,true,true,false,false,2026-06-05T04:30:00+00:00,2026-09-19T10:30:00+00:00
10feece1-a2cd-532b-8488-21659a3bee22,\N,aitana.garcia.demo,Aitana García,,I am in year 1 of mobile computing. Interested in mobile and board games. Would like to practise screen-reader support on Android with a team that is comfortable asking basic questions. Fictional demo profile.,Mobile Computing · Year 1,learner,"Bilbao, Spain",,,,open_to_collaboration,"[""Mobile"",""board games"",""screen-reader support on Android""]",165,2,1,2026-09-19,false,true,true,false,false,2026-06-11T02:30:00+00:00,2026-09-19T10:30:00+00:00
1062abbb-4fcd-51a9-95fc-5474e4af7640,\N,hugo.serrano.demo,Hugo Serrano,,"Year 1, digital media. I want to get better at writing navigation labels people understand. Happy to help with a small community project; still balancing it with classes. Outside coursework: cycling. Fictional demo profile.",Content designer in training,builder,"Valencia, Spain",,,,open_to_collaboration,"[""Community"",""cycling"",""writing navigation labels people understand""]",575,4,0,2026-09-14,false,true,true,false,false,2026-05-23T20:30:00+00:00,2026-09-19T10:30:00+00:00
44f09dba-7a20-5f46-840b-4670e6c7eb92,\N,nerea.etxeberria.demo,Nerea Etxeberria,,"Studying data science in Granada (year 1). Currently practising checking a model against a simple baseline. I like projects with a clear, small first version. Usually around for board games on weekends. Fictional demo profile.",Learning Python through small projects,builder,"Granada, Spain",,,,open_to_collaboration,"[""Research"",""board games"",""checking a model against a simple baseline""]",600,4,1,2026-09-18,false,true,true,false,false,2026-05-27T03:30:00+00:00,2026-09-19T10:30:00+00:00
a0a53b38-722a-56e6-a52c-fe0e06169a59,\N,giulia.conti.demo,Giulia Conti,,"Information Systems, year 4. Looking for people to work through migrations that keep old records usable with. My next project should involve fintech. Also into cooking. Fictional demo profile.",Information Systems student · FinTech,learner,"Bologna, Italy",,,,focused_learning,"[""FinTech"",""cooking"",""migrations that keep old records usable""]",1255,6,33,2026-09-18,false,true,true,false,false,2026-06-15T18:30:00+00:00,2026-09-19T10:30:00+00:00
9a026691-28ff-5880-9da3-006735af19d3,\N,matteo.ferri.demo,Matteo Ferri,,Most of my work so far is coursework in environmental science. This year (2) I am spending more time on turning field notes into a usable map. Can contribute as a gis contributor. Community gardens keeps me away from the laptop. Fictional demo profile.,Environmental Science · Year 2,builder,"Turin, Italy",,,,open_to_collaboration,"[""Climate"",""community gardens"",""turning field notes into a usable map""]",620,4,0,2026-09-17,false,true,true,false,false,2026-06-10T22:30:00+00:00,2026-09-19T10:30:00+00:00
5421f79d-ed60-5eed-852b-01b379adab9e,\N,chiara.moretti.demo,Chiara Moretti,,"Learning by making small things. Year 2 of interaction design, with an interest in social impact. Next up: testing prototypes with keyboard users. I can usually find a few hours between classes and cooking. Fictional demo profile.",Product designer in training,builder,"Padua, Italy",,,,focused_learning,"[""Social Impact"",""cooking"",""testing prototypes with keyboard users""]",1190,5,0,2026-09-17,false,true,true,false,false,2026-05-25T04:30:00+00:00,2026-09-19T10:30:00+00:00
45abfe15-6e8d-57cf-bda3-b7ae2b5c0bc7,\N,lorenzo.bianchi.demo,Lorenzo Bianchi,,"Based in Bologna; software engineering, year 4. I enjoy the research and debugging parts of group work. Working on reliable offline sync at the moment. Looking for a manageable project, not another full-time commitment. Fictional demo profile.",Learning TypeScript through small projects,learner,"Bologna, Italy",,,,focused_learning,"[""Productivity"",""community gardens"",""reliable offline sync""]",650,4,0,2026-07-20,false,true,true,false,false,2026-06-01T20:30:00+00:00,2026-09-19T10:30:00+00:00
bdc5faf6-386d-5338-99a0-32d156bcbd68,\N,sofia.greco.demo,Sofia Greco,,I am in year 4 of mobile computing. Interested in mobile and cooking. Would like to practise screen-reader support on Android with a team that is comfortable asking basic questions. Fictional demo profile.,Mobile Computing student · Mobile,builder,"Turin, Italy",,,,open_to_collaboration,"[""Mobile"",""cooking"",""screen-reader support on Android""]",1375,6,1,2026-09-18,false,true,true,false,false,2026-06-08T06:30:00+00:00,2026-09-19T10:30:00+00:00
508d03e7-de84-523a-8242-f48abc9451d7,\N,ines.costa.demo,Inês Costa,,"Year 4, information technology. I want to get better at API tests. Happy to help with a small community project; still balancing it with classes. Outside coursework: street photography. Fictional demo profile.",Information Technology · Year 4,mentor,"Porto, Portugal",,,,mentoring,"[""Community"",""street photography"",""API tests""]",1950,7,1,2026-09-18,false,true,true,false,false,2026-06-11T20:30:00+00:00,2026-09-19T10:30:00+00:00
51420309-4688-52d6-84b9-51c0dc3a900e,\N,tiago.almeida.demo,Tiago Almeida,,"Studying multimedia in Coimbra (year 1). Currently practising making lightweight animations for the web. I like projects with a clear, small first version. Usually around for music on weekends. Fictional demo profile.",Motion designer in training,learner,"Coimbra, Portugal",,,,open_to_collaboration,"[""Creative Technology"",""music"",""making lightweight animations for the web""]",1360,6,1,2026-09-18,false,true,true,false,false,2026-05-30T19:30:00+00:00,2026-09-19T10:30:00+00:00
7624f38b-fbca-546f-af04-c9dda9318f82,\N,beatriz.sousa.demo,Beatriz Sousa,,"Information Systems, year 2. Looking for people to work through migrations that keep old records usable with. My next project should involve fintech. Also into street photography. Fictional demo profile.",Learning SQL through small projects,builder,"Lisbon, Portugal",,,,open_to_collaboration,"[""FinTech"",""street photography"",""migrations that keep old records usable""]",1500,6,0,2026-09-13,false,true,true,false,false,2026-06-07T23:30:00+00:00,2026-09-19T10:30:00+00:00
33d87513-60c2-51ff-9ec5-f0f1389ed27e,\N,diogo.ferreira.demo,Diogo Ferreira,,Most of my work so far is coursework in environmental science. This year (2) I am spending more time on turning field notes into a usable map. Can contribute as a gis contributor. Music keeps me away from the laptop. Fictional demo profile.,Environmental Science student · Climate,builder,"Porto, Portugal",,,,open_to_collaboration,"[""Climate"",""music"",""turning field notes into a usable map""]",520,4,0,2026-09-11,false,true,true,false,false,2026-06-13T21:30:00+00:00,2026-09-19T10:30:00+00:00
3b932376-f549-5a1c-a24b-664b4bc338e3,\N,mariana.silva.demo,Mariana Silva,,"Learning by making small things. Year 2 of interaction design, with an interest in social impact. Next up: testing prototypes with keyboard users. I can usually find a few hours between classes and street photography. Fictional demo profile.",Interaction Design · Year 2,learner,"Coimbra, Portugal",,,,focused_learning,"[""Social Impact"",""street photography"",""testing prototypes with keyboard users""]",1040,5,0,2026-09-16,false,true,true,false,false,2026-06-01T20:30:00+00:00,2026-09-19T10:30:00+00:00
e137404e-9196-525c-b17a-44dc96d29f29,\N,zofia.kowalska.demo,Zofia Kowalska,,"Based in Kraków; cybersecurity, year 2. I enjoy the research and debugging parts of group work. Working on threat modelling a small web app at the moment. Looking for a manageable project, not another full-time commitment. Fictional demo profile.",Security reviewer in training,builder,"Kraków, Poland",,,,open_to_collaboration,"[""Cybersecurity"",""badminton"",""threat modelling a small web app""]",1550,6,1,2026-09-18,false,true,true,false,false,2026-05-23T23:30:00+00:00,2026-09-19T10:30:00+00:00
3bc3e38a-5ff7-5330-ab2d-8add18e85d57,\N,jakub.nowak.demo,Jakub Nowak,,I am in year 3 of public health. Interested in healthtech and language exchange. Would like to practise designing clearer information charts with a team that is comfortable asking basic questions. Fictional demo profile.,Learning Excel through small projects,builder,"Gdańsk, Poland",,,,open_to_collaboration,"[""HealthTech"",""language exchange"",""designing clearer information charts""]",465,4,0,2026-09-13,false,true,true,false,false,2026-05-24T06:30:00+00:00,2026-09-19T10:30:00+00:00
b39a9d3d-f3eb-5d31-9cc7-15e278969b70,\N,maja.wisniewska.demo,Maja Wiśniewska,,"Year 3, information technology. I want to get better at API tests. Happy to help with a small community project; still balancing it with classes. Outside coursework: badminton. Fictional demo profile.",Information Technology student · Community,learner,"Wrocław, Poland",,,,focused_learning,"[""Community"",""badminton"",""API tests""]",1560,6,1,2026-09-18,false,true,true,false,false,2026-06-01T00:30:00+00:00,2026-09-19T10:30:00+00:00
610e9654-06d6-5e55-959b-377b8749b8f9,\N,kacper.zielinski.demo,Kacper Zieliński,,"Studying multimedia in Kraków (year 3). Currently practising making lightweight animations for the web. I like projects with a clear, small first version. Usually around for language exchange on weekends. Fictional demo profile.",Multimedia · Year 3,builder,"Kraków, Poland",,,,focused_learning,"[""Creative Technology"",""language exchange"",""making lightweight animations for the web""]",1300,6,8,2026-09-18,false,true,true,false,false,2026-06-04T18:30:00+00:00,2026-09-19T10:30:00+00:00
6cf4bb40-4d81-5eb3-b9d9-5841cd55724e,\N,alicja.wojcik.demo,Alicja Wójcik,,"Information Systems, year 4. Looking for people to work through migrations that keep old records usable with. My next project should involve fintech. Also into badminton. Fictional demo profile.",Database developer in training,builder,"Gdańsk, Poland",,,,open_to_collaboration,"[""FinTech"",""badminton"",""migrations that keep old records usable""]",515,4,0,2026-09-13,false,true,true,false,false,2026-05-30T19:30:00+00:00,2026-09-19T10:30:00+00:00
cd8c4c60-ab9b-5cf3-996e-d4fbb990f4c6,\N,naomi.brooks.demo,Naomi Brooks,,Most of my work so far is coursework in computer science. This year (3) I am spending more time on accessible forms. Can contribute as a frontend developer. Student radio keeps me away from the laptop. Fictional demo profile.,Learning React through small projects,learner,"Madison, United States",,,,open_to_collaboration,"[""EdTech"",""student radio"",""accessible forms""]",1400,6,0,2026-09-16,false,true,true,false,false,2026-06-13T20:30:00+00:00,2026-09-19T10:30:00+00:00
878bb7d9-5569-5efb-bbd1-5e39d62d594d,\N,mateo.rivera.demo,Mateo Rivera,,"Learning by making small things. Year 2 of business administration, with an interest in business. Next up: measuring whether people return after a first visit. I can usually find a few hours between classes and weekend walks. Fictional demo profile.",Business Administration student · Business,builder,"Atlanta, United States",,,,open_to_collaboration,"[""Business"",""weekend walks"",""measuring whether people return after a first visit""]",1695,6,0,2026-08-21,false,true,true,false,false,2026-06-13T00:30:00+00:00,2026-09-19T10:30:00+00:00
ea7edc0e-b64d-545f-b311-b4ee943f2935,\N,caleb.nguyen.demo,Caleb Nguyen,,"Based in Seattle; cybersecurity, year 3. I enjoy the research and debugging parts of group work. Working on threat modelling a small web app at the moment. Looking for a manageable project, not another full-time commitment. Fictional demo profile.",Cybersecurity · Year 3,builder,"Seattle, United States",,,,focused_learning,"[""Cybersecurity"",""student radio"",""threat modelling a small web app""]",325,3,0,2026-09-16,false,true,true,false,false,2026-06-04T22:30:00+00:00,2026-09-19T10:30:00+00:00
6ecf180b-be59-594c-a33b-31bd0120f01f,\N,imani.jackson.demo,Imani Jackson,,I am in year 2 of public health. Interested in healthtech and weekend walks. Would like to practise designing clearer information charts with a team that is comfortable asking basic questions. Fictional demo profile.,Research partner in training,learner,"Madison, United States",,,,open_to_collaboration,"[""HealthTech"",""weekend walks"",""designing clearer information charts""]",260,3,0,2026-09-12,false,true,true,false,false,2026-05-31T04:30:00+00:00,2026-09-19T10:30:00+00:00
693ebb02-ab3f-5d60-b798-d4d4df4900d2,\N,sahana.rao.demo,Sahana Rao,,"Year 2, information technology. I want to get better at API tests. Happy to help with a small community project; still balancing it with classes. Outside coursework: student radio. Fictional demo profile.",Learning Python through small projects,builder,"Atlanta, United States",,,,focused_learning,"[""Community"",""student radio"",""API tests""]",1780,6,2,2026-09-18,false,true,true,false,false,2026-05-31T06:30:00+00:00,2026-09-19T10:30:00+00:00
096499d2-73d6-5063-9dd4-a7c1aebac61d,\N,emilie.gagnon.demo,Émilie Gagnon,,"Studying computer engineering in Ottawa (year 4). Currently practising collecting reliable sensor readings. I like projects with a clear, small first version. Usually around for sketching on weekends. Fictional demo profile.",Computer Engineering student · Climate,builder,"Ottawa, Canada",,,,open_to_collaboration,"[""Climate"",""sketching"",""collecting reliable sensor readings""]",220,3,0,2026-09-12,false,true,true,false,false,2026-06-12T05:30:00+00:00,2026-09-19T10:30:00+00:00
64609795-d498-5ea7-ad33-a3bcecf9d962,\N,rohan.gill.demo,Rohan Gill,,"Applied Mathematics, year 1. Looking for people to work through explaining where a classifier gets things wrong with. My next project should involve machine learning. Also into short films. Fictional demo profile.",Applied Mathematics · Year 1,learner,"Halifax, Canada",,,,focused_learning,"[""Machine Learning"",""short films"",""explaining where a classifier gets things wrong""]",685,4,5,2026-09-19,false,true,true,false,false,2026-06-07T02:30:00+00:00,2026-09-19T10:30:00+00:00
9d1c460b-bd0b-57ff-ac14-f2b10f73edd3,\N,avery.campbell.demo,Avery Campbell,,Most of my work so far is coursework in computer science. This year (3) I am spending more time on accessible forms. Can contribute as a frontend developer. Sketching keeps me away from the laptop. Fictional demo profile.,Frontend developer in training,builder,"Calgary, Canada",,,,open_to_collaboration,"[""EdTech"",""sketching"",""accessible forms""]",1055,5,1,2026-09-18,false,true,true,false,false,2026-05-25T02:30:00+00:00,2026-09-19T10:30:00+00:00
63fdd1e3-9db3-5b05-9799-510eea6abab7,\N,sofia.chen.demo,Sofia Chen,,"Learning by making small things. Year 4 of business administration, with an interest in business. Next up: measuring whether people return after a first visit. I can usually find a few hours between classes and short films. Fictional demo profile.",Learning Excel through small projects,builder,"Ottawa, Canada",,,,focused_learning,"[""Business"",""short films"",""measuring whether people return after a first visit""]",1010,5,0,2026-09-16,false,true,true,false,false,2026-05-28T05:30:00+00:00,2026-09-19T10:30:00+00:00
4ec67eb8-4fda-5cbc-bbd1-a6afc7ce8130,\N,malik.thompson.demo,Malik Thompson,,"Based in Halifax; cybersecurity, year 3. I enjoy the research and debugging parts of group work. Working on threat modelling a small web app at the moment. Looking for a manageable project, not another full-time commitment. Fictional demo profile.",Cybersecurity student · Cybersecurity,learner,"Halifax, Canada",,,,open_to_collaboration,"[""Cybersecurity"",""sketching"",""threat modelling a small web app""]",1625,6,1,2026-09-19,false,true,true,false,false,2026-05-28T04:30:00+00:00,2026-09-19T10:30:00+00:00
44a33563-638c-52da-ae01-285f43dfcb99,\N,valeria.torres.demo,Valeria Torres,,I am in year 4 of digital media. Interested in community and cycling. Would like to practise writing navigation labels people understand with a team that is comfortable asking basic questions. Fictional demo profile.,Digital Media · Year 4,mentor,"Guadalajara, Mexico",,,,mentoring,"[""Community"",""cycling"",""writing navigation labels people understand""]",185,2,0,2026-09-15,false,true,true,false,false,2026-05-27T01:30:00+00:00,2026-09-19T10:30:00+00:00
02bf8d95-eee4-5287-b363-0551cc4a6d51,\N,emiliano.cruz.demo,Emiliano Cruz,,"Year 4, data science. I want to get better at checking a model against a simple baseline. Happy to help with a small research project; still balancing it with classes. Outside coursework: board games. Fictional demo profile.",Data analyst in training,builder,"Monterrey, Mexico",,,,focused_learning,"[""Research"",""board games"",""checking a model against a simple baseline""]",1060,5,1,2026-09-18,false,true,true,false,false,2026-05-25T18:30:00+00:00,2026-09-19T10:30:00+00:00
58074159-53d7-5a52-8436-d84a05af35a9,\N,camila.ruiz.demo,Camila Ruiz,,"Studying computer engineering in Puebla (year 3). Currently practising collecting reliable sensor readings. I like projects with a clear, small first version. Usually around for cycling on weekends. Fictional demo profile.",Learning Python through small projects,learner,"Puebla, Mexico",,,,open_to_collaboration,"[""Climate"",""cycling"",""collecting reliable sensor readings""]",1605,6,34,2026-09-19,false,true,true,false,false,2026-05-23T01:30:00+00:00,2026-09-19T10:30:00+00:00
d9aaa9eb-5304-587b-b0f4-42a2d5930f54,\N,santiago.morales.demo,Santiago Morales,,"Applied Mathematics, year 2. Looking for people to work through explaining where a classifier gets things wrong with. My next project should involve machine learning. Also into board games. Fictional demo profile.",Applied Mathematics student · Machine Learning,builder,"Guadalajara, Mexico",,,,open_to_collaboration,"[""Machine Learning"",""board games"",""explaining where a classifier gets things wrong""]",160,2,0,2026-09-13,false,true,true,false,false,2026-06-08T03:30:00+00:00,2026-09-19T10:30:00+00:00
4307ee18-2e16-50be-abbc-db160bb8e8fd,\N,regina.flores.demo,Regina Flores,,Most of my work so far is coursework in computer science. This year (3) I am spending more time on accessible forms. Can contribute as a frontend developer. Cycling keeps me away from the laptop. Fictional demo profile.,Computer Science · Year 3,builder,"Monterrey, Mexico",,,,,"[""EdTech"",""cycling"",""accessible forms""]",1610,6,0,2026-09-17,false,true,true,false,false,2026-06-16T20:30:00+00:00,2026-09-19T10:30:00+00:00
49a9d8f7-08ea-5972-af3a-0ca0a6c06e59,\N,luana.ribeiro.demo,Luana Ribeiro,,"Learning by making small things. Year 2 of software engineering, with an interest in productivity. Next up: reliable offline sync. I can usually find a few hours between classes and community gardens. Fictional demo profile.",Full-stack developer in training,learner,"Recife, Brazil",,,,,"[""Productivity"",""community gardens"",""reliable offline sync""]",280,3,0,2026-09-10,false,true,true,false,false,2026-06-05T19:30:00+00:00,2026-09-19T10:30:00+00:00
e7c63421-97d2-555e-9731-46cb0f04f637,\N,gabriel.oliveira.demo,Gabriel Oliveira,,"Based in Curitiba; mobile computing, year 2. I enjoy the research and debugging parts of group work. Working on screen-reader support on Android at the moment. Looking for a manageable project, not another full-time commitment. Fictional demo profile.",Learning Flutter through small projects,builder,"Curitiba, Brazil",,,,open_to_collaboration,"[""Mobile"",""cooking"",""screen-reader support on Android""]",170,2,0,2026-09-06,false,true,true,false,false,2026-05-23T05:30:00+00:00,2026-09-19T10:30:00+00:00
b897da16-1a55-5740-8129-7d502e6f44b8,\N,beatriz.carvalho.demo,Beatriz Carvalho,,I am in year 3 of digital media. Interested in community and community gardens. Would like to practise writing navigation labels people understand with a team that is comfortable asking basic questions. Fictional demo profile.,Digital Media student · Community,builder,"Belo Horizonte, Brazil",,,,open_to_collaboration,"[""Community"",""community gardens"",""writing navigation labels people understand""]",215,3,1,2026-09-18,false,true,true,false,false,2026-06-11T03:30:00+00:00,2026-09-19T10:30:00+00:00
facb4557-eabe-5f8b-89cc-f223b91c89b7,\N,pedro.nascimento.demo,Pedro Nascimento,,"Year 3, data science. I want to get better at checking a model against a simple baseline. Happy to help with a small research project; still balancing it with classes. Outside coursework: cooking. Fictional demo profile.",Data Science · Year 3,learner,"Recife, Brazil",,,,focused_learning,"[""Research"",""cooking"",""checking a model against a simple baseline""]",660,4,1,2026-09-18,false,true,true,false,false,2026-06-02T20:30:00+00:00,2026-09-19T10:30:00+00:00
0e992dba-f631-52d1-b7e3-76faec77c33f,\N,camila.santos.demo,Camila Santos,,"Studying computer engineering in Curitiba (year 3). Currently practising collecting reliable sensor readings. I like projects with a clear, small first version. Usually around for community gardens on weekends. Fictional demo profile.",Hardware builder in training,builder,"Curitiba, Brazil",,,,open_to_collaboration,"[""Climate"",""community gardens"",""collecting reliable sensor readings""]",390,3,0,2026-09-13,false,true,true,false,false,2026-05-27T01:30:00+00:00,2026-09-19T10:30:00+00:00
473b12ab-4d0d-5b7f-89b2-c0a1e2405c60,\N,martina.sosa.demo,Martina Sosa,,"Environmental Science, year 2. Looking for people to work through turning field notes into a usable map with. My next project should involve climate. Also into music. Fictional demo profile.",Learning QGIS through small projects,builder,"Córdoba, Argentina",,,,open_to_collaboration,"[""Climate"",""music"",""turning field notes into a usable map""]",260,3,0,2026-09-17,false,true,true,false,false,2026-05-30T20:30:00+00:00,2026-09-19T10:30:00+00:00
88820056-e901-59a1-b2ca-c4e813b34f7b,\N,tomas.benitez.demo,Tomás Benítez,,Most of my work so far is coursework in interaction design. This year (3) I am spending more time on testing prototypes with keyboard users. Can contribute as a product designer. Street photography keeps me away from the laptop. Fictional demo profile.,Interaction Design student · Social Impact,learner,"Rosario, Argentina",,,,open_to_collaboration,"[""Social Impact"",""street photography"",""testing prototypes with keyboard users""]",2060,7,5,2026-09-19,false,true,true,false,false,2026-06-02T04:30:00+00:00,2026-09-19T10:30:00+00:00
6720265f-9f2b-5485-bf24-54e1784991b6,\N,agustina.pereyra.demo,Agustina Pereyra,,"Learning by making small things. Year 4 of software engineering, with an interest in productivity. Next up: reliable offline sync. I can usually find a few hours between classes and music. Fictional demo profile.",Software Engineering · Year 4,mentor,"La Plata, Argentina",,,,mentoring,"[""Productivity"",""music"",""reliable offline sync""]",275,3,0,2026-09-17,false,true,true,false,false,2026-06-11T18:30:00+00:00,2026-09-19T10:30:00+00:00
fbdfefdb-ca2d-5a0e-87ed-62021c1c11d4,\N,mateo.acosta.demo,Mateo Acosta,,"Based in Córdoba; mobile computing, year 2. I enjoy the research and debugging parts of group work. Working on screen-reader support on Android at the moment. Looking for a manageable project, not another full-time commitment. Fictional demo profile.",Mobile developer in training,builder,"Córdoba, Argentina",,,,open_to_collaboration,"[""Mobile"",""street photography"",""screen-reader support on Android""]",245,3,0,2026-09-14,false,true,true,false,false,2026-06-09T00:30:00+00:00,2026-09-19T10:30:00+00:00
8fa5b823-1a70-59f7-9bb2-b3d5f36dc82b,\N,lucia.fernandez.demo,Lucía Fernández,,I am in year 2 of digital media. Interested in community and music. Would like to practise writing navigation labels people understand with a team that is comfortable asking basic questions. Fictional demo profile.,Learning Figma through small projects,learner,"Rosario, Argentina",,,,open_to_collaboration,"[""Community"",""music"",""writing navigation labels people understand""]",1145,5,0,2026-09-17,false,true,true,false,false,2026-06-12T05:30:00+00:00,2026-09-19T10:30:00+00:00
f6e8344b-87f4-5461-93fc-b01ff1ae4265,\N,chinwe.nwosu.demo,Chinwe Nwosu,,"Year 3, multimedia. I want to get better at making lightweight animations for the web. Happy to help with a small creative technology project; still balancing it with classes. Outside coursework: language exchange. Fictional demo profile.",Multimedia student · Creative Technology,builder,"Ibadan, Nigeria",,,,open_to_collaboration,"[""Creative Technology"",""language exchange"",""making lightweight animations for the web""]",445,3,0,2026-09-11,false,true,true,false,false,2026-06-11T06:30:00+00:00,2026-09-19T10:30:00+00:00
0bd9c807-50b6-567b-befe-96c80ed2fc9d,\N,tobiloba.adeyemi.demo,Tobiloba Adeyemi,,"Studying information systems in Enugu (year 3). Currently practising migrations that keep old records usable. I like projects with a clear, small first version. Usually around for badminton on weekends. Fictional demo profile.",Information Systems · Year 3,builder,"Enugu, Nigeria",,,,,"[""FinTech"",""badminton"",""migrations that keep old records usable""]",290,3,0,2026-09-17,false,true,true,false,false,2026-06-04T03:30:00+00:00,2026-09-19T10:30:00+00:00
c6286e16-5e03-594c-aa67-861b8ba91b33,\N,aisha.ibrahim.demo,Aisha Ibrahim,,"Environmental Science, year 1. Looking for people to work through turning field notes into a usable map with. My next project should involve climate. Also into language exchange. Fictional demo profile.",GIS contributor in training,learner,"Lagos, Nigeria",,,,open_to_collaboration,"[""Climate"",""language exchange"",""turning field notes into a usable map""]",1180,5,4,2026-09-19,false,true,true,false,false,2026-06-14T06:30:00+00:00,2026-09-19T10:30:00+00:00
fb400c3e-ecd0-522e-8b8e-1323946be71a,\N,kelechi.nnamdi.demo,Kelechi Nnamdi,,Most of my work so far is coursework in interaction design. This year (3) I am spending more time on testing prototypes with keyboard users. Can contribute as a product designer. Badminton keeps me away from the laptop. Fictional demo profile.,Learning Figma through small projects,builder,"Ibadan, Nigeria",,,,focused_learning,"[""Social Impact"",""badminton"",""testing prototypes with keyboard users""]",1255,6,0,2026-09-17,false,true,true,false,false,2026-06-15T18:30:00+00:00,2026-09-19T10:30:00+00:00
373cd20e-25d5-5a46-a0ae-18157cf68a55,\N,folake.adebayo.demo,Folake Adebayo,,"Learning by making small things. Year 1 of software engineering, with an interest in productivity. Next up: reliable offline sync. I can usually find a few hours between classes and language exchange. Fictional demo profile.",Software Engineering student · Productivity,builder,"Enugu, Nigeria",,,,open_to_collaboration,"[""Productivity"",""language exchange"",""reliable offline sync""]",430,3,1,2026-09-18,false,true,true,false,false,2026-06-07T22:30:00+00:00,2026-09-19T10:30:00+00:00
b5be680a-732e-55e0-bc5d-b80e831ff33a,\N,wanjiku.mwangi.demo,Wanjiku Mwangi,,"Based in Nairobi; public health, year 3. I enjoy the research and debugging parts of group work. Working on designing clearer information charts at the moment. Looking for a manageable project, not another full-time commitment. Fictional demo profile.",Public Health · Year 3,learner,"Nairobi, Kenya",,,,focused_learning,"[""HealthTech"",""weekend walks"",""designing clearer information charts""]",550,4,0,2026-09-16,false,true,true,false,false,2026-05-26T19:30:00+00:00,2026-09-19T10:30:00+00:00
40120057-c43a-5745-9d3a-d9b0c6b1e84e,\N,brian.otieno.demo,Brian Otieno,,I am in year 4 of information technology. Interested in community and student radio. Would like to practise API tests with a team that is comfortable asking basic questions. Fictional demo profile.,Backend developer in training,builder,"Kisumu, Kenya",,,,focused_learning,"[""Community"",""student radio"",""API tests""]",735,4,0,2026-09-16,false,true,true,false,false,2026-06-17T02:30:00+00:00,2026-09-19T10:30:00+00:00
6d9d0917-bda8-5863-abe4-92d14b0cc926,\N,amina.mohamed.demo,Amina Mohamed,,"Year 3, multimedia. I want to get better at making lightweight animations for the web. Happy to help with a small creative technology project; still balancing it with classes. Outside coursework: weekend walks. Fictional demo profile.",Learning Blender through small projects,builder,"Mombasa, Kenya",,,,open_to_collaboration,"[""Creative Technology"",""weekend walks"",""making lightweight animations for the web""]",255,3,1,2026-09-18,false,true,true,false,false,2026-06-08T22:30:00+00:00,2026-09-19T10:30:00+00:00
6ac5a7a4-ae0d-5e31-8a7c-d85b63a96c46,\N,faith.wambui.demo,Faith Wambui,,"Studying information systems in Nairobi (year 3). Currently practising migrations that keep old records usable. I like projects with a clear, small first version. Usually around for student radio on weekends. Fictional demo profile.",Information Systems student · FinTech,learner,"Nairobi, Kenya",,,,open_to_collaboration,"[""FinTech"",""student radio"",""migrations that keep old records usable""]",595,4,1,2026-09-19,false,true,true,false,false,2026-06-01T06:30:00+00:00,2026-09-19T10:30:00+00:00
cac67f41-f5af-5268-9e2d-34feac0dc9fa,\N,kelvin.kiprotich.demo,Kelvin Kiprotich,,"Environmental Science, year 2. Looking for people to work through turning field notes into a usable map with. My next project should involve climate. Also into weekend walks. Fictional demo profile.",Environmental Science · Year 2,builder,"Kisumu, Kenya",,,,open_to_collaboration,"[""Climate"",""weekend walks"",""turning field notes into a usable map""]",205,3,0,2026-09-15,false,true,true,false,false,2026-05-30T06:30:00+00:00,2026-09-19T10:30:00+00:00
518ae987-15f7-5b22-8bcc-df59623dbdce,\N,lerato.mokoena.demo,Lerato Mokoena,,Most of my work so far is coursework in business administration. This year (4) I am spending more time on measuring whether people return after a first visit. Can contribute as a research partner. Short films keeps me away from the laptop. Fictional demo profile.,Research partner in training,builder,"Cape Town, South Africa",,,,open_to_collaboration,"[""Business"",""short films"",""measuring whether people return after a first visit""]",1460,6,3,2026-09-18,false,true,true,false,false,2026-06-10T02:30:00+00:00,2026-09-19T10:30:00+00:00
b7180518-4b5b-54ef-9060-958212d05ab7,\N,sipho.dlamini.demo,Sipho Dlamini,,"Learning by making small things. Year 1 of cybersecurity, with an interest in cybersecurity. Next up: threat modelling a small web app. I can usually find a few hours between classes and sketching. Fictional demo profile.",Learning Linux through small projects,learner,"Durban, South Africa",,,,focused_learning,"[""Cybersecurity"",""sketching"",""threat modelling a small web app""]",550,4,0,2026-09-12,false,true,true,false,false,2026-06-12T03:30:00+00:00,2026-09-19T10:30:00+00:00
3d0f3e54-413b-5a89-bc88-8cb0e7246b97,\N,ayesha.daniels.demo,Ayesha Daniels,,"Based in Pretoria; public health, year 1. I enjoy the research and debugging parts of group work. Working on designing clearer information charts at the moment. Looking for a manageable project, not another full-time commitment. Fictional demo profile.",Public Health student · HealthTech,builder,"Pretoria, South Africa",,,,open_to_collaboration,"[""HealthTech"",""short films"",""designing clearer information charts""]",450,4,0,2026-09-08,false,true,true,false,false,2026-06-05T18:30:00+00:00,2026-09-19T10:30:00+00:00
f4793612-bd5c-52c4-b29e-226fe28a77ca,\N,thando.nkosi.demo,Thando Nkosi,,I am in year 3 of information technology. Interested in community and sketching. Would like to practise API tests with a team that is comfortable asking basic questions. Fictional demo profile.,Information Technology · Year 3,builder,"Cape Town, South Africa",,,,open_to_collaboration,"[""Community"",""sketching"",""API tests""]",1340,6,0,2026-09-07,false,true,true,false,false,2026-05-24T05:30:00+00:00,2026-09-19T10:30:00+00:00
3d5b480d-3962-5c76-96ca-5459d65372aa,\N,naledi.molefe.demo,Naledi Molefe,,"Year 4, multimedia. I want to get better at making lightweight animations for the web. Happy to help with a small creative technology project; still balancing it with classes. Outside coursework: short films. Fictional demo profile.",Motion designer in training,learner,"Durban, South Africa",,,,open_to_collaboration,"[""Creative Technology"",""short films"",""making lightweight animations for the web""]",1895,7,33,2026-09-19,false,true,true,false,false,2026-06-10T04:30:00+00:00,2026-09-19T10:30:00+00:00
d6b81cb4-a299-5894-baa5-463cb63679a3,\N,mariam.hassan.demo,Mariam Hassan,,"Studying applied mathematics in Cairo (year 3). Currently practising explaining where a classifier gets things wrong. I like projects with a clear, small first version. Usually around for board games on weekends. Fictional demo profile.",Learning Python through small projects,builder,"Cairo, Egypt",,,,open_to_collaboration,"[""Machine Learning"",""board games"",""explaining where a classifier gets things wrong""]",495,4,0,2026-09-10,false,true,true,false,false,2026-06-12T04:30:00+00:00,2026-09-19T10:30:00+00:00
06657aeb-b604-5b0d-9281-d2e5afb78a9d,\N,omar.mostafa.demo,Omar Mostafa,,"Computer Science, year 3. Looking for people to work through accessible forms with. My next project should involve edtech. Also into cycling. Fictional demo profile.",Computer Science student · EdTech,builder,"Alexandria, Egypt",,,,focused_learning,"[""EdTech"",""cycling"",""accessible forms""]",1285,6,0,2026-09-15,false,true,true,false,false,2026-05-28T05:30:00+00:00,2026-09-19T10:30:00+00:00
b7f1d97d-9f3c-5885-b9ef-48d67a16a686,\N,salma.adel.demo,Salma Adel,,Most of my work so far is coursework in business administration. This year (2) I am spending more time on measuring whether people return after a first visit. Can contribute as a research partner. Board games keeps me away from the laptop. Fictional demo profile.,Business Administration · Year 2,learner,"Mansoura, Egypt",,,,focused_learning,"[""Business"",""board games"",""measuring whether people return after a first visit""]",1210,5,1,2026-09-18,false,true,true,false,false,2026-06-02T05:30:00+00:00,2026-09-19T10:30:00+00:00
d3175e63-6121-5d55-b429-df91670d9aca,\N,youssef.ibrahim.demo,Youssef Ibrahim,,"Learning by making small things. Year 2 of cybersecurity, with an interest in cybersecurity. Next up: threat modelling a small web app. I can usually find a few hours between classes and cycling. Fictional demo profile.",Security reviewer in training,builder,"Cairo, Egypt",,,,focused_learning,"[""Cybersecurity"",""cycling"",""threat modelling a small web app""]",590,4,1,2026-09-19,false,true,true,false,false,2026-05-25T05:30:00+00:00,2026-09-19T10:30:00+00:00
7b359533-e634-59eb-a2c3-b5501ff96488,\N,nour.el.sayed.demo,Nour El-Sayed,,"Based in Alexandria; public health, year 3. I enjoy the research and debugging parts of group work. Working on designing clearer information charts at the moment. Looking for a manageable project, not another full-time commitment. Fictional demo profile.",Learning Excel through small projects,builder,"Alexandria, Egypt",,,,open_to_collaboration,"[""HealthTech"",""board games"",""designing clearer information charts""]",530,4,0,2026-09-14,false,true,true,false,false,2026-06-06T22:30:00+00:00,2026-09-19T10:30:00+00:00
9047d24d-0775-5f10-bf17-6e8fc62c5884,\N,akosua.mensah.demo,Akosua Mensah,,I am in year 2 of data science. Interested in research and cooking. Would like to practise checking a model against a simple baseline with a team that is comfortable asking basic questions. Fictional demo profile.,Data Science student · Research,learner,"Accra, Ghana",,,,open_to_collaboration,"[""Research"",""cooking"",""checking a model against a simple baseline""]",1025,5,19,2026-09-19,false,true,true,false,false,2026-06-09T03:30:00+00:00,2026-09-19T10:30:00+00:00
85df6dcd-e42a-581f-802b-eb93568b74eb,\N,kwame.boateng.demo,Kwame Boateng,,"Year 2, computer engineering. I want to get better at collecting reliable sensor readings. Happy to help with a small climate project; still balancing it with classes. Outside coursework: community gardens. Fictional demo profile.",Computer Engineering · Year 2,builder,"Kumasi, Ghana",,,,open_to_collaboration,"[""Climate"",""community gardens"",""collecting reliable sensor readings""]",1200,5,4,2026-09-19,false,true,true,false,false,2026-06-14T05:30:00+00:00,2026-09-19T10:30:00+00:00
d16e3cdc-2868-563d-867d-62fa9b8b24ea,\N,abena.owusu.demo,Abena Owusu,,"Studying applied mathematics in Cape Coast (year 4). Currently practising explaining where a classifier gets things wrong. I like projects with a clear, small first version. Usually around for cooking on weekends. Fictional demo profile.",ML contributor in training,builder,"Cape Coast, Ghana",,,,open_to_collaboration,"[""Machine Learning"",""cooking"",""explaining where a classifier gets things wrong""]",1415,6,18,2026-09-19,false,true,true,false,false,2026-05-31T03:30:00+00:00,2026-09-19T10:30:00+00:00
35e87bcc-650c-5e3f-9741-3f0c54905b6f,\N,kofi.asante.demo,Kofi Asante,,"Computer Science, year 3. Looking for people to work through accessible forms with. My next project should involve edtech. Also into community gardens. Fictional demo profile.",Learning React through small projects,learner,"Accra, Ghana",,,,focused_learning,"[""EdTech"",""community gardens"",""accessible forms""]",1670,6,1,2026-09-19,false,true,true,false,false,2026-05-25T01:30:00+00:00,2026-09-19T10:30:00+00:00
61347d09-09eb-5f04-a4ec-fe830319799f,\N,efua.osei.demo,Efua Osei,,Most of my work so far is coursework in business administration. This year (3) I am spending more time on measuring whether people return after a first visit. Can contribute as a research partner. Cooking keeps me away from the laptop. Fictional demo profile.,Business Administration student · Business,builder,"Kumasi, Ghana",,,,focused_learning,"[""Business"",""cooking"",""measuring whether people return after a first visit""]",1775,6,0,2026-09-17,false,true,true,false,false,2026-05-26T06:30:00+00:00,2026-09-19T10:30:00+00:00
1bf86e3f-0e6e-5241-b319-71005237945f,\N,maryam.al.mansoori.demo,Maryam Al Mansoori,,"Learning by making small things. Year 2 of mobile computing, with an interest in mobile. Next up: screen-reader support on Android. I can usually find a few hours between classes and street photography. Fictional demo profile.",Mobile Computing · Year 2,builder,"Sharjah, United Arab Emirates",,,,open_to_collaboration,"[""Mobile"",""street photography"",""screen-reader support on Android""]",255,3,2,2026-09-18,false,true,true,false,false,2026-06-15T20:30:00+00:00,2026-09-19T10:30:00+00:00
7298015b-9105-595a-b879-3013c08053f7,\N,saeed.al.nuaimi.demo,Saeed Al Nuaimi,,"Based in Dubai; digital media, year 3. I enjoy the research and debugging parts of group work. Working on writing navigation labels people understand at the moment. Looking for a manageable project, not another full-time commitment. Fictional demo profile.",Content designer in training,learner,"Dubai, United Arab Emirates",,,,open_to_collaboration,"[""Community"",""music"",""writing navigation labels people understand""]",1130,5,0,2026-09-12,false,true,true,false,false,2026-06-16T00:30:00+00:00,2026-09-19T10:30:00+00:00
5c465a9a-bc36-5d7b-b5a2-0f18d9dab68a,\N,latifa.al.mazrouei.demo,Latifa Al Mazrouei,,I am in year 2 of data science. Interested in research and street photography. Would like to practise checking a model against a simple baseline with a team that is comfortable asking basic questions. Fictional demo profile.,Learning Python through small projects,builder,"Abu Dhabi, United Arab Emirates",,,,focused_learning,"[""Research"",""street photography"",""checking a model against a simple baseline""]",150,2,0,2026-09-08,false,true,true,false,false,2026-06-13T19:30:00+00:00,2026-09-19T10:30:00+00:00
e7dd6cb0-626e-510a-9e98-0498c534b04d,\N,hamad.al.qasimi.demo,Hamad Al Qasimi,,"Year 4, computer engineering. I want to get better at collecting reliable sensor readings. Happy to help with a small climate project; still balancing it with classes. Outside coursework: music. Fictional demo profile.",Computer Engineering student · Climate,builder,"Sharjah, United Arab Emirates",,,,focused_learning,"[""Climate"",""music"",""collecting reliable sensor readings""]",1545,6,4,2026-09-18,false,true,true,false,false,2026-06-03T20:30:00+00:00,2026-09-19T10:30:00+00:00
5532dec3-02ae-5ac3-8b57-2e8214a8598b,\N,noora.al.ali.demo,Noora Al Ali,,"Studying applied mathematics in Dubai (year 2). Currently practising explaining where a classifier gets things wrong. I like projects with a clear, small first version. Usually around for street photography on weekends. Fictional demo profile.",Applied Mathematics · Year 2,learner,"Dubai, United Arab Emirates",,,,focused_learning,"[""Machine Learning"",""street photography"",""explaining where a classifier gets things wrong""]",325,3,2,2026-09-19,false,true,true,false,false,2026-06-11T02:30:00+00:00,2026-09-19T10:30:00+00:00
0947c4b9-50d6-50e2-9043-84a15b80e8c7,\N,layan.al.harbi.demo,Layan Al Harbi,,"Interaction Design, year 2. Looking for people to work through testing prototypes with keyboard users with. My next project should involve social impact. Also into badminton. Fictional demo profile.",Product designer in training,builder,"Jeddah, Saudi Arabia",,,,open_to_collaboration,"[""Social Impact"",""badminton"",""testing prototypes with keyboard users""]",1420,6,1,2026-09-19,false,true,true,false,false,2026-06-06T00:30:00+00:00,2026-09-19T10:30:00+00:00
82a5c89c-0b3a-58b9-9259-837a5348a5c2,\N,abdullah.al.qahtani.demo,Abdullah Al Qahtani,,Most of my work so far is coursework in software engineering. This year (3) I am spending more time on reliable offline sync. Can contribute as a full-stack developer. Language exchange keeps me away from the laptop. Fictional demo profile.,Learning TypeScript through small projects,builder,"Riyadh, Saudi Arabia",,,,open_to_collaboration,"[""Productivity"",""language exchange"",""reliable offline sync""]",595,4,1,2026-09-18,false,true,true,false,false,2026-06-08T03:30:00+00:00,2026-09-19T10:30:00+00:00
729fe171-fa0d-547e-b374-39bd19f4c645,\N,reem.al.ghamdi.demo,Reem Al Ghamdi,,"Learning by making small things. Year 4 of mobile computing, with an interest in mobile. Next up: screen-reader support on Android. I can usually find a few hours between classes and badminton. Fictional demo profile.",Mobile Computing student · Mobile,learner,"Dammam, Saudi Arabia",,,,focused_learning,"[""Mobile"",""badminton"",""screen-reader support on Android""]",670,4,0,2026-09-10,false,true,true,false,false,2026-05-25T06:30:00+00:00,2026-09-19T10:30:00+00:00
67357d35-e727-50a5-9114-d5f2da172374,\N,faisal.al.otaibi.demo,Faisal Al Otaibi,,"Based in Jeddah; digital media, year 2. I enjoy the research and debugging parts of group work. Working on writing navigation labels people understand at the moment. Looking for a manageable project, not another full-time commitment. Fictional demo profile.",Digital Media · Year 2,builder,"Jeddah, Saudi Arabia",,,,focused_learning,"[""Community"",""language exchange"",""writing navigation labels people understand""]",385,3,0,2026-08-15,false,true,true,false,false,2026-06-04T05:30:00+00:00,2026-09-19T10:30:00+00:00
01c00e49-c4d6-5d4b-bbc1-8aa3fe21ba2a,\N,hala.al.zahrani.demo,Hala Al Zahrani,,I am in year 2 of data science. Interested in research and badminton. Would like to practise checking a model against a simple baseline with a team that is comfortable asking basic questions. Fictional demo profile.,Data analyst in training,builder,"Riyadh, Saudi Arabia",,,,open_to_collaboration,"[""Research"",""badminton"",""checking a model against a simple baseline""]",435,3,1,2026-09-18,false,true,true,false,false,2026-06-09T02:30:00+00:00,2026-09-19T10:30:00+00:00
1873645b-b54c-51dc-a41a-7131e831a64f,\N,elif.demir.demo,Elif Demir,,"Year 3, information systems. I want to get better at migrations that keep old records usable. Happy to help with a small fintech project; still balancing it with classes. Outside coursework: student radio. Fictional demo profile.",Learning SQL through small projects,learner,"İzmir, Turkey",,,,focused_learning,"[""FinTech"",""student radio"",""migrations that keep old records usable""]",1190,5,0,2026-09-16,false,true,true,false,false,2026-05-31T20:30:00+00:00,2026-09-19T10:30:00+00:00
9edec740-5de6-5c27-8233-5cf72946b182,\N,eren.kaya.demo,Eren Kaya,,"Studying environmental science in Ankara (year 4). Currently practising turning field notes into a usable map. I like projects with a clear, small first version. Usually around for weekend walks on weekends. Fictional demo profile.",Environmental Science student · Climate,builder,"Ankara, Turkey",,,,open_to_collaboration,"[""Climate"",""weekend walks"",""turning field notes into a usable map""]",785,4,0,2026-09-16,false,true,true,false,false,2026-05-23T05:30:00+00:00,2026-09-19T10:30:00+00:00
6988340a-a3c1-5fda-a996-711f1723c649,\N,zeynep.sahin.demo,Zeynep Şahin,,"Interaction Design, year 3. Looking for people to work through testing prototypes with keyboard users with. My next project should involve social impact. Also into student radio. Fictional demo profile.",Interaction Design · Year 3,builder,"Eskişehir, Turkey",,,,open_to_collaboration,"[""Social Impact"",""student radio"",""testing prototypes with keyboard users""]",1020,5,2,2026-09-18,false,true,true,false,false,2026-06-11T22:30:00+00:00,2026-09-19T10:30:00+00:00
783491ec-2857-52e8-a102-766d7abba6d2,\N,arda.yldz.demo,Arda Yıldız,,Most of my work so far is coursework in software engineering. This year (4) I am spending more time on reliable offline sync. Can contribute as a full-stack developer. Weekend walks keeps me away from the laptop. Fictional demo profile.,Full-stack developer in training,learner,"İzmir, Turkey",,,,focused_learning,"[""Productivity"",""weekend walks"",""reliable offline sync""]",1225,5,0,2026-09-16,false,true,true,false,false,2026-06-10T01:30:00+00:00,2026-09-19T10:30:00+00:00
e21dfd78-ea9f-5754-a3b2-3b3b66dd30b5,\N,defne.aydn.demo,Defne Aydın,,"Learning by making small things. Year 2 of mobile computing, with an interest in mobile. Next up: screen-reader support on Android. I can usually find a few hours between classes and student radio. Fictional demo profile.",Learning Flutter through small projects,builder,"Ankara, Turkey",,,,,"[""Mobile"",""student radio"",""screen-reader support on Android""]",270,3,0,2026-09-13,false,true,true,false,false,2026-06-06T01:30:00+00:00,2026-09-19T10:30:00+00:00
