id,project_id,assignee_id,title,description,status,priority,due_date,order,xp_awarded,created_at,updated_at
137,112,d9fbcbde-376a-5f82-9fb5-268a24b02d57,Add expiry times to room reports,Room-level reports expire after two hours; no individual tracking.,done,medium,2026-07-10,0,true,2026-07-07T02:30:00+00:00,2026-07-10T02:30:00+00:00
138,112,693ebb02-ab3f-5d60-b798-d4d4df4900d2,Write the first-use checklist for Quiet-seat map,Keep the checklist to one flow and note what data is required before starting.,done,low,2026-07-11,1,true,2026-07-07T03:30:00+00:00,2026-07-11T03:30:00+00:00
139,112,eeeb9e89-042f-5fdc-8fcf-2c3ad56f9bf1,Sketch the empty and error states,"Show what happens before there is any data, and when the main action fails. Show which study rooms are quiet without asking people to share their exact location.",done,low,2026-07-12,2,true,2026-07-07T04:30:00+00:00,2026-07-12T04:30:00+00:00
140,112,90cced0e-f2c7-528c-bd28-38c44ead6c98,Review the first prototype with a teammate,Record confusing steps and choose the two changes that matter most for the next pass.,done,low,2026-07-13,3,true,2026-07-07T05:30:00+00:00,2026-07-13T05:30:00+00:00
141,113,001e944b-e64e-5742-afb7-5e04327e41ee,Separate available items from borrowed items,Borrowers and lenders agree on pickup in person; the app does not handle deposits.,todo,medium,2026-09-23,0,false,2026-07-16T22:30:00+00:00,2026-07-16T22:30:00+00:00
142,113,518ae987-15f7-5b22-8bcc-df59623dbdce,Write the first-use checklist for Borrowbox,Keep the checklist to one flow and note what data is required before starting.,todo,medium,2026-09-24,1,false,2026-07-16T23:30:00+00:00,2026-07-16T23:30:00+00:00
143,113,001e944b-e64e-5742-afb7-5e04327e41ee,Sketch the empty and error states,"Show what happens before there is any data, and when the main action fails. Help students lend calculators and lab coats for a few days instead of buying another one.",todo,urgent,2026-09-25,2,false,2026-07-17T00:30:00+00:00,2026-07-17T00:30:00+00:00
144,113,518ae987-15f7-5b22-8bcc-df59623dbdce,Review the first prototype with a teammate,Record confusing steps and choose the two changes that matter most for the next pass.,todo,medium,2026-09-26,3,false,2026-07-17T01:30:00+00:00,2026-07-17T01:30:00+00:00
145,113,001e944b-e64e-5742-afb7-5e04327e41ee,Document the setup and known limits,Check a clean setup and include this boundary: Borrowers and lenders agree on pickup in person; the app does not handle deposits.,todo,low,2026-09-27,4,false,2026-07-17T02:30:00+00:00,2026-07-17T02:30:00+00:00
146,113,518ae987-15f7-5b22-8bcc-df59623dbdce,Check keyboard navigation and small screens,"Use the primary flow without a mouse, then repeat it at a narrow viewport.",todo,medium,2026-09-28,5,false,2026-07-17T03:30:00+00:00,2026-07-17T03:30:00+00:00
147,113,001e944b-e64e-5742-afb7-5e04327e41ee,Add regression checks for the main flow,Cover the behaviour behind this task: separate available items from borrowed items.,todo,high,2026-09-29,6,false,2026-07-17T04:30:00+00:00,2026-07-17T04:30:00+00:00
148,114,a992f17b-79b6-5dcf-aed4-2aebaa5775c7,Add a private reminder toggle,"Keep personal and shared reminders separate, even when they fall on the same day.",todo,medium,2026-09-24,0,false,2026-08-18T00:30:00+00:00,2026-08-18T00:30:00+00:00
149,114,eeeb9e89-042f-5fdc-8fcf-2c3ad56f9bf1,Write the first-use checklist for Deadline fridge,Keep the checklist to one flow and note what data is required before starting.,done,low,2026-08-22,1,true,2026-08-18T01:30:00+00:00,2026-08-22T01:30:00+00:00
150,114,53f78f7e-e2df-586b-b483-5748c92d0f9f,Sketch the empty and error states,"Show what happens before there is any data, and when the main action fails. Put shared flat bills and university deadlines on one small calendar.",done,medium,2026-08-23,2,true,2026-08-18T02:30:00+00:00,2026-08-23T02:30:00+00:00
151,114,0947c4b9-50d6-50e2-9043-84a15b80e8c7,Review the first prototype with a teammate,Record confusing steps and choose the two changes that matter most for the next pass.,review,high,2026-09-27,3,false,2026-08-18T03:30:00+00:00,2026-08-18T03:30:00+00:00
152,114,a992f17b-79b6-5dcf-aed4-2aebaa5775c7,Document the setup and known limits,"Check a clean setup and include this boundary: Keep personal and shared reminders separate, even when they fall on the same day.",done,medium,2026-08-25,4,true,2026-08-18T04:30:00+00:00,2026-08-25T04:30:00+00:00
153,114,eeeb9e89-042f-5fdc-8fcf-2c3ad56f9bf1,Check keyboard navigation and small screens,"Use the primary flow without a mouse, then repeat it at a narrow viewport.",done,high,2026-08-26,5,true,2026-08-18T05:30:00+00:00,2026-08-26T05:30:00+00:00
154,114,53f78f7e-e2df-586b-b483-5748c92d0f9f,Add regression checks for the main flow,Cover the behaviour behind this task: add a private reminder toggle.,in_progress,high,2026-09-30,6,false,2026-08-18T06:30:00+00:00,2026-08-18T06:30:00+00:00
155,114,0947c4b9-50d6-50e2-9043-84a15b80e8c7,Prepare the project handover notes,"Include a working example, remaining issues, and who last worked on each part.",done,medium,2026-08-28,7,true,2026-08-18T07:30:00+00:00,2026-08-28T07:30:00+00:00
156,115,f22a7317-9c2b-5d13-99b9-1a1622094bb3,Test the repair intake form on a phone,Photograph objects only with permission and avoid storing customer details.,done,medium,2026-07-29,0,true,2026-07-26T19:30:00+00:00,2026-07-29T19:30:00+00:00
157,115,1dd6da2f-292d-52b5-8e0e-a84885e81ba1,Write the first-use checklist for Repair café notes,Keep the checklist to one flow and note what data is required before starting.,review,medium,2026-09-26,1,false,2026-07-26T20:30:00+00:00,2026-07-26T20:30:00+00:00
158,115,f22a7317-9c2b-5d13-99b9-1a1622094bb3,Sketch the empty and error states,"Show what happens before there is any data, and when the main action fails. Keep a useful record of repairs at a neighbourhood repair session.",todo,low,2026-09-27,2,false,2026-07-26T21:30:00+00:00,2026-07-26T21:30:00+00:00
159,115,1dd6da2f-292d-52b5-8e0e-a84885e81ba1,Review the first prototype with a teammate,Record confusing steps and choose the two changes that matter most for the next pass.,in_progress,medium,2026-09-28,3,false,2026-07-26T22:30:00+00:00,2026-07-26T22:30:00+00:00
160,115,f22a7317-9c2b-5d13-99b9-1a1622094bb3,Document the setup and known limits,Check a clean setup and include this boundary: Photograph objects only with permission and avoid storing customer details.,review,medium,2026-09-29,4,false,2026-07-26T23:30:00+00:00,2026-07-26T23:30:00+00:00
161,115,1dd6da2f-292d-52b5-8e0e-a84885e81ba1,Check keyboard navigation and small screens,"Use the primary flow without a mouse, then repeat it at a narrow viewport.",todo,medium,2026-09-30,5,false,2026-07-27T00:30:00+00:00,2026-07-27T00:30:00+00:00
162,115,f22a7317-9c2b-5d13-99b9-1a1622094bb3,Add regression checks for the main flow,Cover the behaviour behind this task: test the repair intake form on a phone.,todo,high,2026-10-01,6,false,2026-07-27T01:30:00+00:00,2026-07-27T01:30:00+00:00
163,116,daa36188-60fd-56a2-938b-70b1b51084b0,Write rounding tests for three-way splits,Use manual entry first and show rounding differences before saving.,todo,low,2026-09-26,0,false,2026-08-29T05:30:00+00:00,2026-08-29T05:30:00+00:00
164,116,eeeb9e89-042f-5fdc-8fcf-2c3ad56f9bf1,Write the first-use checklist for Receipt split notebook,Keep the checklist to one flow and note what data is required before starting.,todo,medium,2026-09-27,1,false,2026-08-29T06:30:00+00:00,2026-08-29T06:30:00+00:00
165,116,d48cab4b-e48b-59ae-88d6-41d5d463569d,Sketch the empty and error states,"Show what happens before there is any data, and when the main action fails. Split grocery receipts when flatmates did not buy equal amounts.",todo,medium,2026-09-28,2,false,2026-08-29T07:30:00+00:00,2026-08-29T07:30:00+00:00
166,116,729fe171-fa0d-547e-b374-39bd19f4c645,Review the first prototype with a teammate,Record confusing steps and choose the two changes that matter most for the next pass.,todo,high,2026-09-29,3,false,2026-08-29T08:30:00+00:00,2026-08-29T08:30:00+00:00
167,116,878bb7d9-5569-5efb-bbd1-5e39d62d594d,Document the setup and known limits,Check a clean setup and include this boundary: Use manual entry first and show rounding differences before saving.,todo,medium,2026-09-30,4,false,2026-08-29T09:30:00+00:00,2026-08-29T09:30:00+00:00
168,116,daa36188-60fd-56a2-938b-70b1b51084b0,Check keyboard navigation and small screens,"Use the primary flow without a mouse, then repeat it at a narrow viewport.",todo,medium,2026-10-01,5,false,2026-08-29T10:30:00+00:00,2026-08-29T10:30:00+00:00
169,117,1bc15434-bc22-56cc-a890-336efd2a11e5,Require pickup and expiry windows,Listings need an expiry time and allergen notes; no claims about food safety.,done,low,2026-08-30,0,true,2026-08-27T05:30:00+00:00,2026-08-30T05:30:00+00:00
170,117,b39a9d3d-f3eb-5d31-9cc7-15e278969b70,Write the first-use checklist for Lunch leftovers board,Keep the checklist to one flow and note what data is required before starting.,done,high,2026-08-31,1,true,2026-08-27T06:30:00+00:00,2026-08-31T06:30:00+00:00
171,117,878bb7d9-5569-5efb-bbd1-5e39d62d594d,Sketch the empty and error states,"Show what happens before there is any data, and when the main action fails. Let student groups offer unopened surplus food after an event.",done,medium,2026-09-01,2,true,2026-08-27T07:30:00+00:00,2026-09-01T07:30:00+00:00
172,117,484e243b-afd7-5767-bb0f-4262c0334aea,Review the first prototype with a teammate,Record confusing steps and choose the two changes that matter most for the next pass.,done,high,2026-09-02,3,true,2026-08-27T08:30:00+00:00,2026-09-02T08:30:00+00:00
173,117,bf54d417-d834-5d3e-a7f9-106377fe05a5,Document the setup and known limits,Check a clean setup and include this boundary: Listings need an expiry time and allergen notes; no claims about food safety.,done,medium,2026-09-03,4,true,2026-08-27T09:30:00+00:00,2026-09-03T09:30:00+00:00
174,118,36016ab9-3cc9-5f6a-8bc7-1d138ad9cb43,Add units to the CSV export,Store measurements with units and export the original readings unchanged.,done,medium,2026-08-26,0,true,2026-08-23T08:30:00+00:00,2026-08-26T08:30:00+00:00
175,118,c6286e16-5e03-594c-aa67-861b8ba91b33,Write the first-use checklist for Fieldwork logbook,Keep the checklist to one flow and note what data is required before starting.,todo,low,2026-09-29,1,false,2026-08-23T09:30:00+00:00,2026-08-23T09:30:00+00:00
176,118,ef763ec1-f93c-5744-9640-4ca59adf9347,Sketch the empty and error states,"Show what happens before there is any data, and when the main action fails. Record water sampling notes when field trips have no mobile signal.",done,high,2026-08-28,2,true,2026-08-23T10:30:00+00:00,2026-08-28T10:30:00+00:00
177,118,36016ab9-3cc9-5f6a-8bc7-1d138ad9cb43,Review the first prototype with a teammate,Record confusing steps and choose the two changes that matter most for the next pass.,done,medium,2026-08-29,3,true,2026-08-23T11:30:00+00:00,2026-08-29T11:30:00+00:00
178,118,c6286e16-5e03-594c-aa67-861b8ba91b33,Document the setup and known limits,Check a clean setup and include this boundary: Store measurements with units and export the original readings unchanged.,in_progress,high,2026-10-02,4,false,2026-08-23T12:30:00+00:00,2026-08-23T12:30:00+00:00
179,119,f0f4eb8c-a1ed-50a1-bc7d-2863700a31a5,Test simultaneous waitlist confirmations,Offer the seat to one person at a time so two confirmations cannot collide.,done,medium,2026-07-03,0,true,2026-06-30T02:30:00+00:00,2026-07-03T02:30:00+00:00
180,119,77c684c4-9514-5edc-85ff-1052c8544c14,Write the first-use checklist for Workshop waitlist,Keep the checklist to one flow and note what data is required before starting.,done,medium,2026-07-04,1,true,2026-06-30T03:30:00+00:00,2026-07-04T03:30:00+00:00
181,119,cb162f3d-006f-544e-bfa6-f9abb8a52026,Sketch the empty and error states,"Show what happens before there is any data, and when the main action fails. Fill empty seats when someone cancels a student workshop place.",done,medium,2026-07-05,2,true,2026-06-30T04:30:00+00:00,2026-07-05T04:30:00+00:00
182,120,6ab0c42d-0ad5-5b3d-9c6c-4ab9eaa47586,Run a paper test with a shift checklist,The shop owner can edit checklists without learning a content management system.,todo,medium,2026-09-30,0,false,2026-08-10T00:30:00+00:00,2026-08-10T00:30:00+00:00
183,120,6ab0c42d-0ad5-5b3d-9c6c-4ab9eaa47586,Write the first-use checklist for First shift guide,Keep the checklist to one flow and note what data is required before starting.,in_progress,high,2026-10-01,1,false,2026-08-10T01:30:00+00:00,2026-08-10T01:30:00+00:00
184,120,6ab0c42d-0ad5-5b3d-9c6c-4ab9eaa47586,Sketch the empty and error states,"Show what happens before there is any data, and when the main action fails. Make a short onboarding guide for students working their first café shift.",review,medium,2026-10-02,2,false,2026-08-10T02:30:00+00:00,2026-08-10T02:30:00+00:00
185,120,6ab0c42d-0ad5-5b3d-9c6c-4ab9eaa47586,Review the first prototype with a teammate,Record confusing steps and choose the two changes that matter most for the next pass.,review,low,2026-10-03,3,false,2026-08-10T03:30:00+00:00,2026-08-10T03:30:00+00:00
186,120,6ab0c42d-0ad5-5b3d-9c6c-4ab9eaa47586,Document the setup and known limits,Check a clean setup and include this boundary: The shop owner can edit checklists without learning a content management system.,todo,high,2026-10-04,4,false,2026-08-10T04:30:00+00:00,2026-08-10T04:30:00+00:00
187,120,6ab0c42d-0ad5-5b3d-9c6c-4ab9eaa47586,Check keyboard navigation and small screens,"Use the primary flow without a mouse, then repeat it at a narrow viewport.",review,low,2026-10-05,5,false,2026-08-10T05:30:00+00:00,2026-08-10T05:30:00+00:00
188,120,6ab0c42d-0ad5-5b3d-9c6c-4ab9eaa47586,Add regression checks for the main flow,Cover the behaviour behind this task: run a paper test with a shift checklist.,todo,low,2026-10-06,6,false,2026-08-10T06:30:00+00:00,2026-08-10T06:30:00+00:00
189,120,6ab0c42d-0ad5-5b3d-9c6c-4ab9eaa47586,Prepare the project handover notes,"Include a working example, remaining issues, and who last worked on each part.",in_progress,high,2026-10-07,7,false,2026-08-10T07:30:00+00:00,2026-08-10T07:30:00+00:00
190,121,19e81afb-74c1-5b4a-9af3-469f3b610235,Add observation time filters,Use observation times instead of pretending shade is the same all day.,todo,high,2026-09-22,0,false,2026-07-05T19:30:00+00:00,2026-07-05T19:30:00+00:00
191,121,19e81afb-74c1-5b4a-9af3-469f3b610235,Write the first-use checklist for Bus stop shade atlas,Keep the checklist to one flow and note what data is required before starting.,todo,medium,2026-09-23,1,false,2026-07-05T20:30:00+00:00,2026-07-05T20:30:00+00:00
192,121,19e81afb-74c1-5b4a-9af3-469f3b610235,Sketch the empty and error states,"Show what happens before there is any data, and when the main action fails. Map which bus stops offer shade during a summer commute.",todo,medium,2026-09-24,2,false,2026-07-05T21:30:00+00:00,2026-07-05T21:30:00+00:00
193,121,19e81afb-74c1-5b4a-9af3-469f3b610235,Review the first prototype with a teammate,Record confusing steps and choose the two changes that matter most for the next pass.,todo,low,2026-09-25,3,false,2026-07-05T22:30:00+00:00,2026-07-05T22:30:00+00:00
194,121,19e81afb-74c1-5b4a-9af3-469f3b610235,Document the setup and known limits,Check a clean setup and include this boundary: Use observation times instead of pretending shade is the same all day.,todo,high,2026-09-26,4,false,2026-07-05T23:30:00+00:00,2026-07-05T23:30:00+00:00
195,121,19e81afb-74c1-5b4a-9af3-469f3b610235,Check keyboard navigation and small screens,"Use the primary flow without a mouse, then repeat it at a narrow viewport.",todo,medium,2026-09-27,5,false,2026-07-06T00:30:00+00:00,2026-07-06T00:30:00+00:00
196,122,a36cd93c-2f0c-5956-9a51-8094e39a7bed,Compare time windows across time zones,"Match overlapping time windows and preferred language, not a made-up score.",todo,high,2026-09-23,0,false,2026-07-31T01:30:00+00:00,2026-07-31T01:30:00+00:00
197,122,693ebb02-ab3f-5d60-b798-d4d4df4900d2,Write the first-use checklist for Practice partner cards,Keep the checklist to one flow and note what data is required before starting.,done,medium,2026-08-04,1,true,2026-07-31T02:30:00+00:00,2026-08-04T02:30:00+00:00
198,122,4845dc43-0c9d-5f09-aa4a-62e68abb5d12,Sketch the empty and error states,"Show what happens before there is any data, and when the main action fails. Help language learners find someone free for a short speaking session.",done,medium,2026-08-05,2,true,2026-07-31T03:30:00+00:00,2026-08-05T03:30:00+00:00
199,123,bb4b0d34-59a4-5948-a9be-a1aa6caece55,Reconcile the remaining grant balance,Every balance must be explainable from an expense row.,todo,low,2026-09-24,0,false,2026-08-31T20:30:00+00:00,2026-08-31T20:30:00+00:00
200,123,88a268b0-6bca-5583-b041-ffdbc51be7e6,Write the first-use checklist for Tiny grant tracker,Keep the checklist to one flow and note what data is required before starting.,todo,medium,2026-09-25,1,false,2026-08-31T21:30:00+00:00,2026-08-31T21:30:00+00:00
201,123,9d1c460b-bd0b-57ff-ac14-f2b10f73edd3,Sketch the empty and error states,"Show what happens before there is any data, and when the main action fails. Track small student society grants and the receipts needed for reimbursement.",done,medium,2026-09-05,2,true,2026-08-31T22:30:00+00:00,2026-09-05T22:30:00+00:00
202,123,bb4b0d34-59a4-5948-a9be-a1aa6caece55,Review the first prototype with a teammate,Record confusing steps and choose the two changes that matter most for the next pass.,todo,medium,2026-09-27,3,false,2026-08-31T23:30:00+00:00,2026-08-31T23:30:00+00:00
203,123,88a268b0-6bca-5583-b041-ffdbc51be7e6,Document the setup and known limits,Check a clean setup and include this boundary: Every balance must be explainable from an expense row.,in_progress,high,2026-09-28,4,false,2026-09-01T00:30:00+00:00,2026-09-01T00:30:00+00:00
204,123,9d1c460b-bd0b-57ff-ac14-f2b10f73edd3,Check keyboard navigation and small screens,"Use the primary flow without a mouse, then repeat it at a narrow viewport.",todo,medium,2026-09-29,5,false,2026-09-01T01:30:00+00:00,2026-09-01T01:30:00+00:00
205,124,6690668c-e73d-51ff-9ca4-36bec9b8c175,Keep subtitle timestamps during edits,Editing and export are local; do not upload recorded students to an external model.,done,low,2026-08-21,0,true,2026-08-18T05:30:00+00:00,2026-08-21T05:30:00+00:00
206,124,8300625d-d3f5-5264-8503-98a2bfbf60d8,Write the first-use checklist for Caption draft desk,Keep the checklist to one flow and note what data is required before starting.,done,high,2026-08-22,1,true,2026-08-18T06:30:00+00:00,2026-08-22T06:30:00+00:00
207,124,53f78f7e-e2df-586b-b483-5748c92d0f9f,Sketch the empty and error states,"Show what happens before there is any data, and when the main action fails. Turn lecture-club video transcripts into captions that volunteers can correct.",done,low,2026-08-23,2,true,2026-08-18T07:30:00+00:00,2026-08-23T07:30:00+00:00
208,124,6690668c-e73d-51ff-9ca4-36bec9b8c175,Review the first prototype with a teammate,Record confusing steps and choose the two changes that matter most for the next pass.,done,medium,2026-08-24,3,true,2026-08-18T08:30:00+00:00,2026-08-24T08:30:00+00:00
209,124,8300625d-d3f5-5264-8503-98a2bfbf60d8,Document the setup and known limits,Check a clean setup and include this boundary: Editing and export are local; do not upload recorded students to an external model.,done,low,2026-08-25,4,true,2026-08-18T09:30:00+00:00,2026-08-25T09:30:00+00:00
210,124,53f78f7e-e2df-586b-b483-5748c92d0f9f,Check keyboard navigation and small screens,"Use the primary flow without a mouse, then repeat it at a narrow viewport.",done,medium,2026-08-26,5,true,2026-08-18T10:30:00+00:00,2026-08-26T10:30:00+00:00
211,125,baa8ef70-5b01-5a49-84cb-71c353290705,Flag missing readings on the chart,Show missing sensor readings clearly instead of joining gaps with a line.,todo,low,2026-09-26,0,false,2026-08-16T15:30:00+00:00,2026-08-16T15:30:00+00:00
212,125,5a4b137d-2ebb-5c75-8cdd-bf77406b4b9f,Write the first-use checklist for Garden sensor diary,Keep the checklist to one flow and note what data is required before starting.,todo,medium,2026-09-27,1,false,2026-08-16T16:30:00+00:00,2026-08-16T16:30:00+00:00
213,125,06657aeb-b604-5b0d-9281-d2e5afb78a9d,Sketch the empty and error states,"Show what happens before there is any data, and when the main action fails. Compare soil readings from two planters in the student garden.",in_progress,medium,2026-09-28,2,false,2026-08-16T17:30:00+00:00,2026-08-16T17:30:00+00:00
214,125,eb3717c1-cd92-5eeb-af40-9df7f3132426,Review the first prototype with a teammate,Record confusing steps and choose the two changes that matter most for the next pass.,todo,medium,2026-09-29,3,false,2026-08-16T18:30:00+00:00,2026-08-16T18:30:00+00:00
215,126,95927b04-f214-5c26-878d-fb55176e41bc,Add a reason-for-reading field,"Store public paper links and original notes, not copyrighted PDF copies.",done,medium,2026-07-20,0,true,2026-07-17T23:30:00+00:00,2026-07-20T23:30:00+00:00
216,126,518ae987-15f7-5b22-8bcc-df59623dbdce,Write the first-use checklist for Paper queue,Keep the checklist to one flow and note what data is required before starting.,done,medium,2026-07-22,1,true,2026-07-18T00:30:00+00:00,2026-07-22T00:30:00+00:00
217,126,f223e569-d735-5980-b77b-25d459e64a37,Sketch the empty and error states,"Show what happens before there is any data, and when the main action fails. Keep a reading list for a small research group with notes on why each paper matters.",done,high,2026-07-23,2,true,2026-07-18T01:30:00+00:00,2026-07-23T01:30:00+00:00
218,126,95927b04-f214-5c26-878d-fb55176e41bc,Review the first prototype with a teammate,Record confusing steps and choose the two changes that matter most for the next pass.,done,medium,2026-07-24,3,true,2026-07-18T02:30:00+00:00,2026-07-24T02:30:00+00:00
219,126,518ae987-15f7-5b22-8bcc-df59623dbdce,Document the setup and known limits,"Check a clean setup and include this boundary: Store public paper links and original notes, not copyrighted PDF copies.",done,medium,2026-07-25,4,true,2026-07-18T03:30:00+00:00,2026-07-25T03:30:00+00:00
220,126,f223e569-d735-5980-b77b-25d459e64a37,Check keyboard navigation and small screens,"Use the primary flow without a mouse, then repeat it at a narrow viewport.",done,low,2026-07-26,5,true,2026-07-18T04:30:00+00:00,2026-07-26T04:30:00+00:00
221,127,a60d0128-bffa-5d2d-9915-36693e6bc3ba,Avoid repeated reviewer pairs,Review history is visible so assignments can be checked by the group.,review,low,2026-09-28,0,false,2026-08-28T02:30:00+00:00,2026-08-28T02:30:00+00:00
222,127,a60d0128-bffa-5d2d-9915-36693e6bc3ba,Write the first-use checklist for Peer review rota,Keep the checklist to one flow and note what data is required before starting.,done,low,2026-09-01,1,true,2026-08-28T03:30:00+00:00,2026-09-01T03:30:00+00:00
223,127,a60d0128-bffa-5d2d-9915-36693e6bc3ba,Sketch the empty and error states,"Show what happens before there is any data, and when the main action fails. Give each class project two reviewers without pairing the same people every week.",done,high,2026-09-02,2,true,2026-08-28T04:30:00+00:00,2026-09-02T04:30:00+00:00
224,127,a60d0128-bffa-5d2d-9915-36693e6bc3ba,Review the first prototype with a teammate,Record confusing steps and choose the two changes that matter most for the next pass.,done,low,2026-09-03,3,true,2026-08-28T05:30:00+00:00,2026-09-03T05:30:00+00:00
225,127,a60d0128-bffa-5d2d-9915-36693e6bc3ba,Document the setup and known limits,Check a clean setup and include this boundary: Review history is visible so assignments can be checked by the group.,done,low,2026-09-04,4,true,2026-08-28T06:30:00+00:00,2026-09-04T06:30:00+00:00
226,127,a60d0128-bffa-5d2d-9915-36693e6bc3ba,Check keyboard navigation and small screens,"Use the primary flow without a mouse, then repeat it at a narrow viewport.",in_progress,low,2026-10-03,5,false,2026-08-28T07:30:00+00:00,2026-08-28T07:30:00+00:00
227,128,20b63262-d3e6-555a-95b2-84fc87694a19,Track missing components on return,A kit can be incomplete; missing parts must not disappear when it is returned.,done,medium,2026-07-08,0,true,2026-07-05T22:30:00+00:00,2026-07-08T22:30:00+00:00
228,128,d5dc7189-89df-5fd7-983f-1124b6de3d68,Write the first-use checklist for Lab kit checklist,Keep the checklist to one flow and note what data is required before starting.,done,medium,2026-07-09,1,true,2026-07-05T23:30:00+00:00,2026-07-09T23:30:00+00:00
229,128,20b63262-d3e6-555a-95b2-84fc87694a19,Sketch the empty and error states,"Show what happens before there is any data, and when the main action fails. Check lab kits in and out before practical sessions.",done,medium,2026-07-11,2,true,2026-07-06T00:30:00+00:00,2026-07-11T00:30:00+00:00
230,128,d5dc7189-89df-5fd7-983f-1124b6de3d68,Review the first prototype with a teammate,Record confusing steps and choose the two changes that matter most for the next pass.,done,medium,2026-07-12,3,true,2026-07-06T01:30:00+00:00,2026-07-12T01:30:00+00:00
231,128,20b63262-d3e6-555a-95b2-84fc87694a19,Document the setup and known limits,Check a clean setup and include this boundary: A kit can be incomplete; missing parts must not disappear when it is returned.,done,low,2026-07-13,4,true,2026-07-06T02:30:00+00:00,2026-07-13T02:30:00+00:00
232,129,8ecc0792-3789-53b2-a26e-fc6daa886eb7,Add an accessible contrast preset,Keep screenshot text readable and offer an export with no decorative frame.,done,medium,2026-09-03,0,true,2026-08-31T09:30:00+00:00,2026-09-03T09:30:00+00:00
233,129,cd8c4c60-ab9b-5cf3-996e-d4fbb990f4c6,Write the first-use checklist for Portfolio screenshot studio,Keep the checklist to one flow and note what data is required before starting.,done,medium,2026-09-04,1,true,2026-08-31T10:30:00+00:00,2026-09-04T10:30:00+00:00
234,129,f4793612-bd5c-52c4-b29e-226fe28a77ca,Sketch the empty and error states,"Show what happens before there is any data, and when the main action fails. Arrange project screenshots into consistent portfolio images.",done,low,2026-09-05,2,true,2026-08-31T11:30:00+00:00,2026-09-05T11:30:00+00:00
235,129,61347d09-09eb-5f04-a4ec-fe830319799f,Review the first prototype with a teammate,Record confusing steps and choose the two changes that matter most for the next pass.,done,medium,2026-09-06,3,true,2026-08-31T12:30:00+00:00,2026-09-06T12:30:00+00:00
236,130,e747fee0-a84b-5f51-98a3-7481903c9023,Restore a draft session after reopening,There is no speed ranking; skipped days should not wipe out the journal.,done,medium,2026-08-13,0,true,2026-08-10T02:30:00+00:00,2026-08-13T02:30:00+00:00
237,130,508d03e7-de84-523a-8242-f48abc9451d7,Write the first-use checklist for Reading pace journal,Keep the checklist to one flow and note what data is required before starting.,done,low,2026-08-14,1,true,2026-08-10T03:30:00+00:00,2026-08-14T03:30:00+00:00
238,130,bf54d417-d834-5d3e-a7f9-106377fe05a5,Sketch the empty and error states,"Show what happens before there is any data, and when the main action fails. Let students record a reading session and one thing they understood.",done,medium,2026-08-15,2,true,2026-08-10T04:30:00+00:00,2026-08-15T04:30:00+00:00
239,130,484e243b-afd7-5767-bb0f-4262c0334aea,Review the first prototype with a teammate,Record confusing steps and choose the two changes that matter most for the next pass.,done,medium,2026-08-16,3,true,2026-08-10T05:30:00+00:00,2026-08-16T05:30:00+00:00
240,131,651ce25b-8132-52d9-8f74-889f22c3bb5c,Evaluate false positives on sample posters,"This is a prototype helper, not an accessibility certification tool.",review,medium,2026-09-23,0,false,2026-09-02T21:30:00+00:00,2026-09-02T21:30:00+00:00
241,131,3a376c3a-3e46-5c8c-815c-232b66ca9bc8,Write the first-use checklist for Accessible poster checker,Keep the checklist to one flow and note what data is required before starting.,todo,high,2026-09-24,1,false,2026-09-02T22:30:00+00:00,2026-09-02T22:30:00+00:00
242,131,651ce25b-8132-52d9-8f74-889f22c3bb5c,Sketch the empty and error states,"Show what happens before there is any data, and when the main action fails. Flag tiny text and low contrast in student event posters.",review,high,2026-09-25,2,false,2026-09-02T23:30:00+00:00,2026-09-02T23:30:00+00:00
243,131,3a376c3a-3e46-5c8c-815c-232b66ca9bc8,Review the first prototype with a teammate,Record confusing steps and choose the two changes that matter most for the next pass.,review,medium,2026-09-26,3,false,2026-09-03T00:30:00+00:00,2026-09-03T00:30:00+00:00
244,131,651ce25b-8132-52d9-8f74-889f22c3bb5c,Document the setup and known limits,"Check a clean setup and include this boundary: This is a prototype helper, not an accessibility certification tool.",done,low,2026-09-10,4,true,2026-09-03T01:30:00+00:00,2026-09-10T01:30:00+00:00
245,131,3a376c3a-3e46-5c8c-815c-232b66ca9bc8,Check keyboard navigation and small screens,"Use the primary flow without a mouse, then repeat it at a narrow viewport.",done,high,2026-09-11,5,true,2026-09-03T02:30:00+00:00,2026-09-11T02:30:00+00:00
246,131,651ce25b-8132-52d9-8f74-889f22c3bb5c,Add regression checks for the main flow,Cover the behaviour behind this task: evaluate false positives on sample posters.,todo,low,2026-09-29,6,false,2026-09-03T03:30:00+00:00,2026-09-03T03:30:00+00:00
247,131,3a376c3a-3e46-5c8c-815c-232b66ca9bc8,Prepare the project handover notes,"Include a working example, remaining issues, and who last worked on each part.",done,urgent,2026-09-13,7,true,2026-09-03T04:30:00+00:00,2026-09-13T04:30:00+00:00
248,132,e3efd234-c7f9-5957-937f-661b1c3981ef,Label private handover documents,Separate public event guides from committee-only notes.,review,medium,2026-09-24,0,false,2026-07-19T07:30:00+00:00,2026-07-19T07:30:00+00:00
249,132,878bb7d9-5569-5efb-bbd1-5e39d62d594d,Write the first-use checklist for Club handover folder,Keep the checklist to one flow and note what data is required before starting.,todo,low,2026-09-25,1,false,2026-07-19T08:30:00+00:00,2026-07-19T08:30:00+00:00
250,132,7bdf8ad6-1318-5f74-9112-e2b655e215a2,Sketch the empty and error states,"Show what happens before there is any data, and when the main action fails. Help an outgoing club committee leave useful notes for the next team.",in_progress,high,2026-09-26,2,false,2026-07-19T09:30:00+00:00,2026-07-19T09:30:00+00:00
251,132,9d1c460b-bd0b-57ff-ac14-f2b10f73edd3,Review the first prototype with a teammate,Record confusing steps and choose the two changes that matter most for the next pass.,in_progress,low,2026-09-27,3,false,2026-07-19T10:30:00+00:00,2026-07-19T10:30:00+00:00
252,132,6e82bb3e-ede8-5803-ba1a-cc3aa8766199,Document the setup and known limits,Check a clean setup and include this boundary: Separate public event guides from committee-only notes.,todo,medium,2026-09-28,4,false,2026-07-19T11:30:00+00:00,2026-07-19T11:30:00+00:00
253,133,bf54d417-d834-5d3e-a7f9-106377fe05a5,Show when a price was last checked,Record the date of each price rather than presenting old quotes as current.,todo,medium,2026-09-25,0,false,2026-07-13T02:30:00+00:00,2026-07-13T02:30:00+00:00
254,133,88820056-e901-59a1-b2ca-c4e813b34f7b,Write the first-use checklist for Bike repair pricebook,Keep the checklist to one flow and note what data is required before starting.,todo,medium,2026-09-26,1,false,2026-07-13T03:30:00+00:00,2026-07-13T03:30:00+00:00
255,133,50de23a6-cd45-55ac-adb0-06d14b4ed8ce,Sketch the empty and error states,"Show what happens before there is any data, and when the main action fails. Compare parts costs for a small community bike workshop.",todo,high,2026-09-27,2,false,2026-07-13T04:30:00+00:00,2026-07-13T04:30:00+00:00
256,133,f985b68e-39ae-5c83-8468-2b126802c414,Review the first prototype with a teammate,Record confusing steps and choose the two changes that matter most for the next pass.,todo,low,2026-09-28,3,false,2026-07-13T05:30:00+00:00,2026-07-13T05:30:00+00:00
257,134,53f78f7e-e2df-586b-b483-5748c92d0f9f,Add a moderator review queue,Moderators can hide personal information before a question is displayed.,done,medium,2026-08-31,0,true,2026-08-28T20:30:00+00:00,2026-08-31T20:30:00+00:00
258,134,61347d09-09eb-5f04-a4ec-fe830319799f,Write the first-use checklist for Seminar question wall,Keep the checklist to one flow and note what data is required before starting.,done,medium,2026-09-01,1,true,2026-08-28T21:30:00+00:00,2026-09-01T21:30:00+00:00
259,134,b7f1d97d-9f3c-5885-b9ef-48d67a16a686,Sketch the empty and error states,"Show what happens before there is any data, and when the main action fails. Collect questions during a seminar without interrupting the speaker.",done,medium,2026-09-02,2,true,2026-08-28T22:30:00+00:00,2026-09-02T22:30:00+00:00
260,135,ffe47fd1-7989-5728-addd-50b504edd889,Add dates to route condition reports,"Reports are observations, not navigation guarantees.",todo,high,2026-09-27,0,false,2026-07-27T03:30:00+00:00,2026-07-27T03:30:00+00:00
261,135,729fe171-fa0d-547e-b374-39bd19f4c645,Write the first-use checklist for Rain route diary,Keep the checklist to one flow and note what data is required before starting.,done,medium,2026-07-31,1,true,2026-07-27T04:30:00+00:00,2026-07-31T04:30:00+00:00
262,135,f22a7317-9c2b-5d13-99b9-1a1622094bb3,Sketch the empty and error states,"Show what happens before there is any data, and when the main action fails. Record which walking routes stayed usable after heavy rain.",todo,medium,2026-09-29,2,false,2026-07-27T05:30:00+00:00,2026-07-27T05:30:00+00:00
263,135,37b7aed3-d207-54f7-b4ec-0e05c50eaeb2,Review the first prototype with a teammate,Record confusing steps and choose the two changes that matter most for the next pass.,in_progress,low,2026-09-30,3,false,2026-07-27T06:30:00+00:00,2026-07-27T06:30:00+00:00
264,136,7624f38b-fbca-546f-af04-c9dda9318f82,Separate submitted and approved hours,Coordinators confirm sessions; users cannot approve their own hours.,done,medium,2026-08-13,0,true,2026-08-10T07:30:00+00:00,2026-08-13T07:30:00+00:00
265,136,001e944b-e64e-5742-afb7-5e04327e41ee,Write the first-use checklist for Volunteer hour ledger,Keep the checklist to one flow and note what data is required before starting.,done,medium,2026-08-14,1,true,2026-08-10T08:30:00+00:00,2026-08-14T08:30:00+00:00
266,136,7624f38b-fbca-546f-af04-c9dda9318f82,Sketch the empty and error states,"Show what happens before there is any data, and when the main action fails. Keep volunteer hours for a student-run tutoring group.",done,medium,2026-08-15,2,true,2026-08-10T09:30:00+00:00,2026-08-15T09:30:00+00:00
267,136,001e944b-e64e-5742-afb7-5e04327e41ee,Review the first prototype with a teammate,Record confusing steps and choose the two changes that matter most for the next pass.,done,medium,2026-08-16,3,true,2026-08-10T10:30:00+00:00,2026-08-16T10:30:00+00:00
268,136,7624f38b-fbca-546f-af04-c9dda9318f82,Document the setup and known limits,Check a clean setup and include this boundary: Coordinators confirm sessions; users cannot approve their own hours.,done,low,2026-08-17,4,true,2026-08-10T11:30:00+00:00,2026-08-17T11:30:00+00:00
269,136,001e944b-e64e-5742-afb7-5e04327e41ee,Check keyboard navigation and small screens,"Use the primary flow without a mouse, then repeat it at a narrow viewport.",done,medium,2026-08-18,5,true,2026-08-10T12:30:00+00:00,2026-08-18T12:30:00+00:00
270,136,7624f38b-fbca-546f-af04-c9dda9318f82,Add regression checks for the main flow,Cover the behaviour behind this task: separate submitted and approved hours.,done,high,2026-08-19,6,true,2026-08-10T13:30:00+00:00,2026-08-19T13:30:00+00:00
271,137,20b4182c-90f7-51da-99e8-97ade4d19a92,Add a missing-data legend,"Preserve units, source dates and missing values in the final chart.",todo,medium,2026-09-29,0,false,2026-07-30T20:30:00+00:00,2026-07-30T20:30:00+00:00
272,137,5421f79d-ed60-5eed-852b-01b379adab9e,Write the first-use checklist for Open dataset postcard,Keep the checklist to one flow and note what data is required before starting.,todo,medium,2026-09-30,1,false,2026-07-30T21:30:00+00:00,2026-07-30T21:30:00+00:00
273,137,4307ee18-2e16-50be-abbc-db160bb8e8fd,Sketch the empty and error states,"Show what happens before there is any data, and when the main action fails. Explain one public dataset with a chart and a note about its limitations.",todo,medium,2026-10-01,2,false,2026-07-30T22:30:00+00:00,2026-07-30T22:30:00+00:00
274,137,f3744506-cae3-5f81-8a4f-506a60395be8,Review the first prototype with a teammate,Record confusing steps and choose the two changes that matter most for the next pass.,todo,high,2026-10-02,3,false,2026-07-30T23:30:00+00:00,2026-07-30T23:30:00+00:00
275,137,37b7aed3-d207-54f7-b4ec-0e05c50eaeb2,Document the setup and known limits,"Check a clean setup and include this boundary: Preserve units, source dates and missing values in the final chart.",todo,medium,2026-10-03,4,false,2026-07-31T00:30:00+00:00,2026-07-31T00:30:00+00:00
276,137,20b4182c-90f7-51da-99e8-97ade4d19a92,Check keyboard navigation and small screens,"Use the primary flow without a mouse, then repeat it at a narrow viewport.",todo,medium,2026-10-04,5,false,2026-07-31T01:30:00+00:00,2026-07-31T01:30:00+00:00
277,138,1b1e4344-fde4-5cc2-b82c-4fb458696522,Compare against a weekly baseline,Use aggregated counts and compare the model with last week's pattern.,done,high,2026-08-27,0,true,2026-08-24T03:30:00+00:00,2026-08-27T03:30:00+00:00
278,138,3425797b-5c54-5f3a-9a34-9cedb0dc5b84,Write the first-use checklist for Reading room occupancy,Keep the checklist to one flow and note what data is required before starting.,review,low,2026-10-01,1,false,2026-08-24T04:30:00+00:00,2026-08-24T04:30:00+00:00
279,138,0da68170-ff38-5dad-9224-770d261f1c8a,Sketch the empty and error states,"Show what happens before there is any data, and when the main action fails. Estimate quiet-room demand from anonymous hourly counts.",in_progress,low,2026-10-02,2,false,2026-08-24T05:30:00+00:00,2026-08-24T05:30:00+00:00
280,138,ae7ac442-d880-5cd8-bc30-8d21c5f7dc54,Review the first prototype with a teammate,Record confusing steps and choose the two changes that matter most for the next pass.,todo,medium,2026-10-03,3,false,2026-08-24T06:30:00+00:00,2026-08-24T06:30:00+00:00
281,138,d16e3cdc-2868-563d-867d-62fa9b8b24ea,Document the setup and known limits,Check a clean setup and include this boundary: Use aggregated counts and compare the model with last week's pattern.,done,medium,2026-08-31,4,true,2026-08-24T07:30:00+00:00,2026-08-31T07:30:00+00:00
282,138,61347d09-09eb-5f04-a4ec-fe830319799f,Check keyboard navigation and small screens,"Use the primary flow without a mouse, then repeat it at a narrow viewport.",review,high,2026-10-05,5,false,2026-08-24T08:30:00+00:00,2026-08-24T08:30:00+00:00
283,138,1b1e4344-fde4-5cc2-b82c-4fb458696522,Add regression checks for the main flow,Cover the behaviour behind this task: compare against a weekly baseline.,review,medium,2026-10-06,6,false,2026-08-24T09:30:00+00:00,2026-08-24T09:30:00+00:00
284,138,3425797b-5c54-5f3a-9a34-9cedb0dc5b84,Prepare the project handover notes,"Include a working example, remaining issues, and who last worked on each part.",done,urgent,2026-09-03,7,true,2026-08-24T10:30:00+00:00,2026-09-03T10:30:00+00:00
285,139,2e2e8079-6c9e-51c9-bc7e-1475045fd514,Normalize readings by measurement duration,Use manual readings and keep the measurement interval visible.,done,medium,2026-08-25,0,true,2026-08-22T14:30:00+00:00,2026-08-25T14:30:00+00:00
286,139,88a268b0-6bca-5583-b041-ffdbc51be7e6,Write the first-use checklist for Dorm energy notebook,Keep the checklist to one flow and note what data is required before starting.,done,medium,2026-08-26,1,true,2026-08-22T15:30:00+00:00,2026-08-26T15:30:00+00:00
287,139,54561bf4-fe37-5b37-934d-9c7f81542f8b,Sketch the empty and error states,"Show what happens before there is any data, and when the main action fails. Compare plug-meter readings for shared appliances.",done,medium,2026-08-27,2,true,2026-08-22T16:30:00+00:00,2026-08-27T16:30:00+00:00
288,139,96ccee9a-30f2-56cd-b597-a927c84e0f75,Review the first prototype with a teammate,Record confusing steps and choose the two changes that matter most for the next pass.,done,medium,2026-08-28,3,true,2026-08-22T17:30:00+00:00,2026-08-28T17:30:00+00:00
289,139,2e2e8079-6c9e-51c9-bc7e-1475045fd514,Document the setup and known limits,Check a clean setup and include this boundary: Use manual readings and keep the measurement interval visible.,done,low,2026-08-29,4,true,2026-08-22T18:30:00+00:00,2026-08-29T18:30:00+00:00
290,139,88a268b0-6bca-5583-b041-ffdbc51be7e6,Check keyboard navigation and small screens,"Use the primary flow without a mouse, then repeat it at a narrow viewport.",done,medium,2026-08-30,5,true,2026-08-22T19:30:00+00:00,2026-08-30T19:30:00+00:00
291,139,54561bf4-fe37-5b37-934d-9c7f81542f8b,Add regression checks for the main flow,Cover the behaviour behind this task: normalize readings by measurement duration.,done,medium,2026-08-31,6,true,2026-08-22T20:30:00+00:00,2026-08-31T20:30:00+00:00
292,139,96ccee9a-30f2-56cd-b597-a927c84e0f75,Prepare the project handover notes,"Include a working example, remaining issues, and who last worked on each part.",done,low,2026-09-01,7,true,2026-08-22T21:30:00+00:00,2026-09-01T21:30:00+00:00
293,140,bdc5faf6-386d-5338-99a0-32d156bcbd68,Add a clear delete-recording action,Recordings stay on the device unless the student exports them.,review,high,2026-09-23,0,false,2026-08-13T04:30:00+00:00,2026-08-13T04:30:00+00:00
294,140,77c684c4-9514-5edc-85ff-1052c8544c14,Write the first-use checklist for Interview practice recorder,Keep the checklist to one flow and note what data is required before starting.,done,medium,2026-08-17,1,true,2026-08-13T05:30:00+00:00,2026-08-17T05:30:00+00:00
295,140,bdc5faf6-386d-5338-99a0-32d156bcbd68,Sketch the empty and error states,"Show what happens before there is any data, and when the main action fails. Let students record a practice answer and write their own feedback.",in_progress,medium,2026-09-25,2,false,2026-08-13T06:30:00+00:00,2026-08-13T06:30:00+00:00
296,140,77c684c4-9514-5edc-85ff-1052c8544c14,Review the first prototype with a teammate,Record confusing steps and choose the two changes that matter most for the next pass.,todo,low,2026-09-26,3,false,2026-08-13T07:30:00+00:00,2026-08-13T07:30:00+00:00
297,140,bdc5faf6-386d-5338-99a0-32d156bcbd68,Document the setup and known limits,Check a clean setup and include this boundary: Recordings stay on the device unless the student exports them.,done,medium,2026-08-20,4,true,2026-08-13T08:30:00+00:00,2026-08-20T08:30:00+00:00
298,140,77c684c4-9514-5edc-85ff-1052c8544c14,Check keyboard navigation and small screens,"Use the primary flow without a mouse, then repeat it at a narrow viewport.",review,medium,2026-09-28,5,false,2026-08-13T09:30:00+00:00,2026-08-13T09:30:00+00:00
299,141,45abfe15-6e8d-57cf-bda3-b7ae2b5c0bc7,Confirm rescheduled appointments,Changing a slot must not silently move existing bookings.,done,medium,2026-08-28,0,true,2026-08-25T05:30:00+00:00,2026-08-28T05:30:00+00:00
300,141,58074159-53d7-5a52-8436-d84a05af35a9,Write the first-use checklist for Office-hours planner,Keep the checklist to one flow and note what data is required before starting.,review,low,2026-09-25,1,false,2026-08-25T06:30:00+00:00,2026-08-25T06:30:00+00:00
301,141,a53c485b-a35c-51fb-84a5-364207ce0adb,Sketch the empty and error states,"Show what happens before there is any data, and when the main action fails. Make it easier to book a tutor slot without long group-chat threads.",done,low,2026-08-30,2,true,2026-08-25T07:30:00+00:00,2026-08-30T07:30:00+00:00
302,142,693ebb02-ab3f-5d60-b798-d4d4df4900d2,Handle cancelled print jobs correctly,Import a sample job log; do not connect to a real campus printer.,todo,medium,2026-09-25,0,false,2026-07-28T16:30:00+00:00,2026-07-28T16:30:00+00:00
303,142,f4793612-bd5c-52c4-b29e-226fe28a77ca,Write the first-use checklist for Print quota companion,Keep the checklist to one flow and note what data is required before starting.,todo,medium,2026-09-26,1,false,2026-07-28T17:30:00+00:00,2026-07-28T17:30:00+00:00
304,142,d9fbcbde-376a-5f82-9fb5-268a24b02d57,Sketch the empty and error states,"Show what happens before there is any data, and when the main action fails. Track a student's print jobs against a monthly allowance.",todo,high,2026-09-27,2,false,2026-07-28T18:30:00+00:00,2026-07-28T18:30:00+00:00
305,142,693ebb02-ab3f-5d60-b798-d4d4df4900d2,Review the first prototype with a teammate,Record confusing steps and choose the two changes that matter most for the next pass.,todo,medium,2026-09-28,3,false,2026-07-28T19:30:00+00:00,2026-07-28T19:30:00+00:00
306,142,f4793612-bd5c-52c4-b29e-226fe28a77ca,Document the setup and known limits,Check a clean setup and include this boundary: Import a sample job log; do not connect to a real campus printer.,todo,medium,2026-09-29,4,false,2026-07-28T20:30:00+00:00,2026-07-28T20:30:00+00:00
307,142,d9fbcbde-376a-5f82-9fb5-268a24b02d57,Check keyboard navigation and small screens,"Use the primary flow without a mouse, then repeat it at a narrow viewport.",todo,high,2026-09-30,5,false,2026-07-28T21:30:00+00:00,2026-07-28T21:30:00+00:00
308,142,693ebb02-ab3f-5d60-b798-d4d4df4900d2,Add regression checks for the main flow,Cover the behaviour behind this task: handle cancelled print jobs correctly.,todo,high,2026-10-01,6,false,2026-07-28T22:30:00+00:00,2026-07-28T22:30:00+00:00
309,142,f4793612-bd5c-52c4-b29e-226fe28a77ca,Prepare the project handover notes,"Include a working example, remaining issues, and who last worked on each part.",todo,medium,2026-10-02,7,false,2026-07-28T23:30:00+00:00,2026-07-28T23:30:00+00:00
310,143,88820056-e901-59a1-b2ca-c4e813b34f7b,Label feedback by draft version,Comments refer to a version so old feedback is not attached to a new image.,done,medium,2026-07-22,0,true,2026-07-19T17:30:00+00:00,2026-07-22T17:30:00+00:00
311,143,eb3717c1-cd92-5eeb-af40-9df7f3132426,Write the first-use checklist for Studio critique board,Keep the checklist to one flow and note what data is required before starting.,in_progress,medium,2026-09-27,1,false,2026-07-19T18:30:00+00:00,2026-07-19T18:30:00+00:00
312,143,d9fbcbde-376a-5f82-9fb5-268a24b02d57,Sketch the empty and error states,"Show what happens before there is any data, and when the main action fails. Collect feedback on a design draft around specific questions.",done,low,2026-07-24,2,true,2026-07-19T19:30:00+00:00,2026-07-24T19:30:00+00:00
313,144,878bb7d9-5569-5efb-bbd1-5e39d62d594d,Support stock corrections with a reason,"Work with item counts first, with no payment processing.",done,low,2026-08-01,0,true,2026-07-29T16:30:00+00:00,2026-08-01T16:30:00+00:00
314,144,eeeb9e89-042f-5fdc-8fcf-2c3ad56f9bf1,Write the first-use checklist for Local shop stock cards,Keep the checklist to one flow and note what data is required before starting.,done,medium,2026-08-02,1,true,2026-07-29T17:30:00+00:00,2026-08-02T17:30:00+00:00
315,144,b39a9d3d-f3eb-5d31-9cc7-15e278969b70,Sketch the empty and error states,"Show what happens before there is any data, and when the main action fails. Make a simple stock-count tool for a shop with a small catalogue.",done,medium,2026-08-03,2,true,2026-07-29T18:30:00+00:00,2026-08-03T18:30:00+00:00
316,144,878bb7d9-5569-5efb-bbd1-5e39d62d594d,Review the first prototype with a teammate,Record confusing steps and choose the two changes that matter most for the next pass.,done,high,2026-08-04,3,true,2026-07-29T19:30:00+00:00,2026-08-04T19:30:00+00:00
317,144,eeeb9e89-042f-5fdc-8fcf-2c3ad56f9bf1,Document the setup and known limits,"Check a clean setup and include this boundary: Work with item counts first, with no payment processing.",done,medium,2026-08-05,4,true,2026-07-29T20:30:00+00:00,2026-08-05T20:30:00+00:00
318,144,b39a9d3d-f3eb-5d31-9cc7-15e278969b70,Check keyboard navigation and small screens,"Use the primary flow without a mouse, then repeat it at a narrow viewport.",done,medium,2026-08-06,5,true,2026-07-29T21:30:00+00:00,2026-08-06T21:30:00+00:00
319,145,6ac5a7a4-ae0d-5e31-8a7c-d85b63a96c46,Convert package prices into portion costs,Keep currency and package sizes explicit so comparisons are fair.,todo,high,2026-09-28,0,false,2026-07-08T18:30:00+00:00,2026-07-08T18:30:00+00:00
320,145,a0a53b38-722a-56e6-a52c-fe0e06169a59,Write the first-use checklist for Meal budget worksheet,Keep the checklist to one flow and note what data is required before starting.,todo,medium,2026-09-29,1,false,2026-07-08T19:30:00+00:00,2026-07-08T19:30:00+00:00
321,145,0bd9c807-50b6-567b-befe-96c80ed2fc9d,Sketch the empty and error states,"Show what happens before there is any data, and when the main action fails. Compare the cost of a week's meal plan using manually entered prices.",todo,medium,2026-09-30,2,false,2026-07-08T20:30:00+00:00,2026-07-08T20:30:00+00:00
322,146,4ec67eb8-4fda-5cbc-bbd1-a6afc7ce8130,Write a data-minimisation checklist,Use fictional forms and point out unnecessary fields.,done,medium,2026-08-30,0,true,2026-08-27T19:30:00+00:00,2026-08-30T19:30:00+00:00
323,146,88a268b0-6bca-5583-b041-ffdbc51be7e6,Write the first-use checklist for Consent form sandbox,Keep the checklist to one flow and note what data is required before starting.,done,medium,2026-08-31,1,true,2026-08-27T20:30:00+00:00,2026-08-31T20:30:00+00:00
324,146,37b7aed3-d207-54f7-b4ec-0e05c50eaeb2,Sketch the empty and error states,"Show what happens before there is any data, and when the main action fails. Help classmates see what information a survey is asking them to share.",in_progress,high,2026-10-01,2,false,2026-08-27T21:30:00+00:00,2026-08-27T21:30:00+00:00
325,146,fd96bbd1-5601-5c99-a1e2-04b09168b35e,Review the first prototype with a teammate,Record confusing steps and choose the two changes that matter most for the next pass.,done,medium,2026-09-02,3,true,2026-08-27T22:30:00+00:00,2026-09-02T22:30:00+00:00
326,146,77c684c4-9514-5edc-85ff-1052c8544c14,Document the setup and known limits,Check a clean setup and include this boundary: Use fictional forms and point out unnecessary fields.,todo,medium,2026-10-03,4,false,2026-08-27T23:30:00+00:00,2026-08-27T23:30:00+00:00
327,146,b7180518-4b5b-54ef-9060-958212d05ab7,Check keyboard navigation and small screens,"Use the primary flow without a mouse, then repeat it at a narrow viewport.",todo,low,2026-10-04,5,false,2026-08-28T00:30:00+00:00,2026-08-28T00:30:00+00:00
328,146,4ec67eb8-4fda-5cbc-bbd1-a6afc7ce8130,Add regression checks for the main flow,Cover the behaviour behind this task: write a data-minimisation checklist.,in_progress,medium,2026-10-05,6,false,2026-08-28T01:30:00+00:00,2026-08-28T01:30:00+00:00
329,147,4ec67eb8-4fda-5cbc-bbd1-a6afc7ce8130,Make example links non-clickable,All examples are fictional and links are inert; never collect credentials.,todo,medium,2026-09-30,0,false,2026-06-30T02:30:00+00:00,2026-06-30T02:30:00+00:00
330,147,dfe9e449-d177-56af-a679-d3e1c78c5c02,Write the first-use checklist for Phishing practice lab,Keep the checklist to one flow and note what data is required before starting.,todo,low,2026-10-01,1,false,2026-06-30T03:30:00+00:00,2026-06-30T03:30:00+00:00
331,147,eb3717c1-cd92-5eeb-af40-9df7f3132426,Sketch the empty and error states,"Show what happens before there is any data, and when the main action fails. Teach students to inspect suspicious messages using safe examples.",todo,medium,2026-10-02,2,false,2026-06-30T04:30:00+00:00,2026-06-30T04:30:00+00:00
332,147,eeeb9e89-042f-5fdc-8fcf-2c3ad56f9bf1,Review the first prototype with a teammate,Record confusing steps and choose the two changes that matter most for the next pass.,todo,medium,2026-10-03,3,false,2026-06-30T05:30:00+00:00,2026-06-30T05:30:00+00:00
333,147,88a268b0-6bca-5583-b041-ffdbc51be7e6,Document the setup and known limits,Check a clean setup and include this boundary: All examples are fictional and links are inert; never collect credentials.,todo,high,2026-10-04,4,false,2026-06-30T06:30:00+00:00,2026-06-30T06:30:00+00:00
334,148,373cd20e-25d5-5a46-a0ae-18157cf68a55,Link update decisions to test notes,Store release links and test results without claiming to audit packages.,todo,high,2026-09-22,0,false,2026-07-27T04:30:00+00:00,2026-07-27T04:30:00+00:00
335,148,b7f1d97d-9f3c-5885-b9ef-48d67a16a686,Write the first-use checklist for Dependency update journal,Keep the checklist to one flow and note what data is required before starting.,todo,medium,2026-09-23,1,false,2026-07-27T05:30:00+00:00,2026-07-27T05:30:00+00:00
336,148,f985b68e-39ae-5c83-8468-2b126802c414,Sketch the empty and error states,"Show what happens before there is any data, and when the main action fails. Document why a student project accepted or postponed a package update.",todo,medium,2026-09-24,2,false,2026-07-27T06:30:00+00:00,2026-07-27T06:30:00+00:00
337,149,f4793612-bd5c-52c4-b29e-226fe28a77ca,Mark stale health-check results,Show recent failures and stale checks; do not promise production uptime.,todo,high,2026-09-23,0,false,2026-08-08T15:30:00+00:00,2026-08-08T15:30:00+00:00
338,149,88a268b0-6bca-5583-b041-ffdbc51be7e6,Write the first-use checklist for Small API status page,Keep the checklist to one flow and note what data is required before starting.,in_progress,medium,2026-09-24,1,false,2026-08-08T16:30:00+00:00,2026-08-08T16:30:00+00:00
339,149,f4793612-bd5c-52c4-b29e-226fe28a77ca,Sketch the empty and error states,"Show what happens before there is any data, and when the main action fails. Show whether a class project's API health check is responding.",todo,medium,2026-09-25,2,false,2026-08-08T17:30:00+00:00,2026-08-08T17:30:00+00:00
340,150,1873645b-b54c-51dc-a41a-7131e831a64f,Include irregular travel days in estimates,Prices are entered by the user and carry an effective date.,done,low,2026-08-21,0,true,2026-08-18T23:30:00+00:00,2026-08-21T23:30:00+00:00
341,150,63fdd1e3-9db3-5b05-9799-510eea6abab7,Write the first-use checklist for Commute cost comparison,Keep the checklist to one flow and note what data is required before starting.,todo,low,2026-09-25,1,false,2026-08-19T00:30:00+00:00,2026-08-19T00:30:00+00:00
342,150,001e944b-e64e-5742-afb7-5e04327e41ee,Sketch the empty and error states,"Show what happens before there is any data, and when the main action fails. Compare a monthly travel pass with pay-as-you-go trips.",in_progress,low,2026-09-26,2,false,2026-08-19T01:30:00+00:00,2026-08-19T01:30:00+00:00
343,150,eb3717c1-cd92-5eeb-af40-9df7f3132426,Review the first prototype with a teammate,Record confusing steps and choose the two changes that matter most for the next pass.,todo,medium,2026-09-27,3,false,2026-08-19T02:30:00+00:00,2026-08-19T02:30:00+00:00
344,150,ae7ac442-d880-5cd8-bc30-8d21c5f7dc54,Document the setup and known limits,Check a clean setup and include this boundary: Prices are entered by the user and carry an effective date.,in_progress,medium,2026-09-28,4,false,2026-08-19T03:30:00+00:00,2026-08-19T03:30:00+00:00
345,151,9edec740-5de6-5c27-8233-5cf72946b182,Add a report-needs-review state,Accessibility details need a date and an uncertainty note.,in_progress,medium,2026-09-25,0,false,2026-07-30T00:30:00+00:00,2026-07-30T00:30:00+00:00
346,151,67357d35-e727-50a5-9114-d5f2da172374,Write the first-use checklist for Public toilet access notes,Keep the checklist to one flow and note what data is required before starting.,todo,high,2026-09-26,1,false,2026-07-30T01:30:00+00:00,2026-07-30T01:30:00+00:00
347,151,ef763ec1-f93c-5744-9640-4ca59adf9347,Sketch the empty and error states,"Show what happens before there is any data, and when the main action fails. Map public facility access information from community observations.",done,medium,2026-08-04,2,true,2026-07-30T02:30:00+00:00,2026-08-04T02:30:00+00:00
348,152,7298015b-9105-595a-b879-3013c08053f7,Track the source language of each term,Contributors explain terms in their own words rather than copying chapters.,done,medium,2026-08-19,0,true,2026-08-16T20:30:00+00:00,2026-08-19T20:30:00+00:00
349,152,cb162f3d-006f-544e-bfa6-f9abb8a52026,Write the first-use checklist for Reading list translator notes,Keep the checklist to one flow and note what data is required before starting.,todo,urgent,2026-09-27,1,false,2026-08-16T21:30:00+00:00,2026-08-16T21:30:00+00:00
350,152,b39a9d3d-f3eb-5d31-9cc7-15e278969b70,Sketch the empty and error states,"Show what happens before there is any data, and when the main action fails. Keep a bilingual glossary alongside a shared reading list.",done,medium,2026-08-21,2,true,2026-08-16T22:30:00+00:00,2026-08-21T22:30:00+00:00
351,152,fb400c3e-ecd0-522e-8b8e-1323946be71a,Review the first prototype with a teammate,Record confusing steps and choose the two changes that matter most for the next pass.,in_progress,high,2026-09-29,3,false,2026-08-16T23:30:00+00:00,2026-08-16T23:30:00+00:00
352,152,f22a7317-9c2b-5d13-99b9-1a1622094bb3,Document the setup and known limits,Check a clean setup and include this boundary: Contributors explain terms in their own words rather than copying chapters.,todo,high,2026-09-30,4,false,2026-08-17T00:30:00+00:00,2026-08-17T00:30:00+00:00
353,152,8fa5b823-1a70-59f7-9bb2-b3d5f36dc82b,Check keyboard navigation and small screens,"Use the primary flow without a mouse, then repeat it at a narrow viewport.",done,high,2026-08-25,5,true,2026-08-17T01:30:00+00:00,2026-08-25T01:30:00+00:00
354,153,06657aeb-b604-5b0d-9281-d2e5afb78a9d,Move missed sessions to a free day,Allow rescheduling when someone misses a session instead of adding guilt messages.,todo,high,2026-09-27,0,false,2026-08-27T22:30:00+00:00,2026-08-27T22:30:00+00:00
355,153,001e944b-e64e-5742-afb7-5e04327e41ee,Write the first-use checklist for Exam revision calendar,Keep the checklist to one flow and note what data is required before starting.,todo,high,2026-09-28,1,false,2026-08-27T23:30:00+00:00,2026-08-27T23:30:00+00:00
356,153,53f78f7e-e2df-586b-b483-5748c92d0f9f,Sketch the empty and error states,"Show what happens before there is any data, and when the main action fails. Schedule spaced revision around actual exam dates.",todo,medium,2026-09-29,2,false,2026-08-28T00:30:00+00:00,2026-08-28T00:30:00+00:00
357,153,fb400c3e-ecd0-522e-8b8e-1323946be71a,Review the first prototype with a teammate,Record confusing steps and choose the two changes that matter most for the next pass.,todo,low,2026-09-30,3,false,2026-08-28T01:30:00+00:00,2026-08-28T01:30:00+00:00
358,154,082b47e7-5a06-5a34-bd49-595c82b2b196,Hide identifying details in calendar exports,Use participant codes in the calendar and keep contact details outside the prototype.,review,medium,2026-09-28,0,false,2026-08-19T01:30:00+00:00,2026-08-19T01:30:00+00:00
359,154,f22a7317-9c2b-5d13-99b9-1a1622094bb3,Write the first-use checklist for Research interview scheduler,Keep the checklist to one flow and note what data is required before starting.,todo,high,2026-09-29,1,false,2026-08-19T02:30:00+00:00,2026-08-19T02:30:00+00:00
360,154,508d03e7-de84-523a-8242-f48abc9451d7,Sketch the empty and error states,"Show what happens before there is any data, and when the main action fails. Coordinate interviews for a student research project.",in_progress,medium,2026-09-30,2,false,2026-08-19T03:30:00+00:00,2026-08-19T03:30:00+00:00
361,154,082b47e7-5a06-5a34-bd49-595c82b2b196,Review the first prototype with a teammate,Record confusing steps and choose the two changes that matter most for the next pass.,todo,medium,2026-10-01,3,false,2026-08-19T04:30:00+00:00,2026-08-19T04:30:00+00:00
362,155,783491ec-2857-52e8-a102-766d7abba6d2,Add a minimal-reproduction checklist,Use links to public issues and original notes; do not copy entire discussions.,review,medium,2026-09-29,0,false,2026-07-31T06:30:00+00:00,2026-07-31T06:30:00+00:00
363,155,0e992dba-f631-52d1-b7e3-76faec77c33f,Write the first-use checklist for Open-source issue notebook,Keep the checklist to one flow and note what data is required before starting.,todo,medium,2026-09-30,1,false,2026-07-31T07:30:00+00:00,2026-07-31T07:30:00+00:00
364,155,783491ec-2857-52e8-a102-766d7abba6d2,Sketch the empty and error states,"Show what happens before there is any data, and when the main action fails. Track questions and reproduction steps before opening an issue.",done,high,2026-08-05,2,true,2026-07-31T08:30:00+00:00,2026-08-05T08:30:00+00:00
365,155,0e992dba-f631-52d1-b7e3-76faec77c33f,Review the first prototype with a teammate,Record confusing steps and choose the two changes that matter most for the next pass.,todo,medium,2026-10-02,3,false,2026-07-31T09:30:00+00:00,2026-07-31T09:30:00+00:00
366,155,783491ec-2857-52e8-a102-766d7abba6d2,Document the setup and known limits,Check a clean setup and include this boundary: Use links to public issues and original notes; do not copy entire discussions.,in_progress,medium,2026-10-03,4,false,2026-07-31T10:30:00+00:00,2026-07-31T10:30:00+00:00
367,155,0e992dba-f631-52d1-b7e3-76faec77c33f,Check keyboard navigation and small screens,"Use the primary flow without a mouse, then repeat it at a narrow viewport.",review,urgent,2026-10-04,5,false,2026-07-31T11:30:00+00:00,2026-07-31T11:30:00+00:00
368,155,783491ec-2857-52e8-a102-766d7abba6d2,Add regression checks for the main flow,Cover the behaviour behind this task: add a minimal-reproduction checklist.,done,high,2026-08-09,6,true,2026-07-31T12:30:00+00:00,2026-08-09T12:30:00+00:00
369,155,0e992dba-f631-52d1-b7e3-76faec77c33f,Prepare the project handover notes,"Include a working example, remaining issues, and who last worked on each part.",in_progress,high,2026-10-06,7,false,2026-07-31T13:30:00+00:00,2026-07-31T13:30:00+00:00
370,156,3d016498-e16a-5ad9-95c7-b633dfc6a142,Display values per serving and per 100g,Explain units without giving personalised dietary advice.,done,high,2026-07-24,0,true,2026-07-21T07:30:00+00:00,2026-07-24T07:30:00+00:00
371,156,cb162f3d-006f-544e-bfa6-f9abb8a52026,Write the first-use checklist for Food label reading aid,Keep the checklist to one flow and note what data is required before starting.,done,urgent,2026-07-25,1,true,2026-07-21T08:30:00+00:00,2026-07-25T08:30:00+00:00
372,156,3d016498-e16a-5ad9-95c7-b633dfc6a142,Sketch the empty and error states,"Show what happens before there is any data, and when the main action fails. Help students compare the information printed on food labels.",done,low,2026-07-26,2,true,2026-07-21T09:30:00+00:00,2026-07-26T09:30:00+00:00
373,156,cb162f3d-006f-544e-bfa6-f9abb8a52026,Review the first prototype with a teammate,Record confusing steps and choose the two changes that matter most for the next pass.,done,high,2026-07-27,3,true,2026-07-21T10:30:00+00:00,2026-07-27T10:30:00+00:00
374,156,3d016498-e16a-5ad9-95c7-b633dfc6a142,Document the setup and known limits,Check a clean setup and include this boundary: Explain units without giving personalised dietary advice.,done,high,2026-07-28,4,true,2026-07-21T11:30:00+00:00,2026-07-28T11:30:00+00:00
375,156,cb162f3d-006f-544e-bfa6-f9abb8a52026,Check keyboard navigation and small screens,"Use the primary flow without a mouse, then repeat it at a narrow viewport.",done,medium,2026-07-29,5,true,2026-07-21T12:30:00+00:00,2026-07-29T12:30:00+00:00
376,157,f22a7317-9c2b-5d13-99b9-1a1622094bb3,Mark unverified entrance reports,Keep audit findings separate from verified access information.,done,medium,2026-07-09,0,true,2026-07-06T14:30:00+00:00,2026-07-09T14:30:00+00:00
377,157,cd8c4c60-ab9b-5cf3-996e-d4fbb990f4c6,Write the first-use checklist for Campus step-free audit,Keep the checklist to one flow and note what data is required before starting.,done,medium,2026-07-10,1,true,2026-07-06T15:30:00+00:00,2026-07-10T15:30:00+00:00
378,157,f22a7317-9c2b-5d13-99b9-1a1622094bb3,Sketch the empty and error states,"Show what happens before there is any data, and when the main action fails. Organise a volunteer audit of ramps, entrances and lifts.",done,urgent,2026-07-11,2,true,2026-07-06T16:30:00+00:00,2026-07-11T16:30:00+00:00
379,157,cd8c4c60-ab9b-5cf3-996e-d4fbb990f4c6,Review the first prototype with a teammate,Record confusing steps and choose the two changes that matter most for the next pass.,done,low,2026-07-12,3,true,2026-07-06T17:30:00+00:00,2026-07-12T17:30:00+00:00
380,157,f22a7317-9c2b-5d13-99b9-1a1622094bb3,Document the setup and known limits,Check a clean setup and include this boundary: Keep audit findings separate from verified access information.,done,high,2026-07-13,4,true,2026-07-06T18:30:00+00:00,2026-07-13T18:30:00+00:00
381,157,cd8c4c60-ab9b-5cf3-996e-d4fbb990f4c6,Check keyboard navigation and small screens,"Use the primary flow without a mouse, then repeat it at a narrow viewport.",done,medium,2026-07-14,5,true,2026-07-06T19:30:00+00:00,2026-07-14T19:30:00+00:00
382,157,f22a7317-9c2b-5d13-99b9-1a1622094bb3,Add regression checks for the main flow,Cover the behaviour behind this task: mark unverified entrance reports.,done,medium,2026-07-15,6,true,2026-07-06T20:30:00+00:00,2026-07-15T20:30:00+00:00
383,158,4cf03b5a-e2ca-57f2-95b8-16a3b92247e6,Add an equipment responsibility list,Weather and tide checks remain external and need a visible source date.,todo,high,2026-09-23,0,false,2026-08-13T18:30:00+00:00,2026-08-13T18:30:00+00:00
384,158,1bc15434-bc22-56cc-a890-336efd2a11e5,Write the first-use checklist for Tide cleanup planner,Keep the checklist to one flow and note what data is required before starting.,todo,medium,2026-09-24,1,false,2026-08-13T19:30:00+00:00,2026-08-13T19:30:00+00:00
385,158,f3744506-cae3-5f81-8a4f-506a60395be8,Sketch the empty and error states,"Show what happens before there is any data, and when the main action fails. Help a small coastal cleanup team plan equipment and meeting points.",todo,low,2026-09-25,2,false,2026-08-13T20:30:00+00:00,2026-08-13T20:30:00+00:00
386,158,4845dc43-0c9d-5f09-aa4a-62e68abb5d12,Review the first prototype with a teammate,Record confusing steps and choose the two changes that matter most for the next pass.,todo,medium,2026-09-26,3,false,2026-08-13T21:30:00+00:00,2026-08-13T21:30:00+00:00
387,158,4cf03b5a-e2ca-57f2-95b8-16a3b92247e6,Document the setup and known limits,Check a clean setup and include this boundary: Weather and tide checks remain external and need a visible source date.,todo,urgent,2026-09-27,4,false,2026-08-13T22:30:00+00:00,2026-08-13T22:30:00+00:00
388,159,1767869f-381f-59b9-acac-01da2d539e40,Aggregate readings to public street segments,Keep no audio recordings or precise home locations.,done,low,2026-07-07,0,true,2026-07-04T19:30:00+00:00,2026-07-07T19:30:00+00:00
389,159,88820056-e901-59a1-b2ca-c4e813b34f7b,Write the first-use checklist for Neighbourhood sound diary,Keep the checklist to one flow and note what data is required before starting.,done,medium,2026-07-08,1,true,2026-07-04T20:30:00+00:00,2026-07-08T20:30:00+00:00
390,159,b7f1d97d-9f3c-5885-b9ef-48d67a16a686,Sketch the empty and error states,"Show what happens before there is any data, and when the main action fails. Visualise sound-level readings collected during a class exercise.",done,low,2026-07-09,2,true,2026-07-04T21:30:00+00:00,2026-07-09T21:30:00+00:00
391,159,61347d09-09eb-5f04-a4ec-fe830319799f,Review the first prototype with a teammate,Record confusing steps and choose the two changes that matter most for the next pass.,done,medium,2026-07-10,3,true,2026-07-04T22:30:00+00:00,2026-07-10T22:30:00+00:00
392,159,4ec67eb8-4fda-5cbc-bbd1-a6afc7ce8130,Document the setup and known limits,Check a clean setup and include this boundary: Keep no audio recordings or precise home locations.,done,high,2026-07-11,4,true,2026-07-04T23:30:00+00:00,2026-07-11T23:30:00+00:00
393,159,1767869f-381f-59b9-acac-01da2d539e40,Check keyboard navigation and small screens,"Use the primary flow without a mouse, then repeat it at a narrow viewport.",done,medium,2026-07-13,5,true,2026-07-05T00:30:00+00:00,2026-07-13T00:30:00+00:00
394,160,eb397f92-99ac-5f0f-8f81-3540865f0477,Detect booking overlap before saving,A late return should flag the next booking rather than cancel it silently.,in_progress,low,2026-09-25,0,false,2026-08-26T05:30:00+00:00,2026-08-26T05:30:00+00:00
395,160,6e82bb3e-ede8-5803-ba1a-cc3aa8766199,Write the first-use checklist for Shared camera bookings,Keep the checklist to one flow and note what data is required before starting.,in_progress,high,2026-09-26,1,false,2026-08-26T06:30:00+00:00,2026-08-26T06:30:00+00:00
396,160,0947c4b9-50d6-50e2-9043-84a15b80e8c7,Sketch the empty and error states,"Show what happens before there is any data, and when the main action fails. Book a student club's cameras without double-booking equipment.",done,low,2026-08-31,2,true,2026-08-26T07:30:00+00:00,2026-08-31T07:30:00+00:00
397,161,25797954-b022-582e-8349-e1e2c141368c,Add transcripts beside audio controls,Use original scripts and transcripts; do not assume visitors can hear audio.,todo,medium,2026-09-26,0,false,2026-08-23T03:30:00+00:00,2026-08-23T03:30:00+00:00
398,161,25797954-b022-582e-8349-e1e2c141368c,Write the first-use checklist for Small museum audio guide,Keep the checklist to one flow and note what data is required before starting.,todo,medium,2026-09-27,1,false,2026-08-23T04:30:00+00:00,2026-08-23T04:30:00+00:00
399,161,25797954-b022-582e-8349-e1e2c141368c,Sketch the empty and error states,"Show what happens before there is any data, and when the main action fails. Create short original audio descriptions for a student exhibition.",todo,urgent,2026-09-28,2,false,2026-08-23T05:30:00+00:00,2026-08-23T05:30:00+00:00
400,161,25797954-b022-582e-8349-e1e2c141368c,Review the first prototype with a teammate,Record confusing steps and choose the two changes that matter most for the next pass.,todo,medium,2026-09-29,3,false,2026-08-23T06:30:00+00:00,2026-08-23T06:30:00+00:00
401,161,25797954-b022-582e-8349-e1e2c141368c,Document the setup and known limits,Check a clean setup and include this boundary: Use original scripts and transcripts; do not assume visitors can hear audio.,in_progress,medium,2026-09-30,4,false,2026-08-23T07:30:00+00:00,2026-08-23T07:30:00+00:00
402,161,25797954-b022-582e-8349-e1e2c141368c,Check keyboard navigation and small screens,"Use the primary flow without a mouse, then repeat it at a narrow viewport.",done,medium,2026-08-31,5,true,2026-08-23T08:30:00+00:00,2026-08-31T08:30:00+00:00
403,161,25797954-b022-582e-8349-e1e2c141368c,Add regression checks for the main flow,Cover the behaviour behind this task: add transcripts beside audio controls.,todo,high,2026-10-02,6,false,2026-08-23T09:30:00+00:00,2026-08-23T09:30:00+00:00
404,162,1bc15434-bc22-56cc-a890-336efd2a11e5,Add keyboard focus to data points,Every chart includes a data table and a short written takeaway.,done,high,2026-07-03,0,true,2026-06-30T03:30:00+00:00,2026-07-03T03:30:00+00:00
405,162,96ccee9a-30f2-56cd-b597-a927c84e0f75,Write the first-use checklist for Accessible chart gallery,Keep the checklist to one flow and note what data is required before starting.,done,high,2026-07-04,1,true,2026-06-30T04:30:00+00:00,2026-07-04T04:30:00+00:00
406,162,f4793612-bd5c-52c4-b29e-226fe28a77ca,Sketch the empty and error states,"Show what happens before there is any data, and when the main action fails. Compare ways to show the same dataset accessibly.",done,medium,2026-07-05,2,true,2026-06-30T05:30:00+00:00,2026-07-05T05:30:00+00:00
407,162,d48cab4b-e48b-59ae-88d6-41d5d463569d,Review the first prototype with a teammate,Record confusing steps and choose the two changes that matter most for the next pass.,done,medium,2026-07-06,3,true,2026-06-30T06:30:00+00:00,2026-07-06T06:30:00+00:00
408,163,6ab0c42d-0ad5-5b3d-9c6c-4ab9eaa47586,Separate interest from confirmed orders,No card data or payments; organisers confirm orders offline.,todo,medium,2026-09-28,0,false,2026-07-22T20:30:00+00:00,2026-07-22T20:30:00+00:00
409,163,8819cb55-67e6-5a55-98c8-d80446975a9e,Write the first-use checklist for Study snack preorders,Keep the checklist to one flow and note what data is required before starting.,todo,medium,2026-09-29,1,false,2026-07-22T21:30:00+00:00,2026-07-22T21:30:00+00:00
410,163,3425797b-5c54-5f3a-9a34-9cedb0dc5b84,Sketch the empty and error states,"Show what happens before there is any data, and when the main action fails. Plan quantities for a student fundraiser using non-binding interest forms.",todo,medium,2026-09-30,2,false,2026-07-22T22:30:00+00:00,2026-07-22T22:30:00+00:00
411,164,e0b64119-ecb0-52a5-852d-39c211ce337a,Expire listings after the agreed pickup date,Use approximate collection areas and remove stale listings.,done,low,2026-08-18,0,true,2026-08-15T15:30:00+00:00,2026-08-18T15:30:00+00:00
412,164,1b1e4344-fde4-5cc2-b82c-4fb458696522,Write the first-use checklist for Second-hand desk finder,Keep the checklist to one flow and note what data is required before starting.,todo,high,2026-09-30,1,false,2026-08-15T16:30:00+00:00,2026-08-15T16:30:00+00:00
413,164,693ebb02-ab3f-5d60-b798-d4d4df4900d2,Sketch the empty and error states,"Show what happens before there is any data, and when the main action fails. List desks and chairs being given away when students move.",review,high,2026-10-01,2,false,2026-08-15T17:30:00+00:00,2026-08-15T17:30:00+00:00
414,164,e0b64119-ecb0-52a5-852d-39c211ce337a,Review the first prototype with a teammate,Record confusing steps and choose the two changes that matter most for the next pass.,in_progress,medium,2026-10-02,3,false,2026-08-15T18:30:00+00:00,2026-08-15T18:30:00+00:00
415,164,1b1e4344-fde4-5cc2-b82c-4fb458696522,Document the setup and known limits,Check a clean setup and include this boundary: Use approximate collection areas and remove stale listings.,in_progress,medium,2026-10-03,4,false,2026-08-15T19:30:00+00:00,2026-08-15T19:30:00+00:00
416,164,693ebb02-ab3f-5d60-b798-d4d4df4900d2,Check keyboard navigation and small screens,"Use the primary flow without a mouse, then repeat it at a narrow viewport.",todo,medium,2026-10-04,5,false,2026-08-15T20:30:00+00:00,2026-08-15T20:30:00+00:00
417,165,302b84f9-9053-5cf7-bed0-305678227875,Let teammates confirm contribution notes,Track agreed contributions without turning them into a competitive score.,todo,medium,2026-09-30,0,false,2026-08-11T19:30:00+00:00,2026-08-11T19:30:00+00:00
418,165,d767d4bb-a2aa-587a-90f9-23d0689ae52a,Write the first-use checklist for Group assignment ledger,Keep the checklist to one flow and note what data is required before starting.,todo,medium,2026-10-01,1,false,2026-08-11T20:30:00+00:00,2026-08-11T20:30:00+00:00
419,165,4845dc43-0c9d-5f09-aa4a-62e68abb5d12,Sketch the empty and error states,"Show what happens before there is any data, and when the main action fails. Record which parts of a group assignment each person worked on.",todo,low,2026-10-02,2,false,2026-08-11T21:30:00+00:00,2026-08-11T21:30:00+00:00
420,165,f985b68e-39ae-5c83-8468-2b126802c414,Review the first prototype with a teammate,Record confusing steps and choose the two changes that matter most for the next pass.,todo,medium,2026-10-03,3,false,2026-08-11T22:30:00+00:00,2026-08-11T22:30:00+00:00
421,165,4966bb54-4d4f-5992-8586-1bd44991d17f,Document the setup and known limits,Check a clean setup and include this boundary: Track agreed contributions without turning them into a competitive score.,todo,high,2026-10-04,4,false,2026-08-11T23:30:00+00:00,2026-08-11T23:30:00+00:00
422,165,1767869f-381f-59b9-acac-01da2d539e40,Check keyboard navigation and small screens,"Use the primary flow without a mouse, then repeat it at a narrow viewport.",todo,high,2026-10-05,5,false,2026-08-12T00:30:00+00:00,2026-08-12T00:30:00+00:00
423,165,302b84f9-9053-5cf7-bed0-305678227875,Add regression checks for the main flow,Cover the behaviour behind this task: let teammates confirm contribution notes.,todo,medium,2026-10-06,6,false,2026-08-12T01:30:00+00:00,2026-08-12T01:30:00+00:00
424,165,d767d4bb-a2aa-587a-90f9-23d0689ae52a,Prepare the project handover notes,"Include a working example, remaining issues, and who last worked on each part.",todo,medium,2026-10-07,7,false,2026-08-12T02:30:00+00:00,2026-08-12T02:30:00+00:00
425,166,a2cc3818-be31-5aeb-828c-e23f579431aa,Add explanations for close alternatives,Keep explanations with the cards so wrong answers teach something.,in_progress,medium,2026-09-22,0,false,2026-07-03T17:30:00+00:00,2026-07-03T17:30:00+00:00
426,166,6ab0c42d-0ad5-5b3d-9c6c-4ab9eaa47586,Write the first-use checklist for Methods flashcards,Keep the checklist to one flow and note what data is required before starting.,done,medium,2026-07-07,1,true,2026-07-03T18:30:00+00:00,2026-07-07T18:30:00+00:00
427,166,eb397f92-99ac-5f0f-8f81-3540865f0477,Sketch the empty and error states,"Show what happens before there is any data, and when the main action fails. Practice choosing a research method for a short scenario.",review,medium,2026-09-24,2,false,2026-07-03T19:30:00+00:00,2026-07-03T19:30:00+00:00
428,166,facb4557-eabe-5f8b-89cc-f223b91c89b7,Review the first prototype with a teammate,Record confusing steps and choose the two changes that matter most for the next pass.,done,medium,2026-07-09,3,true,2026-07-03T20:30:00+00:00,2026-07-09T20:30:00+00:00
429,166,88a268b0-6bca-5583-b041-ffdbc51be7e6,Document the setup and known limits,Check a clean setup and include this boundary: Keep explanations with the cards so wrong answers teach something.,todo,medium,2026-09-26,4,false,2026-07-03T21:30:00+00:00,2026-07-03T21:30:00+00:00
430,166,a2cc3818-be31-5aeb-828c-e23f579431aa,Check keyboard navigation and small screens,"Use the primary flow without a mouse, then repeat it at a narrow viewport.",done,medium,2026-07-11,5,true,2026-07-03T22:30:00+00:00,2026-07-11T22:30:00+00:00
431,166,6ab0c42d-0ad5-5b3d-9c6c-4ab9eaa47586,Add regression checks for the main flow,Cover the behaviour behind this task: add explanations for close alternatives.,todo,medium,2026-09-28,6,false,2026-07-03T23:30:00+00:00,2026-07-03T23:30:00+00:00
432,166,eb397f92-99ac-5f0f-8f81-3540865f0477,Prepare the project handover notes,"Include a working example, remaining issues, and who last worked on each part.",todo,medium,2026-09-29,7,false,2026-07-04T00:30:00+00:00,2026-07-04T00:30:00+00:00
433,167,20b63262-d3e6-555a-95b2-84fc87694a19,Tag errors by likely cause,Use anonymised examples and keep the original error text searchable.,done,medium,2026-08-23,0,true,2026-08-20T20:30:00+00:00,2026-08-23T20:30:00+00:00
434,167,b39a9d3d-f3eb-5d31-9cc7-15e278969b70,Write the first-use checklist for Lab error notebook,Keep the checklist to one flow and note what data is required before starting.,in_progress,high,2026-09-24,1,false,2026-08-20T21:30:00+00:00,2026-08-20T21:30:00+00:00
435,167,88a268b0-6bca-5583-b041-ffdbc51be7e6,Sketch the empty and error states,"Show what happens before there is any data, and when the main action fails. Collect mistakes from practical sessions and how the team diagnosed them.",done,medium,2026-08-25,2,true,2026-08-20T22:30:00+00:00,2026-08-25T22:30:00+00:00
436,167,20b63262-d3e6-555a-95b2-84fc87694a19,Review the first prototype with a teammate,Record confusing steps and choose the two changes that matter most for the next pass.,in_progress,low,2026-09-26,3,false,2026-08-20T23:30:00+00:00,2026-08-20T23:30:00+00:00
437,167,b39a9d3d-f3eb-5d31-9cc7-15e278969b70,Document the setup and known limits,Check a clean setup and include this boundary: Use anonymised examples and keep the original error text searchable.,done,medium,2026-08-28,4,true,2026-08-21T00:30:00+00:00,2026-08-28T00:30:00+00:00
438,167,88a268b0-6bca-5583-b041-ffdbc51be7e6,Check keyboard navigation and small screens,"Use the primary flow without a mouse, then repeat it at a narrow viewport.",todo,medium,2026-09-28,5,false,2026-08-21T01:30:00+00:00,2026-08-21T01:30:00+00:00
439,168,ae96d203-7a11-52ed-9e02-cd93c3dda603,Show the source bulletin timestamp,Link to official bulletins and never publish independent emergency advice.,done,high,2026-07-15,0,true,2026-07-12T17:30:00+00:00,2026-07-15T17:30:00+00:00
440,168,a53c485b-a35c-51fb-84a5-364207ce0adb,Write the first-use checklist for Flood alert explainer,Keep the checklist to one flow and note what data is required before starting.,done,medium,2026-07-16,1,true,2026-07-12T18:30:00+00:00,2026-07-16T18:30:00+00:00
441,168,ae96d203-7a11-52ed-9e02-cd93c3dda603,Sketch the empty and error states,"Show what happens before there is any data, and when the main action fails. Explain the terms used in public flood bulletins for a class project.",done,low,2026-07-17,2,true,2026-07-12T19:30:00+00:00,2026-07-17T19:30:00+00:00
442,169,8819cb55-67e6-5a55-98c8-d80446975a9e,Calculate the break-even attendance,Show fixed costs separately from costs per participant.,todo,high,2026-09-25,0,false,2026-08-26T18:30:00+00:00,2026-08-26T18:30:00+00:00
443,169,a070c6d0-c23b-5036-b352-f16db0d6ec8e,Write the first-use checklist for Workshop cost calculator,Keep the checklist to one flow and note what data is required before starting.,todo,medium,2026-09-26,1,false,2026-08-26T19:30:00+00:00,2026-08-26T19:30:00+00:00
444,169,61347d09-09eb-5f04-a4ec-fe830319799f,Sketch the empty and error states,"Show what happens before there is any data, and when the main action fails. Estimate material costs for a student-run craft workshop.",done,low,2026-08-31,2,true,2026-08-26T20:30:00+00:00,2026-08-31T20:30:00+00:00
445,169,96ccee9a-30f2-56cd-b597-a927c84e0f75,Review the first prototype with a teammate,Record confusing steps and choose the two changes that matter most for the next pass.,done,medium,2026-09-01,3,true,2026-08-26T21:30:00+00:00,2026-09-01T21:30:00+00:00
446,169,37b7aed3-d207-54f7-b4ec-0e05c50eaeb2,Document the setup and known limits,Check a clean setup and include this boundary: Show fixed costs separately from costs per participant.,in_progress,low,2026-09-29,4,false,2026-08-26T22:30:00+00:00,2026-08-26T22:30:00+00:00
447,170,d0c58825-6ead-50f6-9a07-f2f95dbb51ea,Add a confusion matrix by packaging type,Show uncertain predictions and record class imbalance.,in_progress,medium,2026-09-26,0,false,2026-07-27T03:30:00+00:00,2026-07-27T03:30:00+00:00
448,170,0b532307-3033-5baf-b61c-915d1213c01f,Write the first-use checklist for Recycling label classifier,Keep the checklist to one flow and note what data is required before starting.,done,low,2026-07-31,1,true,2026-07-27T04:30:00+00:00,2026-07-31T04:30:00+00:00
449,170,4307ee18-2e16-50be-abbc-db160bb8e8fd,Sketch the empty and error states,"Show what happens before there is any data, and when the main action fails. Compare simple image classifiers on a small labelled packaging dataset.",done,low,2026-08-01,2,true,2026-07-27T05:30:00+00:00,2026-08-01T05:30:00+00:00
450,171,95927b04-f214-5c26-878d-fb55176e41bc,Annotate gaps in the timetable sample,Distinguish cancelled trips from missing records.,todo,medium,2026-09-27,0,false,2026-08-18T04:30:00+00:00,2026-08-18T04:30:00+00:00
451,171,693ebb02-ab3f-5d60-b798-d4d4df4900d2,Write the first-use checklist for Public transport delay charts,Keep the checklist to one flow and note what data is required before starting.,todo,medium,2026-09-28,1,false,2026-08-18T05:30:00+00:00,2026-08-18T05:30:00+00:00
452,171,95927b04-f214-5c26-878d-fb55176e41bc,Sketch the empty and error states,"Show what happens before there is any data, and when the main action fails. Plot delays from a small public transport sample.",todo,high,2026-09-29,2,false,2026-08-18T06:30:00+00:00,2026-08-18T06:30:00+00:00
453,171,693ebb02-ab3f-5d60-b798-d4d4df4900d2,Review the first prototype with a teammate,Record confusing steps and choose the two changes that matter most for the next pass.,todo,medium,2026-09-30,3,false,2026-08-18T07:30:00+00:00,2026-08-18T07:30:00+00:00
454,171,95927b04-f214-5c26-878d-fb55176e41bc,Document the setup and known limits,Check a clean setup and include this boundary: Distinguish cancelled trips from missing records.,todo,high,2026-10-01,4,false,2026-08-18T08:30:00+00:00,2026-08-18T08:30:00+00:00
455,171,693ebb02-ab3f-5d60-b798-d4d4df4900d2,Check keyboard navigation and small screens,"Use the primary flow without a mouse, then repeat it at a narrow viewport.",todo,medium,2026-10-02,5,false,2026-08-18T09:30:00+00:00,2026-08-18T09:30:00+00:00
456,172,43a3bb15-e7a6-5c42-a198-3e0d7f080ba1,Reject unexpected file sizes safely,Open files locally and avoid uploading real personal exports.,in_progress,medium,2026-09-28,0,false,2026-07-04T05:30:00+00:00,2026-07-04T05:30:00+00:00
457,172,90cced0e-f2c7-528c-bd28-38c44ead6c98,Write the first-use checklist for Personal data export viewer,Keep the checklist to one flow and note what data is required before starting.,todo,medium,2026-09-29,1,false,2026-07-04T06:30:00+00:00,2026-07-04T06:30:00+00:00
458,172,fb400c3e-ecd0-522e-8b8e-1323946be71a,Sketch the empty and error states,"Show what happens before there is any data, and when the main action fails. Inspect a fictional app's data export and explain each field.",in_progress,medium,2026-09-30,2,false,2026-07-04T07:30:00+00:00,2026-07-04T07:30:00+00:00
459,172,43a3bb15-e7a6-5c42-a198-3e0d7f080ba1,Review the first prototype with a teammate,Record confusing steps and choose the two changes that matter most for the next pass.,todo,medium,2026-10-01,3,false,2026-07-04T08:30:00+00:00,2026-07-04T08:30:00+00:00
460,172,90cced0e-f2c7-528c-bd28-38c44ead6c98,Document the setup and known limits,Check a clean setup and include this boundary: Open files locally and avoid uploading real personal exports.,done,medium,2026-07-11,4,true,2026-07-04T09:30:00+00:00,2026-07-11T09:30:00+00:00
461,172,fb400c3e-ecd0-522e-8b8e-1323946be71a,Check keyboard navigation and small screens,"Use the primary flow without a mouse, then repeat it at a narrow viewport.",done,medium,2026-07-12,5,true,2026-07-04T10:30:00+00:00,2026-07-12T10:30:00+00:00
462,172,43a3bb15-e7a6-5c42-a198-3e0d7f080ba1,Add regression checks for the main flow,Cover the behaviour behind this task: reject unexpected file sizes safely.,todo,high,2026-10-04,6,false,2026-07-04T11:30:00+00:00,2026-07-04T11:30:00+00:00
463,172,90cced0e-f2c7-528c-bd28-38c44ead6c98,Prepare the project handover notes,"Include a working example, remaining issues, and who last worked on each part.",done,medium,2026-07-14,7,true,2026-07-04T12:30:00+00:00,2026-07-14T12:30:00+00:00
464,173,a60d0128-bffa-5d2d-9915-36693e6bc3ba,Add a discussion prompt to each example,Explain trade-offs and accept more than one reasonable solution.,done,medium,2026-07-14,0,true,2026-07-11T19:30:00+00:00,2026-07-14T19:30:00+00:00
465,173,605985c4-d18d-54b0-829f-2a199ea5c81d,Write the first-use checklist for Code review warmups,Keep the checklist to one flow and note what data is required before starting.,done,medium,2026-07-15,1,true,2026-07-11T20:30:00+00:00,2026-07-15T20:30:00+00:00
466,173,85df6dcd-e42a-581f-802b-eb93568b74eb,Sketch the empty and error states,"Show what happens before there is any data, and when the main action fails. Practice reviewing small intentionally flawed code examples.",done,medium,2026-07-16,2,true,2026-07-11T21:30:00+00:00,2026-07-16T21:30:00+00:00
467,173,1767869f-381f-59b9-acac-01da2d539e40,Review the first prototype with a teammate,Record confusing steps and choose the two changes that matter most for the next pass.,done,low,2026-07-17,3,true,2026-07-11T22:30:00+00:00,2026-07-17T22:30:00+00:00
468,173,e7dd6cb0-626e-510a-9e98-0498c534b04d,Document the setup and known limits,Check a clean setup and include this boundary: Explain trade-offs and accept more than one reasonable solution.,done,medium,2026-07-18,4,true,2026-07-11T23:30:00+00:00,2026-07-18T23:30:00+00:00
469,173,8819cb55-67e6-5a55-98c8-d80446975a9e,Check keyboard navigation and small screens,"Use the primary flow without a mouse, then repeat it at a narrow viewport.",done,medium,2026-07-20,5,true,2026-07-12T00:30:00+00:00,2026-07-20T00:30:00+00:00
470,173,a60d0128-bffa-5d2d-9915-36693e6bc3ba,Add regression checks for the main flow,Cover the behaviour behind this task: add a discussion prompt to each example.,done,high,2026-07-21,6,true,2026-07-12T01:30:00+00:00,2026-07-21T01:30:00+00:00
471,173,605985c4-d18d-54b0-829f-2a199ea5c81d,Prepare the project handover notes,"Include a working example, remaining issues, and who last worked on each part.",done,medium,2026-07-22,7,true,2026-07-12T02:30:00+00:00,2026-07-22T02:30:00+00:00
472,174,7bdf8ad6-1318-5f74-9112-e2b655e215a2,Add image attribution fields,Only use images with permission and include captions.,done,medium,2026-07-15,0,true,2026-07-12T00:30:00+00:00,2026-07-15T00:30:00+00:00
473,174,6988340a-a3c1-5fda-a996-711f1723c649,Write the first-use checklist for Club archive timeline,Keep the checklist to one flow and note what data is required before starting.,in_progress,medium,2026-10-01,1,false,2026-07-12T01:30:00+00:00,2026-07-12T01:30:00+00:00
474,174,6ab0c42d-0ad5-5b3d-9c6c-4ab9eaa47586,Sketch the empty and error states,"Show what happens before there is any data, and when the main action fails. Build a timeline from a club's public posters and original event notes.",todo,medium,2026-10-02,2,false,2026-07-12T02:30:00+00:00,2026-07-12T02:30:00+00:00
475,175,7624f38b-fbca-546f-af04-c9dda9318f82,Separate repair status from loan status,Use fictional asset data and avoid storing borrower identity documents.,todo,low,2026-09-22,0,false,2026-08-02T22:30:00+00:00,2026-08-02T22:30:00+00:00
476,175,508d03e7-de84-523a-8242-f48abc9451d7,Write the first-use checklist for Laptop loan desk,Keep the checklist to one flow and note what data is required before starting.,done,medium,2026-08-06,1,true,2026-08-02T23:30:00+00:00,2026-08-06T23:30:00+00:00
477,175,7624f38b-fbca-546f-af04-c9dda9318f82,Sketch the empty and error states,"Show what happens before there is any data, and when the main action fails. Help volunteers track donated laptops ready for loan.",review,medium,2026-09-24,2,false,2026-08-03T00:30:00+00:00,2026-08-03T00:30:00+00:00
478,175,508d03e7-de84-523a-8242-f48abc9451d7,Review the first prototype with a teammate,Record confusing steps and choose the two changes that matter most for the next pass.,done,medium,2026-08-09,3,true,2026-08-03T01:30:00+00:00,2026-08-09T01:30:00+00:00
479,176,d2a70bca-a25c-522f-9b7e-c967b69503cc,Allow uncertain species identifications,"Location accuracy varies, and observations are not species certifications.",todo,low,2026-09-23,0,false,2026-08-17T18:30:00+00:00,2026-08-17T18:30:00+00:00
480,176,f4793612-bd5c-52c4-b29e-226fe28a77ca,Write the first-use checklist for Pollinator count map,Keep the checklist to one flow and note what data is required before starting.,todo,medium,2026-09-24,1,false,2026-08-17T19:30:00+00:00,2026-08-17T19:30:00+00:00
481,176,508d03e7-de84-523a-8242-f48abc9451d7,Sketch the empty and error states,"Show what happens before there is any data, and when the main action fails. Map pollinator observations from a student field exercise.",todo,high,2026-09-25,2,false,2026-08-17T20:30:00+00:00,2026-08-17T20:30:00+00:00
482,176,88a268b0-6bca-5583-b041-ffdbc51be7e6,Review the first prototype with a teammate,Record confusing steps and choose the two changes that matter most for the next pass.,in_progress,high,2026-09-26,3,false,2026-08-17T21:30:00+00:00,2026-08-17T21:30:00+00:00
483,176,f8f213c7-3d61-567e-9735-5e3e9498b892,Document the setup and known limits,"Check a clean setup and include this boundary: Location accuracy varies, and observations are not species certifications.",in_progress,medium,2026-09-27,4,false,2026-08-17T22:30:00+00:00,2026-08-17T22:30:00+00:00
484,177,e747fee0-a84b-5f51-98a3-7481903c9023,Add alternate accepted spellings,Keep regional variants visible instead of marking them wrong.,in_progress,medium,2026-09-24,0,false,2026-08-28T02:30:00+00:00,2026-08-28T02:30:00+00:00
485,177,eb3717c1-cd92-5eeb-af40-9df7f3132426,Write the first-use checklist for Local language quiz pack,Keep the checklist to one flow and note what data is required before starting.,done,high,2026-09-01,1,true,2026-08-28T03:30:00+00:00,2026-09-01T03:30:00+00:00
486,177,bf54d417-d834-5d3e-a7f9-106377fe05a5,Sketch the empty and error states,"Show what happens before there is any data, and when the main action fails. Create an offline quiz from volunteer-written vocabulary examples.",done,high,2026-09-02,2,true,2026-08-28T04:30:00+00:00,2026-09-02T04:30:00+00:00
487,177,ae7ac442-d880-5cd8-bc30-8d21c5f7dc54,Review the first prototype with a teammate,Record confusing steps and choose the two changes that matter most for the next pass.,done,medium,2026-09-03,3,true,2026-08-28T05:30:00+00:00,2026-09-03T05:30:00+00:00
488,177,e747fee0-a84b-5f51-98a3-7481903c9023,Document the setup and known limits,Check a clean setup and include this boundary: Keep regional variants visible instead of marking them wrong.,in_progress,low,2026-09-28,4,false,2026-08-28T06:30:00+00:00,2026-08-28T06:30:00+00:00
489,177,eb3717c1-cd92-5eeb-af40-9df7f3132426,Check keyboard navigation and small screens,"Use the primary flow without a mouse, then repeat it at a narrow viewport.",todo,medium,2026-09-29,5,false,2026-08-28T07:30:00+00:00,2026-08-28T07:30:00+00:00
490,177,bf54d417-d834-5d3e-a7f9-106377fe05a5,Add regression checks for the main flow,Cover the behaviour behind this task: add alternate accepted spellings.,review,medium,2026-09-30,6,false,2026-08-28T08:30:00+00:00,2026-08-28T08:30:00+00:00
491,177,ae7ac442-d880-5cd8-bc30-8d21c5f7dc54,Prepare the project handover notes,"Include a working example, remaining issues, and who last worked on each part.",done,high,2026-09-07,7,true,2026-08-28T09:30:00+00:00,2026-09-07T09:30:00+00:00
492,178,5421f79d-ed60-5eed-852b-01b379adab9e,Assign an owner to each manual check,Separate automated findings from checks that require a person.,done,medium,2026-08-09,0,true,2026-08-06T19:30:00+00:00,2026-08-09T19:30:00+00:00
493,178,4307ee18-2e16-50be-abbc-db160bb8e8fd,Write the first-use checklist for Tiny accessibility backlog,Keep the checklist to one flow and note what data is required before starting.,review,medium,2026-09-26,1,false,2026-08-06T20:30:00+00:00,2026-08-06T20:30:00+00:00
494,178,5421f79d-ed60-5eed-852b-01b379adab9e,Sketch the empty and error states,"Show what happens before there is any data, and when the main action fails. Turn an accessibility review into a manageable task list.",in_progress,medium,2026-09-27,2,false,2026-08-06T21:30:00+00:00,2026-08-06T21:30:00+00:00
495,178,4307ee18-2e16-50be-abbc-db160bb8e8fd,Review the first prototype with a teammate,Record confusing steps and choose the two changes that matter most for the next pass.,todo,high,2026-09-28,3,false,2026-08-06T22:30:00+00:00,2026-08-06T22:30:00+00:00
496,178,5421f79d-ed60-5eed-852b-01b379adab9e,Document the setup and known limits,Check a clean setup and include this boundary: Separate automated findings from checks that require a person.,review,high,2026-09-29,4,false,2026-08-06T23:30:00+00:00,2026-08-06T23:30:00+00:00
497,178,4307ee18-2e16-50be-abbc-db160bb8e8fd,Check keyboard navigation and small screens,"Use the primary flow without a mouse, then repeat it at a narrow viewport.",todo,medium,2026-09-30,5,false,2026-08-07T00:30:00+00:00,2026-08-07T00:30:00+00:00
498,179,610e9654-06d6-5e55-959b-377b8749b8f9,Add a text-only reading option,Provide text alternatives and avoid collecting reader analytics.,todo,medium,2026-09-26,0,false,2026-08-22T23:30:00+00:00,2026-08-22T23:30:00+00:00
499,179,a60d0128-bffa-5d2d-9915-36693e6bc3ba,Write the first-use checklist for Student zine shelf,Keep the checklist to one flow and note what data is required before starting.,in_progress,medium,2026-09-27,1,false,2026-08-23T00:30:00+00:00,2026-08-23T00:30:00+00:00
500,179,cd8c4c60-ab9b-5cf3-996e-d4fbb990f4c6,Sketch the empty and error states,"Show what happens before there is any data, and when the main action fails. Show original digital zines with clear reading order and credits.",review,medium,2026-09-28,2,false,2026-08-23T01:30:00+00:00,2026-08-23T01:30:00+00:00
501,179,610e9654-06d6-5e55-959b-377b8749b8f9,Review the first prototype with a teammate,Record confusing steps and choose the two changes that matter most for the next pass.,todo,low,2026-09-29,3,false,2026-08-23T02:30:00+00:00,2026-08-23T02:30:00+00:00
502,179,a60d0128-bffa-5d2d-9915-36693e6bc3ba,Document the setup and known limits,Check a clean setup and include this boundary: Provide text alternatives and avoid collecting reader analytics.,in_progress,medium,2026-09-30,4,false,2026-08-23T03:30:00+00:00,2026-08-23T03:30:00+00:00
503,179,cd8c4c60-ab9b-5cf3-996e-d4fbb990f4c6,Check keyboard navigation and small screens,"Use the primary flow without a mouse, then repeat it at a narrow viewport.",done,medium,2026-08-31,5,true,2026-08-23T04:30:00+00:00,2026-08-31T04:30:00+00:00
504,179,610e9654-06d6-5e55-959b-377b8749b8f9,Add regression checks for the main flow,Cover the behaviour behind this task: add a text-only reading option.,in_progress,medium,2026-10-02,6,false,2026-08-23T05:30:00+00:00,2026-08-23T05:30:00+00:00
505,179,a60d0128-bffa-5d2d-9915-36693e6bc3ba,Prepare the project handover notes,"Include a working example, remaining issues, and who last worked on each part.",review,medium,2026-10-03,7,false,2026-08-23T06:30:00+00:00,2026-08-23T06:30:00+00:00
506,180,54561bf4-fe37-5b37-934d-9c7f81542f8b,Show when a refill point was last checked,Reports need a recent check; never infer drinking-water safety.,done,high,2026-07-13,0,true,2026-07-10T09:30:00+00:00,2026-07-13T09:30:00+00:00
507,180,f22a7317-9c2b-5d13-99b9-1a1622094bb3,Write the first-use checklist for Water refill notes,Keep the checklist to one flow and note what data is required before starting.,done,low,2026-07-14,1,true,2026-07-10T10:30:00+00:00,2026-07-14T10:30:00+00:00
508,180,6e82bb3e-ede8-5803-ba1a-cc3aa8766199,Sketch the empty and error states,"Show what happens before there is any data, and when the main action fails. Track reported water refill points around public buildings.",done,high,2026-07-15,2,true,2026-07-10T11:30:00+00:00,2026-07-15T11:30:00+00:00
509,180,54561bf4-fe37-5b37-934d-9c7f81542f8b,Review the first prototype with a teammate,Record confusing steps and choose the two changes that matter most for the next pass.,done,medium,2026-07-16,3,true,2026-07-10T12:30:00+00:00,2026-07-16T12:30:00+00:00
510,180,f22a7317-9c2b-5d13-99b9-1a1622094bb3,Document the setup and known limits,Check a clean setup and include this boundary: Reports need a recent check; never infer drinking-water safety.,done,medium,2026-07-17,4,true,2026-07-10T13:30:00+00:00,2026-07-17T13:30:00+00:00
511,180,6e82bb3e-ede8-5803-ba1a-cc3aa8766199,Check keyboard navigation and small screens,"Use the primary flow without a mouse, then repeat it at a narrow viewport.",done,low,2026-07-18,5,true,2026-07-10T14:30:00+00:00,2026-07-18T14:30:00+00:00
512,180,54561bf4-fe37-5b37-934d-9c7f81542f8b,Add regression checks for the main flow,Cover the behaviour behind this task: show when a refill point was last checked.,done,high,2026-07-19,6,true,2026-07-10T15:30:00+00:00,2026-07-19T15:30:00+00:00
513,180,f22a7317-9c2b-5d13-99b9-1a1622094bb3,Prepare the project handover notes,"Include a working example, remaining issues, and who last worked on each part.",done,medium,2026-07-20,7,true,2026-07-10T16:30:00+00:00,2026-07-20T16:30:00+00:00
514,181,ef763ec1-f93c-5744-9640-4ca59adf9347,Make document requirements editable,"Store checklist state, not passports, bank records or scholarship decisions.",done,medium,2026-08-24,0,true,2026-08-21T17:30:00+00:00,2026-08-24T17:30:00+00:00
515,181,4c2177ab-592a-5e4a-b25b-8bb3f8090555,Write the first-use checklist for Scholarship document checklist,Keep the checklist to one flow and note what data is required before starting.,done,medium,2026-08-25,1,true,2026-08-21T18:30:00+00:00,2026-08-25T18:30:00+00:00
516,181,ef763ec1-f93c-5744-9640-4ca59adf9347,Sketch the empty and error states,"Show what happens before there is any data, and when the main action fails. Help applicants track which documents they have prepared.",done,medium,2026-08-26,2,true,2026-08-21T19:30:00+00:00,2026-08-26T19:30:00+00:00
517,181,4c2177ab-592a-5e4a-b25b-8bb3f8090555,Review the first prototype with a teammate,Record confusing steps and choose the two changes that matter most for the next pass.,done,low,2026-08-27,3,true,2026-08-21T20:30:00+00:00,2026-08-27T20:30:00+00:00
518,181,ef763ec1-f93c-5744-9640-4ca59adf9347,Document the setup and known limits,"Check a clean setup and include this boundary: Store checklist state, not passports, bank records or scholarship decisions.",done,medium,2026-08-28,4,true,2026-08-21T21:30:00+00:00,2026-08-28T21:30:00+00:00
519,181,4c2177ab-592a-5e4a-b25b-8bb3f8090555,Check keyboard navigation and small screens,"Use the primary flow without a mouse, then repeat it at a narrow viewport.",done,medium,2026-08-29,5,true,2026-08-21T22:30:00+00:00,2026-08-29T22:30:00+00:00
520,182,3bc3e38a-5ff7-5330-ab2d-8add18e85d57,Add a next-session question field,Use fictional learners and avoid diagnostic labels.,todo,medium,2026-09-29,0,false,2026-08-20T15:30:00+00:00,2026-08-20T15:30:00+00:00
521,182,96ccee9a-30f2-56cd-b597-a927c84e0f75,Write the first-use checklist for Peer tutoring session notes,Keep the checklist to one flow and note what data is required before starting.,todo,low,2026-09-30,1,false,2026-08-20T16:30:00+00:00,2026-08-20T16:30:00+00:00
522,182,f3744506-cae3-5f81-8a4f-506a60395be8,Sketch the empty and error states,"Show what happens before there is any data, and when the main action fails. Write a short recap of a tutoring session and the next exercise.",todo,medium,2026-10-01,2,false,2026-08-20T17:30:00+00:00,2026-08-20T17:30:00+00:00
523,182,3bc3e38a-5ff7-5330-ab2d-8add18e85d57,Review the first prototype with a teammate,Record confusing steps and choose the two changes that matter most for the next pass.,todo,low,2026-10-02,3,false,2026-08-20T18:30:00+00:00,2026-08-20T18:30:00+00:00
524,182,96ccee9a-30f2-56cd-b597-a927c84e0f75,Document the setup and known limits,Check a clean setup and include this boundary: Use fictional learners and avoid diagnostic labels.,todo,medium,2026-10-03,4,false,2026-08-20T19:30:00+00:00,2026-08-20T19:30:00+00:00
525,182,f3744506-cae3-5f81-8a4f-506a60395be8,Check keyboard navigation and small screens,"Use the primary flow without a mouse, then repeat it at a narrow viewport.",todo,medium,2026-10-04,5,false,2026-08-20T20:30:00+00:00,2026-08-20T20:30:00+00:00
526,183,da462241-608b-5422-bdbd-0d98184a433d,Preserve units in exported tables,Keep measurements unchanged and label generated section headings.,done,low,2026-08-25,0,true,2026-08-22T20:30:00+00:00,2026-08-25T20:30:00+00:00
527,183,484e243b-afd7-5767-bb0f-4262c0334aea,Write the first-use checklist for Markdown lab report builder,Keep the checklist to one flow and note what data is required before starting.,in_progress,medium,2026-10-01,1,false,2026-08-22T21:30:00+00:00,2026-08-22T21:30:00+00:00
528,183,0947c4b9-50d6-50e2-9043-84a15b80e8c7,Sketch the empty and error states,"Show what happens before there is any data, and when the main action fails. Turn structured experiment notes into a readable Markdown draft.",todo,medium,2026-10-02,2,false,2026-08-22T22:30:00+00:00,2026-08-22T22:30:00+00:00
529,183,693ebb02-ab3f-5d60-b798-d4d4df4900d2,Review the first prototype with a teammate,Record confusing steps and choose the two changes that matter most for the next pass.,done,medium,2026-08-28,3,true,2026-08-22T23:30:00+00:00,2026-08-28T23:30:00+00:00
530,184,2e2e8079-6c9e-51c9-bc7e-1475045fd514,Add calibration dates to sensor data,Show calibration notes and missing readings without health guarantees.,done,medium,2026-07-05,0,true,2026-07-02T04:30:00+00:00,2026-07-05T04:30:00+00:00
531,184,5ccdaadc-80b2-50e1-a0c1-bad0246a7cf2,Write the first-use checklist for Classroom air diary,Keep the checklist to one flow and note what data is required before starting.,done,medium,2026-07-06,1,true,2026-07-02T05:30:00+00:00,2026-07-06T05:30:00+00:00
532,184,001e944b-e64e-5742-afb7-5e04327e41ee,Sketch the empty and error states,"Show what happens before there is any data, and when the main action fails. Graph CO2 readings from a classroom sensor prototype.",done,low,2026-07-07,2,true,2026-07-02T06:30:00+00:00,2026-07-07T06:30:00+00:00
533,184,96ccee9a-30f2-56cd-b597-a927c84e0f75,Review the first prototype with a teammate,Record confusing steps and choose the two changes that matter most for the next pass.,done,high,2026-07-08,3,true,2026-07-02T07:30:00+00:00,2026-07-08T07:30:00+00:00
534,184,35e87bcc-650c-5e3f-9741-3f0c54905b6f,Document the setup and known limits,Check a clean setup and include this boundary: Show calibration notes and missing readings without health guarantees.,done,high,2026-07-09,4,true,2026-07-02T08:30:00+00:00,2026-07-09T08:30:00+00:00
535,184,2e2e8079-6c9e-51c9-bc7e-1475045fd514,Check keyboard navigation and small screens,"Use the primary flow without a mouse, then repeat it at a narrow viewport.",done,medium,2026-07-10,5,true,2026-07-02T09:30:00+00:00,2026-07-10T09:30:00+00:00
536,184,5ccdaadc-80b2-50e1-a0c1-bad0246a7cf2,Add regression checks for the main flow,Cover the behaviour behind this task: add calibration dates to sensor data.,done,medium,2026-07-11,6,true,2026-07-02T10:30:00+00:00,2026-07-11T10:30:00+00:00
537,185,d5dc7189-89df-5fd7-983f-1124b6de3d68,Separate required work from optional extras,"No legal templates; focus on deliverables, revisions and assumptions.",done,medium,2026-08-13,0,true,2026-08-10T23:30:00+00:00,2026-08-13T23:30:00+00:00
538,185,eb3717c1-cd92-5eeb-af40-9df7f3132426,Write the first-use checklist for Freelance scope worksheet,Keep the checklist to one flow and note what data is required before starting.,review,medium,2026-09-24,1,false,2026-08-11T00:30:00+00:00,2026-08-11T00:30:00+00:00
539,185,d5dc7189-89df-5fd7-983f-1124b6de3d68,Sketch the empty and error states,"Show what happens before there is any data, and when the main action fails. Help students write a small project scope before agreeing to work.",in_progress,medium,2026-09-25,2,false,2026-08-11T01:30:00+00:00,2026-08-11T01:30:00+00:00
540,185,eb3717c1-cd92-5eeb-af40-9df7f3132426,Review the first prototype with a teammate,Record confusing steps and choose the two changes that matter most for the next pass.,review,high,2026-09-26,3,false,2026-08-11T02:30:00+00:00,2026-08-11T02:30:00+00:00
541,185,d5dc7189-89df-5fd7-983f-1124b6de3d68,Document the setup and known limits,"Check a clean setup and include this boundary: No legal templates; focus on deliverables, revisions and assumptions.",done,low,2026-08-18,4,true,2026-08-11T03:30:00+00:00,2026-08-18T03:30:00+00:00
542,185,eb3717c1-cd92-5eeb-af40-9df7f3132426,Check keyboard navigation and small screens,"Use the primary flow without a mouse, then repeat it at a narrow viewport.",done,medium,2026-08-19,5,true,2026-08-11T04:30:00+00:00,2026-08-19T04:30:00+00:00
543,186,40120057-c43a-5745-9d3a-d9b0c6b1e84e,Limit shared schedules to pickup windows,Keep recipient details out of shared schedules.,done,high,2026-07-24,0,true,2026-07-21T22:30:00+00:00,2026-07-24T22:30:00+00:00
544,186,1bc15434-bc22-56cc-a890-336efd2a11e5,Write the first-use checklist for Mutual aid pickup rota,Keep the checklist to one flow and note what data is required before starting.,done,medium,2026-07-25,1,true,2026-07-21T23:30:00+00:00,2026-07-25T23:30:00+00:00
545,186,fb400c3e-ecd0-522e-8b8e-1323946be71a,Sketch the empty and error states,"Show what happens before there is any data, and when the main action fails. Coordinate collection shifts for a student mutual-aid group.",in_progress,medium,2026-09-26,2,false,2026-07-22T00:30:00+00:00,2026-07-22T00:30:00+00:00
546,186,eeeb9e89-042f-5fdc-8fcf-2c3ad56f9bf1,Review the first prototype with a teammate,Record confusing steps and choose the two changes that matter most for the next pass.,in_progress,high,2026-09-27,3,false,2026-07-22T01:30:00+00:00,2026-07-22T01:30:00+00:00
547,186,40120057-c43a-5745-9d3a-d9b0c6b1e84e,Document the setup and known limits,Check a clean setup and include this boundary: Keep recipient details out of shared schedules.,in_progress,medium,2026-09-28,4,false,2026-07-22T02:30:00+00:00,2026-07-22T02:30:00+00:00
548,186,1bc15434-bc22-56cc-a890-336efd2a11e5,Check keyboard navigation and small screens,"Use the primary flow without a mouse, then repeat it at a narrow viewport.",in_progress,medium,2026-09-29,5,false,2026-07-22T03:30:00+00:00,2026-07-22T03:30:00+00:00
549,186,fb400c3e-ecd0-522e-8b8e-1323946be71a,Add regression checks for the main flow,Cover the behaviour behind this task: limit shared schedules to pickup windows.,in_progress,low,2026-09-30,6,false,2026-07-22T04:30:00+00:00,2026-07-22T04:30:00+00:00
550,186,eeeb9e89-042f-5fdc-8fcf-2c3ad56f9bf1,Prepare the project handover notes,"Include a working example, remaining issues, and who last worked on each part.",done,high,2026-08-01,7,true,2026-07-22T05:30:00+00:00,2026-08-01T05:30:00+00:00
551,187,cd8c4c60-ab9b-5cf3-996e-d4fbb990f4c6,Group discussion cards by chapter,Reference chapters without copying the text of the book.,review,medium,2026-09-25,0,false,2026-07-15T08:30:00+00:00,2026-07-15T08:30:00+00:00
552,187,6e82bb3e-ede8-5803-ba1a-cc3aa8766199,Write the first-use checklist for Book club question cards,Keep the checklist to one flow and note what data is required before starting.,todo,high,2026-09-26,1,false,2026-07-15T09:30:00+00:00,2026-07-15T09:30:00+00:00
553,187,d5dc7189-89df-5fd7-983f-1124b6de3d68,Sketch the empty and error states,"Show what happens before there is any data, and when the main action fails. Collect original questions for a small reading group.",todo,high,2026-09-27,2,false,2026-07-15T10:30:00+00:00,2026-07-15T10:30:00+00:00
554,187,cd8c4c60-ab9b-5cf3-996e-d4fbb990f4c6,Review the first prototype with a teammate,Record confusing steps and choose the two changes that matter most for the next pass.,in_progress,high,2026-09-28,3,false,2026-07-15T11:30:00+00:00,2026-07-15T11:30:00+00:00
555,188,3d5b480d-3962-5c76-96ca-5459d65372aa,Keep captions attached when images reorder,Use self-made sample images and retain captions.,done,high,2026-08-17,0,true,2026-08-14T02:30:00+00:00,2026-08-17T02:30:00+00:00
556,188,06657aeb-b604-5b0d-9281-d2e5afb78a9d,Write the first-use checklist for Photo walk contact sheets,Keep the checklist to one flow and note what data is required before starting.,done,medium,2026-08-18,1,true,2026-08-14T03:30:00+00:00,2026-08-18T03:30:00+00:00
557,188,51420309-4688-52d6-84b9-51c0dc3a900e,Sketch the empty and error states,"Show what happens before there is any data, and when the main action fails. Arrange a photographer's selected images into printable contact sheets.",done,medium,2026-08-19,2,true,2026-08-14T04:30:00+00:00,2026-08-19T04:30:00+00:00
558,188,a60d0128-bffa-5d2d-9915-36693e6bc3ba,Review the first prototype with a teammate,Record confusing steps and choose the two changes that matter most for the next pass.,done,medium,2026-08-20,3,true,2026-08-14T05:30:00+00:00,2026-08-20T05:30:00+00:00
559,188,da462241-608b-5422-bdbd-0d98184a433d,Document the setup and known limits,Check a clean setup and include this boundary: Use self-made sample images and retain captions.,done,medium,2026-08-21,4,true,2026-08-14T06:30:00+00:00,2026-08-21T06:30:00+00:00
560,188,3d5b480d-3962-5c76-96ca-5459d65372aa,Check keyboard navigation and small screens,"Use the primary flow without a mouse, then repeat it at a narrow viewport.",done,medium,2026-08-22,5,true,2026-08-14T07:30:00+00:00,2026-08-22T07:30:00+00:00
561,188,06657aeb-b604-5b0d-9281-d2e5afb78a9d,Add regression checks for the main flow,Cover the behaviour behind this task: keep captions attached when images reorder.,done,medium,2026-08-23,6,true,2026-08-14T08:30:00+00:00,2026-08-23T08:30:00+00:00
562,188,51420309-4688-52d6-84b9-51c0dc3a900e,Prepare the project handover notes,"Include a working example, remaining issues, and who last worked on each part.",done,medium,2026-08-24,7,true,2026-08-14T09:30:00+00:00,2026-08-24T09:30:00+00:00
563,189,4ec67eb8-4fda-5cbc-bbd1-a6afc7ce8130,Test owner and non-owner requests,Use isolated sample records and show why a denied request failed.,todo,medium,2026-09-27,0,false,2026-07-02T09:30:00+00:00,2026-07-02T09:30:00+00:00
564,189,b39a9d3d-f3eb-5d31-9cc7-15e278969b70,Write the first-use checklist for API permission playground,Keep the checklist to one flow and note what data is required before starting.,todo,high,2026-09-28,1,false,2026-07-02T10:30:00+00:00,2026-07-02T10:30:00+00:00
565,189,88a268b0-6bca-5583-b041-ffdbc51be7e6,Sketch the empty and error states,"Show what happens before there is any data, and when the main action fails. Demonstrate who can read and change fictional shared records.",todo,medium,2026-09-29,2,false,2026-07-02T11:30:00+00:00,2026-07-02T11:30:00+00:00
566,190,facb4557-eabe-5f8b-89cc-f223b91c89b7,Export a reproducible cleaning history,Do not silently replace missing values or modify the raw file.,todo,medium,2026-09-28,0,false,2026-08-26T23:30:00+00:00,2026-08-26T23:30:00+00:00
567,190,cb162f3d-006f-544e-bfa6-f9abb8a52026,Write the first-use checklist for Field survey cleaning log,Keep the checklist to one flow and note what data is required before starting.,todo,medium,2026-09-29,1,false,2026-08-27T00:30:00+00:00,2026-08-27T00:30:00+00:00
568,190,693ebb02-ab3f-5d60-b798-d4d4df4900d2,Sketch the empty and error states,"Show what happens before there is any data, and when the main action fails. Record decisions made while cleaning a class survey dataset.",in_progress,medium,2026-09-30,2,false,2026-08-27T01:30:00+00:00,2026-08-27T01:30:00+00:00
569,191,001e944b-e64e-5742-afb7-5e04327e41ee,Reproduce two requests for the same slot,The exercise never connects to a real booking system.,todo,medium,2026-09-29,0,false,2026-07-16T14:30:00+00:00,2026-07-16T14:30:00+00:00
570,191,90cced0e-f2c7-528c-bd28-38c44ead6c98,Write the first-use checklist for Study room booking replay,Keep the checklist to one flow and note what data is required before starting.,in_progress,low,2026-09-30,1,false,2026-07-16T15:30:00+00:00,2026-07-16T15:30:00+00:00
571,191,3425797b-5c54-5f3a-9a34-9cedb0dc5b84,Sketch the empty and error states,"Show what happens before there is any data, and when the main action fails. Replay fictional booking events to understand race conditions.",todo,medium,2026-10-01,2,false,2026-07-16T16:30:00+00:00,2026-07-16T16:30:00+00:00
572,191,f3744506-cae3-5f81-8a4f-506a60395be8,Review the first prototype with a teammate,Record confusing steps and choose the two changes that matter most for the next pass.,todo,medium,2026-10-02,3,false,2026-07-16T17:30:00+00:00,2026-07-16T17:30:00+00:00
