thread_id,user_id,viewed_on
114,878bb7d9-5569-5efb-bbd1-5e39d62d594d,2026-08-12
114,e747fee0-a84b-5f51-98a3-7481903c9023,2026-08-05
114,d9aaa9eb-5304-587b-b0f4-42a2d5930f54,2026-09-06
114,7f0221a7-4703-52e7-8b26-fa2cd7303c90,2026-09-18
114,9c9c228f-3bd5-5da4-b666-fbfab93b4b7e,2026-08-13
114,e502b694-466f-5e1f-9293-146b264ae20c,2026-09-10
114,9d1c460b-bd0b-57ff-ac14-f2b10f73edd3,2026-08-06
114,b897da16-1a55-5740-8129-7d502e6f44b8,2026-09-06
114,33ba5d16-c38c-5bcf-9896-ea8ae81d6e7b,2026-09-06
114,67357d35-e727-50a5-9114-d5f2da172374,2026-08-24
114,95927b04-f214-5c26-878d-fb55176e41bc,2026-08-11
114,d3175e63-6121-5d55-b429-df91670d9aca,2026-09-08
114,f8f213c7-3d61-567e-9735-5e3e9498b892,2026-09-05
114,4c2177ab-592a-5e4a-b25b-8bb3f8090555,2026-09-18
114,ac9c9500-b7e4-5bbe-8f4e-a40a6201979a,2026-09-02
114,96dbbdad-601e-5bc2-9d1a-78f9f6349a39,2026-08-25
114,45cee65b-db52-5dff-b09d-0ee1ac2be20f,2026-09-18
114,bb4b0d34-59a4-5948-a9be-a1aa6caece55,2026-09-10
114,b39a9d3d-f3eb-5d31-9cc7-15e278969b70,2026-09-01
114,5532dec3-02ae-5ac3-8b57-2e8214a8598b,2026-09-04
114,e21dfd78-ea9f-5754-a3b2-3b3b66dd30b5,2026-08-11
114,1bc15434-bc22-56cc-a890-336efd2a11e5,2026-09-08
114,ffe47fd1-7989-5728-addd-50b504edd889,2026-09-09
114,e7dd6cb0-626e-510a-9e98-0498c534b04d,2026-08-11
115,20b4182c-90f7-51da-99e8-97ade4d19a92,2026-09-14
115,d767d4bb-a2aa-587a-90f9-23d0689ae52a,2026-09-13
115,b7f1d97d-9f3c-5885-b9ef-48d67a16a686,2026-09-17
115,0e49007f-82be-5238-a956-37d8f7b40d4c,2026-09-15
115,8300625d-d3f5-5264-8503-98a2bfbf60d8,2026-09-13
115,da462241-608b-5422-bdbd-0d98184a433d,2026-09-18
115,458287c3-1628-5e26-8930-0d88ae11ce1a,2026-09-13
115,61347d09-09eb-5f04-a4ec-fe830319799f,2026-09-16
115,19e81afb-74c1-5b4a-9af3-469f3b610235,2026-09-17
115,b0ebc690-efe0-594f-bd55-e4d7ec3454bc,2026-09-16
115,8819cb55-67e6-5a55-98c8-d80446975a9e,2026-09-14
115,bf54d417-d834-5d3e-a7f9-106377fe05a5,2026-09-14
115,605985c4-d18d-54b0-829f-2a199ea5c81d,2026-09-14
115,96373821-4bf4-53b8-bd24-bb64bbb3b84e,2026-09-12
115,3d5b480d-3962-5c76-96ca-5459d65372aa,2026-09-15
115,1767869f-381f-59b9-acac-01da2d539e40,2026-09-14
115,4c310820-12d3-5128-9a45-973db446b59e,2026-09-16
115,3a376c3a-3e46-5c8c-815c-232b66ca9bc8,2026-09-16
115,1b1e4344-fde4-5cc2-b82c-4fb458696522,2026-09-18
115,a6b8342c-310b-5b88-9c07-602dbd646488,2026-09-12
115,67357d35-e727-50a5-9114-d5f2da172374,2026-09-13
115,77c684c4-9514-5edc-85ff-1052c8544c14,2026-09-15
115,6720265f-9f2b-5485-bf24-54e1784991b6,2026-09-12
115,1767869f-381f-59b9-acac-01da2d539e40,2026-09-18
115,7ef6d8e7-132e-5da5-a653-16dd2e5719c4,2026-09-13
115,8819cb55-67e6-5a55-98c8-d80446975a9e,2026-09-12
115,63fdd1e3-9db3-5b05-9799-510eea6abab7,2026-09-15
115,605985c4-d18d-54b0-829f-2a199ea5c81d,2026-09-18
115,8ecc0792-3789-53b2-a26e-fc6daa886eb7,2026-09-16
115,4ec67eb8-4fda-5cbc-bbd1-a6afc7ce8130,2026-09-17
115,0da68170-ff38-5dad-9224-770d261f1c8a,2026-09-13
115,1bf86e3f-0e6e-5241-b319-71005237945f,2026-09-14
115,af808cd8-ab34-515f-a8a0-a1b0719a537b,2026-09-14
115,da462241-608b-5422-bdbd-0d98184a433d,2026-09-16
115,9edec740-5de6-5c27-8233-5cf72946b182,2026-09-18
115,a53c485b-a35c-51fb-84a5-364207ce0adb,2026-09-15
115,f8f213c7-3d61-567e-9735-5e3e9498b892,2026-09-17
115,b0ebc690-efe0-594f-bd55-e4d7ec3454bc,2026-09-12
115,49a9d8f7-08ea-5972-af3a-0ca0a6c06e59,2026-09-12
115,e0b64119-ecb0-52a5-852d-39c211ce337a,2026-09-15
115,b7180518-4b5b-54ef-9060-958212d05ab7,2026-09-15
115,96dbbdad-601e-5bc2-9d1a-78f9f6349a39,2026-09-13
115,8ae0340a-8eaf-5e9d-9db0-ac449334023d,2026-09-15
115,6ab0c42d-0ad5-5b3d-9c6c-4ab9eaa47586,2026-09-14
115,b0ebc690-efe0-594f-bd55-e4d7ec3454bc,2026-09-13
115,f2561442-8439-5138-9a3b-8bcf96f16609,2026-09-14
115,f2561442-8439-5138-9a3b-8bcf96f16609,2026-09-17
115,3bc3e38a-5ff7-5330-ab2d-8add18e85d57,2026-09-13
115,67357d35-e727-50a5-9114-d5f2da172374,2026-09-17
115,40120057-c43a-5745-9d3a-d9b0c6b1e84e,2026-09-14
115,5421f79d-ed60-5eed-852b-01b379adab9e,2026-09-18
115,b55b4f74-ded6-5cf1-aae0-9ad89c03c10c,2026-09-18
115,651ce25b-8132-52d9-8f74-889f22c3bb5c,2026-09-13
115,e137404e-9196-525c-b17a-44dc96d29f29,2026-09-14
115,e7dd6cb0-626e-510a-9e98-0498c534b04d,2026-09-12
115,34046d1a-c67e-5a81-b9d5-47dd4840c4fe,2026-09-16
115,3425797b-5c54-5f3a-9a34-9cedb0dc5b84,2026-09-15
115,facb4557-eabe-5f8b-89cc-f223b91c89b7,2026-09-17
115,b55b4f74-ded6-5cf1-aae0-9ad89c03c10c,2026-09-16
115,ab45f9eb-3fee-5ea5-bccb-faffc50f3e76,2026-09-13
115,9355c2cf-38db-5118-9b77-3d5b5b3870df,2026-09-14
115,50d6350f-ffd4-59ad-a1ff-65a49a77a913,2026-09-17
115,e0b64119-ecb0-52a5-852d-39c211ce337a,2026-09-18
115,0da68170-ff38-5dad-9224-770d261f1c8a,2026-09-15
115,bdc5faf6-386d-5338-99a0-32d156bcbd68,2026-09-18
115,6e82bb3e-ede8-5803-ba1a-cc3aa8766199,2026-09-15
115,36016ab9-3cc9-5f6a-8bc7-1d138ad9cb43,2026-09-15
115,a0a53b38-722a-56e6-a52c-fe0e06169a59,2026-09-16
115,34046d1a-c67e-5a81-b9d5-47dd4840c4fe,2026-09-15
115,484e243b-afd7-5767-bb0f-4262c0334aea,2026-09-16
115,1873645b-b54c-51dc-a41a-7131e831a64f,2026-09-16
115,605985c4-d18d-54b0-829f-2a199ea5c81d,2026-09-12
115,fbdfefdb-ca2d-5a0e-87ed-62021c1c11d4,2026-09-15
115,9cba29b2-e169-54f3-9d61-1d5013f80312,2026-09-17
115,01c00e49-c4d6-5d4b-bbc1-8aa3fe21ba2a,2026-09-18
115,88820056-e901-59a1-b2ca-c4e813b34f7b,2026-09-17
115,8fa5b823-1a70-59f7-9bb2-b3d5f36dc82b,2026-09-14
115,5ce94e6e-a987-5fd1-90b2-94a1174f9376,2026-09-15
115,45cee65b-db52-5dff-b09d-0ee1ac2be20f,2026-09-15
115,33ba5d16-c38c-5bcf-9896-ea8ae81d6e7b,2026-09-15
115,4307ee18-2e16-50be-abbc-db160bb8e8fd,2026-09-17
115,0947c4b9-50d6-50e2-9043-84a15b80e8c7,2026-09-12
115,1062abbb-4fcd-51a9-95fc-5474e4af7640,2026-09-14
115,d0c58825-6ead-50f6-9a07-f2f95dbb51ea,2026-09-14
115,ea7edc0e-b64d-545f-b311-b4ee943f2935,2026-09-18
115,baa8ef70-5b01-5a49-84cb-71c353290705,2026-09-14
115,d2a70bca-a25c-522f-9b7e-c967b69503cc,2026-09-16
115,a2cc3818-be31-5aeb-828c-e23f579431aa,2026-09-12
115,ae7ac442-d880-5cd8-bc30-8d21c5f7dc54,2026-09-15
115,b55b4f74-ded6-5cf1-aae0-9ad89c03c10c,2026-09-13
115,53f78f7e-e2df-586b-b483-5748c92d0f9f,2026-09-15
115,e7dd6cb0-626e-510a-9e98-0498c534b04d,2026-09-13
115,9a026691-28ff-5880-9da3-006735af19d3,2026-09-16
115,e7c63421-97d2-555e-9731-46cb0f04f637,2026-09-18
115,4ec67eb8-4fda-5cbc-bbd1-a6afc7ce8130,2026-09-14
115,37b7aed3-d207-54f7-b4ec-0e05c50eaeb2,2026-09-12
115,ae96d203-7a11-52ed-9e02-cd93c3dda603,2026-09-17
115,daa36188-60fd-56a2-938b-70b1b51084b0,2026-09-12
115,90cced0e-f2c7-528c-bd28-38c44ead6c98,2026-09-15
115,dfe9e449-d177-56af-a679-d3e1c78c5c02,2026-09-18
115,f2561442-8439-5138-9a3b-8bcf96f16609,2026-09-15
115,20b4182c-90f7-51da-99e8-97ade4d19a92,2026-09-18
115,af808cd8-ab34-515f-a8a0-a1b0719a537b,2026-09-18
115,4307ee18-2e16-50be-abbc-db160bb8e8fd,2026-09-12
115,eeeb9e89-042f-5fdc-8fcf-2c3ad56f9bf1,2026-09-14
115,4ec67eb8-4fda-5cbc-bbd1-a6afc7ce8130,2026-09-18
115,6720265f-9f2b-5485-bf24-54e1784991b6,2026-09-14
115,d3175e63-6121-5d55-b429-df91670d9aca,2026-09-17
115,64b591cd-4cbe-577a-aba9-ee6912328a58,2026-09-16
115,3425797b-5c54-5f3a-9a34-9cedb0dc5b84,2026-09-14
115,368442e7-2dfe-5df4-9ab7-a468b984050a,2026-09-14
115,8ae0340a-8eaf-5e9d-9db0-ac449334023d,2026-09-12
115,7b359533-e634-59eb-a2c3-b5501ff96488,2026-09-18
115,f3744506-cae3-5f81-8a4f-506a60395be8,2026-09-17
115,88820056-e901-59a1-b2ca-c4e813b34f7b,2026-09-15
115,f22a7317-9c2b-5d13-99b9-1a1622094bb3,2026-09-18
115,673e8617-3280-5bfa-85a6-738a6d64aac6,2026-09-13
115,43a3bb15-e7a6-5c42-a198-3e0d7f080ba1,2026-09-18
115,54561bf4-fe37-5b37-934d-9c7f81542f8b,2026-09-18
115,ef763ec1-f93c-5744-9640-4ca59adf9347,2026-09-13
115,d6b81cb4-a299-5894-baa5-463cb63679a3,2026-09-14
115,0b532307-3033-5baf-b61c-915d1213c01f,2026-09-12
115,405fd522-6b0d-52fc-b397-dc3ce2e4a2ea,2026-09-18
115,ea7edc0e-b64d-545f-b311-b4ee943f2935,2026-09-16
115,6ecf180b-be59-594c-a33b-31bd0120f01f,2026-09-16
115,f0f4eb8c-a1ed-50a1-bc7d-2863700a31a5,2026-09-15
115,ef763ec1-f93c-5744-9640-4ca59adf9347,2026-09-16
115,783491ec-2857-52e8-a102-766d7abba6d2,2026-09-12
115,f3744506-cae3-5f81-8a4f-506a60395be8,2026-09-14
115,fb400c3e-ecd0-522e-8b8e-1323946be71a,2026-09-13
115,4307ee18-2e16-50be-abbc-db160bb8e8fd,2026-09-14
115,4c2177ab-592a-5e4a-b25b-8bb3f8090555,2026-09-16
115,d2a70bca-a25c-522f-9b7e-c967b69503cc,2026-09-15
115,341a0cef-f4a9-53ee-8980-229dc154ff4e,2026-09-16
115,001e944b-e64e-5742-afb7-5e04327e41ee,2026-09-16
115,82a5c89c-0b3a-58b9-9259-837a5348a5c2,2026-09-17
115,40120057-c43a-5745-9d3a-d9b0c6b1e84e,2026-09-13
115,6d9d0917-bda8-5863-abe4-92d14b0cc926,2026-09-12
115,19e81afb-74c1-5b4a-9af3-469f3b610235,2026-09-16
115,45abfe15-6e8d-57cf-bda3-b7ae2b5c0bc7,2026-09-12
115,9edec740-5de6-5c27-8233-5cf72946b182,2026-09-12
115,33ba5d16-c38c-5bcf-9896-ea8ae81d6e7b,2026-09-14
115,3425797b-5c54-5f3a-9a34-9cedb0dc5b84,2026-09-18
115,7ef6d8e7-132e-5da5-a653-16dd2e5719c4,2026-09-15
115,e3efd234-c7f9-5957-937f-661b1c3981ef,2026-09-13
115,4966bb54-4d4f-5992-8586-1bd44991d17f,2026-09-17
115,84da666c-c47c-572e-b2c9-3b6f35881596,2026-09-17
115,d9fbcbde-376a-5f82-9fb5-268a24b02d57,2026-09-18
115,7f0221a7-4703-52e7-8b26-fa2cd7303c90,2026-09-16
115,44a33563-638c-52da-ae01-285f43dfcb99,2026-09-14
115,96ccee9a-30f2-56cd-b597-a927c84e0f75,2026-09-13
115,37b7aed3-d207-54f7-b4ec-0e05c50eaeb2,2026-09-16
115,1dd6da2f-292d-52b5-8e0e-a84885e81ba1,2026-09-15
115,e7dd6cb0-626e-510a-9e98-0498c534b04d,2026-09-16
115,a60d0128-bffa-5d2d-9915-36693e6bc3ba,2026-09-17
116,405fd522-6b0d-52fc-b397-dc3ce2e4a2ea,2026-09-13
116,0bd9c807-50b6-567b-befe-96c80ed2fc9d,2026-09-08
116,e7dd6cb0-626e-510a-9e98-0498c534b04d,2026-09-11
116,458287c3-1628-5e26-8930-0d88ae11ce1a,2026-09-17
116,7298015b-9105-595a-b879-3013c08053f7,2026-09-14
116,8300625d-d3f5-5264-8503-98a2bfbf60d8,2026-09-10
116,2e2e8079-6c9e-51c9-bc7e-1475045fd514,2026-09-12
116,ffe47fd1-7989-5728-addd-50b504edd889,2026-09-11
116,0e49007f-82be-5238-a956-37d8f7b40d4c,2026-09-11
117,51420309-4688-52d6-84b9-51c0dc3a900e,2026-09-01
117,d48cab4b-e48b-59ae-88d6-41d5d463569d,2026-09-03
117,6b9b6012-cdb4-50eb-8ad0-01c36516df23,2026-09-18
117,729fe171-fa0d-547e-b374-39bd19f4c645,2026-09-12
117,5532dec3-02ae-5ac3-8b57-2e8214a8598b,2026-09-07
117,368442e7-2dfe-5df4-9ab7-a468b984050a,2026-09-12
117,0b532307-3033-5baf-b61c-915d1213c01f,2026-09-06
117,518ae987-15f7-5b22-8bcc-df59623dbdce,2026-09-18
117,7f0221a7-4703-52e7-8b26-fa2cd7303c90,2026-09-12
117,d2a70bca-a25c-522f-9b7e-c967b69503cc,2026-09-13
117,0e992dba-f631-52d1-b7e3-76faec77c33f,2026-09-17
117,53f78f7e-e2df-586b-b483-5748c92d0f9f,2026-09-17
117,f6e8344b-87f4-5461-93fc-b01ff1ae4265,2026-09-14
117,e21dfd78-ea9f-5754-a3b2-3b3b66dd30b5,2026-09-16
117,facb4557-eabe-5f8b-89cc-f223b91c89b7,2026-09-13
117,ac9c9500-b7e4-5bbe-8f4e-a40a6201979a,2026-09-10
117,6720265f-9f2b-5485-bf24-54e1784991b6,2026-09-15
117,96dbbdad-601e-5bc2-9d1a-78f9f6349a39,2026-09-12
117,1b1e4344-fde4-5cc2-b82c-4fb458696522,2026-09-06
117,ec6d706d-7dba-534b-8700-e6752dbd06e1,2026-09-05
117,729fe171-fa0d-547e-b374-39bd19f4c645,2026-09-13
117,d16e3cdc-2868-563d-867d-62fa9b8b24ea,2026-09-09
117,7f0221a7-4703-52e7-8b26-fa2cd7303c90,2026-09-08
117,cd8c4c60-ab9b-5cf3-996e-d4fbb990f4c6,2026-09-08
117,1873645b-b54c-51dc-a41a-7131e831a64f,2026-09-06
117,a53c485b-a35c-51fb-84a5-364207ce0adb,2026-09-03
117,6720265f-9f2b-5485-bf24-54e1784991b6,2026-09-14
117,6e82bb3e-ede8-5803-ba1a-cc3aa8766199,2026-09-01
117,605985c4-d18d-54b0-829f-2a199ea5c81d,2026-09-02
117,405fd522-6b0d-52fc-b397-dc3ce2e4a2ea,2026-09-12
117,a2cc3818-be31-5aeb-828c-e23f579431aa,2026-09-10
117,729fe171-fa0d-547e-b374-39bd19f4c645,2026-09-02
117,1bc15434-bc22-56cc-a890-336efd2a11e5,2026-09-10
117,ab45f9eb-3fee-5ea5-bccb-faffc50f3e76,2026-09-10
117,651ce25b-8132-52d9-8f74-889f22c3bb5c,2026-09-05
117,6e82bb3e-ede8-5803-ba1a-cc3aa8766199,2026-09-11
117,b0ebc690-efe0-594f-bd55-e4d7ec3454bc,2026-09-05
117,64609795-d498-5ea7-ad33-a3bcecf9d962,2026-09-02
117,4307ee18-2e16-50be-abbc-db160bb8e8fd,2026-09-04
117,58074159-53d7-5a52-8436-d84a05af35a9,2026-09-12
117,0da68170-ff38-5dad-9224-770d261f1c8a,2026-09-02
117,64609795-d498-5ea7-ad33-a3bcecf9d962,2026-09-10
117,ffe47fd1-7989-5728-addd-50b504edd889,2026-09-17
117,302b84f9-9053-5cf7-bed0-305678227875,2026-09-17
117,6b9b6012-cdb4-50eb-8ad0-01c36516df23,2026-09-02
117,1062abbb-4fcd-51a9-95fc-5474e4af7640,2026-09-12
117,001e944b-e64e-5742-afb7-5e04327e41ee,2026-09-15
117,eb397f92-99ac-5f0f-8f81-3540865f0477,2026-09-18
117,3bc3e38a-5ff7-5330-ab2d-8add18e85d57,2026-09-15
117,e21dfd78-ea9f-5754-a3b2-3b3b66dd30b5,2026-09-07
117,33ba5d16-c38c-5bcf-9896-ea8ae81d6e7b,2026-09-05
117,7b359533-e634-59eb-a2c3-b5501ff96488,2026-09-18
117,e5b7ccce-2cb7-5b6e-95a5-32ffacbca87f,2026-09-03
117,096499d2-73d6-5063-9dd4-a7c1aebac61d,2026-09-08
117,36016ab9-3cc9-5f6a-8bc7-1d138ad9cb43,2026-09-18
117,95927b04-f214-5c26-878d-fb55176e41bc,2026-09-06
117,9047d24d-0775-5f10-bf17-6e8fc62c5884,2026-09-12
117,95927b04-f214-5c26-878d-fb55176e41bc,2026-09-18
117,5a4b137d-2ebb-5c75-8cdd-bf77406b4b9f,2026-09-01
117,77c684c4-9514-5edc-85ff-1052c8544c14,2026-09-06
117,a0a53b38-722a-56e6-a52c-fe0e06169a59,2026-09-07
117,1dd6da2f-292d-52b5-8e0e-a84885e81ba1,2026-09-10
117,6467241a-6abd-5888-8e87-40e0e86cbc55,2026-09-10
117,1767869f-381f-59b9-acac-01da2d539e40,2026-09-01
117,fbdfefdb-ca2d-5a0e-87ed-62021c1c11d4,2026-09-16
117,6720265f-9f2b-5485-bf24-54e1784991b6,2026-09-09
117,1b1e4344-fde4-5cc2-b82c-4fb458696522,2026-09-11
117,25797954-b022-582e-8349-e1e2c141368c,2026-09-03
117,9c9c228f-3bd5-5da4-b666-fbfab93b4b7e,2026-09-09
117,a0a53b38-722a-56e6-a52c-fe0e06169a59,2026-09-05
117,3bc3e38a-5ff7-5330-ab2d-8add18e85d57,2026-09-06
117,34046d1a-c67e-5a81-b9d5-47dd4840c4fe,2026-09-08
117,e5b7ccce-2cb7-5b6e-95a5-32ffacbca87f,2026-09-14
117,1767869f-381f-59b9-acac-01da2d539e40,2026-09-15
117,f985b68e-39ae-5c83-8468-2b126802c414,2026-09-09
117,49a9d8f7-08ea-5972-af3a-0ca0a6c06e59,2026-09-02
117,cac67f41-f5af-5268-9e2d-34feac0dc9fa,2026-09-03
117,9c9c228f-3bd5-5da4-b666-fbfab93b4b7e,2026-09-17
117,7e6a1243-34f5-52e6-862f-e5f3b2ebe640,2026-09-15
117,19e81afb-74c1-5b4a-9af3-469f3b610235,2026-09-02
117,64b591cd-4cbe-577a-aba9-ee6912328a58,2026-09-01
117,7f0221a7-4703-52e7-8b26-fa2cd7303c90,2026-09-07
117,25797954-b022-582e-8349-e1e2c141368c,2026-09-08
117,729fe171-fa0d-547e-b374-39bd19f4c645,2026-09-15
117,5ce94e6e-a987-5fd1-90b2-94a1174f9376,2026-09-15
117,ee289908-380a-5bb3-8fdc-0990b203929b,2026-09-09
117,096499d2-73d6-5063-9dd4-a7c1aebac61d,2026-09-10
117,20b63262-d3e6-555a-95b2-84fc87694a19,2026-09-06
117,d48cab4b-e48b-59ae-88d6-41d5d463569d,2026-09-02
117,bc38029f-d1c5-5b8f-8055-d446a522cb91,2026-09-04
117,bf54d417-d834-5d3e-a7f9-106377fe05a5,2026-09-02
117,0947c4b9-50d6-50e2-9043-84a15b80e8c7,2026-09-10
117,f0f4eb8c-a1ed-50a1-bc7d-2863700a31a5,2026-09-15
117,20b4182c-90f7-51da-99e8-97ade4d19a92,2026-09-17
117,8fa5b823-1a70-59f7-9bb2-b3d5f36dc82b,2026-09-05
117,84da666c-c47c-572e-b2c9-3b6f35881596,2026-09-16
117,25797954-b022-582e-8349-e1e2c141368c,2026-09-05
117,3bc3e38a-5ff7-5330-ab2d-8add18e85d57,2026-09-10
117,58074159-53d7-5a52-8436-d84a05af35a9,2026-09-16
117,ab45f9eb-3fee-5ea5-bccb-faffc50f3e76,2026-09-18
117,a992f17b-79b6-5dcf-aed4-2aebaa5775c7,2026-09-16
117,58074159-53d7-5a52-8436-d84a05af35a9,2026-09-13
117,8ae0340a-8eaf-5e9d-9db0-ac449334023d,2026-09-05
117,fd96bbd1-5601-5c99-a1e2-04b09168b35e,2026-09-09
117,f21481e8-5bf3-5aa6-a7e0-fe6e26920e28,2026-09-06
117,a070c6d0-c23b-5036-b352-f16db0d6ec8e,2026-09-16
117,7f0221a7-4703-52e7-8b26-fa2cd7303c90,2026-09-05
117,b7f1d97d-9f3c-5885-b9ef-48d67a16a686,2026-09-17
117,52ab3a8f-ec5c-5e66-bcd5-efc304512118,2026-09-15
117,ffe47fd1-7989-5728-addd-50b504edd889,2026-09-13
117,4c2177ab-592a-5e4a-b25b-8bb3f8090555,2026-09-08
117,b0ebc690-efe0-594f-bd55-e4d7ec3454bc,2026-09-06
117,b5be680a-732e-55e0-bc5d-b80e831ff33a,2026-09-07
117,64609795-d498-5ea7-ad33-a3bcecf9d962,2026-09-01
117,7624f38b-fbca-546f-af04-c9dda9318f82,2026-09-11
117,a53c485b-a35c-51fb-84a5-364207ce0adb,2026-09-06
117,64b591cd-4cbe-577a-aba9-ee6912328a58,2026-09-02
117,ee289908-380a-5bb3-8fdc-0990b203929b,2026-09-07
117,878bb7d9-5569-5efb-bbd1-5e39d62d594d,2026-09-07
117,63fdd1e3-9db3-5b05-9799-510eea6abab7,2026-09-01
117,ae7ac442-d880-5cd8-bc30-8d21c5f7dc54,2026-09-04
117,3d0f3e54-413b-5a89-bc88-8cb0e7246b97,2026-09-02
117,5c465a9a-bc36-5d7b-b5a2-0f18d9dab68a,2026-09-15
117,33ba5d16-c38c-5bcf-9896-ea8ae81d6e7b,2026-09-07
117,5c465a9a-bc36-5d7b-b5a2-0f18d9dab68a,2026-09-11
117,95ff45a0-9b28-55cb-bba6-22a608a4e30d,2026-09-12
117,9edec740-5de6-5c27-8233-5cf72946b182,2026-09-09
117,6690668c-e73d-51ff-9ca4-36bec9b8c175,2026-09-07
117,508d03e7-de84-523a-8242-f48abc9451d7,2026-09-15
117,61347d09-09eb-5f04-a4ec-fe830319799f,2026-09-17
117,88a268b0-6bca-5583-b041-ffdbc51be7e6,2026-09-14
117,e7c63421-97d2-555e-9731-46cb0f04f637,2026-09-08
117,67357d35-e727-50a5-9114-d5f2da172374,2026-09-14
117,10feece1-a2cd-532b-8488-21659a3bee22,2026-09-13
117,4cf03b5a-e2ca-57f2-95b8-16a3b92247e6,2026-09-10
117,1bf86e3f-0e6e-5241-b319-71005237945f,2026-09-14
117,96373821-4bf4-53b8-bd24-bb64bbb3b84e,2026-09-02
117,cac67f41-f5af-5268-9e2d-34feac0dc9fa,2026-09-12
117,20b4182c-90f7-51da-99e8-97ade4d19a92,2026-09-14
117,cb162f3d-006f-544e-bfa6-f9abb8a52026,2026-09-18
117,6690668c-e73d-51ff-9ca4-36bec9b8c175,2026-09-13
117,19e81afb-74c1-5b4a-9af3-469f3b610235,2026-09-07
117,6ab0c42d-0ad5-5b3d-9c6c-4ab9eaa47586,2026-09-03
117,6ac5a7a4-ae0d-5e31-8a7c-d85b63a96c46,2026-09-16
117,44f09dba-7a20-5f46-840b-4670e6c7eb92,2026-09-03
117,7b359533-e634-59eb-a2c3-b5501ff96488,2026-09-11
117,341a0cef-f4a9-53ee-8980-229dc154ff4e,2026-09-10
117,b7f1d97d-9f3c-5885-b9ef-48d67a16a686,2026-09-12
117,eb397f92-99ac-5f0f-8f81-3540865f0477,2026-09-16
117,40120057-c43a-5745-9d3a-d9b0c6b1e84e,2026-09-02
117,d0c58825-6ead-50f6-9a07-f2f95dbb51ea,2026-09-09
117,8ae0340a-8eaf-5e9d-9db0-ac449334023d,2026-09-02
117,f0f4eb8c-a1ed-50a1-bc7d-2863700a31a5,2026-09-09
117,20b63262-d3e6-555a-95b2-84fc87694a19,2026-09-10
117,90cced0e-f2c7-528c-bd28-38c44ead6c98,2026-09-15
118,4966bb54-4d4f-5992-8586-1bd44991d17f,2026-08-28
118,d767d4bb-a2aa-587a-90f9-23d0689ae52a,2026-09-04
118,7624f38b-fbca-546f-af04-c9dda9318f82,2026-09-14
118,a2cc3818-be31-5aeb-828c-e23f579431aa,2026-09-06
118,e21dfd78-ea9f-5754-a3b2-3b3b66dd30b5,2026-08-17
118,4ec67eb8-4fda-5cbc-bbd1-a6afc7ce8130,2026-08-29
118,458287c3-1628-5e26-8930-0d88ae11ce1a,2026-09-07
118,53f78f7e-e2df-586b-b483-5748c92d0f9f,2026-09-13
118,6cf4bb40-4d81-5eb3-b9d9-5841cd55724e,2026-09-16
118,eeeb9e89-042f-5fdc-8fcf-2c3ad56f9bf1,2026-09-08
118,ec6d706d-7dba-534b-8700-e6752dbd06e1,2026-08-24
118,e502b694-466f-5e1f-9293-146b264ae20c,2026-08-17
118,44a33563-638c-52da-ae01-285f43dfcb99,2026-09-07
118,e7c63421-97d2-555e-9731-46cb0f04f637,2026-08-16
118,35e87bcc-650c-5e3f-9741-3f0c54905b6f,2026-08-27
118,bb4b0d34-59a4-5948-a9be-a1aa6caece55,2026-08-27
118,5d857806-7d61-533b-bc12-af2d7b775d29,2026-09-04
118,ef763ec1-f93c-5744-9640-4ca59adf9347,2026-09-09
118,6d9d0917-bda8-5863-abe4-92d14b0cc926,2026-08-27
118,b7f1d97d-9f3c-5885-b9ef-48d67a16a686,2026-08-22
118,77c684c4-9514-5edc-85ff-1052c8544c14,2026-08-30
118,84047d01-74e6-5a08-a20e-b5c25e3eff3e,2026-09-09
118,4c2177ab-592a-5e4a-b25b-8bb3f8090555,2026-08-18
118,0e49007f-82be-5238-a956-37d8f7b40d4c,2026-09-09
118,082b47e7-5a06-5a34-bd49-595c82b2b196,2026-09-16
118,53f78f7e-e2df-586b-b483-5748c92d0f9f,2026-09-14
118,e1f9b739-b2d3-51e6-9609-05805a6d151c,2026-08-23
118,e7dd6cb0-626e-510a-9e98-0498c534b04d,2026-08-17
118,605985c4-d18d-54b0-829f-2a199ea5c81d,2026-08-21
118,ee289908-380a-5bb3-8fdc-0990b203929b,2026-08-23
118,783491ec-2857-52e8-a102-766d7abba6d2,2026-08-26
118,96ccee9a-30f2-56cd-b597-a927c84e0f75,2026-09-09
118,f4793612-bd5c-52c4-b29e-226fe28a77ca,2026-08-21
118,eb3717c1-cd92-5eeb-af40-9df7f3132426,2026-09-03
118,7298015b-9105-595a-b879-3013c08053f7,2026-08-18
118,d3175e63-6121-5d55-b429-df91670d9aca,2026-08-25
118,7b48b183-5d87-500f-9cec-2e003c19efac,2026-09-10
118,6988340a-a3c1-5fda-a996-711f1723c649,2026-08-31
118,3bc3e38a-5ff7-5330-ab2d-8add18e85d57,2026-08-23
118,fd96bbd1-5601-5c99-a1e2-04b09168b35e,2026-08-29
118,e7c63421-97d2-555e-9731-46cb0f04f637,2026-08-27
118,a53c485b-a35c-51fb-84a5-364207ce0adb,2026-08-17
118,ef763ec1-f93c-5744-9640-4ca59adf9347,2026-09-10
118,6d9d0917-bda8-5863-abe4-92d14b0cc926,2026-08-17
118,f0f4eb8c-a1ed-50a1-bc7d-2863700a31a5,2026-09-14
118,85df6dcd-e42a-581f-802b-eb93568b74eb,2026-09-14
118,b39a9d3d-f3eb-5d31-9cc7-15e278969b70,2026-08-31
118,f21481e8-5bf3-5aa6-a7e0-fe6e26920e28,2026-08-30
118,f6e8344b-87f4-5461-93fc-b01ff1ae4265,2026-09-02
118,eeeb9e89-042f-5fdc-8fcf-2c3ad56f9bf1,2026-09-02
118,7b359533-e634-59eb-a2c3-b5501ff96488,2026-09-09
118,518ae987-15f7-5b22-8bcc-df59623dbdce,2026-08-30
118,6d9d0917-bda8-5863-abe4-92d14b0cc926,2026-09-04
118,0b532307-3033-5baf-b61c-915d1213c01f,2026-09-15
118,458287c3-1628-5e26-8930-0d88ae11ce1a,2026-09-15
118,5532dec3-02ae-5ac3-8b57-2e8214a8598b,2026-09-07
118,3b932376-f549-5a1c-a24b-664b4bc338e3,2026-09-06
118,54561bf4-fe37-5b37-934d-9c7f81542f8b,2026-09-13
118,405fd522-6b0d-52fc-b397-dc3ce2e4a2ea,2026-08-21
118,49a9d8f7-08ea-5972-af3a-0ca0a6c06e59,2026-08-20
118,ec6d706d-7dba-534b-8700-e6752dbd06e1,2026-08-20
118,06657aeb-b604-5b0d-9281-d2e5afb78a9d,2026-08-26
118,783491ec-2857-52e8-a102-766d7abba6d2,2026-09-18
118,d6b81cb4-a299-5894-baa5-463cb63679a3,2026-08-23
118,10feece1-a2cd-532b-8488-21659a3bee22,2026-09-18
118,484e243b-afd7-5767-bb0f-4262c0334aea,2026-08-27
118,58074159-53d7-5a52-8436-d84a05af35a9,2026-09-16
118,6e82bb3e-ede8-5803-ba1a-cc3aa8766199,2026-09-02
118,50d6350f-ffd4-59ad-a1ff-65a49a77a913,2026-09-03
118,7f0221a7-4703-52e7-8b26-fa2cd7303c90,2026-08-29
118,25797954-b022-582e-8349-e1e2c141368c,2026-09-09
118,33ba5d16-c38c-5bcf-9896-ea8ae81d6e7b,2026-08-28
118,458287c3-1628-5e26-8930-0d88ae11ce1a,2026-09-11
118,f0ca4141-ccff-5472-ba76-f4b194108c7b,2026-09-16
118,1dd6da2f-292d-52b5-8e0e-a84885e81ba1,2026-09-01
118,6720265f-9f2b-5485-bf24-54e1784991b6,2026-08-18
118,e747fee0-a84b-5f51-98a3-7481903c9023,2026-08-21
118,f1fb49f6-8f16-5086-a3b3-1c5e169f9ad4,2026-08-16
118,34046d1a-c67e-5a81-b9d5-47dd4840c4fe,2026-09-09
118,5ce94e6e-a987-5fd1-90b2-94a1174f9376,2026-09-03
118,af808cd8-ab34-515f-a8a0-a1b0719a537b,2026-08-19
118,4966bb54-4d4f-5992-8586-1bd44991d17f,2026-08-22
118,605985c4-d18d-54b0-829f-2a199ea5c81d,2026-09-15
118,8819cb55-67e6-5a55-98c8-d80446975a9e,2026-09-11
118,36016ab9-3cc9-5f6a-8bc7-1d138ad9cb43,2026-09-01
119,341a0cef-f4a9-53ee-8980-229dc154ff4e,2026-08-02
119,6467241a-6abd-5888-8e87-40e0e86cbc55,2026-09-07
119,4ec67eb8-4fda-5cbc-bbd1-a6afc7ce8130,2026-09-10
119,0e49007f-82be-5238-a956-37d8f7b40d4c,2026-09-01
119,082b47e7-5a06-5a34-bd49-595c82b2b196,2026-09-01
119,7b359533-e634-59eb-a2c3-b5501ff96488,2026-09-16
119,d16e3cdc-2868-563d-867d-62fa9b8b24ea,2026-08-14
119,fd96bbd1-5601-5c99-a1e2-04b09168b35e,2026-09-07
119,f22a7317-9c2b-5d13-99b9-1a1622094bb3,2026-09-04
119,19e81afb-74c1-5b4a-9af3-469f3b610235,2026-09-08
119,8ae0340a-8eaf-5e9d-9db0-ac449334023d,2026-08-15
119,19e81afb-74c1-5b4a-9af3-469f3b610235,2026-08-27
119,e7c63421-97d2-555e-9731-46cb0f04f637,2026-09-09
119,7bdf8ad6-1318-5f74-9112-e2b655e215a2,2026-08-09
119,368442e7-2dfe-5df4-9ab7-a468b984050a,2026-08-11
119,50d6350f-ffd4-59ad-a1ff-65a49a77a913,2026-08-12
119,a070c6d0-c23b-5036-b352-f16db0d6ec8e,2026-08-31
119,ab45f9eb-3fee-5ea5-bccb-faffc50f3e76,2026-08-20
119,6ac5a7a4-ae0d-5e31-8a7c-d85b63a96c46,2026-09-11
119,52ab3a8f-ec5c-5e66-bcd5-efc304512118,2026-08-01
119,6ac5a7a4-ae0d-5e31-8a7c-d85b63a96c46,2026-08-18
119,adfbbf3c-5175-5e0a-bf98-b8854f2081c2,2026-08-13
119,9cba29b2-e169-54f3-9d61-1d5013f80312,2026-08-18
119,4c2177ab-592a-5e4a-b25b-8bb3f8090555,2026-09-16
119,e137404e-9196-525c-b17a-44dc96d29f29,2026-08-28
119,58074159-53d7-5a52-8436-d84a05af35a9,2026-08-12
119,3bc3e38a-5ff7-5330-ab2d-8add18e85d57,2026-08-12
119,9b2e34a9-6722-598e-a857-e346acd294bf,2026-08-20
119,daa36188-60fd-56a2-938b-70b1b51084b0,2026-09-12
119,54561bf4-fe37-5b37-934d-9c7f81542f8b,2026-08-03
119,6ecf180b-be59-594c-a33b-31bd0120f01f,2026-08-20
119,82a5c89c-0b3a-58b9-9259-837a5348a5c2,2026-08-06
119,ef763ec1-f93c-5744-9640-4ca59adf9347,2026-08-02
119,06657aeb-b604-5b0d-9281-d2e5afb78a9d,2026-09-17
119,610e9654-06d6-5e55-959b-377b8749b8f9,2026-09-13
119,8fa5b823-1a70-59f7-9bb2-b3d5f36dc82b,2026-08-20
119,cac67f41-f5af-5268-9e2d-34feac0dc9fa,2026-08-30
119,ea7edc0e-b64d-545f-b311-b4ee943f2935,2026-08-05
119,3bc3e38a-5ff7-5330-ab2d-8add18e85d57,2026-08-11
119,f21481e8-5bf3-5aa6-a7e0-fe6e26920e28,2026-09-17
120,ae7ac442-d880-5cd8-bc30-8d21c5f7dc54,2026-09-17
120,ec6d706d-7dba-534b-8700-e6752dbd06e1,2026-09-17
120,373cd20e-25d5-5a46-a0ae-18157cf68a55,2026-09-18
120,7ef6d8e7-132e-5da5-a653-16dd2e5719c4,2026-09-17
120,ef763ec1-f93c-5744-9640-4ca59adf9347,2026-09-17
120,ef763ec1-f93c-5744-9640-4ca59adf9347,2026-09-18
120,33ba5d16-c38c-5bcf-9896-ea8ae81d6e7b,2026-09-18
120,eb3717c1-cd92-5eeb-af40-9df7f3132426,2026-09-17
120,cac67f41-f5af-5268-9e2d-34feac0dc9fa,2026-09-17
120,878bb7d9-5569-5efb-bbd1-5e39d62d594d,2026-09-17
120,20b63262-d3e6-555a-95b2-84fc87694a19,2026-09-17
120,1dd6da2f-292d-52b5-8e0e-a84885e81ba1,2026-09-18
120,4966bb54-4d4f-5992-8586-1bd44991d17f,2026-09-17
120,b7f1d97d-9f3c-5885-b9ef-48d67a16a686,2026-09-18
120,d0c58825-6ead-50f6-9a07-f2f95dbb51ea,2026-09-17
120,a53c485b-a35c-51fb-84a5-364207ce0adb,2026-09-18
120,7b359533-e634-59eb-a2c3-b5501ff96488,2026-09-18
120,82a5c89c-0b3a-58b9-9259-837a5348a5c2,2026-09-18
120,88a268b0-6bca-5583-b041-ffdbc51be7e6,2026-09-18
120,6ab0c42d-0ad5-5b3d-9c6c-4ab9eaa47586,2026-09-17
120,f0ca4141-ccff-5472-ba76-f4b194108c7b,2026-09-18
120,3425797b-5c54-5f3a-9a34-9cedb0dc5b84,2026-09-17
120,facb4557-eabe-5f8b-89cc-f223b91c89b7,2026-09-17
120,c6286e16-5e03-594c-aa67-861b8ba91b33,2026-09-18
120,37b7aed3-d207-54f7-b4ec-0e05c50eaeb2,2026-09-17
120,405fd522-6b0d-52fc-b397-dc3ce2e4a2ea,2026-09-17
120,1dd6da2f-292d-52b5-8e0e-a84885e81ba1,2026-09-17
120,5d857806-7d61-533b-bc12-af2d7b775d29,2026-09-18
120,9355c2cf-38db-5118-9b77-3d5b5b3870df,2026-09-18
120,b55b4f74-ded6-5cf1-aae0-9ad89c03c10c,2026-09-18
120,5ccdaadc-80b2-50e1-a0c1-bad0246a7cf2,2026-09-17
120,3b932376-f549-5a1c-a24b-664b4bc338e3,2026-09-17
120,b5be680a-732e-55e0-bc5d-b80e831ff33a,2026-09-18
120,67357d35-e727-50a5-9114-d5f2da172374,2026-09-18
120,84047d01-74e6-5a08-a20e-b5c25e3eff3e,2026-09-18
120,b7180518-4b5b-54ef-9060-958212d05ab7,2026-09-17
120,01c00e49-c4d6-5d4b-bbc1-8aa3fe21ba2a,2026-09-17
120,d16e3cdc-2868-563d-867d-62fa9b8b24ea,2026-09-18
120,1bc15434-bc22-56cc-a890-336efd2a11e5,2026-09-18
120,67357d35-e727-50a5-9114-d5f2da172374,2026-09-17
120,d16e3cdc-2868-563d-867d-62fa9b8b24ea,2026-09-17
120,eeeb9e89-042f-5fdc-8fcf-2c3ad56f9bf1,2026-09-17
120,6988340a-a3c1-5fda-a996-711f1723c649,2026-09-18
120,4c310820-12d3-5128-9a45-973db446b59e,2026-09-18
120,01c00e49-c4d6-5d4b-bbc1-8aa3fe21ba2a,2026-09-18
120,651ce25b-8132-52d9-8f74-889f22c3bb5c,2026-09-18
120,daa36188-60fd-56a2-938b-70b1b51084b0,2026-09-17
120,7298015b-9105-595a-b879-3013c08053f7,2026-09-17
120,473b12ab-4d0d-5b7f-89b2-c0a1e2405c60,2026-09-18
120,0947c4b9-50d6-50e2-9043-84a15b80e8c7,2026-09-17
120,473b12ab-4d0d-5b7f-89b2-c0a1e2405c60,2026-09-17
120,f21481e8-5bf3-5aa6-a7e0-fe6e26920e28,2026-09-18
120,302b84f9-9053-5cf7-bed0-305678227875,2026-09-18
120,6988340a-a3c1-5fda-a996-711f1723c649,2026-09-17
120,0e49007f-82be-5238-a956-37d8f7b40d4c,2026-09-18
120,f4793612-bd5c-52c4-b29e-226fe28a77ca,2026-09-18
120,cac67f41-f5af-5268-9e2d-34feac0dc9fa,2026-09-18
120,1873645b-b54c-51dc-a41a-7131e831a64f,2026-09-18
120,64b591cd-4cbe-577a-aba9-ee6912328a58,2026-09-17
120,f223e569-d735-5980-b77b-25d459e64a37,2026-09-18
120,5d857806-7d61-533b-bc12-af2d7b775d29,2026-09-17
120,d767d4bb-a2aa-587a-90f9-23d0689ae52a,2026-09-18
120,baa8ef70-5b01-5a49-84cb-71c353290705,2026-09-18
120,da462241-608b-5422-bdbd-0d98184a433d,2026-09-17
120,508d03e7-de84-523a-8242-f48abc9451d7,2026-09-18
120,96373821-4bf4-53b8-bd24-bb64bbb3b84e,2026-09-17
120,f4b545d6-b6c0-54b8-847e-101d68428b48,2026-09-17
120,49a9d8f7-08ea-5972-af3a-0ca0a6c06e59,2026-09-18
120,e21dfd78-ea9f-5754-a3b2-3b3b66dd30b5,2026-09-18
120,a992f17b-79b6-5dcf-aed4-2aebaa5775c7,2026-09-17
120,5421f79d-ed60-5eed-852b-01b379adab9e,2026-09-18
120,d9fbcbde-376a-5f82-9fb5-268a24b02d57,2026-09-17
120,ab45f9eb-3fee-5ea5-bccb-faffc50f3e76,2026-09-18
120,daa36188-60fd-56a2-938b-70b1b51084b0,2026-09-18
120,fbdfefdb-ca2d-5a0e-87ed-62021c1c11d4,2026-09-18
120,554a90ae-c448-548d-a552-cd8f1c340cbd,2026-09-17
120,10feece1-a2cd-532b-8488-21659a3bee22,2026-09-17
120,20b4182c-90f7-51da-99e8-97ade4d19a92,2026-09-18
120,6ab0c42d-0ad5-5b3d-9c6c-4ab9eaa47586,2026-09-18
120,d3175e63-6121-5d55-b429-df91670d9aca,2026-09-17
120,3d5b480d-3962-5c76-96ca-5459d65372aa,2026-09-18
120,3bc3e38a-5ff7-5330-ab2d-8add18e85d57,2026-09-18
120,0947c4b9-50d6-50e2-9043-84a15b80e8c7,2026-09-18
120,0da68170-ff38-5dad-9224-770d261f1c8a,2026-09-18
120,e3efd234-c7f9-5957-937f-661b1c3981ef,2026-09-17
121,bf54d417-d834-5d3e-a7f9-106377fe05a5,2026-08-09
121,6ac5a7a4-ae0d-5e31-8a7c-d85b63a96c46,2026-09-11
121,783491ec-2857-52e8-a102-766d7abba6d2,2026-09-06
121,6988340a-a3c1-5fda-a996-711f1723c649,2026-08-09
121,e747fee0-a84b-5f51-98a3-7481903c9023,2026-09-07
121,ef763ec1-f93c-5744-9640-4ca59adf9347,2026-09-18
121,cb162f3d-006f-544e-bfa6-f9abb8a52026,2026-08-18
121,e7c63421-97d2-555e-9731-46cb0f04f637,2026-08-17
121,63fdd1e3-9db3-5b05-9799-510eea6abab7,2026-08-18
121,f3744506-cae3-5f81-8a4f-506a60395be8,2026-09-18
121,4c310820-12d3-5128-9a45-973db446b59e,2026-09-18
121,5ccdaadc-80b2-50e1-a0c1-bad0246a7cf2,2026-08-18
121,783491ec-2857-52e8-a102-766d7abba6d2,2026-08-19
121,a36cd93c-2f0c-5956-9a51-8094e39a7bed,2026-08-12
121,bb4b0d34-59a4-5948-a9be-a1aa6caece55,2026-09-03
121,44f09dba-7a20-5f46-840b-4670e6c7eb92,2026-08-13
122,da462241-608b-5422-bdbd-0d98184a433d,2026-09-08
122,3d0f3e54-413b-5a89-bc88-8cb0e7246b97,2026-09-08
122,cac67f41-f5af-5268-9e2d-34feac0dc9fa,2026-09-04
122,9edec740-5de6-5c27-8233-5cf72946b182,2026-09-15
122,6ecf180b-be59-594c-a33b-31bd0120f01f,2026-09-16
122,20b4182c-90f7-51da-99e8-97ade4d19a92,2026-09-18
122,f21481e8-5bf3-5aa6-a7e0-fe6e26920e28,2026-09-05
122,5a4b137d-2ebb-5c75-8cdd-bf77406b4b9f,2026-09-18
122,b39a9d3d-f3eb-5d31-9cc7-15e278969b70,2026-09-06
122,6ab0c42d-0ad5-5b3d-9c6c-4ab9eaa47586,2026-09-15
122,4ec67eb8-4fda-5cbc-bbd1-a6afc7ce8130,2026-09-07
122,82a5c89c-0b3a-58b9-9259-837a5348a5c2,2026-09-05
122,8ecc0792-3789-53b2-a26e-fc6daa886eb7,2026-09-10
122,4c310820-12d3-5128-9a45-973db446b59e,2026-09-09
122,daa36188-60fd-56a2-938b-70b1b51084b0,2026-09-09
122,eb3717c1-cd92-5eeb-af40-9df7f3132426,2026-09-06
122,53f78f7e-e2df-586b-b483-5748c92d0f9f,2026-09-14
122,729fe171-fa0d-547e-b374-39bd19f4c645,2026-09-06
122,96dbbdad-601e-5bc2-9d1a-78f9f6349a39,2026-09-13
122,a992f17b-79b6-5dcf-aed4-2aebaa5775c7,2026-09-17
122,5421f79d-ed60-5eed-852b-01b379adab9e,2026-09-18
122,b5be680a-732e-55e0-bc5d-b80e831ff33a,2026-09-14
122,b55b4f74-ded6-5cf1-aae0-9ad89c03c10c,2026-09-04
122,96ccee9a-30f2-56cd-b597-a927c84e0f75,2026-09-18
123,adfbbf3c-5175-5e0a-bf98-b8854f2081c2,2026-09-06
123,82a5c89c-0b3a-58b9-9259-837a5348a5c2,2026-08-29
123,d767d4bb-a2aa-587a-90f9-23d0689ae52a,2026-08-30
123,9cba29b2-e169-54f3-9d61-1d5013f80312,2026-08-04
123,d2a70bca-a25c-522f-9b7e-c967b69503cc,2026-08-06
124,e3efd234-c7f9-5957-937f-661b1c3981ef,2026-08-28
124,473b12ab-4d0d-5b7f-89b2-c0a1e2405c60,2026-09-15
124,adfbbf3c-5175-5e0a-bf98-b8854f2081c2,2026-09-06
124,fd96bbd1-5601-5c99-a1e2-04b09168b35e,2026-08-31
124,8300625d-d3f5-5264-8503-98a2bfbf60d8,2026-08-25
124,3bc3e38a-5ff7-5330-ab2d-8add18e85d57,2026-09-18
124,6b9b6012-cdb4-50eb-8ad0-01c36516df23,2026-09-11
124,f21481e8-5bf3-5aa6-a7e0-fe6e26920e28,2026-09-13
124,20b63262-d3e6-555a-95b2-84fc87694a19,2026-09-03
124,e747fee0-a84b-5f51-98a3-7481903c9023,2026-09-06
124,e1f9b739-b2d3-51e6-9609-05805a6d151c,2026-09-08
124,6b9b6012-cdb4-50eb-8ad0-01c36516df23,2026-08-26
124,f0ca4141-ccff-5472-ba76-f4b194108c7b,2026-09-09
124,4966bb54-4d4f-5992-8586-1bd44991d17f,2026-09-10
124,6cf4bb40-4d81-5eb3-b9d9-5841cd55724e,2026-08-24
124,36016ab9-3cc9-5f6a-8bc7-1d138ad9cb43,2026-09-09
124,84da666c-c47c-572e-b2c9-3b6f35881596,2026-08-22
124,3d016498-e16a-5ad9-95c7-b633dfc6a142,2026-09-14
124,f985b68e-39ae-5c83-8468-2b126802c414,2026-09-12
124,cd8c4c60-ab9b-5cf3-996e-d4fbb990f4c6,2026-09-04
124,d3175e63-6121-5d55-b429-df91670d9aca,2026-08-26
124,6988340a-a3c1-5fda-a996-711f1723c649,2026-09-11
124,e21dfd78-ea9f-5754-a3b2-3b3b66dd30b5,2026-09-09
124,5ccdaadc-80b2-50e1-a0c1-bad0246a7cf2,2026-09-05
124,c6286e16-5e03-594c-aa67-861b8ba91b33,2026-09-06
124,d9aaa9eb-5304-587b-b0f4-42a2d5930f54,2026-08-28
124,cd8c4c60-ab9b-5cf3-996e-d4fbb990f4c6,2026-08-26
124,e1f9b739-b2d3-51e6-9609-05805a6d151c,2026-08-30
124,fbdfefdb-ca2d-5a0e-87ed-62021c1c11d4,2026-09-03
124,e5b7ccce-2cb7-5b6e-95a5-32ffacbca87f,2026-09-02
124,6ecf180b-be59-594c-a33b-31bd0120f01f,2026-09-06
124,96ccee9a-30f2-56cd-b597-a927c84e0f75,2026-09-17
124,3a376c3a-3e46-5c8c-815c-232b66ca9bc8,2026-09-08
124,ef763ec1-f93c-5744-9640-4ca59adf9347,2026-09-04
124,9cba29b2-e169-54f3-9d61-1d5013f80312,2026-09-07
124,e137404e-9196-525c-b17a-44dc96d29f29,2026-08-30
124,6ab0c42d-0ad5-5b3d-9c6c-4ab9eaa47586,2026-09-16
124,7bdf8ad6-1318-5f74-9112-e2b655e215a2,2026-09-01
124,d48cab4b-e48b-59ae-88d6-41d5d463569d,2026-08-23
124,6720265f-9f2b-5485-bf24-54e1784991b6,2026-09-06
125,0e992dba-f631-52d1-b7e3-76faec77c33f,2026-09-12
125,84da666c-c47c-572e-b2c9-3b6f35881596,2026-09-02
125,36016ab9-3cc9-5f6a-8bc7-1d138ad9cb43,2026-09-16
125,d5dc7189-89df-5fd7-983f-1124b6de3d68,2026-08-28
125,34046d1a-c67e-5a81-b9d5-47dd4840c4fe,2026-09-18
125,a0a53b38-722a-56e6-a52c-fe0e06169a59,2026-08-29
125,5421f79d-ed60-5eed-852b-01b379adab9e,2026-09-13
125,729fe171-fa0d-547e-b374-39bd19f4c645,2026-09-12
125,eb3717c1-cd92-5eeb-af40-9df7f3132426,2026-09-07
125,e21dfd78-ea9f-5754-a3b2-3b3b66dd30b5,2026-09-17
125,51420309-4688-52d6-84b9-51c0dc3a900e,2026-09-08
125,0e992dba-f631-52d1-b7e3-76faec77c33f,2026-09-11
125,4cf03b5a-e2ca-57f2-95b8-16a3b92247e6,2026-09-17
125,33ba5d16-c38c-5bcf-9896-ea8ae81d6e7b,2026-09-06
125,e502b694-466f-5e1f-9293-146b264ae20c,2026-09-07
125,368442e7-2dfe-5df4-9ab7-a468b984050a,2026-09-16
126,36016ab9-3cc9-5f6a-8bc7-1d138ad9cb43,2026-09-09
126,4ec67eb8-4fda-5cbc-bbd1-a6afc7ce8130,2026-09-18
126,7624f38b-fbca-546f-af04-c9dda9318f82,2026-08-19
126,f1fb49f6-8f16-5086-a3b3-1c5e169f9ad4,2026-09-08
126,f0ca4141-ccff-5472-ba76-f4b194108c7b,2026-09-10
126,5d857806-7d61-533b-bc12-af2d7b775d29,2026-09-08
126,53f78f7e-e2df-586b-b483-5748c92d0f9f,2026-08-27
126,3d0f3e54-413b-5a89-bc88-8cb0e7246b97,2026-08-28
126,8300625d-d3f5-5264-8503-98a2bfbf60d8,2026-08-27
127,4c2177ab-592a-5e4a-b25b-8bb3f8090555,2026-08-31
127,3bc3e38a-5ff7-5330-ab2d-8add18e85d57,2026-09-05
127,610e9654-06d6-5e55-959b-377b8749b8f9,2026-09-05
127,9355c2cf-38db-5118-9b77-3d5b5b3870df,2026-08-29
127,783491ec-2857-52e8-a102-766d7abba6d2,2026-08-30
127,4845dc43-0c9d-5f09-aa4a-62e68abb5d12,2026-08-31
127,4966bb54-4d4f-5992-8586-1bd44991d17f,2026-08-31
127,ec6d706d-7dba-534b-8700-e6752dbd06e1,2026-09-10
127,fd96bbd1-5601-5c99-a1e2-04b09168b35e,2026-08-31
127,b7180518-4b5b-54ef-9060-958212d05ab7,2026-09-02
127,518ae987-15f7-5b22-8bcc-df59623dbdce,2026-09-12
127,ae96d203-7a11-52ed-9e02-cd93c3dda603,2026-08-30
127,0b532307-3033-5baf-b61c-915d1213c01f,2026-08-30
127,5532dec3-02ae-5ac3-8b57-2e8214a8598b,2026-09-18
127,a5526e82-ef69-522b-b3ad-df818658bde0,2026-09-02
127,a53c485b-a35c-51fb-84a5-364207ce0adb,2026-09-14
127,9b2e34a9-6722-598e-a857-e346acd294bf,2026-08-28
127,f0f4eb8c-a1ed-50a1-bc7d-2863700a31a5,2026-09-17
127,508d03e7-de84-523a-8242-f48abc9451d7,2026-09-08
127,6e82bb3e-ede8-5803-ba1a-cc3aa8766199,2026-09-16
127,bb4b0d34-59a4-5948-a9be-a1aa6caece55,2026-08-29
127,1062abbb-4fcd-51a9-95fc-5474e4af7640,2026-09-18
127,daa36188-60fd-56a2-938b-70b1b51084b0,2026-09-13
127,1bf86e3f-0e6e-5241-b319-71005237945f,2026-08-28
127,a36cd93c-2f0c-5956-9a51-8094e39a7bed,2026-09-03
127,ab45f9eb-3fee-5ea5-bccb-faffc50f3e76,2026-08-31
127,88a268b0-6bca-5583-b041-ffdbc51be7e6,2026-08-30
127,001e944b-e64e-5742-afb7-5e04327e41ee,2026-09-12
127,e1f9b739-b2d3-51e6-9609-05805a6d151c,2026-08-28
127,10feece1-a2cd-532b-8488-21659a3bee22,2026-09-15
127,3425797b-5c54-5f3a-9a34-9cedb0dc5b84,2026-08-29
127,d3175e63-6121-5d55-b429-df91670d9aca,2026-09-07
127,9b2e34a9-6722-598e-a857-e346acd294bf,2026-09-01
127,fb400c3e-ecd0-522e-8b8e-1323946be71a,2026-09-17
127,64609795-d498-5ea7-ad33-a3bcecf9d962,2026-09-07
127,b55b4f74-ded6-5cf1-aae0-9ad89c03c10c,2026-09-11
127,5a4b137d-2ebb-5c75-8cdd-bf77406b4b9f,2026-08-28
127,45abfe15-6e8d-57cf-bda3-b7ae2b5c0bc7,2026-08-30
127,d0c58825-6ead-50f6-9a07-f2f95dbb51ea,2026-08-29
127,e21dfd78-ea9f-5754-a3b2-3b3b66dd30b5,2026-09-02
127,e21dfd78-ea9f-5754-a3b2-3b3b66dd30b5,2026-09-11
127,5ccdaadc-80b2-50e1-a0c1-bad0246a7cf2,2026-09-12
127,5532dec3-02ae-5ac3-8b57-2e8214a8598b,2026-08-28
127,6690668c-e73d-51ff-9ca4-36bec9b8c175,2026-09-11
127,673e8617-3280-5bfa-85a6-738a6d64aac6,2026-09-18
127,cd8c4c60-ab9b-5cf3-996e-d4fbb990f4c6,2026-08-29
127,34046d1a-c67e-5a81-b9d5-47dd4840c4fe,2026-09-04
127,34046d1a-c67e-5a81-b9d5-47dd4840c4fe,2026-09-08
127,729fe171-fa0d-547e-b374-39bd19f4c645,2026-09-17
127,cb162f3d-006f-544e-bfa6-f9abb8a52026,2026-09-09
127,8300625d-d3f5-5264-8503-98a2bfbf60d8,2026-09-02
127,f3744506-cae3-5f81-8a4f-506a60395be8,2026-08-29
127,d3175e63-6121-5d55-b429-df91670d9aca,2026-09-12
127,49a9d8f7-08ea-5972-af3a-0ca0a6c06e59,2026-09-15
127,1bf86e3f-0e6e-5241-b319-71005237945f,2026-09-13
127,e502b694-466f-5e1f-9293-146b264ae20c,2026-09-06
127,ef763ec1-f93c-5744-9640-4ca59adf9347,2026-08-28
127,4307ee18-2e16-50be-abbc-db160bb8e8fd,2026-09-07
128,45cee65b-db52-5dff-b09d-0ee1ac2be20f,2026-09-18
128,b897da16-1a55-5740-8129-7d502e6f44b8,2026-09-18
128,3d016498-e16a-5ad9-95c7-b633dfc6a142,2026-09-17
128,473b12ab-4d0d-5b7f-89b2-c0a1e2405c60,2026-09-18
128,85df6dcd-e42a-581f-802b-eb93568b74eb,2026-09-18
129,e7dd6cb0-626e-510a-9e98-0498c534b04d,2026-09-17
129,c6286e16-5e03-594c-aa67-861b8ba91b33,2026-09-13
129,6ecf180b-be59-594c-a33b-31bd0120f01f,2026-09-14
129,96dbbdad-601e-5bc2-9d1a-78f9f6349a39,2026-09-18
129,096499d2-73d6-5063-9dd4-a7c1aebac61d,2026-09-12
129,d9aaa9eb-5304-587b-b0f4-42a2d5930f54,2026-09-17
129,a53c485b-a35c-51fb-84a5-364207ce0adb,2026-09-12
129,554a90ae-c448-548d-a552-cd8f1c340cbd,2026-09-17
129,f0f4eb8c-a1ed-50a1-bc7d-2863700a31a5,2026-09-18
129,9047d24d-0775-5f10-bf17-6e8fc62c5884,2026-09-12
129,373cd20e-25d5-5a46-a0ae-18157cf68a55,2026-09-16
129,2e2e8079-6c9e-51c9-bc7e-1475045fd514,2026-09-12
129,6988340a-a3c1-5fda-a996-711f1723c649,2026-09-12
129,10feece1-a2cd-532b-8488-21659a3bee22,2026-09-12
129,9cba29b2-e169-54f3-9d61-1d5013f80312,2026-09-13
129,b55b4f74-ded6-5cf1-aae0-9ad89c03c10c,2026-09-12
130,4ec67eb8-4fda-5cbc-bbd1-a6afc7ce8130,2026-09-12
130,84047d01-74e6-5a08-a20e-b5c25e3eff3e,2026-08-21
130,bc38029f-d1c5-5b8f-8055-d446a522cb91,2026-08-22
130,f3744506-cae3-5f81-8a4f-506a60395be8,2026-09-18
130,082b47e7-5a06-5a34-bd49-595c82b2b196,2026-09-12
130,ef763ec1-f93c-5744-9640-4ca59adf9347,2026-09-14
130,95ff45a0-9b28-55cb-bba6-22a608a4e30d,2026-08-22
130,4c310820-12d3-5128-9a45-973db446b59e,2026-08-18
130,ec6d706d-7dba-534b-8700-e6752dbd06e1,2026-09-07
131,f223e569-d735-5980-b77b-25d459e64a37,2026-09-16
131,001e944b-e64e-5742-afb7-5e04327e41ee,2026-09-18
131,9a026691-28ff-5880-9da3-006735af19d3,2026-09-14
131,9355c2cf-38db-5118-9b77-3d5b5b3870df,2026-09-18
131,302b84f9-9053-5cf7-bed0-305678227875,2026-09-15
131,b39a9d3d-f3eb-5d31-9cc7-15e278969b70,2026-09-17
131,3a376c3a-3e46-5c8c-815c-232b66ca9bc8,2026-09-17
131,9047d24d-0775-5f10-bf17-6e8fc62c5884,2026-09-18
131,64b591cd-4cbe-577a-aba9-ee6912328a58,2026-09-17
131,f4b545d6-b6c0-54b8-847e-101d68428b48,2026-09-18
131,5532dec3-02ae-5ac3-8b57-2e8214a8598b,2026-09-17
131,5d857806-7d61-533b-bc12-af2d7b775d29,2026-09-16
131,35e87bcc-650c-5e3f-9741-3f0c54905b6f,2026-09-18
131,d5dc7189-89df-5fd7-983f-1124b6de3d68,2026-09-16
131,da462241-608b-5422-bdbd-0d98184a433d,2026-09-15
131,7e6a1243-34f5-52e6-862f-e5f3b2ebe640,2026-09-17
131,36016ab9-3cc9-5f6a-8bc7-1d138ad9cb43,2026-09-18
131,5a4b137d-2ebb-5c75-8cdd-bf77406b4b9f,2026-09-18
131,473b12ab-4d0d-5b7f-89b2-c0a1e2405c60,2026-09-18
131,d767d4bb-a2aa-587a-90f9-23d0689ae52a,2026-09-18
131,e7dd6cb0-626e-510a-9e98-0498c534b04d,2026-09-16
131,f22a7317-9c2b-5d13-99b9-1a1622094bb3,2026-09-15
131,3a376c3a-3e46-5c8c-815c-232b66ca9bc8,2026-09-14
131,878bb7d9-5569-5efb-bbd1-5e39d62d594d,2026-09-17
131,cd8c4c60-ab9b-5cf3-996e-d4fbb990f4c6,2026-09-15
131,3bc3e38a-5ff7-5330-ab2d-8add18e85d57,2026-09-15
131,4ec67eb8-4fda-5cbc-bbd1-a6afc7ce8130,2026-09-16
131,e7dd6cb0-626e-510a-9e98-0498c534b04d,2026-09-15
131,77c684c4-9514-5edc-85ff-1052c8544c14,2026-09-14
131,ee289908-380a-5bb3-8fdc-0990b203929b,2026-09-18
131,ef763ec1-f93c-5744-9640-4ca59adf9347,2026-09-16
131,84047d01-74e6-5a08-a20e-b5c25e3eff3e,2026-09-17
131,ec6d706d-7dba-534b-8700-e6752dbd06e1,2026-09-16
131,b39a9d3d-f3eb-5d31-9cc7-15e278969b70,2026-09-14
131,d5dc7189-89df-5fd7-983f-1124b6de3d68,2026-09-17
131,ab45f9eb-3fee-5ea5-bccb-faffc50f3e76,2026-09-16
131,368442e7-2dfe-5df4-9ab7-a468b984050a,2026-09-17
131,45abfe15-6e8d-57cf-bda3-b7ae2b5c0bc7,2026-09-14
131,19e81afb-74c1-5b4a-9af3-469f3b610235,2026-09-17
131,610e9654-06d6-5e55-959b-377b8749b8f9,2026-09-15
131,84da666c-c47c-572e-b2c9-3b6f35881596,2026-09-18
131,7624f38b-fbca-546f-af04-c9dda9318f82,2026-09-15
131,a2cc3818-be31-5aeb-828c-e23f579431aa,2026-09-14
131,e21dfd78-ea9f-5754-a3b2-3b3b66dd30b5,2026-09-15
131,3425797b-5c54-5f3a-9a34-9cedb0dc5b84,2026-09-14
131,64b591cd-4cbe-577a-aba9-ee6912328a58,2026-09-15
131,fbdfefdb-ca2d-5a0e-87ed-62021c1c11d4,2026-09-15
131,10feece1-a2cd-532b-8488-21659a3bee22,2026-09-16
131,729fe171-fa0d-547e-b374-39bd19f4c645,2026-09-17
131,7bdf8ad6-1318-5f74-9112-e2b655e215a2,2026-09-17
131,84da666c-c47c-572e-b2c9-3b6f35881596,2026-09-15
131,ffe47fd1-7989-5728-addd-50b504edd889,2026-09-14
131,85df6dcd-e42a-581f-802b-eb93568b74eb,2026-09-16
131,6e82bb3e-ede8-5803-ba1a-cc3aa8766199,2026-09-15
131,ae96d203-7a11-52ed-9e02-cd93c3dda603,2026-09-17
131,1873645b-b54c-51dc-a41a-7131e831a64f,2026-09-17
131,eb397f92-99ac-5f0f-8f81-3540865f0477,2026-09-14
131,e5b7ccce-2cb7-5b6e-95a5-32ffacbca87f,2026-09-14
132,54561bf4-fe37-5b37-934d-9c7f81542f8b,2026-08-17
132,63fdd1e3-9db3-5b05-9799-510eea6abab7,2026-08-30
132,a36cd93c-2f0c-5956-9a51-8094e39a7bed,2026-09-18
132,b55b4f74-ded6-5cf1-aae0-9ad89c03c10c,2026-08-20
132,0947c4b9-50d6-50e2-9043-84a15b80e8c7,2026-09-03
132,341a0cef-f4a9-53ee-8980-229dc154ff4e,2026-09-08
132,1873645b-b54c-51dc-a41a-7131e831a64f,2026-09-03
132,1b1e4344-fde4-5cc2-b82c-4fb458696522,2026-08-23
132,77c684c4-9514-5edc-85ff-1052c8544c14,2026-08-29
132,f22a7317-9c2b-5d13-99b9-1a1622094bb3,2026-08-22
132,484e243b-afd7-5767-bb0f-4262c0334aea,2026-09-17
132,d48cab4b-e48b-59ae-88d6-41d5d463569d,2026-08-22
132,8fa5b823-1a70-59f7-9bb2-b3d5f36dc82b,2026-08-18
132,341a0cef-f4a9-53ee-8980-229dc154ff4e,2026-09-12
132,d767d4bb-a2aa-587a-90f9-23d0689ae52a,2026-09-13
132,64b591cd-4cbe-577a-aba9-ee6912328a58,2026-09-10
132,33d87513-60c2-51ff-9ec5-f0f1389ed27e,2026-09-10
132,518ae987-15f7-5b22-8bcc-df59623dbdce,2026-09-18
132,baa8ef70-5b01-5a49-84cb-71c353290705,2026-09-03
132,b5be680a-732e-55e0-bc5d-b80e831ff33a,2026-09-02
132,f8f213c7-3d61-567e-9735-5e3e9498b892,2026-08-21
132,e21dfd78-ea9f-5754-a3b2-3b3b66dd30b5,2026-09-12
132,3425797b-5c54-5f3a-9a34-9cedb0dc5b84,2026-08-19
132,b5be680a-732e-55e0-bc5d-b80e831ff33a,2026-09-01
132,1873645b-b54c-51dc-a41a-7131e831a64f,2026-08-19
132,52ab3a8f-ec5c-5e66-bcd5-efc304512118,2026-09-05
132,9b2e34a9-6722-598e-a857-e346acd294bf,2026-09-07
132,eeeb9e89-042f-5fdc-8fcf-2c3ad56f9bf1,2026-09-06
132,45cee65b-db52-5dff-b09d-0ee1ac2be20f,2026-08-11
132,52ab3a8f-ec5c-5e66-bcd5-efc304512118,2026-08-23
132,50de23a6-cd45-55ac-adb0-06d14b4ed8ce,2026-08-26
132,25797954-b022-582e-8349-e1e2c141368c,2026-08-12
132,e21dfd78-ea9f-5754-a3b2-3b3b66dd30b5,2026-08-20
132,8819cb55-67e6-5a55-98c8-d80446975a9e,2026-08-25
132,9d1c460b-bd0b-57ff-ac14-f2b10f73edd3,2026-08-25
132,a070c6d0-c23b-5036-b352-f16db0d6ec8e,2026-08-26
132,693ebb02-ab3f-5d60-b798-d4d4df4900d2,2026-09-05
132,20b4182c-90f7-51da-99e8-97ade4d19a92,2026-09-11
132,9c9c228f-3bd5-5da4-b666-fbfab93b4b7e,2026-08-21
132,4c310820-12d3-5128-9a45-973db446b59e,2026-09-14
132,096499d2-73d6-5063-9dd4-a7c1aebac61d,2026-08-12
132,d48cab4b-e48b-59ae-88d6-41d5d463569d,2026-09-06
132,0e992dba-f631-52d1-b7e3-76faec77c33f,2026-08-20
132,d16e3cdc-2868-563d-867d-62fa9b8b24ea,2026-09-10
132,1dd6da2f-292d-52b5-8e0e-a84885e81ba1,2026-08-19
132,adfbbf3c-5175-5e0a-bf98-b8854f2081c2,2026-09-08
132,729fe171-fa0d-547e-b374-39bd19f4c645,2026-08-13
132,a2cc3818-be31-5aeb-828c-e23f579431aa,2026-08-30
132,d6b81cb4-a299-5894-baa5-463cb63679a3,2026-08-28
132,33ba5d16-c38c-5bcf-9896-ea8ae81d6e7b,2026-09-18
132,6cf4bb40-4d81-5eb3-b9d9-5841cd55724e,2026-09-17
132,ffe47fd1-7989-5728-addd-50b504edd889,2026-08-27
132,6cf4bb40-4d81-5eb3-b9d9-5841cd55724e,2026-09-08
132,ac9c9500-b7e4-5bbe-8f4e-a40a6201979a,2026-09-05
132,302b84f9-9053-5cf7-bed0-305678227875,2026-09-12
132,3bc3e38a-5ff7-5330-ab2d-8add18e85d57,2026-08-24
132,8819cb55-67e6-5a55-98c8-d80446975a9e,2026-08-24
132,3d5b480d-3962-5c76-96ca-5459d65372aa,2026-08-22
132,4966bb54-4d4f-5992-8586-1bd44991d17f,2026-08-29
132,6988340a-a3c1-5fda-a996-711f1723c649,2026-09-14
132,25797954-b022-582e-8349-e1e2c141368c,2026-08-29
132,51420309-4688-52d6-84b9-51c0dc3a900e,2026-08-20
132,84047d01-74e6-5a08-a20e-b5c25e3eff3e,2026-09-02
132,4c2177ab-592a-5e4a-b25b-8bb3f8090555,2026-09-09
132,9a026691-28ff-5880-9da3-006735af19d3,2026-08-25
132,1dd6da2f-292d-52b5-8e0e-a84885e81ba1,2026-08-20
132,610e9654-06d6-5e55-959b-377b8749b8f9,2026-08-20
132,eeeb9e89-042f-5fdc-8fcf-2c3ad56f9bf1,2026-09-11
132,7bdf8ad6-1318-5f74-9112-e2b655e215a2,2026-08-23
132,7624f38b-fbca-546f-af04-c9dda9318f82,2026-09-03
132,bb4b0d34-59a4-5948-a9be-a1aa6caece55,2026-08-19
132,0e49007f-82be-5238-a956-37d8f7b40d4c,2026-08-16
132,25797954-b022-582e-8349-e1e2c141368c,2026-09-03
132,729fe171-fa0d-547e-b374-39bd19f4c645,2026-08-21
132,3b932376-f549-5a1c-a24b-664b4bc338e3,2026-08-11
132,bdc5faf6-386d-5338-99a0-32d156bcbd68,2026-09-09
132,10feece1-a2cd-532b-8488-21659a3bee22,2026-09-01
132,4c2177ab-592a-5e4a-b25b-8bb3f8090555,2026-08-25
132,1dd6da2f-292d-52b5-8e0e-a84885e81ba1,2026-09-16
132,06657aeb-b604-5b0d-9281-d2e5afb78a9d,2026-08-20
132,518ae987-15f7-5b22-8bcc-df59623dbdce,2026-09-07
132,88820056-e901-59a1-b2ca-c4e813b34f7b,2026-08-24
132,64609795-d498-5ea7-ad33-a3bcecf9d962,2026-09-18
132,1dd6da2f-292d-52b5-8e0e-a84885e81ba1,2026-09-06
132,e0b64119-ecb0-52a5-852d-39c211ce337a,2026-09-18
133,d9fbcbde-376a-5f82-9fb5-268a24b02d57,2026-09-13
133,52ab3a8f-ec5c-5e66-bcd5-efc304512118,2026-09-01
133,6690668c-e73d-51ff-9ca4-36bec9b8c175,2026-09-04
133,0e992dba-f631-52d1-b7e3-76faec77c33f,2026-09-13
133,d5dc7189-89df-5fd7-983f-1124b6de3d68,2026-09-16
133,cd8c4c60-ab9b-5cf3-996e-d4fbb990f4c6,2026-08-12
133,673e8617-3280-5bfa-85a6-738a6d64aac6,2026-09-16
133,554a90ae-c448-548d-a552-cd8f1c340cbd,2026-09-11
133,b39a9d3d-f3eb-5d31-9cc7-15e278969b70,2026-09-11
134,373cd20e-25d5-5a46-a0ae-18157cf68a55,2026-09-06
134,0da68170-ff38-5dad-9224-770d261f1c8a,2026-09-06
134,84da666c-c47c-572e-b2c9-3b6f35881596,2026-08-13
134,ae96d203-7a11-52ed-9e02-cd93c3dda603,2026-08-11
134,e137404e-9196-525c-b17a-44dc96d29f29,2026-09-17
135,3d016498-e16a-5ad9-95c7-b633dfc6a142,2026-08-24
135,25797954-b022-582e-8349-e1e2c141368c,2026-08-21
135,1bc15434-bc22-56cc-a890-336efd2a11e5,2026-08-29
135,61347d09-09eb-5f04-a4ec-fe830319799f,2026-09-03
135,6690668c-e73d-51ff-9ca4-36bec9b8c175,2026-08-25
135,3b932376-f549-5a1c-a24b-664b4bc338e3,2026-08-27
135,f6e8344b-87f4-5461-93fc-b01ff1ae4265,2026-09-02
135,10feece1-a2cd-532b-8488-21659a3bee22,2026-08-30
135,0947c4b9-50d6-50e2-9043-84a15b80e8c7,2026-08-20
135,783491ec-2857-52e8-a102-766d7abba6d2,2026-08-30
135,06657aeb-b604-5b0d-9281-d2e5afb78a9d,2026-08-22
135,9edec740-5de6-5c27-8233-5cf72946b182,2026-08-28
135,fd96bbd1-5601-5c99-a1e2-04b09168b35e,2026-09-14
135,1b1e4344-fde4-5cc2-b82c-4fb458696522,2026-08-27
135,d3175e63-6121-5d55-b429-df91670d9aca,2026-09-02
135,40120057-c43a-5745-9d3a-d9b0c6b1e84e,2026-09-16
135,8ae0340a-8eaf-5e9d-9db0-ac449334023d,2026-09-03
135,1dd6da2f-292d-52b5-8e0e-a84885e81ba1,2026-09-12
135,2e2e8079-6c9e-51c9-bc7e-1475045fd514,2026-08-30
135,a6b8342c-310b-5b88-9c07-602dbd646488,2026-08-28
135,9c9c228f-3bd5-5da4-b666-fbfab93b4b7e,2026-08-23
135,33ba5d16-c38c-5bcf-9896-ea8ae81d6e7b,2026-09-14
135,a6b8342c-310b-5b88-9c07-602dbd646488,2026-09-13
135,1bc15434-bc22-56cc-a890-336efd2a11e5,2026-09-17
135,d0c58825-6ead-50f6-9a07-f2f95dbb51ea,2026-08-25
135,6cf4bb40-4d81-5eb3-b9d9-5841cd55724e,2026-09-07
135,d48cab4b-e48b-59ae-88d6-41d5d463569d,2026-09-06
135,77c684c4-9514-5edc-85ff-1052c8544c14,2026-09-18
135,1062abbb-4fcd-51a9-95fc-5474e4af7640,2026-08-30
135,88820056-e901-59a1-b2ca-c4e813b34f7b,2026-08-28
135,6ecf180b-be59-594c-a33b-31bd0120f01f,2026-08-28
135,9b2e34a9-6722-598e-a857-e346acd294bf,2026-08-21
135,2e2e8079-6c9e-51c9-bc7e-1475045fd514,2026-09-16
135,4c310820-12d3-5128-9a45-973db446b59e,2026-09-08
135,a60d0128-bffa-5d2d-9915-36693e6bc3ba,2026-08-29
135,eb3717c1-cd92-5eeb-af40-9df7f3132426,2026-08-20
135,2e2e8079-6c9e-51c9-bc7e-1475045fd514,2026-09-09
135,e21dfd78-ea9f-5754-a3b2-3b3b66dd30b5,2026-08-26
135,729fe171-fa0d-547e-b374-39bd19f4c645,2026-08-24
135,20b4182c-90f7-51da-99e8-97ade4d19a92,2026-08-29
135,58074159-53d7-5a52-8436-d84a05af35a9,2026-09-15
135,f21481e8-5bf3-5aa6-a7e0-fe6e26920e28,2026-09-03
135,ac9c9500-b7e4-5bbe-8f4e-a40a6201979a,2026-08-29
135,64609795-d498-5ea7-ad33-a3bcecf9d962,2026-09-07
135,774fd1d7-ca6b-5177-9d91-fc7b24739425,2026-09-10
135,9a026691-28ff-5880-9da3-006735af19d3,2026-09-14
135,405fd522-6b0d-52fc-b397-dc3ce2e4a2ea,2026-08-30
135,7298015b-9105-595a-b879-3013c08053f7,2026-09-14
135,58074159-53d7-5a52-8436-d84a05af35a9,2026-08-23
135,001e944b-e64e-5742-afb7-5e04327e41ee,2026-09-01
135,6720265f-9f2b-5485-bf24-54e1784991b6,2026-09-01
135,ef763ec1-f93c-5744-9640-4ca59adf9347,2026-09-02
135,a36cd93c-2f0c-5956-9a51-8094e39a7bed,2026-09-05
135,6720265f-9f2b-5485-bf24-54e1784991b6,2026-09-13
135,02bf8d95-eee4-5287-b363-0551cc4a6d51,2026-08-19
135,96dbbdad-601e-5bc2-9d1a-78f9f6349a39,2026-08-20
135,4ec67eb8-4fda-5cbc-bbd1-a6afc7ce8130,2026-09-07
135,45cee65b-db52-5dff-b09d-0ee1ac2be20f,2026-09-10
135,67357d35-e727-50a5-9114-d5f2da172374,2026-08-19
135,473b12ab-4d0d-5b7f-89b2-c0a1e2405c60,2026-09-15
135,0947c4b9-50d6-50e2-9043-84a15b80e8c7,2026-09-03
135,61347d09-09eb-5f04-a4ec-fe830319799f,2026-09-01
135,96ccee9a-30f2-56cd-b597-a927c84e0f75,2026-08-20
135,01c00e49-c4d6-5d4b-bbc1-8aa3fe21ba2a,2026-08-29
135,96dbbdad-601e-5bc2-9d1a-78f9f6349a39,2026-09-16
135,84047d01-74e6-5a08-a20e-b5c25e3eff3e,2026-09-05
135,b7180518-4b5b-54ef-9060-958212d05ab7,2026-09-08
135,35e87bcc-650c-5e3f-9741-3f0c54905b6f,2026-09-09
135,a070c6d0-c23b-5036-b352-f16db0d6ec8e,2026-08-24
135,e3efd234-c7f9-5957-937f-661b1c3981ef,2026-09-08
135,50d6350f-ffd4-59ad-a1ff-65a49a77a913,2026-08-21
135,64b591cd-4cbe-577a-aba9-ee6912328a58,2026-08-20
135,302b84f9-9053-5cf7-bed0-305678227875,2026-08-20
135,19e81afb-74c1-5b4a-9af3-469f3b610235,2026-09-17
135,405fd522-6b0d-52fc-b397-dc3ce2e4a2ea,2026-09-02
135,a53c485b-a35c-51fb-84a5-364207ce0adb,2026-08-28
135,1767869f-381f-59b9-acac-01da2d539e40,2026-08-26
135,6e82bb3e-ede8-5803-ba1a-cc3aa8766199,2026-09-07
135,368442e7-2dfe-5df4-9ab7-a468b984050a,2026-08-25
135,6d9d0917-bda8-5863-abe4-92d14b0cc926,2026-08-29
135,9a026691-28ff-5880-9da3-006735af19d3,2026-08-20
135,4966bb54-4d4f-5992-8586-1bd44991d17f,2026-08-28
135,a60d0128-bffa-5d2d-9915-36693e6bc3ba,2026-08-19
135,d48cab4b-e48b-59ae-88d6-41d5d463569d,2026-08-27
135,85df6dcd-e42a-581f-802b-eb93568b74eb,2026-09-14
136,8ae0340a-8eaf-5e9d-9db0-ac449334023d,2026-09-14
136,cd8c4c60-ab9b-5cf3-996e-d4fbb990f4c6,2026-09-18
136,53f78f7e-e2df-586b-b483-5748c92d0f9f,2026-09-17
136,d48cab4b-e48b-59ae-88d6-41d5d463569d,2026-09-12
136,405fd522-6b0d-52fc-b397-dc3ce2e4a2ea,2026-09-16
136,b5be680a-732e-55e0-bc5d-b80e831ff33a,2026-09-13
136,e3efd234-c7f9-5957-937f-661b1c3981ef,2026-09-14
136,e0b64119-ecb0-52a5-852d-39c211ce337a,2026-09-12
136,7e6a1243-34f5-52e6-862f-e5f3b2ebe640,2026-09-14
136,b7f1d97d-9f3c-5885-b9ef-48d67a16a686,2026-09-13
136,4cf03b5a-e2ca-57f2-95b8-16a3b92247e6,2026-09-14
136,baa8ef70-5b01-5a49-84cb-71c353290705,2026-09-12
136,9edec740-5de6-5c27-8233-5cf72946b182,2026-09-12
136,8ae0340a-8eaf-5e9d-9db0-ac449334023d,2026-09-12
136,ab45f9eb-3fee-5ea5-bccb-faffc50f3e76,2026-09-12
136,341a0cef-f4a9-53ee-8980-229dc154ff4e,2026-09-13
136,b7f1d97d-9f3c-5885-b9ef-48d67a16a686,2026-09-16
136,0e992dba-f631-52d1-b7e3-76faec77c33f,2026-09-17
136,5c465a9a-bc36-5d7b-b5a2-0f18d9dab68a,2026-09-12
136,4307ee18-2e16-50be-abbc-db160bb8e8fd,2026-09-15
136,82a5c89c-0b3a-58b9-9259-837a5348a5c2,2026-09-18
136,6b9b6012-cdb4-50eb-8ad0-01c36516df23,2026-09-16
136,bb4b0d34-59a4-5948-a9be-a1aa6caece55,2026-09-17
136,6e82bb3e-ede8-5803-ba1a-cc3aa8766199,2026-09-13
136,6ab0c42d-0ad5-5b3d-9c6c-4ab9eaa47586,2026-09-18
136,b39a9d3d-f3eb-5d31-9cc7-15e278969b70,2026-09-14
136,88a268b0-6bca-5583-b041-ffdbc51be7e6,2026-09-18
136,44a33563-638c-52da-ae01-285f43dfcb99,2026-09-12
136,8ae0340a-8eaf-5e9d-9db0-ac449334023d,2026-09-17
136,082b47e7-5a06-5a34-bd49-595c82b2b196,2026-09-16
136,45cee65b-db52-5dff-b09d-0ee1ac2be20f,2026-09-12
136,daa36188-60fd-56a2-938b-70b1b51084b0,2026-09-16
136,1767869f-381f-59b9-acac-01da2d539e40,2026-09-16
136,daa36188-60fd-56a2-938b-70b1b51084b0,2026-09-15
136,8819cb55-67e6-5a55-98c8-d80446975a9e,2026-09-14
136,6cf4bb40-4d81-5eb3-b9d9-5841cd55724e,2026-09-14
136,6720265f-9f2b-5485-bf24-54e1784991b6,2026-09-14
136,90cced0e-f2c7-528c-bd28-38c44ead6c98,2026-09-12
136,368442e7-2dfe-5df4-9ab7-a468b984050a,2026-09-15
136,50d6350f-ffd4-59ad-a1ff-65a49a77a913,2026-09-17
136,b7180518-4b5b-54ef-9060-958212d05ab7,2026-09-18
136,eb3717c1-cd92-5eeb-af40-9df7f3132426,2026-09-14
136,0b532307-3033-5baf-b61c-915d1213c01f,2026-09-13
136,6720265f-9f2b-5485-bf24-54e1784991b6,2026-09-12
136,eb3717c1-cd92-5eeb-af40-9df7f3132426,2026-09-13
136,adfbbf3c-5175-5e0a-bf98-b8854f2081c2,2026-09-16
136,4966bb54-4d4f-5992-8586-1bd44991d17f,2026-09-15
136,9b2e34a9-6722-598e-a857-e346acd294bf,2026-09-14
136,e1f9b739-b2d3-51e6-9609-05805a6d151c,2026-09-17
136,4ec67eb8-4fda-5cbc-bbd1-a6afc7ce8130,2026-09-15
136,84047d01-74e6-5a08-a20e-b5c25e3eff3e,2026-09-13
136,6467241a-6abd-5888-8e87-40e0e86cbc55,2026-09-16
136,f6e8344b-87f4-5461-93fc-b01ff1ae4265,2026-09-18
136,6467241a-6abd-5888-8e87-40e0e86cbc55,2026-09-13
136,64609795-d498-5ea7-ad33-a3bcecf9d962,2026-09-12
136,e5b7ccce-2cb7-5b6e-95a5-32ffacbca87f,2026-09-12
136,1767869f-381f-59b9-acac-01da2d539e40,2026-09-12
136,33ba5d16-c38c-5bcf-9896-ea8ae81d6e7b,2026-09-17
137,3425797b-5c54-5f3a-9a34-9cedb0dc5b84,2026-09-15
137,9d1c460b-bd0b-57ff-ac14-f2b10f73edd3,2026-09-13
137,67357d35-e727-50a5-9114-d5f2da172374,2026-09-16
137,1b1e4344-fde4-5cc2-b82c-4fb458696522,2026-09-14
137,50d6350f-ffd4-59ad-a1ff-65a49a77a913,2026-09-09
138,19e81afb-74c1-5b4a-9af3-469f3b610235,2026-09-15
138,774fd1d7-ca6b-5177-9d91-fc7b24739425,2026-09-16
138,63fdd1e3-9db3-5b05-9799-510eea6abab7,2026-09-12
138,6e82bb3e-ede8-5803-ba1a-cc3aa8766199,2026-09-15
138,90cced0e-f2c7-528c-bd28-38c44ead6c98,2026-09-17
138,b55b4f74-ded6-5cf1-aae0-9ad89c03c10c,2026-09-18
138,b39a9d3d-f3eb-5d31-9cc7-15e278969b70,2026-09-16
138,673e8617-3280-5bfa-85a6-738a6d64aac6,2026-09-18
138,7bdf8ad6-1318-5f74-9112-e2b655e215a2,2026-09-13
138,e5b7ccce-2cb7-5b6e-95a5-32ffacbca87f,2026-09-17
138,3a376c3a-3e46-5c8c-815c-232b66ca9bc8,2026-09-15
138,e7c63421-97d2-555e-9731-46cb0f04f637,2026-09-18
138,4966bb54-4d4f-5992-8586-1bd44991d17f,2026-09-12
138,405fd522-6b0d-52fc-b397-dc3ce2e4a2ea,2026-09-12
138,95927b04-f214-5c26-878d-fb55176e41bc,2026-09-13
138,6690668c-e73d-51ff-9ca4-36bec9b8c175,2026-09-13
138,4cf03b5a-e2ca-57f2-95b8-16a3b92247e6,2026-09-12
138,f1fb49f6-8f16-5086-a3b3-1c5e169f9ad4,2026-09-18
138,341a0cef-f4a9-53ee-8980-229dc154ff4e,2026-09-12
138,a992f17b-79b6-5dcf-aed4-2aebaa5775c7,2026-09-17
138,d5dc7189-89df-5fd7-983f-1124b6de3d68,2026-09-12
138,d2a70bca-a25c-522f-9b7e-c967b69503cc,2026-09-15
138,daa36188-60fd-56a2-938b-70b1b51084b0,2026-09-14
138,f0ca4141-ccff-5472-ba76-f4b194108c7b,2026-09-18
138,64b591cd-4cbe-577a-aba9-ee6912328a58,2026-09-17
138,7b359533-e634-59eb-a2c3-b5501ff96488,2026-09-17
138,fbdfefdb-ca2d-5a0e-87ed-62021c1c11d4,2026-09-14
138,1bf86e3f-0e6e-5241-b319-71005237945f,2026-09-15
138,d6b81cb4-a299-5894-baa5-463cb63679a3,2026-09-14
138,eb397f92-99ac-5f0f-8f81-3540865f0477,2026-09-12
138,7298015b-9105-595a-b879-3013c08053f7,2026-09-12
138,4c2177ab-592a-5e4a-b25b-8bb3f8090555,2026-09-13
138,783491ec-2857-52e8-a102-766d7abba6d2,2026-09-16
138,f0f4eb8c-a1ed-50a1-bc7d-2863700a31a5,2026-09-14
138,8fa5b823-1a70-59f7-9bb2-b3d5f36dc82b,2026-09-18
138,e0b64119-ecb0-52a5-852d-39c211ce337a,2026-09-14
138,783491ec-2857-52e8-a102-766d7abba6d2,2026-09-14
138,0da68170-ff38-5dad-9224-770d261f1c8a,2026-09-12
138,4966bb54-4d4f-5992-8586-1bd44991d17f,2026-09-16
138,1dd6da2f-292d-52b5-8e0e-a84885e81ba1,2026-09-18
138,a36cd93c-2f0c-5956-9a51-8094e39a7bed,2026-09-15
138,67357d35-e727-50a5-9114-d5f2da172374,2026-09-16
138,f985b68e-39ae-5c83-8468-2b126802c414,2026-09-14
138,37b7aed3-d207-54f7-b4ec-0e05c50eaeb2,2026-09-17
138,7e6a1243-34f5-52e6-862f-e5f3b2ebe640,2026-09-15
138,2e2e8079-6c9e-51c9-bc7e-1475045fd514,2026-09-14
138,d6b81cb4-a299-5894-baa5-463cb63679a3,2026-09-17
138,6690668c-e73d-51ff-9ca4-36bec9b8c175,2026-09-18
138,1062abbb-4fcd-51a9-95fc-5474e4af7640,2026-09-13
138,49a9d8f7-08ea-5972-af3a-0ca0a6c06e59,2026-09-12
138,b7f1d97d-9f3c-5885-b9ef-48d67a16a686,2026-09-13
138,605985c4-d18d-54b0-829f-2a199ea5c81d,2026-09-15
138,a6b8342c-310b-5b88-9c07-602dbd646488,2026-09-15
138,ec6d706d-7dba-534b-8700-e6752dbd06e1,2026-09-18
138,35e87bcc-650c-5e3f-9741-3f0c54905b6f,2026-09-16
138,484e243b-afd7-5767-bb0f-4262c0334aea,2026-09-13
138,9a026691-28ff-5880-9da3-006735af19d3,2026-09-13
138,bf54d417-d834-5d3e-a7f9-106377fe05a5,2026-09-13
138,4307ee18-2e16-50be-abbc-db160bb8e8fd,2026-09-13
138,6b9b6012-cdb4-50eb-8ad0-01c36516df23,2026-09-13
138,f223e569-d735-5980-b77b-25d459e64a37,2026-09-16
138,ffe47fd1-7989-5728-addd-50b504edd889,2026-09-13
138,49a9d8f7-08ea-5972-af3a-0ca0a6c06e59,2026-09-13
138,6d9d0917-bda8-5863-abe4-92d14b0cc926,2026-09-12
138,0bd9c807-50b6-567b-befe-96c80ed2fc9d,2026-09-14
138,0947c4b9-50d6-50e2-9043-84a15b80e8c7,2026-09-17
138,eb397f92-99ac-5f0f-8f81-3540865f0477,2026-09-17
138,6988340a-a3c1-5fda-a996-711f1723c649,2026-09-12
138,ea7edc0e-b64d-545f-b311-b4ee943f2935,2026-09-13
138,8300625d-d3f5-5264-8503-98a2bfbf60d8,2026-09-16
138,7b48b183-5d87-500f-9cec-2e003c19efac,2026-09-17
138,7b48b183-5d87-500f-9cec-2e003c19efac,2026-09-13
138,7ef6d8e7-132e-5da5-a653-16dd2e5719c4,2026-09-13
138,b55b4f74-ded6-5cf1-aae0-9ad89c03c10c,2026-09-12
138,cb162f3d-006f-544e-bfa6-f9abb8a52026,2026-09-17
138,3d016498-e16a-5ad9-95c7-b633dfc6a142,2026-09-17
138,f22a7317-9c2b-5d13-99b9-1a1622094bb3,2026-09-17
138,e1f9b739-b2d3-51e6-9609-05805a6d151c,2026-09-16
138,5532dec3-02ae-5ac3-8b57-2e8214a8598b,2026-09-15
138,53f78f7e-e2df-586b-b483-5748c92d0f9f,2026-09-12
138,d0c58825-6ead-50f6-9a07-f2f95dbb51ea,2026-09-13
138,7e6a1243-34f5-52e6-862f-e5f3b2ebe640,2026-09-18
138,554a90ae-c448-548d-a552-cd8f1c340cbd,2026-09-16
138,25797954-b022-582e-8349-e1e2c141368c,2026-09-16
138,36016ab9-3cc9-5f6a-8bc7-1d138ad9cb43,2026-09-15
138,95ff45a0-9b28-55cb-bba6-22a608a4e30d,2026-09-18
138,fbdfefdb-ca2d-5a0e-87ed-62021c1c11d4,2026-09-13
138,b897da16-1a55-5740-8129-7d502e6f44b8,2026-09-14
138,20b4182c-90f7-51da-99e8-97ade4d19a92,2026-09-16
138,4845dc43-0c9d-5f09-aa4a-62e68abb5d12,2026-09-16
138,368442e7-2dfe-5df4-9ab7-a468b984050a,2026-09-12
138,1873645b-b54c-51dc-a41a-7131e831a64f,2026-09-13
138,610e9654-06d6-5e55-959b-377b8749b8f9,2026-09-15
138,0da68170-ff38-5dad-9224-770d261f1c8a,2026-09-13
138,35e87bcc-650c-5e3f-9741-3f0c54905b6f,2026-09-13
138,b7180518-4b5b-54ef-9060-958212d05ab7,2026-09-12
138,f2561442-8439-5138-9a3b-8bcf96f16609,2026-09-17
138,5421f79d-ed60-5eed-852b-01b379adab9e,2026-09-14
138,1dd6da2f-292d-52b5-8e0e-a84885e81ba1,2026-09-17
138,0e49007f-82be-5238-a956-37d8f7b40d4c,2026-09-18
138,44f09dba-7a20-5f46-840b-4670e6c7eb92,2026-09-17
138,43a3bb15-e7a6-5c42-a198-3e0d7f080ba1,2026-09-14
138,45abfe15-6e8d-57cf-bda3-b7ae2b5c0bc7,2026-09-14
138,508d03e7-de84-523a-8242-f48abc9451d7,2026-09-16
138,a36cd93c-2f0c-5956-9a51-8094e39a7bed,2026-09-13
138,36016ab9-3cc9-5f6a-8bc7-1d138ad9cb43,2026-09-14
138,f21481e8-5bf3-5aa6-a7e0-fe6e26920e28,2026-09-15
138,458287c3-1628-5e26-8930-0d88ae11ce1a,2026-09-15
138,bdc5faf6-386d-5338-99a0-32d156bcbd68,2026-09-13
138,84da666c-c47c-572e-b2c9-3b6f35881596,2026-09-17
138,67357d35-e727-50a5-9114-d5f2da172374,2026-09-18
138,7e6a1243-34f5-52e6-862f-e5f3b2ebe640,2026-09-14
138,61347d09-09eb-5f04-a4ec-fe830319799f,2026-09-18
138,693ebb02-ab3f-5d60-b798-d4d4df4900d2,2026-09-16
138,dfe9e449-d177-56af-a679-d3e1c78c5c02,2026-09-18
138,5532dec3-02ae-5ac3-8b57-2e8214a8598b,2026-09-18
138,4845dc43-0c9d-5f09-aa4a-62e68abb5d12,2026-09-18
138,95ff45a0-9b28-55cb-bba6-22a608a4e30d,2026-09-13
138,25797954-b022-582e-8349-e1e2c141368c,2026-09-12
138,001e944b-e64e-5742-afb7-5e04327e41ee,2026-09-16
138,7bdf8ad6-1318-5f74-9112-e2b655e215a2,2026-09-12
138,ea7edc0e-b64d-545f-b311-b4ee943f2935,2026-09-17
138,3425797b-5c54-5f3a-9a34-9cedb0dc5b84,2026-09-13
138,9a026691-28ff-5880-9da3-006735af19d3,2026-09-17
138,729fe171-fa0d-547e-b374-39bd19f4c645,2026-09-12
138,c6286e16-5e03-594c-aa67-861b8ba91b33,2026-09-12
138,d2a70bca-a25c-522f-9b7e-c967b69503cc,2026-09-13
138,baa8ef70-5b01-5a49-84cb-71c353290705,2026-09-12
138,d2a70bca-a25c-522f-9b7e-c967b69503cc,2026-09-18
138,651ce25b-8132-52d9-8f74-889f22c3bb5c,2026-09-13
138,6ab0c42d-0ad5-5b3d-9c6c-4ab9eaa47586,2026-09-12
138,0e49007f-82be-5238-a956-37d8f7b40d4c,2026-09-16
138,64b591cd-4cbe-577a-aba9-ee6912328a58,2026-09-15
138,50d6350f-ffd4-59ad-a1ff-65a49a77a913,2026-09-17
138,90cced0e-f2c7-528c-bd28-38c44ead6c98,2026-09-16
138,7f0221a7-4703-52e7-8b26-fa2cd7303c90,2026-09-13
138,ee289908-380a-5bb3-8fdc-0990b203929b,2026-09-12
138,20b63262-d3e6-555a-95b2-84fc87694a19,2026-09-13
138,368442e7-2dfe-5df4-9ab7-a468b984050a,2026-09-16
138,45abfe15-6e8d-57cf-bda3-b7ae2b5c0bc7,2026-09-13
138,e137404e-9196-525c-b17a-44dc96d29f29,2026-09-18
138,96ccee9a-30f2-56cd-b597-a927c84e0f75,2026-09-13
138,ae7ac442-d880-5cd8-bc30-8d21c5f7dc54,2026-09-13
138,f1fb49f6-8f16-5086-a3b3-1c5e169f9ad4,2026-09-12
138,58074159-53d7-5a52-8436-d84a05af35a9,2026-09-15
138,7298015b-9105-595a-b879-3013c08053f7,2026-09-16
138,af808cd8-ab34-515f-a8a0-a1b0719a537b,2026-09-18
138,eb397f92-99ac-5f0f-8f81-3540865f0477,2026-09-15
138,e502b694-466f-5e1f-9293-146b264ae20c,2026-09-16
138,bdc5faf6-386d-5338-99a0-32d156bcbd68,2026-09-18
138,a0a53b38-722a-56e6-a52c-fe0e06169a59,2026-09-14
138,e7c63421-97d2-555e-9731-46cb0f04f637,2026-09-12
138,9355c2cf-38db-5118-9b77-3d5b5b3870df,2026-09-18
138,ae96d203-7a11-52ed-9e02-cd93c3dda603,2026-09-17
138,f3744506-cae3-5f81-8a4f-506a60395be8,2026-09-17
139,508d03e7-de84-523a-8242-f48abc9451d7,2026-08-27
139,d6b81cb4-a299-5894-baa5-463cb63679a3,2026-08-13
139,368442e7-2dfe-5df4-9ab7-a468b984050a,2026-08-06
139,4307ee18-2e16-50be-abbc-db160bb8e8fd,2026-08-31
139,e21dfd78-ea9f-5754-a3b2-3b3b66dd30b5,2026-08-31
139,e747fee0-a84b-5f51-98a3-7481903c9023,2026-08-20
139,88820056-e901-59a1-b2ca-c4e813b34f7b,2026-09-05
139,82a5c89c-0b3a-58b9-9259-837a5348a5c2,2026-08-31
139,43a3bb15-e7a6-5c42-a198-3e0d7f080ba1,2026-08-12
139,729fe171-fa0d-547e-b374-39bd19f4c645,2026-09-03
139,7f0221a7-4703-52e7-8b26-fa2cd7303c90,2026-08-09
139,610e9654-06d6-5e55-959b-377b8749b8f9,2026-09-17
139,6690668c-e73d-51ff-9ca4-36bec9b8c175,2026-09-02
139,bdc5faf6-386d-5338-99a0-32d156bcbd68,2026-08-07
139,2e2e8079-6c9e-51c9-bc7e-1475045fd514,2026-09-17
139,eb397f92-99ac-5f0f-8f81-3540865f0477,2026-08-19
139,adfbbf3c-5175-5e0a-bf98-b8854f2081c2,2026-08-22
139,eb397f92-99ac-5f0f-8f81-3540865f0477,2026-08-05
139,c6286e16-5e03-594c-aa67-861b8ba91b33,2026-08-03
139,e1f9b739-b2d3-51e6-9609-05805a6d151c,2026-09-13
139,bb4b0d34-59a4-5948-a9be-a1aa6caece55,2026-08-19
139,f0f4eb8c-a1ed-50a1-bc7d-2863700a31a5,2026-08-23
139,50de23a6-cd45-55ac-adb0-06d14b4ed8ce,2026-09-03
139,d48cab4b-e48b-59ae-88d6-41d5d463569d,2026-08-06
140,b55b4f74-ded6-5cf1-aae0-9ad89c03c10c,2026-09-10
140,6467241a-6abd-5888-8e87-40e0e86cbc55,2026-08-30
140,554a90ae-c448-548d-a552-cd8f1c340cbd,2026-09-03
140,f4793612-bd5c-52c4-b29e-226fe28a77ca,2026-09-02
140,4c310820-12d3-5128-9a45-973db446b59e,2026-08-24
140,daa36188-60fd-56a2-938b-70b1b51084b0,2026-08-28
140,e3efd234-c7f9-5957-937f-661b1c3981ef,2026-08-24
140,508d03e7-de84-523a-8242-f48abc9451d7,2026-08-25
140,651ce25b-8132-52d9-8f74-889f22c3bb5c,2026-09-11
140,f22a7317-9c2b-5d13-99b9-1a1622094bb3,2026-09-05
140,4c310820-12d3-5128-9a45-973db446b59e,2026-09-03
140,d16e3cdc-2868-563d-867d-62fa9b8b24ea,2026-09-18
140,373cd20e-25d5-5a46-a0ae-18157cf68a55,2026-09-13
140,693ebb02-ab3f-5d60-b798-d4d4df4900d2,2026-09-09
140,58074159-53d7-5a52-8436-d84a05af35a9,2026-08-31
140,50de23a6-cd45-55ac-adb0-06d14b4ed8ce,2026-09-07
140,f3744506-cae3-5f81-8a4f-506a60395be8,2026-08-28
140,a6b8342c-310b-5b88-9c07-602dbd646488,2026-09-02
140,06657aeb-b604-5b0d-9281-d2e5afb78a9d,2026-09-06
140,6d9d0917-bda8-5863-abe4-92d14b0cc926,2026-08-26
140,ae7ac442-d880-5cd8-bc30-8d21c5f7dc54,2026-08-27
140,6690668c-e73d-51ff-9ca4-36bec9b8c175,2026-09-04
140,554a90ae-c448-548d-a552-cd8f1c340cbd,2026-08-24
140,5a4b137d-2ebb-5c75-8cdd-bf77406b4b9f,2026-09-02
140,a992f17b-79b6-5dcf-aed4-2aebaa5775c7,2026-09-16
140,bf54d417-d834-5d3e-a7f9-106377fe05a5,2026-08-24
140,d9aaa9eb-5304-587b-b0f4-42a2d5930f54,2026-09-18
140,a0a53b38-722a-56e6-a52c-fe0e06169a59,2026-09-14
140,eeeb9e89-042f-5fdc-8fcf-2c3ad56f9bf1,2026-08-24
140,4845dc43-0c9d-5f09-aa4a-62e68abb5d12,2026-08-26
140,729fe171-fa0d-547e-b374-39bd19f4c645,2026-08-25
140,facb4557-eabe-5f8b-89cc-f223b91c89b7,2026-09-01
140,0e992dba-f631-52d1-b7e3-76faec77c33f,2026-09-05
140,f3744506-cae3-5f81-8a4f-506a60395be8,2026-09-17
140,5532dec3-02ae-5ac3-8b57-2e8214a8598b,2026-09-11
140,d3175e63-6121-5d55-b429-df91670d9aca,2026-09-17
140,6cf4bb40-4d81-5eb3-b9d9-5841cd55724e,2026-09-15
140,3425797b-5c54-5f3a-9a34-9cedb0dc5b84,2026-09-05
140,096499d2-73d6-5063-9dd4-a7c1aebac61d,2026-09-11
140,90cced0e-f2c7-528c-bd28-38c44ead6c98,2026-08-25
140,58074159-53d7-5a52-8436-d84a05af35a9,2026-09-15
140,40120057-c43a-5745-9d3a-d9b0c6b1e84e,2026-09-03
140,6690668c-e73d-51ff-9ca4-36bec9b8c175,2026-09-07
140,baa8ef70-5b01-5a49-84cb-71c353290705,2026-08-27
140,bdc5faf6-386d-5338-99a0-32d156bcbd68,2026-08-27
140,6b9b6012-cdb4-50eb-8ad0-01c36516df23,2026-09-06
140,4c2177ab-592a-5e4a-b25b-8bb3f8090555,2026-09-01
140,2e2e8079-6c9e-51c9-bc7e-1475045fd514,2026-08-31
140,96ccee9a-30f2-56cd-b597-a927c84e0f75,2026-08-25
140,554a90ae-c448-548d-a552-cd8f1c340cbd,2026-09-06
140,302b84f9-9053-5cf7-bed0-305678227875,2026-09-13
140,8fa5b823-1a70-59f7-9bb2-b3d5f36dc82b,2026-08-29
140,1b1e4344-fde4-5cc2-b82c-4fb458696522,2026-08-29
140,d16e3cdc-2868-563d-867d-62fa9b8b24ea,2026-09-08
140,774fd1d7-ca6b-5177-9d91-fc7b24739425,2026-09-15
140,d9fbcbde-376a-5f82-9fb5-268a24b02d57,2026-09-04
140,9c9c228f-3bd5-5da4-b666-fbfab93b4b7e,2026-09-03
140,a2cc3818-be31-5aeb-828c-e23f579431aa,2026-09-08
140,88820056-e901-59a1-b2ca-c4e813b34f7b,2026-09-09
140,ef763ec1-f93c-5744-9640-4ca59adf9347,2026-09-03
140,7b48b183-5d87-500f-9cec-2e003c19efac,2026-09-13
140,ae96d203-7a11-52ed-9e02-cd93c3dda603,2026-09-15
140,458287c3-1628-5e26-8930-0d88ae11ce1a,2026-08-28
140,082b47e7-5a06-5a34-bd49-595c82b2b196,2026-09-04
140,0bd9c807-50b6-567b-befe-96c80ed2fc9d,2026-09-09
140,f21481e8-5bf3-5aa6-a7e0-fe6e26920e28,2026-09-15
140,58074159-53d7-5a52-8436-d84a05af35a9,2026-09-06
140,5532dec3-02ae-5ac3-8b57-2e8214a8598b,2026-09-13
140,a36cd93c-2f0c-5956-9a51-8094e39a7bed,2026-09-07
140,9355c2cf-38db-5118-9b77-3d5b5b3870df,2026-08-29
140,a60d0128-bffa-5d2d-9915-36693e6bc3ba,2026-09-09
140,4307ee18-2e16-50be-abbc-db160bb8e8fd,2026-08-31
140,f985b68e-39ae-5c83-8468-2b126802c414,2026-09-08
140,a5526e82-ef69-522b-b3ad-df818658bde0,2026-08-25
140,84047d01-74e6-5a08-a20e-b5c25e3eff3e,2026-09-11
140,8819cb55-67e6-5a55-98c8-d80446975a9e,2026-09-02
140,0e992dba-f631-52d1-b7e3-76faec77c33f,2026-09-11
140,7b359533-e634-59eb-a2c3-b5501ff96488,2026-09-18
140,e137404e-9196-525c-b17a-44dc96d29f29,2026-09-13
140,44a33563-638c-52da-ae01-285f43dfcb99,2026-08-29
140,5ce94e6e-a987-5fd1-90b2-94a1174f9376,2026-08-30
140,a2cc3818-be31-5aeb-828c-e23f579431aa,2026-09-01
140,02bf8d95-eee4-5287-b363-0551cc4a6d51,2026-08-31
140,7bdf8ad6-1318-5f74-9112-e2b655e215a2,2026-09-18
140,f4793612-bd5c-52c4-b29e-226fe28a77ca,2026-09-01
140,02bf8d95-eee4-5287-b363-0551cc4a6d51,2026-08-28
140,302b84f9-9053-5cf7-bed0-305678227875,2026-08-25
140,64b591cd-4cbe-577a-aba9-ee6912328a58,2026-08-25
140,d9fbcbde-376a-5f82-9fb5-268a24b02d57,2026-09-18
140,651ce25b-8132-52d9-8f74-889f22c3bb5c,2026-08-24
140,3425797b-5c54-5f3a-9a34-9cedb0dc5b84,2026-09-16
140,a53c485b-a35c-51fb-84a5-364207ce0adb,2026-09-17
140,34046d1a-c67e-5a81-b9d5-47dd4840c4fe,2026-08-29
140,a2cc3818-be31-5aeb-828c-e23f579431aa,2026-09-04
140,61347d09-09eb-5f04-a4ec-fe830319799f,2026-09-05
140,58074159-53d7-5a52-8436-d84a05af35a9,2026-09-05
140,554a90ae-c448-548d-a552-cd8f1c340cbd,2026-08-29
140,02bf8d95-eee4-5287-b363-0551cc4a6d51,2026-09-02
140,84047d01-74e6-5a08-a20e-b5c25e3eff3e,2026-09-12
140,10feece1-a2cd-532b-8488-21659a3bee22,2026-09-14
140,2e2e8079-6c9e-51c9-bc7e-1475045fd514,2026-09-14
140,6ac5a7a4-ae0d-5e31-8a7c-d85b63a96c46,2026-08-25
140,bb4b0d34-59a4-5948-a9be-a1aa6caece55,2026-09-18
140,95ff45a0-9b28-55cb-bba6-22a608a4e30d,2026-09-03
140,90cced0e-f2c7-528c-bd28-38c44ead6c98,2026-09-07
140,64609795-d498-5ea7-ad33-a3bcecf9d962,2026-09-17
140,b897da16-1a55-5740-8129-7d502e6f44b8,2026-08-30
140,f22a7317-9c2b-5d13-99b9-1a1622094bb3,2026-09-12
140,95927b04-f214-5c26-878d-fb55176e41bc,2026-08-28
140,cd8c4c60-ab9b-5cf3-996e-d4fbb990f4c6,2026-09-10
140,1767869f-381f-59b9-acac-01da2d539e40,2026-09-09
140,f21481e8-5bf3-5aa6-a7e0-fe6e26920e28,2026-08-26
140,d48cab4b-e48b-59ae-88d6-41d5d463569d,2026-08-29
140,f4b545d6-b6c0-54b8-847e-101d68428b48,2026-09-11
140,67357d35-e727-50a5-9114-d5f2da172374,2026-09-14
140,4c310820-12d3-5128-9a45-973db446b59e,2026-08-29
140,6ac5a7a4-ae0d-5e31-8a7c-d85b63a96c46,2026-09-11
140,bc38029f-d1c5-5b8f-8055-d446a522cb91,2026-08-28
140,0e49007f-82be-5238-a956-37d8f7b40d4c,2026-08-27
140,a0a53b38-722a-56e6-a52c-fe0e06169a59,2026-08-24
140,e3efd234-c7f9-5957-937f-661b1c3981ef,2026-08-28
140,774fd1d7-ca6b-5177-9d91-fc7b24739425,2026-08-30
140,8ecc0792-3789-53b2-a26e-fc6daa886eb7,2026-09-10
140,373cd20e-25d5-5a46-a0ae-18157cf68a55,2026-09-04
140,7e6a1243-34f5-52e6-862f-e5f3b2ebe640,2026-08-29
140,bdc5faf6-386d-5338-99a0-32d156bcbd68,2026-09-11
140,a2cc3818-be31-5aeb-828c-e23f579431aa,2026-09-12
140,f4b545d6-b6c0-54b8-847e-101d68428b48,2026-09-17
140,88a268b0-6bca-5583-b041-ffdbc51be7e6,2026-09-11
140,8fa5b823-1a70-59f7-9bb2-b3d5f36dc82b,2026-09-03
140,673e8617-3280-5bfa-85a6-738a6d64aac6,2026-09-07
140,d9fbcbde-376a-5f82-9fb5-268a24b02d57,2026-09-02
140,bc38029f-d1c5-5b8f-8055-d446a522cb91,2026-09-14
140,88820056-e901-59a1-b2ca-c4e813b34f7b,2026-09-11
140,ea7edc0e-b64d-545f-b311-b4ee943f2935,2026-08-28
140,da462241-608b-5422-bdbd-0d98184a433d,2026-09-11
140,6ac5a7a4-ae0d-5e31-8a7c-d85b63a96c46,2026-09-12
140,c6286e16-5e03-594c-aa67-861b8ba91b33,2026-09-01
140,484e243b-afd7-5767-bb0f-4262c0334aea,2026-08-26
140,9d1c460b-bd0b-57ff-ac14-f2b10f73edd3,2026-08-26
140,d48cab4b-e48b-59ae-88d6-41d5d463569d,2026-09-04
140,001e944b-e64e-5742-afb7-5e04327e41ee,2026-09-01
140,d3175e63-6121-5d55-b429-df91670d9aca,2026-09-06
140,0e992dba-f631-52d1-b7e3-76faec77c33f,2026-08-27
140,5421f79d-ed60-5eed-852b-01b379adab9e,2026-09-02
140,64609795-d498-5ea7-ad33-a3bcecf9d962,2026-08-25
140,b7180518-4b5b-54ef-9060-958212d05ab7,2026-09-15
140,c6286e16-5e03-594c-aa67-861b8ba91b33,2026-09-03
140,e21dfd78-ea9f-5754-a3b2-3b3b66dd30b5,2026-09-16
140,651ce25b-8132-52d9-8f74-889f22c3bb5c,2026-09-17
140,1bf86e3f-0e6e-5241-b319-71005237945f,2026-09-05
140,20b4182c-90f7-51da-99e8-97ade4d19a92,2026-09-04
140,6690668c-e73d-51ff-9ca4-36bec9b8c175,2026-08-25
140,9047d24d-0775-5f10-bf17-6e8fc62c5884,2026-08-24
140,b897da16-1a55-5740-8129-7d502e6f44b8,2026-09-13
141,693ebb02-ab3f-5d60-b798-d4d4df4900d2,2026-09-17
141,2e2e8079-6c9e-51c9-bc7e-1475045fd514,2026-09-15
141,1b1e4344-fde4-5cc2-b82c-4fb458696522,2026-09-14
141,8819cb55-67e6-5a55-98c8-d80446975a9e,2026-09-12
141,44a33563-638c-52da-ae01-285f43dfcb99,2026-09-17
141,783491ec-2857-52e8-a102-766d7abba6d2,2026-09-12
141,10feece1-a2cd-532b-8488-21659a3bee22,2026-09-13
141,0bd9c807-50b6-567b-befe-96c80ed2fc9d,2026-09-18
141,f22a7317-9c2b-5d13-99b9-1a1622094bb3,2026-09-17
141,64609795-d498-5ea7-ad33-a3bcecf9d962,2026-09-18
141,35e87bcc-650c-5e3f-9741-3f0c54905b6f,2026-09-16
141,fb400c3e-ecd0-522e-8b8e-1323946be71a,2026-09-13
141,f4b545d6-b6c0-54b8-847e-101d68428b48,2026-09-13
141,95927b04-f214-5c26-878d-fb55176e41bc,2026-09-13
141,e5b7ccce-2cb7-5b6e-95a5-32ffacbca87f,2026-09-15
141,50d6350f-ffd4-59ad-a1ff-65a49a77a913,2026-09-15
141,c6286e16-5e03-594c-aa67-861b8ba91b33,2026-09-13
141,facb4557-eabe-5f8b-89cc-f223b91c89b7,2026-09-15
141,f4b545d6-b6c0-54b8-847e-101d68428b48,2026-09-16
141,bb4b0d34-59a4-5948-a9be-a1aa6caece55,2026-09-16
141,554a90ae-c448-548d-a552-cd8f1c340cbd,2026-09-17
141,eb397f92-99ac-5f0f-8f81-3540865f0477,2026-09-13
141,6ecf180b-be59-594c-a33b-31bd0120f01f,2026-09-17
141,baa8ef70-5b01-5a49-84cb-71c353290705,2026-09-12
141,cac67f41-f5af-5268-9e2d-34feac0dc9fa,2026-09-14
141,36016ab9-3cc9-5f6a-8bc7-1d138ad9cb43,2026-09-12
141,1bc15434-bc22-56cc-a890-336efd2a11e5,2026-09-17
141,0e992dba-f631-52d1-b7e3-76faec77c33f,2026-09-14
141,d9aaa9eb-5304-587b-b0f4-42a2d5930f54,2026-09-18
141,cb162f3d-006f-544e-bfa6-f9abb8a52026,2026-09-16
141,e1f9b739-b2d3-51e6-9609-05805a6d151c,2026-09-14
141,7e6a1243-34f5-52e6-862f-e5f3b2ebe640,2026-09-17
141,405fd522-6b0d-52fc-b397-dc3ce2e4a2ea,2026-09-14
141,e747fee0-a84b-5f51-98a3-7481903c9023,2026-09-16
141,4cf03b5a-e2ca-57f2-95b8-16a3b92247e6,2026-09-14
141,729fe171-fa0d-547e-b374-39bd19f4c645,2026-09-16
141,f223e569-d735-5980-b77b-25d459e64a37,2026-09-18
141,f2561442-8439-5138-9a3b-8bcf96f16609,2026-09-12
141,77c684c4-9514-5edc-85ff-1052c8544c14,2026-09-15
141,6467241a-6abd-5888-8e87-40e0e86cbc55,2026-09-12
141,9d1c460b-bd0b-57ff-ac14-f2b10f73edd3,2026-09-16
141,5d857806-7d61-533b-bc12-af2d7b775d29,2026-09-13
141,43a3bb15-e7a6-5c42-a198-3e0d7f080ba1,2026-09-13
141,f4793612-bd5c-52c4-b29e-226fe28a77ca,2026-09-18
141,9cba29b2-e169-54f3-9d61-1d5013f80312,2026-09-18
141,20b63262-d3e6-555a-95b2-84fc87694a19,2026-09-15
141,458287c3-1628-5e26-8930-0d88ae11ce1a,2026-09-16
141,7298015b-9105-595a-b879-3013c08053f7,2026-09-17
141,90cced0e-f2c7-528c-bd28-38c44ead6c98,2026-09-17
141,7ef6d8e7-132e-5da5-a653-16dd2e5719c4,2026-09-12
141,3d016498-e16a-5ad9-95c7-b633dfc6a142,2026-09-17
141,9b2e34a9-6722-598e-a857-e346acd294bf,2026-09-12
141,783491ec-2857-52e8-a102-766d7abba6d2,2026-09-13
141,33ba5d16-c38c-5bcf-9896-ea8ae81d6e7b,2026-09-13
141,54561bf4-fe37-5b37-934d-9c7f81542f8b,2026-09-14
141,f4793612-bd5c-52c4-b29e-226fe28a77ca,2026-09-14
141,96ccee9a-30f2-56cd-b597-a927c84e0f75,2026-09-18
141,508d03e7-de84-523a-8242-f48abc9451d7,2026-09-12
142,518ae987-15f7-5b22-8bcc-df59623dbdce,2026-09-18
142,63fdd1e3-9db3-5b05-9799-510eea6abab7,2026-09-18
142,3b932376-f549-5a1c-a24b-664b4bc338e3,2026-09-18
142,1bf86e3f-0e6e-5241-b319-71005237945f,2026-09-18
142,774fd1d7-ca6b-5177-9d91-fc7b24739425,2026-09-18
142,0e49007f-82be-5238-a956-37d8f7b40d4c,2026-09-18
142,ee289908-380a-5bb3-8fdc-0990b203929b,2026-09-18
142,20b63262-d3e6-555a-95b2-84fc87694a19,2026-09-18
142,cd8c4c60-ab9b-5cf3-996e-d4fbb990f4c6,2026-09-18
142,7f0221a7-4703-52e7-8b26-fa2cd7303c90,2026-09-18
142,6cf4bb40-4d81-5eb3-b9d9-5841cd55724e,2026-09-18
142,3d0f3e54-413b-5a89-bc88-8cb0e7246b97,2026-09-18
142,5ce94e6e-a987-5fd1-90b2-94a1174f9376,2026-09-18
142,02bf8d95-eee4-5287-b363-0551cc4a6d51,2026-09-18
142,d6b81cb4-a299-5894-baa5-463cb63679a3,2026-09-18
142,90cced0e-f2c7-528c-bd28-38c44ead6c98,2026-09-18
142,0bd9c807-50b6-567b-befe-96c80ed2fc9d,2026-09-18
142,6ab0c42d-0ad5-5b3d-9c6c-4ab9eaa47586,2026-09-18
142,67357d35-e727-50a5-9114-d5f2da172374,2026-09-18
142,facb4557-eabe-5f8b-89cc-f223b91c89b7,2026-09-18
142,96dbbdad-601e-5bc2-9d1a-78f9f6349a39,2026-09-18
142,8ecc0792-3789-53b2-a26e-fc6daa886eb7,2026-09-18
142,d3175e63-6121-5d55-b429-df91670d9aca,2026-09-18
142,6ecf180b-be59-594c-a33b-31bd0120f01f,2026-09-18
142,554a90ae-c448-548d-a552-cd8f1c340cbd,2026-09-18
142,fbdfefdb-ca2d-5a0e-87ed-62021c1c11d4,2026-09-18
142,bdc5faf6-386d-5338-99a0-32d156bcbd68,2026-09-18
142,d9fbcbde-376a-5f82-9fb5-268a24b02d57,2026-09-18
142,3d5b480d-3962-5c76-96ca-5459d65372aa,2026-09-18
142,f2561442-8439-5138-9a3b-8bcf96f16609,2026-09-18
142,729fe171-fa0d-547e-b374-39bd19f4c645,2026-09-18
142,b897da16-1a55-5740-8129-7d502e6f44b8,2026-09-18
142,8fa5b823-1a70-59f7-9bb2-b3d5f36dc82b,2026-09-18
142,95ff45a0-9b28-55cb-bba6-22a608a4e30d,2026-09-18
142,6690668c-e73d-51ff-9ca4-36bec9b8c175,2026-09-18
142,5421f79d-ed60-5eed-852b-01b379adab9e,2026-09-18
142,ae96d203-7a11-52ed-9e02-cd93c3dda603,2026-09-18
142,e21dfd78-ea9f-5754-a3b2-3b3b66dd30b5,2026-09-18
142,bc38029f-d1c5-5b8f-8055-d446a522cb91,2026-09-18
142,8300625d-d3f5-5264-8503-98a2bfbf60d8,2026-09-18
142,e747fee0-a84b-5f51-98a3-7481903c9023,2026-09-18
142,eeeb9e89-042f-5fdc-8fcf-2c3ad56f9bf1,2026-09-18
142,f8f213c7-3d61-567e-9735-5e3e9498b892,2026-09-18
142,0947c4b9-50d6-50e2-9043-84a15b80e8c7,2026-09-18
142,082b47e7-5a06-5a34-bd49-595c82b2b196,2026-09-18
142,85df6dcd-e42a-581f-802b-eb93568b74eb,2026-09-18
142,7ef6d8e7-132e-5da5-a653-16dd2e5719c4,2026-09-18
142,b0ebc690-efe0-594f-bd55-e4d7ec3454bc,2026-09-18
142,88a268b0-6bca-5583-b041-ffdbc51be7e6,2026-09-18
142,64b591cd-4cbe-577a-aba9-ee6912328a58,2026-09-18
142,49a9d8f7-08ea-5972-af3a-0ca0a6c06e59,2026-09-18
142,0e992dba-f631-52d1-b7e3-76faec77c33f,2026-09-18
142,d16e3cdc-2868-563d-867d-62fa9b8b24ea,2026-09-18
142,a36cd93c-2f0c-5956-9a51-8094e39a7bed,2026-09-18
142,61347d09-09eb-5f04-a4ec-fe830319799f,2026-09-18
142,f985b68e-39ae-5c83-8468-2b126802c414,2026-09-18
142,a2cc3818-be31-5aeb-828c-e23f579431aa,2026-09-18
142,25797954-b022-582e-8349-e1e2c141368c,2026-09-18
142,36016ab9-3cc9-5f6a-8bc7-1d138ad9cb43,2026-09-18
142,d0c58825-6ead-50f6-9a07-f2f95dbb51ea,2026-09-18
142,e5b7ccce-2cb7-5b6e-95a5-32ffacbca87f,2026-09-18
142,7624f38b-fbca-546f-af04-c9dda9318f82,2026-09-18
142,dfe9e449-d177-56af-a679-d3e1c78c5c02,2026-09-18
142,33ba5d16-c38c-5bcf-9896-ea8ae81d6e7b,2026-09-18
142,6ac5a7a4-ae0d-5e31-8a7c-d85b63a96c46,2026-09-18
142,adfbbf3c-5175-5e0a-bf98-b8854f2081c2,2026-09-18
142,45abfe15-6e8d-57cf-bda3-b7ae2b5c0bc7,2026-09-18
142,6b9b6012-cdb4-50eb-8ad0-01c36516df23,2026-09-18
142,52ab3a8f-ec5c-5e66-bcd5-efc304512118,2026-09-18
142,84047d01-74e6-5a08-a20e-b5c25e3eff3e,2026-09-18
142,8819cb55-67e6-5a55-98c8-d80446975a9e,2026-09-18
142,ef763ec1-f93c-5744-9640-4ca59adf9347,2026-09-18
142,da462241-608b-5422-bdbd-0d98184a433d,2026-09-18
142,f22a7317-9c2b-5d13-99b9-1a1622094bb3,2026-09-18
142,a5526e82-ef69-522b-b3ad-df818658bde0,2026-09-18
142,51420309-4688-52d6-84b9-51c0dc3a900e,2026-09-18
142,b7180518-4b5b-54ef-9060-958212d05ab7,2026-09-18
142,096499d2-73d6-5063-9dd4-a7c1aebac61d,2026-09-18
142,f0f4eb8c-a1ed-50a1-bc7d-2863700a31a5,2026-09-18
142,a0a53b38-722a-56e6-a52c-fe0e06169a59,2026-09-18
142,001e944b-e64e-5742-afb7-5e04327e41ee,2026-09-18
142,daa36188-60fd-56a2-938b-70b1b51084b0,2026-09-18
142,e0b64119-ecb0-52a5-852d-39c211ce337a,2026-09-18
142,783491ec-2857-52e8-a102-766d7abba6d2,2026-09-18
142,6e82bb3e-ede8-5803-ba1a-cc3aa8766199,2026-09-18
142,4c2177ab-592a-5e4a-b25b-8bb3f8090555,2026-09-18
142,8ae0340a-8eaf-5e9d-9db0-ac449334023d,2026-09-18
142,e3efd234-c7f9-5957-937f-661b1c3981ef,2026-09-18
142,44a33563-638c-52da-ae01-285f43dfcb99,2026-09-18
142,1bc15434-bc22-56cc-a890-336efd2a11e5,2026-09-18
142,f223e569-d735-5980-b77b-25d459e64a37,2026-09-18
142,368442e7-2dfe-5df4-9ab7-a468b984050a,2026-09-18
142,cb162f3d-006f-544e-bfa6-f9abb8a52026,2026-09-18
142,a6b8342c-310b-5b88-9c07-602dbd646488,2026-09-18
142,651ce25b-8132-52d9-8f74-889f22c3bb5c,2026-09-18
142,50de23a6-cd45-55ac-adb0-06d14b4ed8ce,2026-09-18
142,77c684c4-9514-5edc-85ff-1052c8544c14,2026-09-18
142,ea7edc0e-b64d-545f-b311-b4ee943f2935,2026-09-18
142,53f78f7e-e2df-586b-b483-5748c92d0f9f,2026-09-18
142,9b2e34a9-6722-598e-a857-e346acd294bf,2026-09-18
142,37b7aed3-d207-54f7-b4ec-0e05c50eaeb2,2026-09-18
142,a53c485b-a35c-51fb-84a5-364207ce0adb,2026-09-18
142,e502b694-466f-5e1f-9293-146b264ae20c,2026-09-18
142,e1f9b739-b2d3-51e6-9609-05805a6d151c,2026-09-18
142,1dd6da2f-292d-52b5-8e0e-a84885e81ba1,2026-09-18
142,b39a9d3d-f3eb-5d31-9cc7-15e278969b70,2026-09-18
142,35e87bcc-650c-5e3f-9741-3f0c54905b6f,2026-09-18
142,d2a70bca-a25c-522f-9b7e-c967b69503cc,2026-09-18
142,6720265f-9f2b-5485-bf24-54e1784991b6,2026-09-18
142,e137404e-9196-525c-b17a-44dc96d29f29,2026-09-18
142,50d6350f-ffd4-59ad-a1ff-65a49a77a913,2026-09-18
142,3d016498-e16a-5ad9-95c7-b633dfc6a142,2026-09-18
142,508d03e7-de84-523a-8242-f48abc9451d7,2026-09-18
142,6988340a-a3c1-5fda-a996-711f1723c649,2026-09-18
142,ec6d706d-7dba-534b-8700-e6752dbd06e1,2026-09-18
142,5a4b137d-2ebb-5c75-8cdd-bf77406b4b9f,2026-09-18
142,06657aeb-b604-5b0d-9281-d2e5afb78a9d,2026-09-18
142,7b48b183-5d87-500f-9cec-2e003c19efac,2026-09-18
142,ac9c9500-b7e4-5bbe-8f4e-a40a6201979a,2026-09-18
142,7298015b-9105-595a-b879-3013c08053f7,2026-09-18
142,0da68170-ff38-5dad-9224-770d261f1c8a,2026-09-18
142,ffe47fd1-7989-5728-addd-50b504edd889,2026-09-18
142,95927b04-f214-5c26-878d-fb55176e41bc,2026-09-18
142,fb400c3e-ecd0-522e-8b8e-1323946be71a,2026-09-18
142,f21481e8-5bf3-5aa6-a7e0-fe6e26920e28,2026-09-18
142,484e243b-afd7-5767-bb0f-4262c0334aea,2026-09-18
142,ab45f9eb-3fee-5ea5-bccb-faffc50f3e76,2026-09-18
142,610e9654-06d6-5e55-959b-377b8749b8f9,2026-09-18
142,45cee65b-db52-5dff-b09d-0ee1ac2be20f,2026-09-18
142,9a026691-28ff-5880-9da3-006735af19d3,2026-09-18
142,341a0cef-f4a9-53ee-8980-229dc154ff4e,2026-09-18
142,b55b4f74-ded6-5cf1-aae0-9ad89c03c10c,2026-09-18
142,c6286e16-5e03-594c-aa67-861b8ba91b33,2026-09-18
142,82a5c89c-0b3a-58b9-9259-837a5348a5c2,2026-09-18
142,eb3717c1-cd92-5eeb-af40-9df7f3132426,2026-09-18
142,9047d24d-0775-5f10-bf17-6e8fc62c5884,2026-09-18
142,33d87513-60c2-51ff-9ec5-f0f1389ed27e,2026-09-18
142,a60d0128-bffa-5d2d-9915-36693e6bc3ba,2026-09-18
142,af808cd8-ab34-515f-a8a0-a1b0719a537b,2026-09-18
142,2e2e8079-6c9e-51c9-bc7e-1475045fd514,2026-09-18
142,f4b545d6-b6c0-54b8-847e-101d68428b48,2026-09-18
142,a992f17b-79b6-5dcf-aed4-2aebaa5775c7,2026-09-18
142,5d857806-7d61-533b-bc12-af2d7b775d29,2026-09-18
142,4c310820-12d3-5128-9a45-973db446b59e,2026-09-18
142,6467241a-6abd-5888-8e87-40e0e86cbc55,2026-09-18
142,5c465a9a-bc36-5d7b-b5a2-0f18d9dab68a,2026-09-18
142,b5be680a-732e-55e0-bc5d-b80e831ff33a,2026-09-18
142,f4793612-bd5c-52c4-b29e-226fe28a77ca,2026-09-18
142,3bc3e38a-5ff7-5330-ab2d-8add18e85d57,2026-09-18
142,9d1c460b-bd0b-57ff-ac14-f2b10f73edd3,2026-09-18
142,473b12ab-4d0d-5b7f-89b2-c0a1e2405c60,2026-09-18
142,64609795-d498-5ea7-ad33-a3bcecf9d962,2026-09-18
142,44f09dba-7a20-5f46-840b-4670e6c7eb92,2026-09-18
142,302b84f9-9053-5cf7-bed0-305678227875,2026-09-18
142,eb397f92-99ac-5f0f-8f81-3540865f0477,2026-09-18
143,eeeb9e89-042f-5fdc-8fcf-2c3ad56f9bf1,2026-08-24
143,4cf03b5a-e2ca-57f2-95b8-16a3b92247e6,2026-08-28
143,96dbbdad-601e-5bc2-9d1a-78f9f6349a39,2026-09-06
143,f22a7317-9c2b-5d13-99b9-1a1622094bb3,2026-09-09
143,cd8c4c60-ab9b-5cf3-996e-d4fbb990f4c6,2026-09-06
143,1767869f-381f-59b9-acac-01da2d539e40,2026-09-09
143,d0c58825-6ead-50f6-9a07-f2f95dbb51ea,2026-09-17
143,bc38029f-d1c5-5b8f-8055-d446a522cb91,2026-09-07
143,341a0cef-f4a9-53ee-8980-229dc154ff4e,2026-09-01
143,d16e3cdc-2868-563d-867d-62fa9b8b24ea,2026-09-05
143,bc38029f-d1c5-5b8f-8055-d446a522cb91,2026-08-27
143,4c310820-12d3-5128-9a45-973db446b59e,2026-09-15
143,af808cd8-ab34-515f-a8a0-a1b0719a537b,2026-09-02
143,729fe171-fa0d-547e-b374-39bd19f4c645,2026-09-05
143,518ae987-15f7-5b22-8bcc-df59623dbdce,2026-09-16
143,6ab0c42d-0ad5-5b3d-9c6c-4ab9eaa47586,2026-09-08
143,45abfe15-6e8d-57cf-bda3-b7ae2b5c0bc7,2026-09-17
143,d5dc7189-89df-5fd7-983f-1124b6de3d68,2026-09-11
143,554a90ae-c448-548d-a552-cd8f1c340cbd,2026-09-15
143,6ecf180b-be59-594c-a33b-31bd0120f01f,2026-09-02
143,b897da16-1a55-5740-8129-7d502e6f44b8,2026-09-18
143,1b1e4344-fde4-5cc2-b82c-4fb458696522,2026-08-31
143,d767d4bb-a2aa-587a-90f9-23d0689ae52a,2026-09-14
143,b0ebc690-efe0-594f-bd55-e4d7ec3454bc,2026-08-25
143,40120057-c43a-5745-9d3a-d9b0c6b1e84e,2026-08-24
143,7b359533-e634-59eb-a2c3-b5501ff96488,2026-08-27
143,6e82bb3e-ede8-5803-ba1a-cc3aa8766199,2026-08-27
143,554a90ae-c448-548d-a552-cd8f1c340cbd,2026-09-03
143,6d9d0917-bda8-5863-abe4-92d14b0cc926,2026-09-11
143,19e81afb-74c1-5b4a-9af3-469f3b610235,2026-09-10
143,ac9c9500-b7e4-5bbe-8f4e-a40a6201979a,2026-09-16
143,95927b04-f214-5c26-878d-fb55176e41bc,2026-09-09
143,f223e569-d735-5980-b77b-25d459e64a37,2026-09-03
143,d6b81cb4-a299-5894-baa5-463cb63679a3,2026-09-14
143,f1fb49f6-8f16-5086-a3b3-1c5e169f9ad4,2026-09-09
143,473b12ab-4d0d-5b7f-89b2-c0a1e2405c60,2026-09-01
143,554a90ae-c448-548d-a552-cd8f1c340cbd,2026-09-06
143,e747fee0-a84b-5f51-98a3-7481903c9023,2026-09-05
143,a992f17b-79b6-5dcf-aed4-2aebaa5775c7,2026-09-04
143,878bb7d9-5569-5efb-bbd1-5e39d62d594d,2026-09-13
143,e5b7ccce-2cb7-5b6e-95a5-32ffacbca87f,2026-09-03
143,daa36188-60fd-56a2-938b-70b1b51084b0,2026-08-28
143,0da68170-ff38-5dad-9224-770d261f1c8a,2026-09-01
143,f0f4eb8c-a1ed-50a1-bc7d-2863700a31a5,2026-09-02
143,373cd20e-25d5-5a46-a0ae-18157cf68a55,2026-09-10
143,facb4557-eabe-5f8b-89cc-f223b91c89b7,2026-08-31
143,20b4182c-90f7-51da-99e8-97ade4d19a92,2026-08-31
143,0e49007f-82be-5238-a956-37d8f7b40d4c,2026-09-07
143,ea7edc0e-b64d-545f-b311-b4ee943f2935,2026-08-31
143,84da666c-c47c-572e-b2c9-3b6f35881596,2026-09-16
143,cac67f41-f5af-5268-9e2d-34feac0dc9fa,2026-09-03
143,3425797b-5c54-5f3a-9a34-9cedb0dc5b84,2026-09-03
143,b0ebc690-efe0-594f-bd55-e4d7ec3454bc,2026-09-02
143,a2cc3818-be31-5aeb-828c-e23f579431aa,2026-09-07
143,a60d0128-bffa-5d2d-9915-36693e6bc3ba,2026-09-13
143,cd8c4c60-ab9b-5cf3-996e-d4fbb990f4c6,2026-09-11
143,53f78f7e-e2df-586b-b483-5748c92d0f9f,2026-08-29
143,20b63262-d3e6-555a-95b2-84fc87694a19,2026-09-03
143,fbdfefdb-ca2d-5a0e-87ed-62021c1c11d4,2026-09-11
143,44a33563-638c-52da-ae01-285f43dfcb99,2026-08-30
143,33d87513-60c2-51ff-9ec5-f0f1389ed27e,2026-09-09
143,f4b545d6-b6c0-54b8-847e-101d68428b48,2026-08-24
143,e0b64119-ecb0-52a5-852d-39c211ce337a,2026-09-06
143,d767d4bb-a2aa-587a-90f9-23d0689ae52a,2026-09-01
143,01c00e49-c4d6-5d4b-bbc1-8aa3fe21ba2a,2026-09-01
143,88820056-e901-59a1-b2ca-c4e813b34f7b,2026-09-16
143,2e2e8079-6c9e-51c9-bc7e-1475045fd514,2026-08-25
143,5c465a9a-bc36-5d7b-b5a2-0f18d9dab68a,2026-09-10
143,f8f213c7-3d61-567e-9735-5e3e9498b892,2026-09-03
143,e21dfd78-ea9f-5754-a3b2-3b3b66dd30b5,2026-09-12
143,774fd1d7-ca6b-5177-9d91-fc7b24739425,2026-08-28
143,f3744506-cae3-5f81-8a4f-506a60395be8,2026-08-30
143,a0a53b38-722a-56e6-a52c-fe0e06169a59,2026-09-05
143,6ab0c42d-0ad5-5b3d-9c6c-4ab9eaa47586,2026-09-16
143,1bf86e3f-0e6e-5241-b319-71005237945f,2026-09-02
143,cb162f3d-006f-544e-bfa6-f9abb8a52026,2026-09-05
143,f985b68e-39ae-5c83-8468-2b126802c414,2026-09-14
143,b39a9d3d-f3eb-5d31-9cc7-15e278969b70,2026-09-05
143,4966bb54-4d4f-5992-8586-1bd44991d17f,2026-09-05
143,f985b68e-39ae-5c83-8468-2b126802c414,2026-08-24
143,4307ee18-2e16-50be-abbc-db160bb8e8fd,2026-08-25
143,e3efd234-c7f9-5957-937f-661b1c3981ef,2026-09-02
143,3b932376-f549-5a1c-a24b-664b4bc338e3,2026-09-03
143,44a33563-638c-52da-ae01-285f43dfcb99,2026-09-10
143,88a268b0-6bca-5583-b041-ffdbc51be7e6,2026-09-15
143,3d016498-e16a-5ad9-95c7-b633dfc6a142,2026-09-14
143,6ab0c42d-0ad5-5b3d-9c6c-4ab9eaa47586,2026-09-05
143,8819cb55-67e6-5a55-98c8-d80446975a9e,2026-09-06
143,45abfe15-6e8d-57cf-bda3-b7ae2b5c0bc7,2026-08-24
143,605985c4-d18d-54b0-829f-2a199ea5c81d,2026-09-03
143,473b12ab-4d0d-5b7f-89b2-c0a1e2405c60,2026-08-24
143,90cced0e-f2c7-528c-bd28-38c44ead6c98,2026-09-05
143,783491ec-2857-52e8-a102-766d7abba6d2,2026-09-10
143,45cee65b-db52-5dff-b09d-0ee1ac2be20f,2026-09-11
143,729fe171-fa0d-547e-b374-39bd19f4c645,2026-09-06
143,d6b81cb4-a299-5894-baa5-463cb63679a3,2026-08-25
143,82a5c89c-0b3a-58b9-9259-837a5348a5c2,2026-09-03
143,eeeb9e89-042f-5fdc-8fcf-2c3ad56f9bf1,2026-08-28
143,96373821-4bf4-53b8-bd24-bb64bbb3b84e,2026-09-12
143,64609795-d498-5ea7-ad33-a3bcecf9d962,2026-08-31
143,774fd1d7-ca6b-5177-9d91-fc7b24739425,2026-08-26
143,a36cd93c-2f0c-5956-9a51-8094e39a7bed,2026-09-05
143,64609795-d498-5ea7-ad33-a3bcecf9d962,2026-09-14
143,6988340a-a3c1-5fda-a996-711f1723c649,2026-09-01
143,341a0cef-f4a9-53ee-8980-229dc154ff4e,2026-09-18
143,5c465a9a-bc36-5d7b-b5a2-0f18d9dab68a,2026-09-07
143,774fd1d7-ca6b-5177-9d91-fc7b24739425,2026-09-12
143,6ecf180b-be59-594c-a33b-31bd0120f01f,2026-08-24
143,19e81afb-74c1-5b4a-9af3-469f3b610235,2026-09-08
143,dfe9e449-d177-56af-a679-d3e1c78c5c02,2026-09-17
143,6690668c-e73d-51ff-9ca4-36bec9b8c175,2026-08-25
143,50d6350f-ffd4-59ad-a1ff-65a49a77a913,2026-09-04
143,5ccdaadc-80b2-50e1-a0c1-bad0246a7cf2,2026-09-12
143,8819cb55-67e6-5a55-98c8-d80446975a9e,2026-08-25
143,6ab0c42d-0ad5-5b3d-9c6c-4ab9eaa47586,2026-09-04
143,6ab0c42d-0ad5-5b3d-9c6c-4ab9eaa47586,2026-08-27
143,daa36188-60fd-56a2-938b-70b1b51084b0,2026-09-03
143,88a268b0-6bca-5583-b041-ffdbc51be7e6,2026-08-24
143,341a0cef-f4a9-53ee-8980-229dc154ff4e,2026-09-13
143,7b359533-e634-59eb-a2c3-b5501ff96488,2026-08-30
143,96ccee9a-30f2-56cd-b597-a927c84e0f75,2026-09-09
143,9355c2cf-38db-5118-9b77-3d5b5b3870df,2026-09-01
143,302b84f9-9053-5cf7-bed0-305678227875,2026-08-31
143,fd96bbd1-5601-5c99-a1e2-04b09168b35e,2026-08-25
143,082b47e7-5a06-5a34-bd49-595c82b2b196,2026-08-26
143,a60d0128-bffa-5d2d-9915-36693e6bc3ba,2026-09-09
143,d16e3cdc-2868-563d-867d-62fa9b8b24ea,2026-09-09
143,1062abbb-4fcd-51a9-95fc-5474e4af7640,2026-09-07
143,34046d1a-c67e-5a81-b9d5-47dd4840c4fe,2026-08-24
143,f2561442-8439-5138-9a3b-8bcf96f16609,2026-09-09
143,da462241-608b-5422-bdbd-0d98184a433d,2026-09-13
143,e21dfd78-ea9f-5754-a3b2-3b3b66dd30b5,2026-08-24
143,f4b545d6-b6c0-54b8-847e-101d68428b48,2026-09-10
143,e0b64119-ecb0-52a5-852d-39c211ce337a,2026-09-01
143,5ce94e6e-a987-5fd1-90b2-94a1174f9376,2026-09-16
143,3b932376-f549-5a1c-a24b-664b4bc338e3,2026-08-30
143,6cf4bb40-4d81-5eb3-b9d9-5841cd55724e,2026-09-13
143,ee289908-380a-5bb3-8fdc-0990b203929b,2026-08-31
143,a5526e82-ef69-522b-b3ad-df818658bde0,2026-09-06
143,651ce25b-8132-52d9-8f74-889f22c3bb5c,2026-09-01
143,3bc3e38a-5ff7-5330-ab2d-8add18e85d57,2026-09-10
143,01c00e49-c4d6-5d4b-bbc1-8aa3fe21ba2a,2026-09-11
143,90cced0e-f2c7-528c-bd28-38c44ead6c98,2026-09-14
143,20b4182c-90f7-51da-99e8-97ade4d19a92,2026-08-28
143,84047d01-74e6-5a08-a20e-b5c25e3eff3e,2026-09-10
143,b7f1d97d-9f3c-5885-b9ef-48d67a16a686,2026-09-14
143,c6286e16-5e03-594c-aa67-861b8ba91b33,2026-09-17
143,9c9c228f-3bd5-5da4-b666-fbfab93b4b7e,2026-09-15
143,b5be680a-732e-55e0-bc5d-b80e831ff33a,2026-08-26
143,35e87bcc-650c-5e3f-9741-3f0c54905b6f,2026-09-13
143,a60d0128-bffa-5d2d-9915-36693e6bc3ba,2026-08-28
143,a992f17b-79b6-5dcf-aed4-2aebaa5775c7,2026-09-18
143,a0a53b38-722a-56e6-a52c-fe0e06169a59,2026-09-11
143,6467241a-6abd-5888-8e87-40e0e86cbc55,2026-08-28
143,bf54d417-d834-5d3e-a7f9-106377fe05a5,2026-08-28
144,95927b04-f214-5c26-878d-fb55176e41bc,2026-09-14
144,6720265f-9f2b-5485-bf24-54e1784991b6,2026-09-08
144,51420309-4688-52d6-84b9-51c0dc3a900e,2026-09-12
144,facb4557-eabe-5f8b-89cc-f223b91c89b7,2026-09-10
144,a992f17b-79b6-5dcf-aed4-2aebaa5775c7,2026-09-17
144,7298015b-9105-595a-b879-3013c08053f7,2026-09-12
144,473b12ab-4d0d-5b7f-89b2-c0a1e2405c60,2026-09-17
144,4307ee18-2e16-50be-abbc-db160bb8e8fd,2026-09-05
144,e7c63421-97d2-555e-9731-46cb0f04f637,2026-09-11
144,01c00e49-c4d6-5d4b-bbc1-8aa3fe21ba2a,2026-09-03
144,651ce25b-8132-52d9-8f74-889f22c3bb5c,2026-09-13
144,d3175e63-6121-5d55-b429-df91670d9aca,2026-09-17
144,ae96d203-7a11-52ed-9e02-cd93c3dda603,2026-09-11
144,67357d35-e727-50a5-9114-d5f2da172374,2026-09-13
144,6ac5a7a4-ae0d-5e31-8a7c-d85b63a96c46,2026-09-14
144,ec6d706d-7dba-534b-8700-e6752dbd06e1,2026-09-04
144,f21481e8-5bf3-5aa6-a7e0-fe6e26920e28,2026-09-14
144,8ecc0792-3789-53b2-a26e-fc6daa886eb7,2026-09-06
144,9047d24d-0775-5f10-bf17-6e8fc62c5884,2026-09-15
144,cac67f41-f5af-5268-9e2d-34feac0dc9fa,2026-09-06
144,b55b4f74-ded6-5cf1-aae0-9ad89c03c10c,2026-09-09
144,dfe9e449-d177-56af-a679-d3e1c78c5c02,2026-09-13
144,6ac5a7a4-ae0d-5e31-8a7c-d85b63a96c46,2026-09-06
144,4cf03b5a-e2ca-57f2-95b8-16a3b92247e6,2026-09-18
144,10feece1-a2cd-532b-8488-21659a3bee22,2026-09-16
144,20b4182c-90f7-51da-99e8-97ade4d19a92,2026-09-04
144,58074159-53d7-5a52-8436-d84a05af35a9,2026-09-17
144,4845dc43-0c9d-5f09-aa4a-62e68abb5d12,2026-09-10
144,7f0221a7-4703-52e7-8b26-fa2cd7303c90,2026-09-11
144,e502b694-466f-5e1f-9293-146b264ae20c,2026-09-16
144,7bdf8ad6-1318-5f74-9112-e2b655e215a2,2026-09-10
144,40120057-c43a-5745-9d3a-d9b0c6b1e84e,2026-09-09
144,ab45f9eb-3fee-5ea5-bccb-faffc50f3e76,2026-09-17
144,f22a7317-9c2b-5d13-99b9-1a1622094bb3,2026-09-03
144,a992f17b-79b6-5dcf-aed4-2aebaa5775c7,2026-09-03
144,484e243b-afd7-5767-bb0f-4262c0334aea,2026-09-05
144,082b47e7-5a06-5a34-bd49-595c82b2b196,2026-09-09
144,9355c2cf-38db-5118-9b77-3d5b5b3870df,2026-09-06
144,e7dd6cb0-626e-510a-9e98-0498c534b04d,2026-09-09
144,6ecf180b-be59-594c-a33b-31bd0120f01f,2026-09-14
144,9c9c228f-3bd5-5da4-b666-fbfab93b4b7e,2026-09-17
144,88820056-e901-59a1-b2ca-c4e813b34f7b,2026-09-07
144,3b932376-f549-5a1c-a24b-664b4bc338e3,2026-09-13
144,f3744506-cae3-5f81-8a4f-506a60395be8,2026-09-12
144,20b4182c-90f7-51da-99e8-97ade4d19a92,2026-09-16
144,06657aeb-b604-5b0d-9281-d2e5afb78a9d,2026-09-14
144,44f09dba-7a20-5f46-840b-4670e6c7eb92,2026-09-16
144,bf54d417-d834-5d3e-a7f9-106377fe05a5,2026-09-11
144,40120057-c43a-5745-9d3a-d9b0c6b1e84e,2026-09-17
144,cb162f3d-006f-544e-bfa6-f9abb8a52026,2026-09-07
144,bf54d417-d834-5d3e-a7f9-106377fe05a5,2026-09-07
144,f223e569-d735-5980-b77b-25d459e64a37,2026-09-16
144,a992f17b-79b6-5dcf-aed4-2aebaa5775c7,2026-09-16
144,ec6d706d-7dba-534b-8700-e6752dbd06e1,2026-09-07
144,51420309-4688-52d6-84b9-51c0dc3a900e,2026-09-08
144,50d6350f-ffd4-59ad-a1ff-65a49a77a913,2026-09-11
144,7e6a1243-34f5-52e6-862f-e5f3b2ebe640,2026-09-06
144,50d6350f-ffd4-59ad-a1ff-65a49a77a913,2026-09-15
144,20b4182c-90f7-51da-99e8-97ade4d19a92,2026-09-10
144,484e243b-afd7-5767-bb0f-4262c0334aea,2026-09-12
144,d0c58825-6ead-50f6-9a07-f2f95dbb51ea,2026-09-17
144,bb4b0d34-59a4-5948-a9be-a1aa6caece55,2026-09-10
144,96373821-4bf4-53b8-bd24-bb64bbb3b84e,2026-09-17
144,6cf4bb40-4d81-5eb3-b9d9-5841cd55724e,2026-09-05
144,7b48b183-5d87-500f-9cec-2e003c19efac,2026-09-04
144,ae96d203-7a11-52ed-9e02-cd93c3dda603,2026-09-17
144,51420309-4688-52d6-84b9-51c0dc3a900e,2026-09-05
144,f2561442-8439-5138-9a3b-8bcf96f16609,2026-09-16
144,f2561442-8439-5138-9a3b-8bcf96f16609,2026-09-05
144,1062abbb-4fcd-51a9-95fc-5474e4af7640,2026-09-09
144,d9aaa9eb-5304-587b-b0f4-42a2d5930f54,2026-09-16
144,a0a53b38-722a-56e6-a52c-fe0e06169a59,2026-09-10
144,d6b81cb4-a299-5894-baa5-463cb63679a3,2026-09-05
144,06657aeb-b604-5b0d-9281-d2e5afb78a9d,2026-09-17
144,9edec740-5de6-5c27-8233-5cf72946b182,2026-09-06
144,673e8617-3280-5bfa-85a6-738a6d64aac6,2026-09-11
144,693ebb02-ab3f-5d60-b798-d4d4df4900d2,2026-09-12
144,95927b04-f214-5c26-878d-fb55176e41bc,2026-09-12
144,f223e569-d735-5980-b77b-25d459e64a37,2026-09-03
144,90cced0e-f2c7-528c-bd28-38c44ead6c98,2026-09-12
144,bb4b0d34-59a4-5948-a9be-a1aa6caece55,2026-09-08
144,01c00e49-c4d6-5d4b-bbc1-8aa3fe21ba2a,2026-09-13
144,51420309-4688-52d6-84b9-51c0dc3a900e,2026-09-13
144,b55b4f74-ded6-5cf1-aae0-9ad89c03c10c,2026-09-11
144,44f09dba-7a20-5f46-840b-4670e6c7eb92,2026-09-17
145,b39a9d3d-f3eb-5d31-9cc7-15e278969b70,2026-08-26
145,605985c4-d18d-54b0-829f-2a199ea5c81d,2026-08-17
145,0bd9c807-50b6-567b-befe-96c80ed2fc9d,2026-09-11
145,082b47e7-5a06-5a34-bd49-595c82b2b196,2026-09-09
145,5421f79d-ed60-5eed-852b-01b379adab9e,2026-08-13
145,e21dfd78-ea9f-5754-a3b2-3b3b66dd30b5,2026-08-05
145,77c684c4-9514-5edc-85ff-1052c8544c14,2026-09-07
145,f8f213c7-3d61-567e-9735-5e3e9498b892,2026-09-17
145,8300625d-d3f5-5264-8503-98a2bfbf60d8,2026-09-15
145,ae96d203-7a11-52ed-9e02-cd93c3dda603,2026-09-14
145,44a33563-638c-52da-ae01-285f43dfcb99,2026-09-09
145,518ae987-15f7-5b22-8bcc-df59623dbdce,2026-09-04
145,7624f38b-fbca-546f-af04-c9dda9318f82,2026-09-07
145,f223e569-d735-5980-b77b-25d459e64a37,2026-08-08
145,bdc5faf6-386d-5338-99a0-32d156bcbd68,2026-08-15
145,e0b64119-ecb0-52a5-852d-39c211ce337a,2026-08-10
146,fb400c3e-ecd0-522e-8b8e-1323946be71a,2026-08-29
146,0e49007f-82be-5238-a956-37d8f7b40d4c,2026-09-12
146,5532dec3-02ae-5ac3-8b57-2e8214a8598b,2026-09-18
146,4845dc43-0c9d-5f09-aa4a-62e68abb5d12,2026-09-05
146,3d0f3e54-413b-5a89-bc88-8cb0e7246b97,2026-08-26
146,61347d09-09eb-5f04-a4ec-fe830319799f,2026-09-16
146,84da666c-c47c-572e-b2c9-3b6f35881596,2026-09-17
146,605985c4-d18d-54b0-829f-2a199ea5c81d,2026-08-23
146,ea7edc0e-b64d-545f-b311-b4ee943f2935,2026-08-29
146,0947c4b9-50d6-50e2-9043-84a15b80e8c7,2026-09-07
146,daa36188-60fd-56a2-938b-70b1b51084b0,2026-09-17
146,5d857806-7d61-533b-bc12-af2d7b775d29,2026-08-28
146,473b12ab-4d0d-5b7f-89b2-c0a1e2405c60,2026-09-05
146,9b2e34a9-6722-598e-a857-e346acd294bf,2026-08-31
146,9b2e34a9-6722-598e-a857-e346acd294bf,2026-09-17
146,e5b7ccce-2cb7-5b6e-95a5-32ffacbca87f,2026-09-09
146,95927b04-f214-5c26-878d-fb55176e41bc,2026-08-25
146,20b63262-d3e6-555a-95b2-84fc87694a19,2026-09-10
146,9b2e34a9-6722-598e-a857-e346acd294bf,2026-09-04
146,f0f4eb8c-a1ed-50a1-bc7d-2863700a31a5,2026-08-31
146,2e2e8079-6c9e-51c9-bc7e-1475045fd514,2026-09-06
146,cd8c4c60-ab9b-5cf3-996e-d4fbb990f4c6,2026-08-22
146,5d857806-7d61-533b-bc12-af2d7b775d29,2026-09-15
146,ef763ec1-f93c-5744-9640-4ca59adf9347,2026-08-25
146,a2cc3818-be31-5aeb-828c-e23f579431aa,2026-09-06
146,f0f4eb8c-a1ed-50a1-bc7d-2863700a31a5,2026-09-15
146,9b2e34a9-6722-598e-a857-e346acd294bf,2026-09-16
146,1b1e4344-fde4-5cc2-b82c-4fb458696522,2026-09-10
146,20b4182c-90f7-51da-99e8-97ade4d19a92,2026-09-18
146,878bb7d9-5569-5efb-bbd1-5e39d62d594d,2026-09-10
146,af808cd8-ab34-515f-a8a0-a1b0719a537b,2026-08-26
146,d3175e63-6121-5d55-b429-df91670d9aca,2026-08-26
146,6ecf180b-be59-594c-a33b-31bd0120f01f,2026-09-18
146,5532dec3-02ae-5ac3-8b57-2e8214a8598b,2026-09-02
146,f6e8344b-87f4-5461-93fc-b01ff1ae4265,2026-09-10
146,9355c2cf-38db-5118-9b77-3d5b5b3870df,2026-08-28
146,e7c63421-97d2-555e-9731-46cb0f04f637,2026-09-17
146,e7c63421-97d2-555e-9731-46cb0f04f637,2026-09-18
146,4cf03b5a-e2ca-57f2-95b8-16a3b92247e6,2026-09-02
146,49a9d8f7-08ea-5972-af3a-0ca0a6c06e59,2026-09-02
146,5421f79d-ed60-5eed-852b-01b379adab9e,2026-08-26
146,651ce25b-8132-52d9-8f74-889f22c3bb5c,2026-09-13
146,45abfe15-6e8d-57cf-bda3-b7ae2b5c0bc7,2026-08-30
146,f4b545d6-b6c0-54b8-847e-101d68428b48,2026-09-18
146,e0b64119-ecb0-52a5-852d-39c211ce337a,2026-08-22
146,61347d09-09eb-5f04-a4ec-fe830319799f,2026-08-27
146,4307ee18-2e16-50be-abbc-db160bb8e8fd,2026-09-08
146,34046d1a-c67e-5a81-b9d5-47dd4840c4fe,2026-08-30
146,673e8617-3280-5bfa-85a6-738a6d64aac6,2026-09-02
146,0947c4b9-50d6-50e2-9043-84a15b80e8c7,2026-09-04
146,7f0221a7-4703-52e7-8b26-fa2cd7303c90,2026-09-09
146,bdc5faf6-386d-5338-99a0-32d156bcbd68,2026-09-11
146,35e87bcc-650c-5e3f-9741-3f0c54905b6f,2026-09-18
146,5421f79d-ed60-5eed-852b-01b379adab9e,2026-08-30
146,fb400c3e-ecd0-522e-8b8e-1323946be71a,2026-09-17
146,ac9c9500-b7e4-5bbe-8f4e-a40a6201979a,2026-08-26
146,f3744506-cae3-5f81-8a4f-506a60395be8,2026-09-08
146,e5b7ccce-2cb7-5b6e-95a5-32ffacbca87f,2026-09-17
146,b5be680a-732e-55e0-bc5d-b80e831ff33a,2026-09-06
146,45cee65b-db52-5dff-b09d-0ee1ac2be20f,2026-09-01
146,36016ab9-3cc9-5f6a-8bc7-1d138ad9cb43,2026-09-12
146,36016ab9-3cc9-5f6a-8bc7-1d138ad9cb43,2026-09-05
146,f1fb49f6-8f16-5086-a3b3-1c5e169f9ad4,2026-08-22
146,d6b81cb4-a299-5894-baa5-463cb63679a3,2026-09-05
146,b39a9d3d-f3eb-5d31-9cc7-15e278969b70,2026-08-28
146,d0c58825-6ead-50f6-9a07-f2f95dbb51ea,2026-08-25
146,40120057-c43a-5745-9d3a-d9b0c6b1e84e,2026-09-05
146,9d1c460b-bd0b-57ff-ac14-f2b10f73edd3,2026-09-17
146,02bf8d95-eee4-5287-b363-0551cc4a6d51,2026-09-02
146,f4b545d6-b6c0-54b8-847e-101d68428b48,2026-09-14
146,0e992dba-f631-52d1-b7e3-76faec77c33f,2026-08-24
146,9c9c228f-3bd5-5da4-b666-fbfab93b4b7e,2026-09-13
146,4c310820-12d3-5128-9a45-973db446b59e,2026-09-08
146,01c00e49-c4d6-5d4b-bbc1-8aa3fe21ba2a,2026-09-11
146,adfbbf3c-5175-5e0a-bf98-b8854f2081c2,2026-08-23
146,b5be680a-732e-55e0-bc5d-b80e831ff33a,2026-09-03
146,b7f1d97d-9f3c-5885-b9ef-48d67a16a686,2026-09-16
146,54561bf4-fe37-5b37-934d-9c7f81542f8b,2026-08-22
146,b5be680a-732e-55e0-bc5d-b80e831ff33a,2026-08-25
146,0e49007f-82be-5238-a956-37d8f7b40d4c,2026-09-02
146,a36cd93c-2f0c-5956-9a51-8094e39a7bed,2026-09-05
146,84047d01-74e6-5a08-a20e-b5c25e3eff3e,2026-08-25
146,5532dec3-02ae-5ac3-8b57-2e8214a8598b,2026-09-04
146,49a9d8f7-08ea-5972-af3a-0ca0a6c06e59,2026-09-06
146,a60d0128-bffa-5d2d-9915-36693e6bc3ba,2026-09-03
147,33d87513-60c2-51ff-9ec5-f0f1389ed27e,2026-09-17
147,1b1e4344-fde4-5cc2-b82c-4fb458696522,2026-09-16
147,fbdfefdb-ca2d-5a0e-87ed-62021c1c11d4,2026-09-18
147,405fd522-6b0d-52fc-b397-dc3ce2e4a2ea,2026-09-18
147,f4b545d6-b6c0-54b8-847e-101d68428b48,2026-09-16
147,49a9d8f7-08ea-5972-af3a-0ca0a6c06e59,2026-09-18
147,5ccdaadc-80b2-50e1-a0c1-bad0246a7cf2,2026-09-18
147,a0a53b38-722a-56e6-a52c-fe0e06169a59,2026-09-17
147,cac67f41-f5af-5268-9e2d-34feac0dc9fa,2026-09-16
148,6467241a-6abd-5888-8e87-40e0e86cbc55,2026-08-09
148,20b4182c-90f7-51da-99e8-97ade4d19a92,2026-08-30
148,e7dd6cb0-626e-510a-9e98-0498c534b04d,2026-08-27
148,9c9c228f-3bd5-5da4-b666-fbfab93b4b7e,2026-08-25
148,f985b68e-39ae-5c83-8468-2b126802c414,2026-08-07
148,5c465a9a-bc36-5d7b-b5a2-0f18d9dab68a,2026-08-01
148,2e2e8079-6c9e-51c9-bc7e-1475045fd514,2026-08-23
148,e3efd234-c7f9-5957-937f-661b1c3981ef,2026-08-01
148,45abfe15-6e8d-57cf-bda3-b7ae2b5c0bc7,2026-09-07
148,6b9b6012-cdb4-50eb-8ad0-01c36516df23,2026-08-20
148,f0f4eb8c-a1ed-50a1-bc7d-2863700a31a5,2026-08-30
148,9047d24d-0775-5f10-bf17-6e8fc62c5884,2026-08-03
148,4845dc43-0c9d-5f09-aa4a-62e68abb5d12,2026-08-04
148,6720265f-9f2b-5485-bf24-54e1784991b6,2026-09-08
148,302b84f9-9053-5cf7-bed0-305678227875,2026-09-13
148,4307ee18-2e16-50be-abbc-db160bb8e8fd,2026-09-04
148,1767869f-381f-59b9-acac-01da2d539e40,2026-08-16
148,fd96bbd1-5601-5c99-a1e2-04b09168b35e,2026-08-08
148,4c2177ab-592a-5e4a-b25b-8bb3f8090555,2026-09-13
148,58074159-53d7-5a52-8436-d84a05af35a9,2026-07-31
148,82a5c89c-0b3a-58b9-9259-837a5348a5c2,2026-09-10
148,1873645b-b54c-51dc-a41a-7131e831a64f,2026-08-28
148,58074159-53d7-5a52-8436-d84a05af35a9,2026-08-15
148,0947c4b9-50d6-50e2-9043-84a15b80e8c7,2026-09-01
149,a60d0128-bffa-5d2d-9915-36693e6bc3ba,2026-09-03
149,82a5c89c-0b3a-58b9-9259-837a5348a5c2,2026-09-06
149,9047d24d-0775-5f10-bf17-6e8fc62c5884,2026-08-28
149,f0f4eb8c-a1ed-50a1-bc7d-2863700a31a5,2026-08-27
149,cd8c4c60-ab9b-5cf3-996e-d4fbb990f4c6,2026-08-29
149,fd96bbd1-5601-5c99-a1e2-04b09168b35e,2026-09-05
149,fbdfefdb-ca2d-5a0e-87ed-62021c1c11d4,2026-08-22
149,8ecc0792-3789-53b2-a26e-fc6daa886eb7,2026-09-11
149,b897da16-1a55-5740-8129-7d502e6f44b8,2026-08-20
150,cb162f3d-006f-544e-bfa6-f9abb8a52026,2026-08-23
150,5c465a9a-bc36-5d7b-b5a2-0f18d9dab68a,2026-08-31
150,1bf86e3f-0e6e-5241-b319-71005237945f,2026-08-12
150,33ba5d16-c38c-5bcf-9896-ea8ae81d6e7b,2026-09-01
150,4cf03b5a-e2ca-57f2-95b8-16a3b92247e6,2026-08-17
150,878bb7d9-5569-5efb-bbd1-5e39d62d594d,2026-09-17
150,b7f1d97d-9f3c-5885-b9ef-48d67a16a686,2026-09-17
150,f6e8344b-87f4-5461-93fc-b01ff1ae4265,2026-08-30
150,eeeb9e89-042f-5fdc-8fcf-2c3ad56f9bf1,2026-08-25
150,e747fee0-a84b-5f51-98a3-7481903c9023,2026-08-07
150,cd8c4c60-ab9b-5cf3-996e-d4fbb990f4c6,2026-09-04
150,63fdd1e3-9db3-5b05-9799-510eea6abab7,2026-08-28
150,64b591cd-4cbe-577a-aba9-ee6912328a58,2026-08-27
150,d6b81cb4-a299-5894-baa5-463cb63679a3,2026-09-11
150,7b359533-e634-59eb-a2c3-b5501ff96488,2026-08-04
150,4966bb54-4d4f-5992-8586-1bd44991d17f,2026-08-07
151,96373821-4bf4-53b8-bd24-bb64bbb3b84e,2026-09-05
151,e747fee0-a84b-5f51-98a3-7481903c9023,2026-08-02
151,651ce25b-8132-52d9-8f74-889f22c3bb5c,2026-08-04
151,9edec740-5de6-5c27-8233-5cf72946b182,2026-09-10
151,a5526e82-ef69-522b-b3ad-df818658bde0,2026-09-10
151,9c9c228f-3bd5-5da4-b666-fbfab93b4b7e,2026-08-10
151,88820056-e901-59a1-b2ca-c4e813b34f7b,2026-08-03
151,7bdf8ad6-1318-5f74-9112-e2b655e215a2,2026-08-26
151,f6e8344b-87f4-5461-93fc-b01ff1ae4265,2026-08-04
151,1873645b-b54c-51dc-a41a-7131e831a64f,2026-08-09
151,a53c485b-a35c-51fb-84a5-364207ce0adb,2026-08-24
151,8fa5b823-1a70-59f7-9bb2-b3d5f36dc82b,2026-09-18
151,50d6350f-ffd4-59ad-a1ff-65a49a77a913,2026-08-09
151,b39a9d3d-f3eb-5d31-9cc7-15e278969b70,2026-09-10
151,7b48b183-5d87-500f-9cec-2e003c19efac,2026-08-02
151,d767d4bb-a2aa-587a-90f9-23d0689ae52a,2026-08-24
151,6d9d0917-bda8-5863-abe4-92d14b0cc926,2026-09-16
151,0e49007f-82be-5238-a956-37d8f7b40d4c,2026-08-25
151,605985c4-d18d-54b0-829f-2a199ea5c81d,2026-09-04
151,fb400c3e-ecd0-522e-8b8e-1323946be71a,2026-08-08
151,e21dfd78-ea9f-5754-a3b2-3b3b66dd30b5,2026-09-11
151,eb397f92-99ac-5f0f-8f81-3540865f0477,2026-08-10
151,06657aeb-b604-5b0d-9281-d2e5afb78a9d,2026-08-26
151,484e243b-afd7-5767-bb0f-4262c0334aea,2026-09-06
151,5421f79d-ed60-5eed-852b-01b379adab9e,2026-08-16
151,06657aeb-b604-5b0d-9281-d2e5afb78a9d,2026-08-08
151,4cf03b5a-e2ca-57f2-95b8-16a3b92247e6,2026-09-11
151,7f0221a7-4703-52e7-8b26-fa2cd7303c90,2026-09-10
151,3d5b480d-3962-5c76-96ca-5459d65372aa,2026-08-22
151,302b84f9-9053-5cf7-bed0-305678227875,2026-09-12
151,90cced0e-f2c7-528c-bd28-38c44ead6c98,2026-08-20
151,baa8ef70-5b01-5a49-84cb-71c353290705,2026-08-25
151,ab45f9eb-3fee-5ea5-bccb-faffc50f3e76,2026-08-19
151,06657aeb-b604-5b0d-9281-d2e5afb78a9d,2026-09-15
151,d5dc7189-89df-5fd7-983f-1124b6de3d68,2026-08-31
151,e502b694-466f-5e1f-9293-146b264ae20c,2026-08-03
151,302b84f9-9053-5cf7-bed0-305678227875,2026-08-16
151,783491ec-2857-52e8-a102-766d7abba6d2,2026-09-09
151,9edec740-5de6-5c27-8233-5cf72946b182,2026-09-14
151,f0f4eb8c-a1ed-50a1-bc7d-2863700a31a5,2026-08-20
151,ea7edc0e-b64d-545f-b311-b4ee943f2935,2026-09-13
151,20b4182c-90f7-51da-99e8-97ade4d19a92,2026-09-18
151,c6286e16-5e03-594c-aa67-861b8ba91b33,2026-09-03
151,096499d2-73d6-5063-9dd4-a7c1aebac61d,2026-08-04
151,001e944b-e64e-5742-afb7-5e04327e41ee,2026-08-18
151,35e87bcc-650c-5e3f-9741-3f0c54905b6f,2026-08-18
151,49a9d8f7-08ea-5972-af3a-0ca0a6c06e59,2026-09-04
151,096499d2-73d6-5063-9dd4-a7c1aebac61d,2026-08-22
151,7b359533-e634-59eb-a2c3-b5501ff96488,2026-08-20
151,082b47e7-5a06-5a34-bd49-595c82b2b196,2026-09-10
151,20b63262-d3e6-555a-95b2-84fc87694a19,2026-08-20
151,b7180518-4b5b-54ef-9060-958212d05ab7,2026-08-12
151,7b359533-e634-59eb-a2c3-b5501ff96488,2026-08-11
151,8300625d-d3f5-5264-8503-98a2bfbf60d8,2026-08-30
151,d6b81cb4-a299-5894-baa5-463cb63679a3,2026-08-21
151,0947c4b9-50d6-50e2-9043-84a15b80e8c7,2026-08-18
151,2e2e8079-6c9e-51c9-bc7e-1475045fd514,2026-08-29
151,fd96bbd1-5601-5c99-a1e2-04b09168b35e,2026-09-18
151,19e81afb-74c1-5b4a-9af3-469f3b610235,2026-09-05
151,e3efd234-c7f9-5957-937f-661b1c3981ef,2026-08-30
151,64b591cd-4cbe-577a-aba9-ee6912328a58,2026-08-20
151,fbdfefdb-ca2d-5a0e-87ed-62021c1c11d4,2026-09-08
151,a36cd93c-2f0c-5956-9a51-8094e39a7bed,2026-08-07
151,a5526e82-ef69-522b-b3ad-df818658bde0,2026-09-17
151,a60d0128-bffa-5d2d-9915-36693e6bc3ba,2026-08-27
151,508d03e7-de84-523a-8242-f48abc9451d7,2026-08-04
151,1bc15434-bc22-56cc-a890-336efd2a11e5,2026-08-13
151,ec6d706d-7dba-534b-8700-e6752dbd06e1,2026-08-12
151,3a376c3a-3e46-5c8c-815c-232b66ca9bc8,2026-09-08
151,4845dc43-0c9d-5f09-aa4a-62e68abb5d12,2026-08-23
151,33d87513-60c2-51ff-9ec5-f0f1389ed27e,2026-08-24
151,35e87bcc-650c-5e3f-9741-3f0c54905b6f,2026-08-17
151,605985c4-d18d-54b0-829f-2a199ea5c81d,2026-08-21
151,9cba29b2-e169-54f3-9d61-1d5013f80312,2026-09-11
151,a36cd93c-2f0c-5956-9a51-8094e39a7bed,2026-08-06
151,20b63262-d3e6-555a-95b2-84fc87694a19,2026-08-29
151,9edec740-5de6-5c27-8233-5cf72946b182,2026-09-15
151,dfe9e449-d177-56af-a679-d3e1c78c5c02,2026-08-03
151,ac9c9500-b7e4-5bbe-8f4e-a40a6201979a,2026-08-11
151,4cf03b5a-e2ca-57f2-95b8-16a3b92247e6,2026-08-17
151,554a90ae-c448-548d-a552-cd8f1c340cbd,2026-08-06
151,508d03e7-de84-523a-8242-f48abc9451d7,2026-09-02
151,20b63262-d3e6-555a-95b2-84fc87694a19,2026-08-04
151,3b932376-f549-5a1c-a24b-664b4bc338e3,2026-08-03
151,40120057-c43a-5745-9d3a-d9b0c6b1e84e,2026-09-05
151,e7c63421-97d2-555e-9731-46cb0f04f637,2026-09-07
151,37b7aed3-d207-54f7-b4ec-0e05c50eaeb2,2026-09-11
151,508d03e7-de84-523a-8242-f48abc9451d7,2026-08-19
151,b55b4f74-ded6-5cf1-aae0-9ad89c03c10c,2026-08-02
151,484e243b-afd7-5767-bb0f-4262c0334aea,2026-08-11
151,f2561442-8439-5138-9a3b-8bcf96f16609,2026-08-07
151,0da68170-ff38-5dad-9224-770d261f1c8a,2026-08-07
151,6720265f-9f2b-5485-bf24-54e1784991b6,2026-08-25
151,5532dec3-02ae-5ac3-8b57-2e8214a8598b,2026-09-17
151,bdc5faf6-386d-5338-99a0-32d156bcbd68,2026-09-16
151,6690668c-e73d-51ff-9ca4-36bec9b8c175,2026-09-07
151,f21481e8-5bf3-5aa6-a7e0-fe6e26920e28,2026-09-13
151,96dbbdad-601e-5bc2-9d1a-78f9f6349a39,2026-08-16
151,ef763ec1-f93c-5744-9640-4ca59adf9347,2026-08-30
151,1bc15434-bc22-56cc-a890-336efd2a11e5,2026-08-15
151,5a4b137d-2ebb-5c75-8cdd-bf77406b4b9f,2026-08-25
151,35e87bcc-650c-5e3f-9741-3f0c54905b6f,2026-09-05
151,01c00e49-c4d6-5d4b-bbc1-8aa3fe21ba2a,2026-09-15
151,e502b694-466f-5e1f-9293-146b264ae20c,2026-08-06
151,f6e8344b-87f4-5461-93fc-b01ff1ae4265,2026-09-01
151,96dbbdad-601e-5bc2-9d1a-78f9f6349a39,2026-09-14
151,af808cd8-ab34-515f-a8a0-a1b0719a537b,2026-08-15
151,f2561442-8439-5138-9a3b-8bcf96f16609,2026-08-02
151,610e9654-06d6-5e55-959b-377b8749b8f9,2026-08-12
151,096499d2-73d6-5063-9dd4-a7c1aebac61d,2026-09-18
151,d9fbcbde-376a-5f82-9fb5-268a24b02d57,2026-09-06
151,dfe9e449-d177-56af-a679-d3e1c78c5c02,2026-08-19
151,f985b68e-39ae-5c83-8468-2b126802c414,2026-08-09
151,44f09dba-7a20-5f46-840b-4670e6c7eb92,2026-09-12
151,783491ec-2857-52e8-a102-766d7abba6d2,2026-08-08
151,6ac5a7a4-ae0d-5e31-8a7c-d85b63a96c46,2026-08-18
151,f1fb49f6-8f16-5086-a3b3-1c5e169f9ad4,2026-08-14
151,85df6dcd-e42a-581f-802b-eb93568b74eb,2026-08-02
151,4966bb54-4d4f-5992-8586-1bd44991d17f,2026-09-12
151,c6286e16-5e03-594c-aa67-861b8ba91b33,2026-08-22
151,6720265f-9f2b-5485-bf24-54e1784991b6,2026-08-11
151,9edec740-5de6-5c27-8233-5cf72946b182,2026-08-10
151,9d1c460b-bd0b-57ff-ac14-f2b10f73edd3,2026-08-30
151,9a026691-28ff-5880-9da3-006735af19d3,2026-09-05
151,1b1e4344-fde4-5cc2-b82c-4fb458696522,2026-08-08
151,45abfe15-6e8d-57cf-bda3-b7ae2b5c0bc7,2026-08-23
151,fb400c3e-ecd0-522e-8b8e-1323946be71a,2026-09-18
151,e137404e-9196-525c-b17a-44dc96d29f29,2026-08-25
151,3d016498-e16a-5ad9-95c7-b633dfc6a142,2026-08-31
151,fd96bbd1-5601-5c99-a1e2-04b09168b35e,2026-08-09
151,7f0221a7-4703-52e7-8b26-fa2cd7303c90,2026-08-17
151,7f0221a7-4703-52e7-8b26-fa2cd7303c90,2026-08-03
151,9b2e34a9-6722-598e-a857-e346acd294bf,2026-08-07
151,1767869f-381f-59b9-acac-01da2d539e40,2026-08-18
151,001e944b-e64e-5742-afb7-5e04327e41ee,2026-08-26
151,96ccee9a-30f2-56cd-b597-a927c84e0f75,2026-08-07
151,bb4b0d34-59a4-5948-a9be-a1aa6caece55,2026-09-10
151,9355c2cf-38db-5118-9b77-3d5b5b3870df,2026-08-10
151,01c00e49-c4d6-5d4b-bbc1-8aa3fe21ba2a,2026-08-13
151,96373821-4bf4-53b8-bd24-bb64bbb3b84e,2026-08-27
151,10feece1-a2cd-532b-8488-21659a3bee22,2026-09-17
151,9edec740-5de6-5c27-8233-5cf72946b182,2026-08-25
151,6988340a-a3c1-5fda-a996-711f1723c649,2026-09-09
151,eeeb9e89-042f-5fdc-8fcf-2c3ad56f9bf1,2026-08-31
151,67357d35-e727-50a5-9114-d5f2da172374,2026-08-22
151,673e8617-3280-5bfa-85a6-738a6d64aac6,2026-09-01
151,6720265f-9f2b-5485-bf24-54e1784991b6,2026-08-15
151,f223e569-d735-5980-b77b-25d459e64a37,2026-08-17
151,da462241-608b-5422-bdbd-0d98184a433d,2026-08-27
151,f0ca4141-ccff-5472-ba76-f4b194108c7b,2026-08-13
151,45cee65b-db52-5dff-b09d-0ee1ac2be20f,2026-08-28
151,d2a70bca-a25c-522f-9b7e-c967b69503cc,2026-08-17
151,878bb7d9-5569-5efb-bbd1-5e39d62d594d,2026-08-06
151,b0ebc690-efe0-594f-bd55-e4d7ec3454bc,2026-08-17
151,cac67f41-f5af-5268-9e2d-34feac0dc9fa,2026-09-13
152,40120057-c43a-5745-9d3a-d9b0c6b1e84e,2026-08-18
152,cb162f3d-006f-544e-bfa6-f9abb8a52026,2026-09-14
152,373cd20e-25d5-5a46-a0ae-18157cf68a55,2026-09-16
152,9a026691-28ff-5880-9da3-006735af19d3,2026-09-04
152,95ff45a0-9b28-55cb-bba6-22a608a4e30d,2026-09-14
152,3a376c3a-3e46-5c8c-815c-232b66ca9bc8,2026-09-04
152,baa8ef70-5b01-5a49-84cb-71c353290705,2026-08-12
152,729fe171-fa0d-547e-b374-39bd19f4c645,2026-08-21
152,0da68170-ff38-5dad-9224-770d261f1c8a,2026-08-16
152,8819cb55-67e6-5a55-98c8-d80446975a9e,2026-09-09
152,783491ec-2857-52e8-a102-766d7abba6d2,2026-09-18
152,1873645b-b54c-51dc-a41a-7131e831a64f,2026-08-19
152,bf54d417-d834-5d3e-a7f9-106377fe05a5,2026-09-06
152,f2561442-8439-5138-9a3b-8bcf96f16609,2026-09-14
152,774fd1d7-ca6b-5177-9d91-fc7b24739425,2026-09-16
152,9a026691-28ff-5880-9da3-006735af19d3,2026-08-24
152,508d03e7-de84-523a-8242-f48abc9451d7,2026-08-22
152,eeeb9e89-042f-5fdc-8fcf-2c3ad56f9bf1,2026-08-21
152,6cf4bb40-4d81-5eb3-b9d9-5841cd55724e,2026-09-14
152,ec6d706d-7dba-534b-8700-e6752dbd06e1,2026-09-17
152,35e87bcc-650c-5e3f-9741-3f0c54905b6f,2026-09-16
152,b55b4f74-ded6-5cf1-aae0-9ad89c03c10c,2026-08-19
152,0e49007f-82be-5238-a956-37d8f7b40d4c,2026-09-07
152,605985c4-d18d-54b0-829f-2a199ea5c81d,2026-09-08
152,610e9654-06d6-5e55-959b-377b8749b8f9,2026-08-17
152,20b4182c-90f7-51da-99e8-97ade4d19a92,2026-08-19
152,e5b7ccce-2cb7-5b6e-95a5-32ffacbca87f,2026-09-02
152,d9fbcbde-376a-5f82-9fb5-268a24b02d57,2026-09-17
152,4cf03b5a-e2ca-57f2-95b8-16a3b92247e6,2026-09-01
152,605985c4-d18d-54b0-829f-2a199ea5c81d,2026-09-15
152,fbdfefdb-ca2d-5a0e-87ed-62021c1c11d4,2026-08-26
152,bf54d417-d834-5d3e-a7f9-106377fe05a5,2026-08-23
152,b897da16-1a55-5740-8129-7d502e6f44b8,2026-08-18
152,554a90ae-c448-548d-a552-cd8f1c340cbd,2026-08-30
152,82a5c89c-0b3a-58b9-9259-837a5348a5c2,2026-08-30
152,02bf8d95-eee4-5287-b363-0551cc4a6d51,2026-08-30
152,a2cc3818-be31-5aeb-828c-e23f579431aa,2026-09-03
152,d9aaa9eb-5304-587b-b0f4-42a2d5930f54,2026-08-26
152,1767869f-381f-59b9-acac-01da2d539e40,2026-09-15
152,a6b8342c-310b-5b88-9c07-602dbd646488,2026-08-23
152,4966bb54-4d4f-5992-8586-1bd44991d17f,2026-09-11
152,34046d1a-c67e-5a81-b9d5-47dd4840c4fe,2026-08-17
152,facb4557-eabe-5f8b-89cc-f223b91c89b7,2026-08-23
152,b5be680a-732e-55e0-bc5d-b80e831ff33a,2026-08-18
152,341a0cef-f4a9-53ee-8980-229dc154ff4e,2026-09-10
152,77c684c4-9514-5edc-85ff-1052c8544c14,2026-09-14
152,4845dc43-0c9d-5f09-aa4a-62e68abb5d12,2026-08-17
152,fd96bbd1-5601-5c99-a1e2-04b09168b35e,2026-08-22
152,85df6dcd-e42a-581f-802b-eb93568b74eb,2026-09-12
152,7b359533-e634-59eb-a2c3-b5501ff96488,2026-09-09
152,bb4b0d34-59a4-5948-a9be-a1aa6caece55,2026-09-09
152,373cd20e-25d5-5a46-a0ae-18157cf68a55,2026-09-02
152,7b48b183-5d87-500f-9cec-2e003c19efac,2026-09-04
152,52ab3a8f-ec5c-5e66-bcd5-efc304512118,2026-08-16
152,9d1c460b-bd0b-57ff-ac14-f2b10f73edd3,2026-08-27
152,1767869f-381f-59b9-acac-01da2d539e40,2026-08-29
152,5ce94e6e-a987-5fd1-90b2-94a1174f9376,2026-08-28
152,02bf8d95-eee4-5287-b363-0551cc4a6d51,2026-09-10
152,3d016498-e16a-5ad9-95c7-b633dfc6a142,2026-09-13
152,7e6a1243-34f5-52e6-862f-e5f3b2ebe640,2026-09-02
152,3d0f3e54-413b-5a89-bc88-8cb0e7246b97,2026-08-13
152,0e49007f-82be-5238-a956-37d8f7b40d4c,2026-08-29
152,8ecc0792-3789-53b2-a26e-fc6daa886eb7,2026-08-17
152,45cee65b-db52-5dff-b09d-0ee1ac2be20f,2026-08-28
152,67357d35-e727-50a5-9114-d5f2da172374,2026-08-19
152,5532dec3-02ae-5ac3-8b57-2e8214a8598b,2026-08-28
152,ec6d706d-7dba-534b-8700-e6752dbd06e1,2026-08-20
152,44a33563-638c-52da-ae01-285f43dfcb99,2026-09-06
152,b897da16-1a55-5740-8129-7d502e6f44b8,2026-09-18
152,52ab3a8f-ec5c-5e66-bcd5-efc304512118,2026-09-13
152,f6e8344b-87f4-5461-93fc-b01ff1ae4265,2026-08-18
152,f1fb49f6-8f16-5086-a3b3-1c5e169f9ad4,2026-08-16
152,f0f4eb8c-a1ed-50a1-bc7d-2863700a31a5,2026-08-17
152,a070c6d0-c23b-5036-b352-f16db0d6ec8e,2026-08-25
152,50de23a6-cd45-55ac-adb0-06d14b4ed8ce,2026-09-18
152,484e243b-afd7-5767-bb0f-4262c0334aea,2026-09-12
152,63fdd1e3-9db3-5b05-9799-510eea6abab7,2026-08-29
152,e747fee0-a84b-5f51-98a3-7481903c9023,2026-09-17
152,7b359533-e634-59eb-a2c3-b5501ff96488,2026-09-02
152,88a268b0-6bca-5583-b041-ffdbc51be7e6,2026-09-12
152,693ebb02-ab3f-5d60-b798-d4d4df4900d2,2026-09-14
152,5ce94e6e-a987-5fd1-90b2-94a1174f9376,2026-08-18
152,44a33563-638c-52da-ae01-285f43dfcb99,2026-08-11
152,1062abbb-4fcd-51a9-95fc-5474e4af7640,2026-09-06
152,0da68170-ff38-5dad-9224-770d261f1c8a,2026-08-26
153,e1f9b739-b2d3-51e6-9609-05805a6d151c,2026-08-10
153,6b9b6012-cdb4-50eb-8ad0-01c36516df23,2026-09-11
153,1873645b-b54c-51dc-a41a-7131e831a64f,2026-09-01
153,554a90ae-c448-548d-a552-cd8f1c340cbd,2026-08-10
153,51420309-4688-52d6-84b9-51c0dc3a900e,2026-09-10
153,d2a70bca-a25c-522f-9b7e-c967b69503cc,2026-09-09
153,facb4557-eabe-5f8b-89cc-f223b91c89b7,2026-09-05
153,d767d4bb-a2aa-587a-90f9-23d0689ae52a,2026-08-28
153,6d9d0917-bda8-5863-abe4-92d14b0cc926,2026-08-15
153,d5dc7189-89df-5fd7-983f-1124b6de3d68,2026-08-13
153,77c684c4-9514-5edc-85ff-1052c8544c14,2026-08-10
153,7624f38b-fbca-546f-af04-c9dda9318f82,2026-08-19
153,e747fee0-a84b-5f51-98a3-7481903c9023,2026-09-05
153,5a4b137d-2ebb-5c75-8cdd-bf77406b4b9f,2026-08-21
153,d3175e63-6121-5d55-b429-df91670d9aca,2026-09-05
153,8ecc0792-3789-53b2-a26e-fc6daa886eb7,2026-08-07
153,a0a53b38-722a-56e6-a52c-fe0e06169a59,2026-08-14
153,fb400c3e-ecd0-522e-8b8e-1323946be71a,2026-09-17
153,01c00e49-c4d6-5d4b-bbc1-8aa3fe21ba2a,2026-08-30
153,0e49007f-82be-5238-a956-37d8f7b40d4c,2026-08-16
153,5532dec3-02ae-5ac3-8b57-2e8214a8598b,2026-08-12
153,f8f213c7-3d61-567e-9735-5e3e9498b892,2026-08-25
153,0e49007f-82be-5238-a956-37d8f7b40d4c,2026-08-20
153,4c2177ab-592a-5e4a-b25b-8bb3f8090555,2026-08-06
153,77c684c4-9514-5edc-85ff-1052c8544c14,2026-08-07
153,4845dc43-0c9d-5f09-aa4a-62e68abb5d12,2026-08-21
153,eb3717c1-cd92-5eeb-af40-9df7f3132426,2026-09-04
153,7bdf8ad6-1318-5f74-9112-e2b655e215a2,2026-08-15
153,3d016498-e16a-5ad9-95c7-b633dfc6a142,2026-08-14
153,ab45f9eb-3fee-5ea5-bccb-faffc50f3e76,2026-08-14
153,eeeb9e89-042f-5fdc-8fcf-2c3ad56f9bf1,2026-09-08
153,f985b68e-39ae-5c83-8468-2b126802c414,2026-08-17
153,302b84f9-9053-5cf7-bed0-305678227875,2026-08-25
153,3d5b480d-3962-5c76-96ca-5459d65372aa,2026-09-17
153,b7180518-4b5b-54ef-9060-958212d05ab7,2026-09-07
153,8300625d-d3f5-5264-8503-98a2bfbf60d8,2026-08-07
153,f22a7317-9c2b-5d13-99b9-1a1622094bb3,2026-08-21
153,e0b64119-ecb0-52a5-852d-39c211ce337a,2026-08-23
153,b0ebc690-efe0-594f-bd55-e4d7ec3454bc,2026-09-15
153,58074159-53d7-5a52-8436-d84a05af35a9,2026-09-01
154,693ebb02-ab3f-5d60-b798-d4d4df4900d2,2026-08-26
154,58074159-53d7-5a52-8436-d84a05af35a9,2026-08-28
154,001e944b-e64e-5742-afb7-5e04327e41ee,2026-09-11
154,daa36188-60fd-56a2-938b-70b1b51084b0,2026-09-12
154,61347d09-09eb-5f04-a4ec-fe830319799f,2026-09-14
155,c6286e16-5e03-594c-aa67-861b8ba91b33,2026-09-15
155,3d016498-e16a-5ad9-95c7-b633dfc6a142,2026-08-23
155,53f78f7e-e2df-586b-b483-5748c92d0f9f,2026-08-24
155,e5b7ccce-2cb7-5b6e-95a5-32ffacbca87f,2026-08-30
155,4cf03b5a-e2ca-57f2-95b8-16a3b92247e6,2026-08-29
155,673e8617-3280-5bfa-85a6-738a6d64aac6,2026-08-27
155,9d1c460b-bd0b-57ff-ac14-f2b10f73edd3,2026-09-10
155,405fd522-6b0d-52fc-b397-dc3ce2e4a2ea,2026-08-26
155,508d03e7-de84-523a-8242-f48abc9451d7,2026-09-09
155,51420309-4688-52d6-84b9-51c0dc3a900e,2026-08-30
155,1bf86e3f-0e6e-5241-b319-71005237945f,2026-09-09
155,e747fee0-a84b-5f51-98a3-7481903c9023,2026-08-22
155,082b47e7-5a06-5a34-bd49-595c82b2b196,2026-09-09
155,405fd522-6b0d-52fc-b397-dc3ce2e4a2ea,2026-08-22
155,1bf86e3f-0e6e-5241-b319-71005237945f,2026-08-19
155,ec6d706d-7dba-534b-8700-e6752dbd06e1,2026-08-30
155,d9fbcbde-376a-5f82-9fb5-268a24b02d57,2026-09-05
155,8819cb55-67e6-5a55-98c8-d80446975a9e,2026-09-17
155,6ecf180b-be59-594c-a33b-31bd0120f01f,2026-08-14
155,4ec67eb8-4fda-5cbc-bbd1-a6afc7ce8130,2026-09-18
155,4ec67eb8-4fda-5cbc-bbd1-a6afc7ce8130,2026-09-17
155,729fe171-fa0d-547e-b374-39bd19f4c645,2026-08-14
155,1dd6da2f-292d-52b5-8e0e-a84885e81ba1,2026-09-09
155,878bb7d9-5569-5efb-bbd1-5e39d62d594d,2026-09-05
155,cd8c4c60-ab9b-5cf3-996e-d4fbb990f4c6,2026-08-14
155,b0ebc690-efe0-594f-bd55-e4d7ec3454bc,2026-08-26
155,67357d35-e727-50a5-9114-d5f2da172374,2026-09-07
155,729fe171-fa0d-547e-b374-39bd19f4c645,2026-09-07
155,e21dfd78-ea9f-5754-a3b2-3b3b66dd30b5,2026-09-05
155,10feece1-a2cd-532b-8488-21659a3bee22,2026-08-13
155,0b532307-3033-5baf-b61c-915d1213c01f,2026-08-31
155,bdc5faf6-386d-5338-99a0-32d156bcbd68,2026-08-25
155,3b932376-f549-5a1c-a24b-664b4bc338e3,2026-08-20
155,53f78f7e-e2df-586b-b483-5748c92d0f9f,2026-08-10
155,90cced0e-f2c7-528c-bd28-38c44ead6c98,2026-08-26
155,64b591cd-4cbe-577a-aba9-ee6912328a58,2026-09-03
155,0bd9c807-50b6-567b-befe-96c80ed2fc9d,2026-08-17
155,d6b81cb4-a299-5894-baa5-463cb63679a3,2026-09-12
155,f2561442-8439-5138-9a3b-8bcf96f16609,2026-08-17
155,f0f4eb8c-a1ed-50a1-bc7d-2863700a31a5,2026-08-21
155,3a376c3a-3e46-5c8c-815c-232b66ca9bc8,2026-08-29
155,33ba5d16-c38c-5bcf-9896-ea8ae81d6e7b,2026-09-03
155,5d857806-7d61-533b-bc12-af2d7b775d29,2026-09-11
155,729fe171-fa0d-547e-b374-39bd19f4c645,2026-08-10
155,d767d4bb-a2aa-587a-90f9-23d0689ae52a,2026-08-10
155,19e81afb-74c1-5b4a-9af3-469f3b610235,2026-08-12
155,dfe9e449-d177-56af-a679-d3e1c78c5c02,2026-09-06
155,d2a70bca-a25c-522f-9b7e-c967b69503cc,2026-08-12
155,01c00e49-c4d6-5d4b-bbc1-8aa3fe21ba2a,2026-08-31
155,5ccdaadc-80b2-50e1-a0c1-bad0246a7cf2,2026-08-16
155,a992f17b-79b6-5dcf-aed4-2aebaa5775c7,2026-09-06
155,368442e7-2dfe-5df4-9ab7-a468b984050a,2026-08-12
155,c6286e16-5e03-594c-aa67-861b8ba91b33,2026-08-21
155,405fd522-6b0d-52fc-b397-dc3ce2e4a2ea,2026-09-18
155,a53c485b-a35c-51fb-84a5-364207ce0adb,2026-09-16
155,405fd522-6b0d-52fc-b397-dc3ce2e4a2ea,2026-08-13
155,368442e7-2dfe-5df4-9ab7-a468b984050a,2026-08-23
155,0bd9c807-50b6-567b-befe-96c80ed2fc9d,2026-08-27
156,f985b68e-39ae-5c83-8468-2b126802c414,2026-09-09
156,7bdf8ad6-1318-5f74-9112-e2b655e215a2,2026-08-24
156,729fe171-fa0d-547e-b374-39bd19f4c645,2026-08-28
156,34046d1a-c67e-5a81-b9d5-47dd4840c4fe,2026-09-08
156,8fa5b823-1a70-59f7-9bb2-b3d5f36dc82b,2026-08-19
156,b39a9d3d-f3eb-5d31-9cc7-15e278969b70,2026-09-18
156,9b2e34a9-6722-598e-a857-e346acd294bf,2026-08-25
156,5421f79d-ed60-5eed-852b-01b379adab9e,2026-09-04
156,95927b04-f214-5c26-878d-fb55176e41bc,2026-08-08
156,7ef6d8e7-132e-5da5-a653-16dd2e5719c4,2026-09-06
156,96dbbdad-601e-5bc2-9d1a-78f9f6349a39,2026-09-18
156,878bb7d9-5569-5efb-bbd1-5e39d62d594d,2026-09-17
156,b7180518-4b5b-54ef-9060-958212d05ab7,2026-08-19
156,3d0f3e54-413b-5a89-bc88-8cb0e7246b97,2026-08-29
156,ab45f9eb-3fee-5ea5-bccb-faffc50f3e76,2026-08-16
156,7624f38b-fbca-546f-af04-c9dda9318f82,2026-08-26
156,f0f4eb8c-a1ed-50a1-bc7d-2863700a31a5,2026-08-10
156,6ecf180b-be59-594c-a33b-31bd0120f01f,2026-09-07
156,95ff45a0-9b28-55cb-bba6-22a608a4e30d,2026-08-29
156,f223e569-d735-5980-b77b-25d459e64a37,2026-09-07
156,518ae987-15f7-5b22-8bcc-df59623dbdce,2026-08-18
156,9355c2cf-38db-5118-9b77-3d5b5b3870df,2026-08-20
156,f6e8344b-87f4-5461-93fc-b01ff1ae4265,2026-08-11
156,8300625d-d3f5-5264-8503-98a2bfbf60d8,2026-09-01
156,82a5c89c-0b3a-58b9-9259-837a5348a5c2,2026-08-26
156,5d857806-7d61-533b-bc12-af2d7b775d29,2026-08-12
156,b897da16-1a55-5740-8129-7d502e6f44b8,2026-08-07
156,77c684c4-9514-5edc-85ff-1052c8544c14,2026-09-12
156,9cba29b2-e169-54f3-9d61-1d5013f80312,2026-08-24
156,4c2177ab-592a-5e4a-b25b-8bb3f8090555,2026-08-19
156,20b4182c-90f7-51da-99e8-97ade4d19a92,2026-08-25
156,e137404e-9196-525c-b17a-44dc96d29f29,2026-09-05
156,67357d35-e727-50a5-9114-d5f2da172374,2026-08-05
156,3d0f3e54-413b-5a89-bc88-8cb0e7246b97,2026-09-16
156,7b48b183-5d87-500f-9cec-2e003c19efac,2026-09-09
156,96373821-4bf4-53b8-bd24-bb64bbb3b84e,2026-08-08
156,eb397f92-99ac-5f0f-8f81-3540865f0477,2026-08-17
156,bb4b0d34-59a4-5948-a9be-a1aa6caece55,2026-09-16
156,eb3717c1-cd92-5eeb-af40-9df7f3132426,2026-08-27
156,e3efd234-c7f9-5957-937f-661b1c3981ef,2026-08-27
156,8300625d-d3f5-5264-8503-98a2bfbf60d8,2026-08-13
156,651ce25b-8132-52d9-8f74-889f22c3bb5c,2026-08-20
156,ef763ec1-f93c-5744-9640-4ca59adf9347,2026-08-26
156,33ba5d16-c38c-5bcf-9896-ea8ae81d6e7b,2026-08-31
156,33d87513-60c2-51ff-9ec5-f0f1389ed27e,2026-09-14
156,6ecf180b-be59-594c-a33b-31bd0120f01f,2026-09-15
156,4307ee18-2e16-50be-abbc-db160bb8e8fd,2026-08-10
156,3a376c3a-3e46-5c8c-815c-232b66ca9bc8,2026-09-08
156,9c9c228f-3bd5-5da4-b666-fbfab93b4b7e,2026-09-09
156,77c684c4-9514-5edc-85ff-1052c8544c14,2026-08-14
156,6988340a-a3c1-5fda-a996-711f1723c649,2026-08-06
156,84da666c-c47c-572e-b2c9-3b6f35881596,2026-09-10
156,54561bf4-fe37-5b37-934d-9c7f81542f8b,2026-08-19
156,40120057-c43a-5745-9d3a-d9b0c6b1e84e,2026-09-11
156,35e87bcc-650c-5e3f-9741-3f0c54905b6f,2026-09-03
156,368442e7-2dfe-5df4-9ab7-a468b984050a,2026-08-31
156,7624f38b-fbca-546f-af04-c9dda9318f82,2026-08-23
156,9c9c228f-3bd5-5da4-b666-fbfab93b4b7e,2026-08-13
156,e747fee0-a84b-5f51-98a3-7481903c9023,2026-08-10
156,9047d24d-0775-5f10-bf17-6e8fc62c5884,2026-09-09
156,9b2e34a9-6722-598e-a857-e346acd294bf,2026-08-07
156,1062abbb-4fcd-51a9-95fc-5474e4af7640,2026-08-24
156,1873645b-b54c-51dc-a41a-7131e831a64f,2026-09-03
156,f6e8344b-87f4-5461-93fc-b01ff1ae4265,2026-08-29
156,b5be680a-732e-55e0-bc5d-b80e831ff33a,2026-09-16
156,e3efd234-c7f9-5957-937f-661b1c3981ef,2026-08-17
156,729fe171-fa0d-547e-b374-39bd19f4c645,2026-09-10
156,e5b7ccce-2cb7-5b6e-95a5-32ffacbca87f,2026-08-20
156,63fdd1e3-9db3-5b05-9799-510eea6abab7,2026-09-11
156,5421f79d-ed60-5eed-852b-01b379adab9e,2026-08-30
156,6cf4bb40-4d81-5eb3-b9d9-5841cd55724e,2026-09-06
156,4c310820-12d3-5128-9a45-973db446b59e,2026-08-11
156,10feece1-a2cd-532b-8488-21659a3bee22,2026-08-12
156,da462241-608b-5422-bdbd-0d98184a433d,2026-09-08
156,ea7edc0e-b64d-545f-b311-b4ee943f2935,2026-09-08
156,eeeb9e89-042f-5fdc-8fcf-2c3ad56f9bf1,2026-08-23
156,f21481e8-5bf3-5aa6-a7e0-fe6e26920e28,2026-08-29
156,e3efd234-c7f9-5957-937f-661b1c3981ef,2026-08-20
156,7ef6d8e7-132e-5da5-a653-16dd2e5719c4,2026-09-09
156,8ae0340a-8eaf-5e9d-9db0-ac449334023d,2026-09-13
156,50de23a6-cd45-55ac-adb0-06d14b4ed8ce,2026-09-07
156,1062abbb-4fcd-51a9-95fc-5474e4af7640,2026-09-03
156,85df6dcd-e42a-581f-802b-eb93568b74eb,2026-08-24
156,90cced0e-f2c7-528c-bd28-38c44ead6c98,2026-08-18
156,3bc3e38a-5ff7-5330-ab2d-8add18e85d57,2026-08-14
156,484e243b-afd7-5767-bb0f-4262c0334aea,2026-08-07
156,5421f79d-ed60-5eed-852b-01b379adab9e,2026-08-07
156,ab45f9eb-3fee-5ea5-bccb-faffc50f3e76,2026-08-27
156,9edec740-5de6-5c27-8233-5cf72946b182,2026-08-22
156,9edec740-5de6-5c27-8233-5cf72946b182,2026-09-09
156,ec6d706d-7dba-534b-8700-e6752dbd06e1,2026-09-04
156,f8f213c7-3d61-567e-9735-5e3e9498b892,2026-09-17
156,e21dfd78-ea9f-5754-a3b2-3b3b66dd30b5,2026-08-14
156,d48cab4b-e48b-59ae-88d6-41d5d463569d,2026-08-07
156,adfbbf3c-5175-5e0a-bf98-b8854f2081c2,2026-09-04
156,20b63262-d3e6-555a-95b2-84fc87694a19,2026-09-02
156,e0b64119-ecb0-52a5-852d-39c211ce337a,2026-08-05
156,50d6350f-ffd4-59ad-a1ff-65a49a77a913,2026-08-09
156,6988340a-a3c1-5fda-a996-711f1723c649,2026-09-18
156,8819cb55-67e6-5a55-98c8-d80446975a9e,2026-09-11
156,774fd1d7-ca6b-5177-9d91-fc7b24739425,2026-08-31
156,25797954-b022-582e-8349-e1e2c141368c,2026-08-19
156,1767869f-381f-59b9-acac-01da2d539e40,2026-08-18
156,fbdfefdb-ca2d-5a0e-87ed-62021c1c11d4,2026-08-29
156,4ec67eb8-4fda-5cbc-bbd1-a6afc7ce8130,2026-09-15
156,96dbbdad-601e-5bc2-9d1a-78f9f6349a39,2026-08-19
156,651ce25b-8132-52d9-8f74-889f22c3bb5c,2026-08-26
156,96dbbdad-601e-5bc2-9d1a-78f9f6349a39,2026-08-07
156,a53c485b-a35c-51fb-84a5-364207ce0adb,2026-08-28
156,e747fee0-a84b-5f51-98a3-7481903c9023,2026-09-06
156,096499d2-73d6-5063-9dd4-a7c1aebac61d,2026-08-17
156,90cced0e-f2c7-528c-bd28-38c44ead6c98,2026-08-17
156,10feece1-a2cd-532b-8488-21659a3bee22,2026-09-03
156,6690668c-e73d-51ff-9ca4-36bec9b8c175,2026-09-14
156,0bd9c807-50b6-567b-befe-96c80ed2fc9d,2026-08-12
156,20b4182c-90f7-51da-99e8-97ade4d19a92,2026-08-12
156,ec6d706d-7dba-534b-8700-e6752dbd06e1,2026-08-27
156,3bc3e38a-5ff7-5330-ab2d-8add18e85d57,2026-08-13
156,3bc3e38a-5ff7-5330-ab2d-8add18e85d57,2026-09-12
156,1062abbb-4fcd-51a9-95fc-5474e4af7640,2026-09-08
156,7b48b183-5d87-500f-9cec-2e003c19efac,2026-08-29
156,3a376c3a-3e46-5c8c-815c-232b66ca9bc8,2026-08-24
156,ef763ec1-f93c-5744-9640-4ca59adf9347,2026-08-20
156,4ec67eb8-4fda-5cbc-bbd1-a6afc7ce8130,2026-09-02
156,3d016498-e16a-5ad9-95c7-b633dfc6a142,2026-08-12
156,a36cd93c-2f0c-5956-9a51-8094e39a7bed,2026-09-18
156,729fe171-fa0d-547e-b374-39bd19f4c645,2026-08-05
156,34046d1a-c67e-5a81-b9d5-47dd4840c4fe,2026-08-15
156,7f0221a7-4703-52e7-8b26-fa2cd7303c90,2026-09-01
156,ab45f9eb-3fee-5ea5-bccb-faffc50f3e76,2026-08-21
156,95927b04-f214-5c26-878d-fb55176e41bc,2026-08-24
156,082b47e7-5a06-5a34-bd49-595c82b2b196,2026-09-02
156,6ecf180b-be59-594c-a33b-31bd0120f01f,2026-08-15
156,1b1e4344-fde4-5cc2-b82c-4fb458696522,2026-09-01
156,10feece1-a2cd-532b-8488-21659a3bee22,2026-08-23
156,0bd9c807-50b6-567b-befe-96c80ed2fc9d,2026-09-09
156,61347d09-09eb-5f04-a4ec-fe830319799f,2026-08-23
156,bb4b0d34-59a4-5948-a9be-a1aa6caece55,2026-08-11
156,facb4557-eabe-5f8b-89cc-f223b91c89b7,2026-08-31
156,ac9c9500-b7e4-5bbe-8f4e-a40a6201979a,2026-08-10
156,651ce25b-8132-52d9-8f74-889f22c3bb5c,2026-09-18
156,fd96bbd1-5601-5c99-a1e2-04b09168b35e,2026-09-14
156,35e87bcc-650c-5e3f-9741-3f0c54905b6f,2026-09-12
156,b55b4f74-ded6-5cf1-aae0-9ad89c03c10c,2026-08-18
156,9355c2cf-38db-5118-9b77-3d5b5b3870df,2026-09-10
156,43a3bb15-e7a6-5c42-a198-3e0d7f080ba1,2026-09-01
156,bf54d417-d834-5d3e-a7f9-106377fe05a5,2026-08-10
156,9b2e34a9-6722-598e-a857-e346acd294bf,2026-08-13
156,1b1e4344-fde4-5cc2-b82c-4fb458696522,2026-08-05
156,3b932376-f549-5a1c-a24b-664b4bc338e3,2026-08-22
156,673e8617-3280-5bfa-85a6-738a6d64aac6,2026-08-13
156,3d5b480d-3962-5c76-96ca-5459d65372aa,2026-08-09
156,7624f38b-fbca-546f-af04-c9dda9318f82,2026-08-20
156,673e8617-3280-5bfa-85a6-738a6d64aac6,2026-09-16
156,7f0221a7-4703-52e7-8b26-fa2cd7303c90,2026-08-07
157,a992f17b-79b6-5dcf-aed4-2aebaa5775c7,2026-09-01
157,fbdfefdb-ca2d-5a0e-87ed-62021c1c11d4,2026-09-08
157,90cced0e-f2c7-528c-bd28-38c44ead6c98,2026-09-13
157,5c465a9a-bc36-5d7b-b5a2-0f18d9dab68a,2026-09-09
157,b0ebc690-efe0-594f-bd55-e4d7ec3454bc,2026-09-11
157,90cced0e-f2c7-528c-bd28-38c44ead6c98,2026-09-01
157,1bf86e3f-0e6e-5241-b319-71005237945f,2026-09-09
157,a36cd93c-2f0c-5956-9a51-8094e39a7bed,2026-09-04
157,605985c4-d18d-54b0-829f-2a199ea5c81d,2026-09-08
157,5d857806-7d61-533b-bc12-af2d7b775d29,2026-08-31
157,da462241-608b-5422-bdbd-0d98184a433d,2026-09-11
157,53f78f7e-e2df-586b-b483-5748c92d0f9f,2026-08-29
157,d9aaa9eb-5304-587b-b0f4-42a2d5930f54,2026-09-10
157,d0c58825-6ead-50f6-9a07-f2f95dbb51ea,2026-09-14
157,6ecf180b-be59-594c-a33b-31bd0120f01f,2026-09-15
157,d6b81cb4-a299-5894-baa5-463cb63679a3,2026-08-30
157,02bf8d95-eee4-5287-b363-0551cc4a6d51,2026-09-08
157,d48cab4b-e48b-59ae-88d6-41d5d463569d,2026-09-08
157,5421f79d-ed60-5eed-852b-01b379adab9e,2026-09-06
157,64609795-d498-5ea7-ad33-a3bcecf9d962,2026-08-30
157,5d857806-7d61-533b-bc12-af2d7b775d29,2026-09-10
157,d16e3cdc-2868-563d-867d-62fa9b8b24ea,2026-08-31
157,0b532307-3033-5baf-b61c-915d1213c01f,2026-08-28
157,1bc15434-bc22-56cc-a890-336efd2a11e5,2026-09-05
158,50d6350f-ffd4-59ad-a1ff-65a49a77a913,2026-09-11
158,9a026691-28ff-5880-9da3-006735af19d3,2026-08-31
158,0e992dba-f631-52d1-b7e3-76faec77c33f,2026-08-23
158,cb162f3d-006f-544e-bfa6-f9abb8a52026,2026-08-21
158,d48cab4b-e48b-59ae-88d6-41d5d463569d,2026-08-21
159,cac67f41-f5af-5268-9e2d-34feac0dc9fa,2026-08-22
159,484e243b-afd7-5767-bb0f-4262c0334aea,2026-08-01
159,b7f1d97d-9f3c-5885-b9ef-48d67a16a686,2026-09-15
159,6b9b6012-cdb4-50eb-8ad0-01c36516df23,2026-08-18
159,096499d2-73d6-5063-9dd4-a7c1aebac61d,2026-08-24
159,4307ee18-2e16-50be-abbc-db160bb8e8fd,2026-09-12
159,f4793612-bd5c-52c4-b29e-226fe28a77ca,2026-08-21
159,554a90ae-c448-548d-a552-cd8f1c340cbd,2026-09-10
159,484e243b-afd7-5767-bb0f-4262c0334aea,2026-08-09
159,58074159-53d7-5a52-8436-d84a05af35a9,2026-08-28
159,b0ebc690-efe0-594f-bd55-e4d7ec3454bc,2026-08-04
159,52ab3a8f-ec5c-5e66-bcd5-efc304512118,2026-08-05
159,fb400c3e-ecd0-522e-8b8e-1323946be71a,2026-09-11
159,3d0f3e54-413b-5a89-bc88-8cb0e7246b97,2026-09-09
159,e3efd234-c7f9-5957-937f-661b1c3981ef,2026-09-16
159,0e49007f-82be-5238-a956-37d8f7b40d4c,2026-08-20
159,7e6a1243-34f5-52e6-862f-e5f3b2ebe640,2026-09-18
159,ab45f9eb-3fee-5ea5-bccb-faffc50f3e76,2026-08-11
159,f2561442-8439-5138-9a3b-8bcf96f16609,2026-08-31
159,f0ca4141-ccff-5472-ba76-f4b194108c7b,2026-08-26
159,96373821-4bf4-53b8-bd24-bb64bbb3b84e,2026-08-21
159,4c2177ab-592a-5e4a-b25b-8bb3f8090555,2026-08-11
159,8300625d-d3f5-5264-8503-98a2bfbf60d8,2026-09-17
159,64609795-d498-5ea7-ad33-a3bcecf9d962,2026-09-06
159,610e9654-06d6-5e55-959b-377b8749b8f9,2026-08-17
159,33d87513-60c2-51ff-9ec5-f0f1389ed27e,2026-08-08
159,cb162f3d-006f-544e-bfa6-f9abb8a52026,2026-08-27
159,daa36188-60fd-56a2-938b-70b1b51084b0,2026-09-13
159,ae96d203-7a11-52ed-9e02-cd93c3dda603,2026-08-04
159,4c2177ab-592a-5e4a-b25b-8bb3f8090555,2026-08-15
159,f985b68e-39ae-5c83-8468-2b126802c414,2026-08-03
159,20b4182c-90f7-51da-99e8-97ade4d19a92,2026-07-31
159,1062abbb-4fcd-51a9-95fc-5474e4af7640,2026-08-12
159,3d016498-e16a-5ad9-95c7-b633dfc6a142,2026-09-17
159,dfe9e449-d177-56af-a679-d3e1c78c5c02,2026-08-03
159,ec6d706d-7dba-534b-8700-e6752dbd06e1,2026-08-15
159,8819cb55-67e6-5a55-98c8-d80446975a9e,2026-09-07
159,d9fbcbde-376a-5f82-9fb5-268a24b02d57,2026-08-10
159,fd96bbd1-5601-5c99-a1e2-04b09168b35e,2026-08-03
159,84da666c-c47c-572e-b2c9-3b6f35881596,2026-08-23
159,8ecc0792-3789-53b2-a26e-fc6daa886eb7,2026-09-17
159,f0f4eb8c-a1ed-50a1-bc7d-2863700a31a5,2026-08-25
159,43a3bb15-e7a6-5c42-a198-3e0d7f080ba1,2026-08-04
159,693ebb02-ab3f-5d60-b798-d4d4df4900d2,2026-08-10
159,096499d2-73d6-5063-9dd4-a7c1aebac61d,2026-09-11
159,bb4b0d34-59a4-5948-a9be-a1aa6caece55,2026-08-26
159,368442e7-2dfe-5df4-9ab7-a468b984050a,2026-08-26
159,d3175e63-6121-5d55-b429-df91670d9aca,2026-09-12
159,64b591cd-4cbe-577a-aba9-ee6912328a58,2026-08-06
159,c6286e16-5e03-594c-aa67-861b8ba91b33,2026-08-23
159,bdc5faf6-386d-5338-99a0-32d156bcbd68,2026-08-28
159,5ccdaadc-80b2-50e1-a0c1-bad0246a7cf2,2026-08-01
159,8ecc0792-3789-53b2-a26e-fc6daa886eb7,2026-09-12
159,da462241-608b-5422-bdbd-0d98184a433d,2026-09-08
159,9b2e34a9-6722-598e-a857-e346acd294bf,2026-08-18
159,ee289908-380a-5bb3-8fdc-0990b203929b,2026-08-31
159,01c00e49-c4d6-5d4b-bbc1-8aa3fe21ba2a,2026-09-08
159,84da666c-c47c-572e-b2c9-3b6f35881596,2026-08-02
160,0da68170-ff38-5dad-9224-770d261f1c8a,2026-08-02
160,373cd20e-25d5-5a46-a0ae-18157cf68a55,2026-09-18
160,adfbbf3c-5175-5e0a-bf98-b8854f2081c2,2026-08-03
160,6467241a-6abd-5888-8e87-40e0e86cbc55,2026-07-26
160,a36cd93c-2f0c-5956-9a51-8094e39a7bed,2026-08-08
160,d3175e63-6121-5d55-b429-df91670d9aca,2026-09-01
160,8819cb55-67e6-5a55-98c8-d80446975a9e,2026-08-13
160,37b7aed3-d207-54f7-b4ec-0e05c50eaeb2,2026-09-11
160,44a33563-638c-52da-ae01-285f43dfcb99,2026-09-18
160,1b1e4344-fde4-5cc2-b82c-4fb458696522,2026-09-07
160,3d5b480d-3962-5c76-96ca-5459d65372aa,2026-09-10
160,b0ebc690-efe0-594f-bd55-e4d7ec3454bc,2026-08-02
160,5a4b137d-2ebb-5c75-8cdd-bf77406b4b9f,2026-08-09
160,fbdfefdb-ca2d-5a0e-87ed-62021c1c11d4,2026-09-12
160,90cced0e-f2c7-528c-bd28-38c44ead6c98,2026-09-16
160,8300625d-d3f5-5264-8503-98a2bfbf60d8,2026-08-20
161,651ce25b-8132-52d9-8f74-889f22c3bb5c,2026-09-14
161,fb400c3e-ecd0-522e-8b8e-1323946be71a,2026-09-09
161,82a5c89c-0b3a-58b9-9259-837a5348a5c2,2026-09-03
161,ac9c9500-b7e4-5bbe-8f4e-a40a6201979a,2026-09-10
161,3425797b-5c54-5f3a-9a34-9cedb0dc5b84,2026-08-31
161,f223e569-d735-5980-b77b-25d459e64a37,2026-08-21
161,b0ebc690-efe0-594f-bd55-e4d7ec3454bc,2026-08-30
161,9b2e34a9-6722-598e-a857-e346acd294bf,2026-09-14
161,f22a7317-9c2b-5d13-99b9-1a1622094bb3,2026-08-27
161,3b932376-f549-5a1c-a24b-664b4bc338e3,2026-09-15
161,368442e7-2dfe-5df4-9ab7-a468b984050a,2026-09-01
161,878bb7d9-5569-5efb-bbd1-5e39d62d594d,2026-09-15
161,5c465a9a-bc36-5d7b-b5a2-0f18d9dab68a,2026-09-10
161,6ecf180b-be59-594c-a33b-31bd0120f01f,2026-09-08
161,5ccdaadc-80b2-50e1-a0c1-bad0246a7cf2,2026-09-06
161,9355c2cf-38db-5118-9b77-3d5b5b3870df,2026-09-03
161,43a3bb15-e7a6-5c42-a198-3e0d7f080ba1,2026-08-30
161,64609795-d498-5ea7-ad33-a3bcecf9d962,2026-09-14
161,ee289908-380a-5bb3-8fdc-0990b203929b,2026-08-25
161,3a376c3a-3e46-5c8c-815c-232b66ca9bc8,2026-09-18
161,6cf4bb40-4d81-5eb3-b9d9-5841cd55724e,2026-09-15
161,52ab3a8f-ec5c-5e66-bcd5-efc304512118,2026-09-04
161,605985c4-d18d-54b0-829f-2a199ea5c81d,2026-09-10
161,4c2177ab-592a-5e4a-b25b-8bb3f8090555,2026-09-09
161,af808cd8-ab34-515f-a8a0-a1b0719a537b,2026-08-21
161,7298015b-9105-595a-b879-3013c08053f7,2026-08-21
161,c6286e16-5e03-594c-aa67-861b8ba91b33,2026-09-05
161,f0ca4141-ccff-5472-ba76-f4b194108c7b,2026-09-12
161,63fdd1e3-9db3-5b05-9799-510eea6abab7,2026-09-06
161,d0c58825-6ead-50f6-9a07-f2f95dbb51ea,2026-08-26
161,40120057-c43a-5745-9d3a-d9b0c6b1e84e,2026-08-23
161,61347d09-09eb-5f04-a4ec-fe830319799f,2026-08-31
161,368442e7-2dfe-5df4-9ab7-a468b984050a,2026-08-23
161,e747fee0-a84b-5f51-98a3-7481903c9023,2026-09-17
161,f1fb49f6-8f16-5086-a3b3-1c5e169f9ad4,2026-08-21
161,a2cc3818-be31-5aeb-828c-e23f579431aa,2026-09-07
161,f4793612-bd5c-52c4-b29e-226fe28a77ca,2026-08-29
161,878bb7d9-5569-5efb-bbd1-5e39d62d594d,2026-09-09
161,34046d1a-c67e-5a81-b9d5-47dd4840c4fe,2026-08-20
161,473b12ab-4d0d-5b7f-89b2-c0a1e2405c60,2026-09-14
161,a5526e82-ef69-522b-b3ad-df818658bde0,2026-09-18
161,f22a7317-9c2b-5d13-99b9-1a1622094bb3,2026-09-11
161,673e8617-3280-5bfa-85a6-738a6d64aac6,2026-09-16
161,33ba5d16-c38c-5bcf-9896-ea8ae81d6e7b,2026-08-28
161,44a33563-638c-52da-ae01-285f43dfcb99,2026-09-07
161,ea7edc0e-b64d-545f-b311-b4ee943f2935,2026-09-12
161,b55b4f74-ded6-5cf1-aae0-9ad89c03c10c,2026-08-29
161,daa36188-60fd-56a2-938b-70b1b51084b0,2026-09-06
161,9c9c228f-3bd5-5da4-b666-fbfab93b4b7e,2026-08-29
161,a0a53b38-722a-56e6-a52c-fe0e06169a59,2026-08-23
161,518ae987-15f7-5b22-8bcc-df59623dbdce,2026-09-10
161,6690668c-e73d-51ff-9ca4-36bec9b8c175,2026-09-06
161,4cf03b5a-e2ca-57f2-95b8-16a3b92247e6,2026-08-29
161,53f78f7e-e2df-586b-b483-5748c92d0f9f,2026-08-25
161,eeeb9e89-042f-5fdc-8fcf-2c3ad56f9bf1,2026-08-28
161,baa8ef70-5b01-5a49-84cb-71c353290705,2026-08-21
161,6cf4bb40-4d81-5eb3-b9d9-5841cd55724e,2026-09-08
161,e21dfd78-ea9f-5754-a3b2-3b3b66dd30b5,2026-09-08
161,405fd522-6b0d-52fc-b397-dc3ce2e4a2ea,2026-09-10
161,7624f38b-fbca-546f-af04-c9dda9318f82,2026-09-05
161,673e8617-3280-5bfa-85a6-738a6d64aac6,2026-09-12
161,7f0221a7-4703-52e7-8b26-fa2cd7303c90,2026-09-08
161,bc38029f-d1c5-5b8f-8055-d446a522cb91,2026-09-12
161,4307ee18-2e16-50be-abbc-db160bb8e8fd,2026-09-07
161,34046d1a-c67e-5a81-b9d5-47dd4840c4fe,2026-09-08
161,673e8617-3280-5bfa-85a6-738a6d64aac6,2026-08-24
161,10feece1-a2cd-532b-8488-21659a3bee22,2026-08-26
161,a070c6d0-c23b-5036-b352-f16db0d6ec8e,2026-08-26
161,3d016498-e16a-5ad9-95c7-b633dfc6a142,2026-09-12
161,605985c4-d18d-54b0-829f-2a199ea5c81d,2026-08-21
161,ee289908-380a-5bb3-8fdc-0990b203929b,2026-08-26
161,b897da16-1a55-5740-8129-7d502e6f44b8,2026-09-07
161,693ebb02-ab3f-5d60-b798-d4d4df4900d2,2026-09-17
161,0e992dba-f631-52d1-b7e3-76faec77c33f,2026-09-04
161,6720265f-9f2b-5485-bf24-54e1784991b6,2026-09-08
161,b7180518-4b5b-54ef-9060-958212d05ab7,2026-09-10
161,01c00e49-c4d6-5d4b-bbc1-8aa3fe21ba2a,2026-08-27
161,ee289908-380a-5bb3-8fdc-0990b203929b,2026-09-12
161,96373821-4bf4-53b8-bd24-bb64bbb3b84e,2026-08-31
161,5ce94e6e-a987-5fd1-90b2-94a1174f9376,2026-09-03
161,0947c4b9-50d6-50e2-9043-84a15b80e8c7,2026-08-29
161,0b532307-3033-5baf-b61c-915d1213c01f,2026-08-30
161,6988340a-a3c1-5fda-a996-711f1723c649,2026-09-01
161,1b1e4344-fde4-5cc2-b82c-4fb458696522,2026-09-15
161,610e9654-06d6-5e55-959b-377b8749b8f9,2026-09-16
161,eb397f92-99ac-5f0f-8f81-3540865f0477,2026-08-29
161,51420309-4688-52d6-84b9-51c0dc3a900e,2026-09-12
161,63fdd1e3-9db3-5b05-9799-510eea6abab7,2026-09-05
161,e21dfd78-ea9f-5754-a3b2-3b3b66dd30b5,2026-09-01
161,7624f38b-fbca-546f-af04-c9dda9318f82,2026-09-02
161,7b48b183-5d87-500f-9cec-2e003c19efac,2026-09-10
161,4845dc43-0c9d-5f09-aa4a-62e68abb5d12,2026-09-04
161,4c310820-12d3-5128-9a45-973db446b59e,2026-09-14
161,4966bb54-4d4f-5992-8586-1bd44991d17f,2026-08-22
161,b55b4f74-ded6-5cf1-aae0-9ad89c03c10c,2026-08-21
161,1dd6da2f-292d-52b5-8e0e-a84885e81ba1,2026-09-12
161,6467241a-6abd-5888-8e87-40e0e86cbc55,2026-09-17
161,d767d4bb-a2aa-587a-90f9-23d0689ae52a,2026-09-16
161,6e82bb3e-ede8-5803-ba1a-cc3aa8766199,2026-09-13
161,ae96d203-7a11-52ed-9e02-cd93c3dda603,2026-09-15
161,783491ec-2857-52e8-a102-766d7abba6d2,2026-09-10
161,01c00e49-c4d6-5d4b-bbc1-8aa3fe21ba2a,2026-08-23
161,d0c58825-6ead-50f6-9a07-f2f95dbb51ea,2026-09-08
161,f985b68e-39ae-5c83-8468-2b126802c414,2026-09-18
161,9edec740-5de6-5c27-8233-5cf72946b182,2026-09-04
161,fb400c3e-ecd0-522e-8b8e-1323946be71a,2026-08-23
161,95927b04-f214-5c26-878d-fb55176e41bc,2026-09-02
161,001e944b-e64e-5742-afb7-5e04327e41ee,2026-09-02
161,adfbbf3c-5175-5e0a-bf98-b8854f2081c2,2026-09-08
161,4966bb54-4d4f-5992-8586-1bd44991d17f,2026-09-04
161,458287c3-1628-5e26-8930-0d88ae11ce1a,2026-09-09
161,63fdd1e3-9db3-5b05-9799-510eea6abab7,2026-08-22
161,f223e569-d735-5980-b77b-25d459e64a37,2026-09-12
161,6467241a-6abd-5888-8e87-40e0e86cbc55,2026-08-24
161,44a33563-638c-52da-ae01-285f43dfcb99,2026-08-24
161,1dd6da2f-292d-52b5-8e0e-a84885e81ba1,2026-09-08
161,f8f213c7-3d61-567e-9735-5e3e9498b892,2026-08-24
161,ac9c9500-b7e4-5bbe-8f4e-a40a6201979a,2026-09-11
161,d9aaa9eb-5304-587b-b0f4-42a2d5930f54,2026-08-20
161,518ae987-15f7-5b22-8bcc-df59623dbdce,2026-08-30
161,25797954-b022-582e-8349-e1e2c141368c,2026-09-08
161,610e9654-06d6-5e55-959b-377b8749b8f9,2026-09-15
161,5c465a9a-bc36-5d7b-b5a2-0f18d9dab68a,2026-08-20
161,b7f1d97d-9f3c-5885-b9ef-48d67a16a686,2026-09-05
161,6d9d0917-bda8-5863-abe4-92d14b0cc926,2026-08-29
161,f0ca4141-ccff-5472-ba76-f4b194108c7b,2026-09-17
161,610e9654-06d6-5e55-959b-377b8749b8f9,2026-09-11
161,518ae987-15f7-5b22-8bcc-df59623dbdce,2026-09-12
161,77c684c4-9514-5edc-85ff-1052c8544c14,2026-09-09
161,95ff45a0-9b28-55cb-bba6-22a608a4e30d,2026-09-09
161,58074159-53d7-5a52-8436-d84a05af35a9,2026-08-25
161,45cee65b-db52-5dff-b09d-0ee1ac2be20f,2026-09-03
161,001e944b-e64e-5742-afb7-5e04327e41ee,2026-08-26
161,d3175e63-6121-5d55-b429-df91670d9aca,2026-09-17
161,9edec740-5de6-5c27-8233-5cf72946b182,2026-09-03
161,ab45f9eb-3fee-5ea5-bccb-faffc50f3e76,2026-08-29
161,4cf03b5a-e2ca-57f2-95b8-16a3b92247e6,2026-09-04
161,f223e569-d735-5980-b77b-25d459e64a37,2026-08-20
161,0bd9c807-50b6-567b-befe-96c80ed2fc9d,2026-09-15
161,4966bb54-4d4f-5992-8586-1bd44991d17f,2026-09-13
161,64609795-d498-5ea7-ad33-a3bcecf9d962,2026-09-06
161,96ccee9a-30f2-56cd-b597-a927c84e0f75,2026-08-25
161,33d87513-60c2-51ff-9ec5-f0f1389ed27e,2026-09-11
161,02bf8d95-eee4-5287-b363-0551cc4a6d51,2026-09-07
161,0da68170-ff38-5dad-9224-770d261f1c8a,2026-09-10
161,50de23a6-cd45-55ac-adb0-06d14b4ed8ce,2026-09-10
161,96ccee9a-30f2-56cd-b597-a927c84e0f75,2026-09-06
161,facb4557-eabe-5f8b-89cc-f223b91c89b7,2026-08-31
161,45cee65b-db52-5dff-b09d-0ee1ac2be20f,2026-08-25
161,405fd522-6b0d-52fc-b397-dc3ce2e4a2ea,2026-09-05
161,a070c6d0-c23b-5036-b352-f16db0d6ec8e,2026-08-24
161,d2a70bca-a25c-522f-9b7e-c967b69503cc,2026-09-13
161,e21dfd78-ea9f-5754-a3b2-3b3b66dd30b5,2026-09-10
161,d9fbcbde-376a-5f82-9fb5-268a24b02d57,2026-08-26
161,cd8c4c60-ab9b-5cf3-996e-d4fbb990f4c6,2026-09-09
162,3d5b480d-3962-5c76-96ca-5459d65372aa,2026-09-14
162,f6e8344b-87f4-5461-93fc-b01ff1ae4265,2026-09-14
162,729fe171-fa0d-547e-b374-39bd19f4c645,2026-09-16
162,8ecc0792-3789-53b2-a26e-fc6daa886eb7,2026-09-17
162,e21dfd78-ea9f-5754-a3b2-3b3b66dd30b5,2026-09-14
162,ab45f9eb-3fee-5ea5-bccb-faffc50f3e76,2026-09-18
162,729fe171-fa0d-547e-b374-39bd19f4c645,2026-09-14
162,50d6350f-ffd4-59ad-a1ff-65a49a77a913,2026-09-13
162,605985c4-d18d-54b0-829f-2a199ea5c81d,2026-09-16
162,5c465a9a-bc36-5d7b-b5a2-0f18d9dab68a,2026-09-15
162,6988340a-a3c1-5fda-a996-711f1723c649,2026-09-12
162,e7c63421-97d2-555e-9731-46cb0f04f637,2026-09-17
162,eeeb9e89-042f-5fdc-8fcf-2c3ad56f9bf1,2026-09-13
162,1062abbb-4fcd-51a9-95fc-5474e4af7640,2026-09-15
162,484e243b-afd7-5767-bb0f-4262c0334aea,2026-09-16
162,7ef6d8e7-132e-5da5-a653-16dd2e5719c4,2026-09-16
162,bb4b0d34-59a4-5948-a9be-a1aa6caece55,2026-09-18
162,6cf4bb40-4d81-5eb3-b9d9-5841cd55724e,2026-09-13
162,693ebb02-ab3f-5d60-b798-d4d4df4900d2,2026-09-13
162,6cf4bb40-4d81-5eb3-b9d9-5841cd55724e,2026-09-18
162,10feece1-a2cd-532b-8488-21659a3bee22,2026-09-13
162,8819cb55-67e6-5a55-98c8-d80446975a9e,2026-09-13
162,e747fee0-a84b-5f51-98a3-7481903c9023,2026-09-13
162,bf54d417-d834-5d3e-a7f9-106377fe05a5,2026-09-16
162,e137404e-9196-525c-b17a-44dc96d29f29,2026-09-13
162,61347d09-09eb-5f04-a4ec-fe830319799f,2026-09-13
162,bdc5faf6-386d-5338-99a0-32d156bcbd68,2026-09-12
162,95927b04-f214-5c26-878d-fb55176e41bc,2026-09-14
162,e502b694-466f-5e1f-9293-146b264ae20c,2026-09-13
162,b55b4f74-ded6-5cf1-aae0-9ad89c03c10c,2026-09-12
162,b7f1d97d-9f3c-5885-b9ef-48d67a16a686,2026-09-16
162,4c2177ab-592a-5e4a-b25b-8bb3f8090555,2026-09-15
162,d0c58825-6ead-50f6-9a07-f2f95dbb51ea,2026-09-13
162,bb4b0d34-59a4-5948-a9be-a1aa6caece55,2026-09-15
162,605985c4-d18d-54b0-829f-2a199ea5c81d,2026-09-17
162,eb3717c1-cd92-5eeb-af40-9df7f3132426,2026-09-15
162,5ce94e6e-a987-5fd1-90b2-94a1174f9376,2026-09-15
162,8ae0340a-8eaf-5e9d-9db0-ac449334023d,2026-09-15
162,37b7aed3-d207-54f7-b4ec-0e05c50eaeb2,2026-09-15
162,96dbbdad-601e-5bc2-9d1a-78f9f6349a39,2026-09-14
163,c6286e16-5e03-594c-aa67-861b8ba91b33,2026-09-10
163,f0ca4141-ccff-5472-ba76-f4b194108c7b,2026-09-07
163,77c684c4-9514-5edc-85ff-1052c8544c14,2026-09-01
163,af808cd8-ab34-515f-a8a0-a1b0719a537b,2026-09-07
163,95ff45a0-9b28-55cb-bba6-22a608a4e30d,2026-09-17
163,4c2177ab-592a-5e4a-b25b-8bb3f8090555,2026-09-08
163,f0ca4141-ccff-5472-ba76-f4b194108c7b,2026-09-09
163,2e2e8079-6c9e-51c9-bc7e-1475045fd514,2026-08-30
163,20b4182c-90f7-51da-99e8-97ade4d19a92,2026-09-11
163,4ec67eb8-4fda-5cbc-bbd1-a6afc7ce8130,2026-09-13
163,adfbbf3c-5175-5e0a-bf98-b8854f2081c2,2026-09-18
163,ffe47fd1-7989-5728-addd-50b504edd889,2026-09-15
163,4307ee18-2e16-50be-abbc-db160bb8e8fd,2026-09-14
163,1b1e4344-fde4-5cc2-b82c-4fb458696522,2026-09-10
163,90cced0e-f2c7-528c-bd28-38c44ead6c98,2026-09-01
163,ab45f9eb-3fee-5ea5-bccb-faffc50f3e76,2026-09-13
164,4ec67eb8-4fda-5cbc-bbd1-a6afc7ce8130,2026-09-16
164,51420309-4688-52d6-84b9-51c0dc3a900e,2026-09-13
164,774fd1d7-ca6b-5177-9d91-fc7b24739425,2026-09-07
164,e1f9b739-b2d3-51e6-9609-05805a6d151c,2026-09-14
164,8ecc0792-3789-53b2-a26e-fc6daa886eb7,2026-09-03
164,4c2177ab-592a-5e4a-b25b-8bb3f8090555,2026-09-05
164,06657aeb-b604-5b0d-9281-d2e5afb78a9d,2026-09-14
164,1767869f-381f-59b9-acac-01da2d539e40,2026-09-18
164,6720265f-9f2b-5485-bf24-54e1784991b6,2026-09-10
164,ac9c9500-b7e4-5bbe-8f4e-a40a6201979a,2026-09-06
164,f4793612-bd5c-52c4-b29e-226fe28a77ca,2026-09-16
164,61347d09-09eb-5f04-a4ec-fe830319799f,2026-09-10
164,6cf4bb40-4d81-5eb3-b9d9-5841cd55724e,2026-09-09
164,fd96bbd1-5601-5c99-a1e2-04b09168b35e,2026-09-06
164,f4793612-bd5c-52c4-b29e-226fe28a77ca,2026-09-17
164,605985c4-d18d-54b0-829f-2a199ea5c81d,2026-09-13
164,44a33563-638c-52da-ae01-285f43dfcb99,2026-09-15
164,d3175e63-6121-5d55-b429-df91670d9aca,2026-09-18
164,63fdd1e3-9db3-5b05-9799-510eea6abab7,2026-09-07
164,096499d2-73d6-5063-9dd4-a7c1aebac61d,2026-09-13
164,6988340a-a3c1-5fda-a996-711f1723c649,2026-09-08
164,cac67f41-f5af-5268-9e2d-34feac0dc9fa,2026-09-13
164,0e49007f-82be-5238-a956-37d8f7b40d4c,2026-09-16
164,a60d0128-bffa-5d2d-9915-36693e6bc3ba,2026-09-14
164,bb4b0d34-59a4-5948-a9be-a1aa6caece55,2026-09-06
164,f4b545d6-b6c0-54b8-847e-101d68428b48,2026-09-07
164,44f09dba-7a20-5f46-840b-4670e6c7eb92,2026-09-05
164,52ab3a8f-ec5c-5e66-bcd5-efc304512118,2026-09-12
164,ae7ac442-d880-5cd8-bc30-8d21c5f7dc54,2026-09-09
164,6cf4bb40-4d81-5eb3-b9d9-5841cd55724e,2026-09-14
164,a53c485b-a35c-51fb-84a5-364207ce0adb,2026-09-13
164,5532dec3-02ae-5ac3-8b57-2e8214a8598b,2026-09-10
164,fbdfefdb-ca2d-5a0e-87ed-62021c1c11d4,2026-09-03
164,37b7aed3-d207-54f7-b4ec-0e05c50eaeb2,2026-09-03
164,001e944b-e64e-5742-afb7-5e04327e41ee,2026-09-04
164,f2561442-8439-5138-9a3b-8bcf96f16609,2026-09-09
164,9047d24d-0775-5f10-bf17-6e8fc62c5884,2026-09-04
164,adfbbf3c-5175-5e0a-bf98-b8854f2081c2,2026-09-08
164,84047d01-74e6-5a08-a20e-b5c25e3eff3e,2026-09-10
164,518ae987-15f7-5b22-8bcc-df59623dbdce,2026-09-03
164,b55b4f74-ded6-5cf1-aae0-9ad89c03c10c,2026-09-07
164,6690668c-e73d-51ff-9ca4-36bec9b8c175,2026-09-14
164,b5be680a-732e-55e0-bc5d-b80e831ff33a,2026-09-13
164,10feece1-a2cd-532b-8488-21659a3bee22,2026-09-11
164,b55b4f74-ded6-5cf1-aae0-9ad89c03c10c,2026-09-05
164,f3744506-cae3-5f81-8a4f-506a60395be8,2026-09-11
164,473b12ab-4d0d-5b7f-89b2-c0a1e2405c60,2026-09-09
164,e5b7ccce-2cb7-5b6e-95a5-32ffacbca87f,2026-09-13
164,f4b545d6-b6c0-54b8-847e-101d68428b48,2026-09-12
164,2e2e8079-6c9e-51c9-bc7e-1475045fd514,2026-09-11
164,4307ee18-2e16-50be-abbc-db160bb8e8fd,2026-09-18
164,50de23a6-cd45-55ac-adb0-06d14b4ed8ce,2026-09-17
164,58074159-53d7-5a52-8436-d84a05af35a9,2026-09-09
164,9b2e34a9-6722-598e-a857-e346acd294bf,2026-09-07
164,783491ec-2857-52e8-a102-766d7abba6d2,2026-09-04
164,0da68170-ff38-5dad-9224-770d261f1c8a,2026-09-11
164,9c9c228f-3bd5-5da4-b666-fbfab93b4b7e,2026-09-10
164,3d0f3e54-413b-5a89-bc88-8cb0e7246b97,2026-09-14
165,673e8617-3280-5bfa-85a6-738a6d64aac6,2026-09-17
165,673e8617-3280-5bfa-85a6-738a6d64aac6,2026-09-18
165,95927b04-f214-5c26-878d-fb55176e41bc,2026-09-13
165,cd8c4c60-ab9b-5cf3-996e-d4fbb990f4c6,2026-09-15
165,ffe47fd1-7989-5728-addd-50b504edd889,2026-09-13
165,53f78f7e-e2df-586b-b483-5748c92d0f9f,2026-09-18
165,5ce94e6e-a987-5fd1-90b2-94a1174f9376,2026-09-14
165,fb400c3e-ecd0-522e-8b8e-1323946be71a,2026-09-14
165,b0ebc690-efe0-594f-bd55-e4d7ec3454bc,2026-09-18
166,673e8617-3280-5bfa-85a6-738a6d64aac6,2026-09-03
166,b0ebc690-efe0-594f-bd55-e4d7ec3454bc,2026-09-04
166,405fd522-6b0d-52fc-b397-dc3ce2e4a2ea,2026-09-10
166,7624f38b-fbca-546f-af04-c9dda9318f82,2026-09-15
166,20b63262-d3e6-555a-95b2-84fc87694a19,2026-09-05
166,33ba5d16-c38c-5bcf-9896-ea8ae81d6e7b,2026-09-05
166,8ae0340a-8eaf-5e9d-9db0-ac449334023d,2026-09-07
166,e3efd234-c7f9-5957-937f-661b1c3981ef,2026-09-03
166,5532dec3-02ae-5ac3-8b57-2e8214a8598b,2026-08-29
166,4307ee18-2e16-50be-abbc-db160bb8e8fd,2026-09-12
166,7f0221a7-4703-52e7-8b26-fa2cd7303c90,2026-09-18
166,51420309-4688-52d6-84b9-51c0dc3a900e,2026-08-23
166,cac67f41-f5af-5268-9e2d-34feac0dc9fa,2026-08-15
166,35e87bcc-650c-5e3f-9741-3f0c54905b6f,2026-08-14
166,f985b68e-39ae-5c83-8468-2b126802c414,2026-09-11
166,6d9d0917-bda8-5863-abe4-92d14b0cc926,2026-09-03
166,9cba29b2-e169-54f3-9d61-1d5013f80312,2026-08-14
166,64609795-d498-5ea7-ad33-a3bcecf9d962,2026-09-09
166,fbdfefdb-ca2d-5a0e-87ed-62021c1c11d4,2026-08-17
166,8300625d-d3f5-5264-8503-98a2bfbf60d8,2026-08-14
166,9a026691-28ff-5880-9da3-006735af19d3,2026-08-14
166,52ab3a8f-ec5c-5e66-bcd5-efc304512118,2026-08-18
166,6690668c-e73d-51ff-9ca4-36bec9b8c175,2026-09-14
166,33d87513-60c2-51ff-9ec5-f0f1389ed27e,2026-08-16
166,f4b545d6-b6c0-54b8-847e-101d68428b48,2026-08-27
166,fbdfefdb-ca2d-5a0e-87ed-62021c1c11d4,2026-09-04
166,5d857806-7d61-533b-bc12-af2d7b775d29,2026-08-19
166,dfe9e449-d177-56af-a679-d3e1c78c5c02,2026-08-11
166,da462241-608b-5422-bdbd-0d98184a433d,2026-08-16
166,96ccee9a-30f2-56cd-b597-a927c84e0f75,2026-09-15
166,52ab3a8f-ec5c-5e66-bcd5-efc304512118,2026-09-16
166,a2cc3818-be31-5aeb-828c-e23f579431aa,2026-08-30
166,6b9b6012-cdb4-50eb-8ad0-01c36516df23,2026-08-27
166,84da666c-c47c-572e-b2c9-3b6f35881596,2026-08-26
166,651ce25b-8132-52d9-8f74-889f22c3bb5c,2026-08-24
166,774fd1d7-ca6b-5177-9d91-fc7b24739425,2026-08-30
166,fb400c3e-ecd0-522e-8b8e-1323946be71a,2026-08-18
166,8fa5b823-1a70-59f7-9bb2-b3d5f36dc82b,2026-08-25
166,84da666c-c47c-572e-b2c9-3b6f35881596,2026-09-16
166,7ef6d8e7-132e-5da5-a653-16dd2e5719c4,2026-08-25
166,eb397f92-99ac-5f0f-8f81-3540865f0477,2026-08-28
166,01c00e49-c4d6-5d4b-bbc1-8aa3fe21ba2a,2026-09-03
166,64b591cd-4cbe-577a-aba9-ee6912328a58,2026-08-28
166,9cba29b2-e169-54f3-9d61-1d5013f80312,2026-08-11
166,e3efd234-c7f9-5957-937f-661b1c3981ef,2026-09-10
166,9c9c228f-3bd5-5da4-b666-fbfab93b4b7e,2026-08-16
166,3a376c3a-3e46-5c8c-815c-232b66ca9bc8,2026-08-22
166,f223e569-d735-5980-b77b-25d459e64a37,2026-09-06
166,90cced0e-f2c7-528c-bd28-38c44ead6c98,2026-09-10
166,6988340a-a3c1-5fda-a996-711f1723c649,2026-09-05
166,458287c3-1628-5e26-8930-0d88ae11ce1a,2026-08-16
166,e7c63421-97d2-555e-9731-46cb0f04f637,2026-08-21
166,2e2e8079-6c9e-51c9-bc7e-1475045fd514,2026-08-20
166,f3744506-cae3-5f81-8a4f-506a60395be8,2026-08-11
166,405fd522-6b0d-52fc-b397-dc3ce2e4a2ea,2026-08-13
166,44a33563-638c-52da-ae01-285f43dfcb99,2026-09-11
166,4966bb54-4d4f-5992-8586-1bd44991d17f,2026-08-16
166,605985c4-d18d-54b0-829f-2a199ea5c81d,2026-08-15
167,cac67f41-f5af-5268-9e2d-34feac0dc9fa,2026-09-15
167,0bd9c807-50b6-567b-befe-96c80ed2fc9d,2026-09-05
167,61347d09-09eb-5f04-a4ec-fe830319799f,2026-08-05
167,a0a53b38-722a-56e6-a52c-fe0e06169a59,2026-09-17
167,34046d1a-c67e-5a81-b9d5-47dd4840c4fe,2026-09-11
167,f22a7317-9c2b-5d13-99b9-1a1622094bb3,2026-08-12
167,ae7ac442-d880-5cd8-bc30-8d21c5f7dc54,2026-09-01
167,ef763ec1-f93c-5744-9640-4ca59adf9347,2026-08-09
167,8300625d-d3f5-5264-8503-98a2bfbf60d8,2026-08-31
167,3d0f3e54-413b-5a89-bc88-8cb0e7246b97,2026-08-22
167,f4793612-bd5c-52c4-b29e-226fe28a77ca,2026-07-29
167,35e87bcc-650c-5e3f-9741-3f0c54905b6f,2026-09-17
167,44f09dba-7a20-5f46-840b-4670e6c7eb92,2026-08-05
167,3d5b480d-3962-5c76-96ca-5459d65372aa,2026-09-12
167,f1fb49f6-8f16-5086-a3b3-1c5e169f9ad4,2026-08-31
167,a53c485b-a35c-51fb-84a5-364207ce0adb,2026-08-07
167,3d016498-e16a-5ad9-95c7-b633dfc6a142,2026-07-31
167,5ccdaadc-80b2-50e1-a0c1-bad0246a7cf2,2026-09-01
167,3a376c3a-3e46-5c8c-815c-232b66ca9bc8,2026-08-30
167,50de23a6-cd45-55ac-adb0-06d14b4ed8ce,2026-08-31
167,ae7ac442-d880-5cd8-bc30-8d21c5f7dc54,2026-08-14
167,82a5c89c-0b3a-58b9-9259-837a5348a5c2,2026-08-16
167,6467241a-6abd-5888-8e87-40e0e86cbc55,2026-09-15
167,0b532307-3033-5baf-b61c-915d1213c01f,2026-07-30
167,52ab3a8f-ec5c-5e66-bcd5-efc304512118,2026-09-07
167,fbdfefdb-ca2d-5a0e-87ed-62021c1c11d4,2026-09-12
167,9047d24d-0775-5f10-bf17-6e8fc62c5884,2026-08-28
167,0e49007f-82be-5238-a956-37d8f7b40d4c,2026-07-28
167,facb4557-eabe-5f8b-89cc-f223b91c89b7,2026-09-17
167,49a9d8f7-08ea-5972-af3a-0ca0a6c06e59,2026-08-17
167,61347d09-09eb-5f04-a4ec-fe830319799f,2026-09-05
167,f0f4eb8c-a1ed-50a1-bc7d-2863700a31a5,2026-08-26
167,dfe9e449-d177-56af-a679-d3e1c78c5c02,2026-08-21
167,af808cd8-ab34-515f-a8a0-a1b0719a537b,2026-09-03
167,0b532307-3033-5baf-b61c-915d1213c01f,2026-08-11
167,77c684c4-9514-5edc-85ff-1052c8544c14,2026-08-24
167,ae96d203-7a11-52ed-9e02-cd93c3dda603,2026-07-28
167,1873645b-b54c-51dc-a41a-7131e831a64f,2026-08-02
167,d16e3cdc-2868-563d-867d-62fa9b8b24ea,2026-09-09
167,610e9654-06d6-5e55-959b-377b8749b8f9,2026-09-06
167,ae7ac442-d880-5cd8-bc30-8d21c5f7dc54,2026-08-26
167,8300625d-d3f5-5264-8503-98a2bfbf60d8,2026-09-01
167,3d5b480d-3962-5c76-96ca-5459d65372aa,2026-07-28
167,082b47e7-5a06-5a34-bd49-595c82b2b196,2026-08-13
167,cd8c4c60-ab9b-5cf3-996e-d4fbb990f4c6,2026-07-26
167,b897da16-1a55-5740-8129-7d502e6f44b8,2026-08-10
167,f0ca4141-ccff-5472-ba76-f4b194108c7b,2026-08-20
167,e7c63421-97d2-555e-9731-46cb0f04f637,2026-08-15
167,58074159-53d7-5a52-8436-d84a05af35a9,2026-07-28
167,5d857806-7d61-533b-bc12-af2d7b775d29,2026-08-13
167,33ba5d16-c38c-5bcf-9896-ea8ae81d6e7b,2026-07-27
167,bdc5faf6-386d-5338-99a0-32d156bcbd68,2026-07-30
167,33d87513-60c2-51ff-9ec5-f0f1389ed27e,2026-09-07
167,f22a7317-9c2b-5d13-99b9-1a1622094bb3,2026-09-09
167,fd96bbd1-5601-5c99-a1e2-04b09168b35e,2026-07-30
167,a0a53b38-722a-56e6-a52c-fe0e06169a59,2026-07-27
167,6467241a-6abd-5888-8e87-40e0e86cbc55,2026-09-05
167,96373821-4bf4-53b8-bd24-bb64bbb3b84e,2026-08-02
168,b7f1d97d-9f3c-5885-b9ef-48d67a16a686,2026-08-22
168,3b932376-f549-5a1c-a24b-664b4bc338e3,2026-08-20
168,49a9d8f7-08ea-5972-af3a-0ca0a6c06e59,2026-09-15
168,eb397f92-99ac-5f0f-8f81-3540865f0477,2026-08-10
168,1bf86e3f-0e6e-5241-b319-71005237945f,2026-09-13
168,f985b68e-39ae-5c83-8468-2b126802c414,2026-08-02
168,3d016498-e16a-5ad9-95c7-b633dfc6a142,2026-08-19
168,4ec67eb8-4fda-5cbc-bbd1-a6afc7ce8130,2026-08-23
168,9cba29b2-e169-54f3-9d61-1d5013f80312,2026-08-27
168,cac67f41-f5af-5268-9e2d-34feac0dc9fa,2026-08-26
168,1873645b-b54c-51dc-a41a-7131e831a64f,2026-08-17
168,53f78f7e-e2df-586b-b483-5748c92d0f9f,2026-09-07
168,b5be680a-732e-55e0-bc5d-b80e831ff33a,2026-08-26
168,eeeb9e89-042f-5fdc-8fcf-2c3ad56f9bf1,2026-08-04
168,6690668c-e73d-51ff-9ca4-36bec9b8c175,2026-08-16
168,67357d35-e727-50a5-9114-d5f2da172374,2026-08-01
168,4845dc43-0c9d-5f09-aa4a-62e68abb5d12,2026-09-05
168,96373821-4bf4-53b8-bd24-bb64bbb3b84e,2026-09-07
168,7298015b-9105-595a-b879-3013c08053f7,2026-09-12
168,729fe171-fa0d-547e-b374-39bd19f4c645,2026-08-25
168,1bf86e3f-0e6e-5241-b319-71005237945f,2026-09-09
168,4845dc43-0c9d-5f09-aa4a-62e68abb5d12,2026-09-04
168,f8f213c7-3d61-567e-9735-5e3e9498b892,2026-09-15
168,bc38029f-d1c5-5b8f-8055-d446a522cb91,2026-08-10
168,f1fb49f6-8f16-5086-a3b3-1c5e169f9ad4,2026-08-18
168,37b7aed3-d207-54f7-b4ec-0e05c50eaeb2,2026-07-31
168,5ce94e6e-a987-5fd1-90b2-94a1174f9376,2026-08-21
168,e747fee0-a84b-5f51-98a3-7481903c9023,2026-08-02
168,ee289908-380a-5bb3-8fdc-0990b203929b,2026-08-29
168,52ab3a8f-ec5c-5e66-bcd5-efc304512118,2026-09-12
168,84da666c-c47c-572e-b2c9-3b6f35881596,2026-09-04
168,a5526e82-ef69-522b-b3ad-df818658bde0,2026-09-02
168,4cf03b5a-e2ca-57f2-95b8-16a3b92247e6,2026-09-09
168,20b63262-d3e6-555a-95b2-84fc87694a19,2026-08-31
168,33ba5d16-c38c-5bcf-9896-ea8ae81d6e7b,2026-08-13
168,bc38029f-d1c5-5b8f-8055-d446a522cb91,2026-08-21
168,88820056-e901-59a1-b2ca-c4e813b34f7b,2026-08-12
168,f22a7317-9c2b-5d13-99b9-1a1622094bb3,2026-09-14
168,e502b694-466f-5e1f-9293-146b264ae20c,2026-08-08
168,bf54d417-d834-5d3e-a7f9-106377fe05a5,2026-08-26
169,5421f79d-ed60-5eed-852b-01b379adab9e,2026-09-12
169,368442e7-2dfe-5df4-9ab7-a468b984050a,2026-09-04
169,9355c2cf-38db-5118-9b77-3d5b5b3870df,2026-08-01
169,3d0f3e54-413b-5a89-bc88-8cb0e7246b97,2026-09-13
169,0bd9c807-50b6-567b-befe-96c80ed2fc9d,2026-07-28
170,bb4b0d34-59a4-5948-a9be-a1aa6caece55,2026-08-27
170,a070c6d0-c23b-5036-b352-f16db0d6ec8e,2026-08-21
170,ea7edc0e-b64d-545f-b311-b4ee943f2935,2026-08-18
170,50d6350f-ffd4-59ad-a1ff-65a49a77a913,2026-09-10
170,e7dd6cb0-626e-510a-9e98-0498c534b04d,2026-09-07
170,a53c485b-a35c-51fb-84a5-364207ce0adb,2026-08-09
170,d48cab4b-e48b-59ae-88d6-41d5d463569d,2026-09-18
170,20b4182c-90f7-51da-99e8-97ade4d19a92,2026-09-18
170,878bb7d9-5569-5efb-bbd1-5e39d62d594d,2026-08-24
170,02bf8d95-eee4-5287-b363-0551cc4a6d51,2026-09-03
170,e7dd6cb0-626e-510a-9e98-0498c534b04d,2026-09-11
170,7624f38b-fbca-546f-af04-c9dda9318f82,2026-08-23
170,fb400c3e-ecd0-522e-8b8e-1323946be71a,2026-08-10
170,ee289908-380a-5bb3-8fdc-0990b203929b,2026-08-12
170,473b12ab-4d0d-5b7f-89b2-c0a1e2405c60,2026-08-27
170,95927b04-f214-5c26-878d-fb55176e41bc,2026-09-17
171,1062abbb-4fcd-51a9-95fc-5474e4af7640,2026-09-09
171,9cba29b2-e169-54f3-9d61-1d5013f80312,2026-09-09
171,02bf8d95-eee4-5287-b363-0551cc4a6d51,2026-09-10
171,b0ebc690-efe0-594f-bd55-e4d7ec3454bc,2026-09-07
171,e0b64119-ecb0-52a5-852d-39c211ce337a,2026-09-12
171,341a0cef-f4a9-53ee-8980-229dc154ff4e,2026-09-17
171,508d03e7-de84-523a-8242-f48abc9451d7,2026-09-07
171,4c310820-12d3-5128-9a45-973db446b59e,2026-09-05
171,51420309-4688-52d6-84b9-51c0dc3a900e,2026-09-15
171,8ecc0792-3789-53b2-a26e-fc6daa886eb7,2026-09-17
171,001e944b-e64e-5742-afb7-5e04327e41ee,2026-09-10
171,5d857806-7d61-533b-bc12-af2d7b775d29,2026-09-04
171,518ae987-15f7-5b22-8bcc-df59623dbdce,2026-09-09
171,4966bb54-4d4f-5992-8586-1bd44991d17f,2026-09-14
171,6690668c-e73d-51ff-9ca4-36bec9b8c175,2026-09-18
171,3a376c3a-3e46-5c8c-815c-232b66ca9bc8,2026-09-04
171,d0c58825-6ead-50f6-9a07-f2f95dbb51ea,2026-09-10
171,a53c485b-a35c-51fb-84a5-364207ce0adb,2026-09-06
171,da462241-608b-5422-bdbd-0d98184a433d,2026-09-03
171,cb162f3d-006f-544e-bfa6-f9abb8a52026,2026-09-08
171,8ae0340a-8eaf-5e9d-9db0-ac449334023d,2026-09-03
171,4845dc43-0c9d-5f09-aa4a-62e68abb5d12,2026-09-02
171,9b2e34a9-6722-598e-a857-e346acd294bf,2026-09-12
171,5ccdaadc-80b2-50e1-a0c1-bad0246a7cf2,2026-09-08
171,0e992dba-f631-52d1-b7e3-76faec77c33f,2026-09-16
171,f22a7317-9c2b-5d13-99b9-1a1622094bb3,2026-09-02
171,7b359533-e634-59eb-a2c3-b5501ff96488,2026-09-14
171,f0ca4141-ccff-5472-ba76-f4b194108c7b,2026-09-03
171,85df6dcd-e42a-581f-802b-eb93568b74eb,2026-09-05
171,5d857806-7d61-533b-bc12-af2d7b775d29,2026-09-03
171,473b12ab-4d0d-5b7f-89b2-c0a1e2405c60,2026-09-05
171,6720265f-9f2b-5485-bf24-54e1784991b6,2026-09-08
171,d6b81cb4-a299-5894-baa5-463cb63679a3,2026-09-06
171,33d87513-60c2-51ff-9ec5-f0f1389ed27e,2026-09-09
171,67357d35-e727-50a5-9114-d5f2da172374,2026-09-17
171,d2a70bca-a25c-522f-9b7e-c967b69503cc,2026-09-16
171,34046d1a-c67e-5a81-b9d5-47dd4840c4fe,2026-09-14
171,58074159-53d7-5a52-8436-d84a05af35a9,2026-09-13
171,44a33563-638c-52da-ae01-285f43dfcb99,2026-09-13
171,d0c58825-6ead-50f6-9a07-f2f95dbb51ea,2026-09-09
172,774fd1d7-ca6b-5177-9d91-fc7b24739425,2026-09-02
172,341a0cef-f4a9-53ee-8980-229dc154ff4e,2026-08-29
172,a36cd93c-2f0c-5956-9a51-8094e39a7bed,2026-09-05
172,8300625d-d3f5-5264-8503-98a2bfbf60d8,2026-08-22
172,fb400c3e-ecd0-522e-8b8e-1323946be71a,2026-08-12
172,693ebb02-ab3f-5d60-b798-d4d4df4900d2,2026-08-30
172,a5526e82-ef69-522b-b3ad-df818658bde0,2026-08-14
172,d767d4bb-a2aa-587a-90f9-23d0689ae52a,2026-08-29
172,518ae987-15f7-5b22-8bcc-df59623dbdce,2026-08-06
173,b55b4f74-ded6-5cf1-aae0-9ad89c03c10c,2026-09-18
173,3b932376-f549-5a1c-a24b-664b4bc338e3,2026-09-01
173,67357d35-e727-50a5-9114-d5f2da172374,2026-09-12
173,90cced0e-f2c7-528c-bd28-38c44ead6c98,2026-08-26
173,9047d24d-0775-5f10-bf17-6e8fc62c5884,2026-09-09
173,5c465a9a-bc36-5d7b-b5a2-0f18d9dab68a,2026-09-02
173,7ef6d8e7-132e-5da5-a653-16dd2e5719c4,2026-08-30
173,50de23a6-cd45-55ac-adb0-06d14b4ed8ce,2026-09-10
173,458287c3-1628-5e26-8930-0d88ae11ce1a,2026-08-22
174,e137404e-9196-525c-b17a-44dc96d29f29,2026-09-17
174,6467241a-6abd-5888-8e87-40e0e86cbc55,2026-09-05
174,ee289908-380a-5bb3-8fdc-0990b203929b,2026-09-07
174,20b4182c-90f7-51da-99e8-97ade4d19a92,2026-08-26
174,a2cc3818-be31-5aeb-828c-e23f579431aa,2026-08-31
174,5a4b137d-2ebb-5c75-8cdd-bf77406b4b9f,2026-09-02
174,9c9c228f-3bd5-5da4-b666-fbfab93b4b7e,2026-09-09
174,9cba29b2-e169-54f3-9d61-1d5013f80312,2026-09-06
174,25797954-b022-582e-8349-e1e2c141368c,2026-08-24
174,63fdd1e3-9db3-5b05-9799-510eea6abab7,2026-09-02
174,1b1e4344-fde4-5cc2-b82c-4fb458696522,2026-08-30
174,6b9b6012-cdb4-50eb-8ad0-01c36516df23,2026-08-26
174,facb4557-eabe-5f8b-89cc-f223b91c89b7,2026-08-28
174,a992f17b-79b6-5dcf-aed4-2aebaa5775c7,2026-09-13
174,3d0f3e54-413b-5a89-bc88-8cb0e7246b97,2026-09-03
174,58074159-53d7-5a52-8436-d84a05af35a9,2026-09-05
174,d6b81cb4-a299-5894-baa5-463cb63679a3,2026-08-25
174,85df6dcd-e42a-581f-802b-eb93568b74eb,2026-08-23
174,ee289908-380a-5bb3-8fdc-0990b203929b,2026-08-27
174,adfbbf3c-5175-5e0a-bf98-b8854f2081c2,2026-09-17
174,cac67f41-f5af-5268-9e2d-34feac0dc9fa,2026-09-04
174,9d1c460b-bd0b-57ff-ac14-f2b10f73edd3,2026-08-31
174,3d016498-e16a-5ad9-95c7-b633dfc6a142,2026-08-23
174,6b9b6012-cdb4-50eb-8ad0-01c36516df23,2026-08-25
174,e5b7ccce-2cb7-5b6e-95a5-32ffacbca87f,2026-09-14
174,f2561442-8439-5138-9a3b-8bcf96f16609,2026-08-30
174,6690668c-e73d-51ff-9ca4-36bec9b8c175,2026-08-29
174,50d6350f-ffd4-59ad-a1ff-65a49a77a913,2026-09-06
174,5d857806-7d61-533b-bc12-af2d7b775d29,2026-09-12
174,1bc15434-bc22-56cc-a890-336efd2a11e5,2026-09-05
174,e7c63421-97d2-555e-9731-46cb0f04f637,2026-08-30
174,3bc3e38a-5ff7-5330-ab2d-8add18e85d57,2026-09-14
174,84da666c-c47c-572e-b2c9-3b6f35881596,2026-09-07
174,1bf86e3f-0e6e-5241-b319-71005237945f,2026-08-29
174,54561bf4-fe37-5b37-934d-9c7f81542f8b,2026-08-25
174,af808cd8-ab34-515f-a8a0-a1b0719a537b,2026-09-02
174,5d857806-7d61-533b-bc12-af2d7b775d29,2026-09-05
174,84047d01-74e6-5a08-a20e-b5c25e3eff3e,2026-09-10
174,52ab3a8f-ec5c-5e66-bcd5-efc304512118,2026-09-01
174,b5be680a-732e-55e0-bc5d-b80e831ff33a,2026-09-15
174,693ebb02-ab3f-5d60-b798-d4d4df4900d2,2026-08-24
174,fb400c3e-ecd0-522e-8b8e-1323946be71a,2026-09-16
174,84047d01-74e6-5a08-a20e-b5c25e3eff3e,2026-09-14
174,001e944b-e64e-5742-afb7-5e04327e41ee,2026-08-29
174,3d5b480d-3962-5c76-96ca-5459d65372aa,2026-08-27
174,1873645b-b54c-51dc-a41a-7131e831a64f,2026-08-23
174,8819cb55-67e6-5a55-98c8-d80446975a9e,2026-09-16
174,d48cab4b-e48b-59ae-88d6-41d5d463569d,2026-09-02
174,bb4b0d34-59a4-5948-a9be-a1aa6caece55,2026-08-25
174,f6e8344b-87f4-5461-93fc-b01ff1ae4265,2026-08-30
174,4ec67eb8-4fda-5cbc-bbd1-a6afc7ce8130,2026-09-11
174,02bf8d95-eee4-5287-b363-0551cc4a6d51,2026-09-16
174,302b84f9-9053-5cf7-bed0-305678227875,2026-09-04
174,e747fee0-a84b-5f51-98a3-7481903c9023,2026-08-26
174,e21dfd78-ea9f-5754-a3b2-3b3b66dd30b5,2026-08-25
174,adfbbf3c-5175-5e0a-bf98-b8854f2081c2,2026-09-06
174,dfe9e449-d177-56af-a679-d3e1c78c5c02,2026-09-06
174,3b932376-f549-5a1c-a24b-664b4bc338e3,2026-09-05
175,6ac5a7a4-ae0d-5e31-8a7c-d85b63a96c46,2026-09-03
175,341a0cef-f4a9-53ee-8980-229dc154ff4e,2026-08-22
175,64b591cd-4cbe-577a-aba9-ee6912328a58,2026-09-16
175,02bf8d95-eee4-5287-b363-0551cc4a6d51,2026-08-09
175,96dbbdad-601e-5bc2-9d1a-78f9f6349a39,2026-08-26
176,7ef6d8e7-132e-5da5-a653-16dd2e5719c4,2026-08-19
176,5532dec3-02ae-5ac3-8b57-2e8214a8598b,2026-08-11
176,082b47e7-5a06-5a34-bd49-595c82b2b196,2026-08-18
176,f22a7317-9c2b-5d13-99b9-1a1622094bb3,2026-08-11
176,19e81afb-74c1-5b4a-9af3-469f3b610235,2026-09-01
176,4966bb54-4d4f-5992-8586-1bd44991d17f,2026-09-09
176,405fd522-6b0d-52fc-b397-dc3ce2e4a2ea,2026-09-16
176,84da666c-c47c-572e-b2c9-3b6f35881596,2026-08-17
176,473b12ab-4d0d-5b7f-89b2-c0a1e2405c60,2026-08-14
176,a6b8342c-310b-5b88-9c07-602dbd646488,2026-08-16
176,ab45f9eb-3fee-5ea5-bccb-faffc50f3e76,2026-09-02
176,6d9d0917-bda8-5863-abe4-92d14b0cc926,2026-08-31
176,96373821-4bf4-53b8-bd24-bb64bbb3b84e,2026-09-10
176,610e9654-06d6-5e55-959b-377b8749b8f9,2026-08-27
176,bdc5faf6-386d-5338-99a0-32d156bcbd68,2026-08-25
176,d6b81cb4-a299-5894-baa5-463cb63679a3,2026-09-12
176,a0a53b38-722a-56e6-a52c-fe0e06169a59,2026-08-25
176,d0c58825-6ead-50f6-9a07-f2f95dbb51ea,2026-09-01
176,6d9d0917-bda8-5863-abe4-92d14b0cc926,2026-08-24
176,a0a53b38-722a-56e6-a52c-fe0e06169a59,2026-08-17
176,96dbbdad-601e-5bc2-9d1a-78f9f6349a39,2026-09-04
176,7624f38b-fbca-546f-af04-c9dda9318f82,2026-08-24
176,7f0221a7-4703-52e7-8b26-fa2cd7303c90,2026-08-31
176,5532dec3-02ae-5ac3-8b57-2e8214a8598b,2026-09-13
176,daa36188-60fd-56a2-938b-70b1b51084b0,2026-09-05
176,f21481e8-5bf3-5aa6-a7e0-fe6e26920e28,2026-08-14
176,9a026691-28ff-5880-9da3-006735af19d3,2026-09-12
176,85df6dcd-e42a-581f-802b-eb93568b74eb,2026-09-12
176,3bc3e38a-5ff7-5330-ab2d-8add18e85d57,2026-08-27
176,cac67f41-f5af-5268-9e2d-34feac0dc9fa,2026-09-09
176,f985b68e-39ae-5c83-8468-2b126802c414,2026-08-18
176,d6b81cb4-a299-5894-baa5-463cb63679a3,2026-09-05
176,a60d0128-bffa-5d2d-9915-36693e6bc3ba,2026-08-11
176,729fe171-fa0d-547e-b374-39bd19f4c645,2026-08-22
176,dfe9e449-d177-56af-a679-d3e1c78c5c02,2026-08-21
176,f2561442-8439-5138-9a3b-8bcf96f16609,2026-09-02
176,6690668c-e73d-51ff-9ca4-36bec9b8c175,2026-09-17
176,651ce25b-8132-52d9-8f74-889f22c3bb5c,2026-09-07
176,cb162f3d-006f-544e-bfa6-f9abb8a52026,2026-08-31
176,eb3717c1-cd92-5eeb-af40-9df7f3132426,2026-08-15
176,e137404e-9196-525c-b17a-44dc96d29f29,2026-09-02
176,a36cd93c-2f0c-5956-9a51-8094e39a7bed,2026-09-07
176,1873645b-b54c-51dc-a41a-7131e831a64f,2026-09-05
176,4c2177ab-592a-5e4a-b25b-8bb3f8090555,2026-09-05
176,082b47e7-5a06-5a34-bd49-595c82b2b196,2026-08-26
176,f4b545d6-b6c0-54b8-847e-101d68428b48,2026-08-20
176,a5526e82-ef69-522b-b3ad-df818658bde0,2026-09-12
176,6d9d0917-bda8-5863-abe4-92d14b0cc926,2026-09-17
176,7624f38b-fbca-546f-af04-c9dda9318f82,2026-09-03
176,51420309-4688-52d6-84b9-51c0dc3a900e,2026-08-17
176,e21dfd78-ea9f-5754-a3b2-3b3b66dd30b5,2026-08-11
176,9cba29b2-e169-54f3-9d61-1d5013f80312,2026-09-08
176,44a33563-638c-52da-ae01-285f43dfcb99,2026-08-28
176,473b12ab-4d0d-5b7f-89b2-c0a1e2405c60,2026-08-27
176,50d6350f-ffd4-59ad-a1ff-65a49a77a913,2026-08-13
176,b0ebc690-efe0-594f-bd55-e4d7ec3454bc,2026-08-25
176,ac9c9500-b7e4-5bbe-8f4e-a40a6201979a,2026-09-03
176,dfe9e449-d177-56af-a679-d3e1c78c5c02,2026-09-18
176,e5b7ccce-2cb7-5b6e-95a5-32ffacbca87f,2026-09-13
176,368442e7-2dfe-5df4-9ab7-a468b984050a,2026-08-26
176,eb3717c1-cd92-5eeb-af40-9df7f3132426,2026-08-11
176,3425797b-5c54-5f3a-9a34-9cedb0dc5b84,2026-08-10
176,cd8c4c60-ab9b-5cf3-996e-d4fbb990f4c6,2026-09-18
176,adfbbf3c-5175-5e0a-bf98-b8854f2081c2,2026-08-10
176,1767869f-381f-59b9-acac-01da2d539e40,2026-08-28
176,ffe47fd1-7989-5728-addd-50b504edd889,2026-09-01
176,8ae0340a-8eaf-5e9d-9db0-ac449334023d,2026-08-21
176,6d9d0917-bda8-5863-abe4-92d14b0cc926,2026-08-26
176,51420309-4688-52d6-84b9-51c0dc3a900e,2026-08-15
176,ffe47fd1-7989-5728-addd-50b504edd889,2026-08-17
176,eeeb9e89-042f-5fdc-8fcf-2c3ad56f9bf1,2026-08-26
176,64609795-d498-5ea7-ad33-a3bcecf9d962,2026-08-13
176,8300625d-d3f5-5264-8503-98a2bfbf60d8,2026-08-27
176,fbdfefdb-ca2d-5a0e-87ed-62021c1c11d4,2026-09-05
176,ab45f9eb-3fee-5ea5-bccb-faffc50f3e76,2026-09-10
176,f2561442-8439-5138-9a3b-8bcf96f16609,2026-09-06
176,a2cc3818-be31-5aeb-828c-e23f579431aa,2026-09-05
176,7298015b-9105-595a-b879-3013c08053f7,2026-08-18
176,33d87513-60c2-51ff-9ec5-f0f1389ed27e,2026-09-17
176,fd96bbd1-5601-5c99-a1e2-04b09168b35e,2026-08-19
176,6720265f-9f2b-5485-bf24-54e1784991b6,2026-08-11
176,8ae0340a-8eaf-5e9d-9db0-ac449334023d,2026-08-29
176,7624f38b-fbca-546f-af04-c9dda9318f82,2026-09-01
176,88a268b0-6bca-5583-b041-ffdbc51be7e6,2026-08-29
176,f2561442-8439-5138-9a3b-8bcf96f16609,2026-09-14
176,554a90ae-c448-548d-a552-cd8f1c340cbd,2026-08-18
176,f8f213c7-3d61-567e-9735-5e3e9498b892,2026-08-31
176,8300625d-d3f5-5264-8503-98a2bfbf60d8,2026-09-02
176,06657aeb-b604-5b0d-9281-d2e5afb78a9d,2026-08-13
176,45abfe15-6e8d-57cf-bda3-b7ae2b5c0bc7,2026-09-17
176,33d87513-60c2-51ff-9ec5-f0f1389ed27e,2026-09-10
176,1dd6da2f-292d-52b5-8e0e-a84885e81ba1,2026-09-05
176,554a90ae-c448-548d-a552-cd8f1c340cbd,2026-08-21
176,06657aeb-b604-5b0d-9281-d2e5afb78a9d,2026-09-05
176,458287c3-1628-5e26-8930-0d88ae11ce1a,2026-09-01
176,95927b04-f214-5c26-878d-fb55176e41bc,2026-08-31
176,5c465a9a-bc36-5d7b-b5a2-0f18d9dab68a,2026-08-31
176,783491ec-2857-52e8-a102-766d7abba6d2,2026-09-15
176,1bf86e3f-0e6e-5241-b319-71005237945f,2026-08-29
176,6690668c-e73d-51ff-9ca4-36bec9b8c175,2026-09-15
176,a36cd93c-2f0c-5956-9a51-8094e39a7bed,2026-09-10
176,0947c4b9-50d6-50e2-9043-84a15b80e8c7,2026-08-16
176,eb397f92-99ac-5f0f-8f81-3540865f0477,2026-08-21
176,44a33563-638c-52da-ae01-285f43dfcb99,2026-08-14
176,6988340a-a3c1-5fda-a996-711f1723c649,2026-09-08
176,a53c485b-a35c-51fb-84a5-364207ce0adb,2026-08-24
176,40120057-c43a-5745-9d3a-d9b0c6b1e84e,2026-08-29
176,3a376c3a-3e46-5c8c-815c-232b66ca9bc8,2026-08-16
176,e502b694-466f-5e1f-9293-146b264ae20c,2026-08-12
176,7b48b183-5d87-500f-9cec-2e003c19efac,2026-09-12
176,b897da16-1a55-5740-8129-7d502e6f44b8,2026-09-15
176,84da666c-c47c-572e-b2c9-3b6f35881596,2026-08-12
176,bb4b0d34-59a4-5948-a9be-a1aa6caece55,2026-09-14
176,37b7aed3-d207-54f7-b4ec-0e05c50eaeb2,2026-08-18
176,6b9b6012-cdb4-50eb-8ad0-01c36516df23,2026-08-14
176,f0ca4141-ccff-5472-ba76-f4b194108c7b,2026-08-11
176,3d016498-e16a-5ad9-95c7-b633dfc6a142,2026-08-16
176,0947c4b9-50d6-50e2-9043-84a15b80e8c7,2026-08-27
176,bb4b0d34-59a4-5948-a9be-a1aa6caece55,2026-08-12
176,7298015b-9105-595a-b879-3013c08053f7,2026-08-22
176,67357d35-e727-50a5-9114-d5f2da172374,2026-09-06
176,a53c485b-a35c-51fb-84a5-364207ce0adb,2026-08-31
176,53f78f7e-e2df-586b-b483-5748c92d0f9f,2026-08-23
176,484e243b-afd7-5767-bb0f-4262c0334aea,2026-08-31
176,f22a7317-9c2b-5d13-99b9-1a1622094bb3,2026-08-20
176,9c9c228f-3bd5-5da4-b666-fbfab93b4b7e,2026-09-03
176,f3744506-cae3-5f81-8a4f-506a60395be8,2026-08-26
176,44a33563-638c-52da-ae01-285f43dfcb99,2026-09-09
176,baa8ef70-5b01-5a49-84cb-71c353290705,2026-09-06
176,e5b7ccce-2cb7-5b6e-95a5-32ffacbca87f,2026-08-26
176,8fa5b823-1a70-59f7-9bb2-b3d5f36dc82b,2026-08-13
176,f21481e8-5bf3-5aa6-a7e0-fe6e26920e28,2026-09-17
176,43a3bb15-e7a6-5c42-a198-3e0d7f080ba1,2026-09-12
176,1b1e4344-fde4-5cc2-b82c-4fb458696522,2026-09-02
176,f223e569-d735-5980-b77b-25d459e64a37,2026-08-22
176,d5dc7189-89df-5fd7-983f-1124b6de3d68,2026-08-20
176,4ec67eb8-4fda-5cbc-bbd1-a6afc7ce8130,2026-09-02
176,9cba29b2-e169-54f3-9d61-1d5013f80312,2026-09-15
176,f22a7317-9c2b-5d13-99b9-1a1622094bb3,2026-08-15
176,88a268b0-6bca-5583-b041-ffdbc51be7e6,2026-09-11
176,6988340a-a3c1-5fda-a996-711f1723c649,2026-09-01
176,729fe171-fa0d-547e-b374-39bd19f4c645,2026-08-20
176,cd8c4c60-ab9b-5cf3-996e-d4fbb990f4c6,2026-09-05
176,729fe171-fa0d-547e-b374-39bd19f4c645,2026-09-07
176,610e9654-06d6-5e55-959b-377b8749b8f9,2026-09-05
176,a60d0128-bffa-5d2d-9915-36693e6bc3ba,2026-08-28
176,b897da16-1a55-5740-8129-7d502e6f44b8,2026-09-18
176,d9fbcbde-376a-5f82-9fb5-268a24b02d57,2026-08-16
176,b7f1d97d-9f3c-5885-b9ef-48d67a16a686,2026-08-30
176,3d016498-e16a-5ad9-95c7-b633dfc6a142,2026-09-08
176,5ce94e6e-a987-5fd1-90b2-94a1174f9376,2026-08-27
176,33ba5d16-c38c-5bcf-9896-ea8ae81d6e7b,2026-09-15
176,9047d24d-0775-5f10-bf17-6e8fc62c5884,2026-08-18
176,d9fbcbde-376a-5f82-9fb5-268a24b02d57,2026-08-10
176,35e87bcc-650c-5e3f-9741-3f0c54905b6f,2026-08-14
176,43a3bb15-e7a6-5c42-a198-3e0d7f080ba1,2026-08-11
176,605985c4-d18d-54b0-829f-2a199ea5c81d,2026-08-26
176,6b9b6012-cdb4-50eb-8ad0-01c36516df23,2026-08-21
176,d9aaa9eb-5304-587b-b0f4-42a2d5930f54,2026-09-11
176,40120057-c43a-5745-9d3a-d9b0c6b1e84e,2026-08-30
176,1bf86e3f-0e6e-5241-b319-71005237945f,2026-09-06
176,c6286e16-5e03-594c-aa67-861b8ba91b33,2026-09-06
176,b7f1d97d-9f3c-5885-b9ef-48d67a16a686,2026-09-02
176,9c9c228f-3bd5-5da4-b666-fbfab93b4b7e,2026-09-04
176,88820056-e901-59a1-b2ca-c4e813b34f7b,2026-08-26
176,bdc5faf6-386d-5338-99a0-32d156bcbd68,2026-09-12
176,52ab3a8f-ec5c-5e66-bcd5-efc304512118,2026-08-15
176,518ae987-15f7-5b22-8bcc-df59623dbdce,2026-08-21
176,e747fee0-a84b-5f51-98a3-7481903c9023,2026-09-17
176,2e2e8079-6c9e-51c9-bc7e-1475045fd514,2026-08-14
176,50d6350f-ffd4-59ad-a1ff-65a49a77a913,2026-09-06
176,6ab0c42d-0ad5-5b3d-9c6c-4ab9eaa47586,2026-08-24
176,3a376c3a-3e46-5c8c-815c-232b66ca9bc8,2026-08-23
176,8fa5b823-1a70-59f7-9bb2-b3d5f36dc82b,2026-08-26
176,7b359533-e634-59eb-a2c3-b5501ff96488,2026-08-18
176,1062abbb-4fcd-51a9-95fc-5474e4af7640,2026-08-29
176,405fd522-6b0d-52fc-b397-dc3ce2e4a2ea,2026-09-11
176,53f78f7e-e2df-586b-b483-5748c92d0f9f,2026-08-16
176,63fdd1e3-9db3-5b05-9799-510eea6abab7,2026-09-13
176,6690668c-e73d-51ff-9ca4-36bec9b8c175,2026-08-27
176,9b2e34a9-6722-598e-a857-e346acd294bf,2026-08-23
176,bc38029f-d1c5-5b8f-8055-d446a522cb91,2026-09-05
176,9047d24d-0775-5f10-bf17-6e8fc62c5884,2026-08-10
176,40120057-c43a-5745-9d3a-d9b0c6b1e84e,2026-08-20
176,b897da16-1a55-5740-8129-7d502e6f44b8,2026-09-04
176,44f09dba-7a20-5f46-840b-4670e6c7eb92,2026-09-11
176,bf54d417-d834-5d3e-a7f9-106377fe05a5,2026-08-09
176,6cf4bb40-4d81-5eb3-b9d9-5841cd55724e,2026-08-09
176,7e6a1243-34f5-52e6-862f-e5f3b2ebe640,2026-08-18
176,a0a53b38-722a-56e6-a52c-fe0e06169a59,2026-09-18
176,518ae987-15f7-5b22-8bcc-df59623dbdce,2026-09-13
176,fd96bbd1-5601-5c99-a1e2-04b09168b35e,2026-08-09
176,bdc5faf6-386d-5338-99a0-32d156bcbd68,2026-09-14
176,e1f9b739-b2d3-51e6-9609-05805a6d151c,2026-08-28
176,096499d2-73d6-5063-9dd4-a7c1aebac61d,2026-09-07
176,e0b64119-ecb0-52a5-852d-39c211ce337a,2026-09-18
176,b5be680a-732e-55e0-bc5d-b80e831ff33a,2026-09-06
176,3d0f3e54-413b-5a89-bc88-8cb0e7246b97,2026-08-11
176,5d857806-7d61-533b-bc12-af2d7b775d29,2026-08-31
176,5d857806-7d61-533b-bc12-af2d7b775d29,2026-09-13
176,35e87bcc-650c-5e3f-9741-3f0c54905b6f,2026-09-12
176,45abfe15-6e8d-57cf-bda3-b7ae2b5c0bc7,2026-09-16
176,9047d24d-0775-5f10-bf17-6e8fc62c5884,2026-08-25
176,63fdd1e3-9db3-5b05-9799-510eea6abab7,2026-09-07
176,673e8617-3280-5bfa-85a6-738a6d64aac6,2026-09-03
176,082b47e7-5a06-5a34-bd49-595c82b2b196,2026-09-09
176,373cd20e-25d5-5a46-a0ae-18157cf68a55,2026-08-15
176,f223e569-d735-5980-b77b-25d459e64a37,2026-09-09
176,8ae0340a-8eaf-5e9d-9db0-ac449334023d,2026-08-14
176,01c00e49-c4d6-5d4b-bbc1-8aa3fe21ba2a,2026-08-24
176,63fdd1e3-9db3-5b05-9799-510eea6abab7,2026-09-16
176,20b63262-d3e6-555a-95b2-84fc87694a19,2026-08-21
176,e137404e-9196-525c-b17a-44dc96d29f29,2026-08-09
176,1dd6da2f-292d-52b5-8e0e-a84885e81ba1,2026-09-11
176,d9aaa9eb-5304-587b-b0f4-42a2d5930f54,2026-09-06
176,7e6a1243-34f5-52e6-862f-e5f3b2ebe640,2026-08-26
176,34046d1a-c67e-5a81-b9d5-47dd4840c4fe,2026-09-01
176,8819cb55-67e6-5a55-98c8-d80446975a9e,2026-08-19
176,64609795-d498-5ea7-ad33-a3bcecf9d962,2026-09-02
176,082b47e7-5a06-5a34-bd49-595c82b2b196,2026-08-23
176,a070c6d0-c23b-5036-b352-f16db0d6ec8e,2026-08-24
176,adfbbf3c-5175-5e0a-bf98-b8854f2081c2,2026-09-09
176,f21481e8-5bf3-5aa6-a7e0-fe6e26920e28,2026-09-16
176,baa8ef70-5b01-5a49-84cb-71c353290705,2026-08-21
176,25797954-b022-582e-8349-e1e2c141368c,2026-09-08
176,6cf4bb40-4d81-5eb3-b9d9-5841cd55724e,2026-09-03
176,f4b545d6-b6c0-54b8-847e-101d68428b48,2026-08-17
176,f985b68e-39ae-5c83-8468-2b126802c414,2026-08-10
176,8ecc0792-3789-53b2-a26e-fc6daa886eb7,2026-09-09
176,25797954-b022-582e-8349-e1e2c141368c,2026-08-25
176,ec6d706d-7dba-534b-8700-e6752dbd06e1,2026-08-28
176,6690668c-e73d-51ff-9ca4-36bec9b8c175,2026-08-12
176,85df6dcd-e42a-581f-802b-eb93568b74eb,2026-09-10
176,49a9d8f7-08ea-5972-af3a-0ca0a6c06e59,2026-08-23
176,6ab0c42d-0ad5-5b3d-9c6c-4ab9eaa47586,2026-08-17
176,20b63262-d3e6-555a-95b2-84fc87694a19,2026-09-01
176,96ccee9a-30f2-56cd-b597-a927c84e0f75,2026-09-01
176,20b4182c-90f7-51da-99e8-97ade4d19a92,2026-08-10
176,40120057-c43a-5745-9d3a-d9b0c6b1e84e,2026-09-03
176,7b359533-e634-59eb-a2c3-b5501ff96488,2026-08-19
176,b7f1d97d-9f3c-5885-b9ef-48d67a16a686,2026-08-20
176,dfe9e449-d177-56af-a679-d3e1c78c5c02,2026-08-30
176,85df6dcd-e42a-581f-802b-eb93568b74eb,2026-08-23
176,e7c63421-97d2-555e-9731-46cb0f04f637,2026-08-17
176,45cee65b-db52-5dff-b09d-0ee1ac2be20f,2026-09-05
176,61347d09-09eb-5f04-a4ec-fe830319799f,2026-08-12
176,eeeb9e89-042f-5fdc-8fcf-2c3ad56f9bf1,2026-09-17
176,cd8c4c60-ab9b-5cf3-996e-d4fbb990f4c6,2026-09-12
176,b897da16-1a55-5740-8129-7d502e6f44b8,2026-09-17
176,1873645b-b54c-51dc-a41a-7131e831a64f,2026-08-28
176,a36cd93c-2f0c-5956-9a51-8094e39a7bed,2026-09-02
176,95ff45a0-9b28-55cb-bba6-22a608a4e30d,2026-08-29
176,bdc5faf6-386d-5338-99a0-32d156bcbd68,2026-08-11
176,bdc5faf6-386d-5338-99a0-32d156bcbd68,2026-08-09
176,95927b04-f214-5c26-878d-fb55176e41bc,2026-09-12
176,4c2177ab-592a-5e4a-b25b-8bb3f8090555,2026-08-24
176,368442e7-2dfe-5df4-9ab7-a468b984050a,2026-09-14
176,eb3717c1-cd92-5eeb-af40-9df7f3132426,2026-08-13
176,6988340a-a3c1-5fda-a996-711f1723c649,2026-08-12
176,9a026691-28ff-5880-9da3-006735af19d3,2026-08-20
176,7624f38b-fbca-546f-af04-c9dda9318f82,2026-08-20
176,36016ab9-3cc9-5f6a-8bc7-1d138ad9cb43,2026-09-09
176,64b591cd-4cbe-577a-aba9-ee6912328a58,2026-08-19
176,6690668c-e73d-51ff-9ca4-36bec9b8c175,2026-08-10
176,96373821-4bf4-53b8-bd24-bb64bbb3b84e,2026-09-12
176,1dd6da2f-292d-52b5-8e0e-a84885e81ba1,2026-09-09
176,554a90ae-c448-548d-a552-cd8f1c340cbd,2026-09-14
176,50de23a6-cd45-55ac-adb0-06d14b4ed8ce,2026-08-10
176,33d87513-60c2-51ff-9ec5-f0f1389ed27e,2026-09-05
176,fbdfefdb-ca2d-5a0e-87ed-62021c1c11d4,2026-08-14
176,3d5b480d-3962-5c76-96ca-5459d65372aa,2026-09-01
176,f3744506-cae3-5f81-8a4f-506a60395be8,2026-08-24
176,b55b4f74-ded6-5cf1-aae0-9ad89c03c10c,2026-09-05
176,0e992dba-f631-52d1-b7e3-76faec77c33f,2026-08-30
176,7ef6d8e7-132e-5da5-a653-16dd2e5719c4,2026-09-01
176,f21481e8-5bf3-5aa6-a7e0-fe6e26920e28,2026-08-28
176,ae96d203-7a11-52ed-9e02-cd93c3dda603,2026-09-15
176,518ae987-15f7-5b22-8bcc-df59623dbdce,2026-08-11
176,9cba29b2-e169-54f3-9d61-1d5013f80312,2026-08-25
176,b7f1d97d-9f3c-5885-b9ef-48d67a16a686,2026-09-05
176,d48cab4b-e48b-59ae-88d6-41d5d463569d,2026-09-17
176,35e87bcc-650c-5e3f-9741-3f0c54905b6f,2026-08-29
176,d48cab4b-e48b-59ae-88d6-41d5d463569d,2026-09-14
176,dfe9e449-d177-56af-a679-d3e1c78c5c02,2026-09-13
176,19e81afb-74c1-5b4a-9af3-469f3b610235,2026-09-03
176,673e8617-3280-5bfa-85a6-738a6d64aac6,2026-09-12
176,6cf4bb40-4d81-5eb3-b9d9-5841cd55724e,2026-08-17
176,e0b64119-ecb0-52a5-852d-39c211ce337a,2026-08-17
176,c6286e16-5e03-594c-aa67-861b8ba91b33,2026-08-15
176,61347d09-09eb-5f04-a4ec-fe830319799f,2026-08-29
176,1bf86e3f-0e6e-5241-b319-71005237945f,2026-08-21
176,4307ee18-2e16-50be-abbc-db160bb8e8fd,2026-08-28
176,63fdd1e3-9db3-5b05-9799-510eea6abab7,2026-09-01
176,cb162f3d-006f-544e-bfa6-f9abb8a52026,2026-08-18
176,96dbbdad-601e-5bc2-9d1a-78f9f6349a39,2026-08-25
176,ae7ac442-d880-5cd8-bc30-8d21c5f7dc54,2026-09-09
176,3425797b-5c54-5f3a-9a34-9cedb0dc5b84,2026-09-04
176,e5b7ccce-2cb7-5b6e-95a5-32ffacbca87f,2026-08-15
176,f1fb49f6-8f16-5086-a3b3-1c5e169f9ad4,2026-09-02
176,e1f9b739-b2d3-51e6-9609-05805a6d151c,2026-08-24
176,e0b64119-ecb0-52a5-852d-39c211ce337a,2026-09-14
176,01c00e49-c4d6-5d4b-bbc1-8aa3fe21ba2a,2026-08-12
176,d9aaa9eb-5304-587b-b0f4-42a2d5930f54,2026-08-28
176,3a376c3a-3e46-5c8c-815c-232b66ca9bc8,2026-09-10
176,f0f4eb8c-a1ed-50a1-bc7d-2863700a31a5,2026-08-27
176,34046d1a-c67e-5a81-b9d5-47dd4840c4fe,2026-08-10
176,49a9d8f7-08ea-5972-af3a-0ca0a6c06e59,2026-08-28
176,f22a7317-9c2b-5d13-99b9-1a1622094bb3,2026-09-02
176,4845dc43-0c9d-5f09-aa4a-62e68abb5d12,2026-09-06
176,6690668c-e73d-51ff-9ca4-36bec9b8c175,2026-08-23
176,cac67f41-f5af-5268-9e2d-34feac0dc9fa,2026-08-28
176,9d1c460b-bd0b-57ff-ac14-f2b10f73edd3,2026-08-22
176,5ccdaadc-80b2-50e1-a0c1-bad0246a7cf2,2026-09-18
176,368442e7-2dfe-5df4-9ab7-a468b984050a,2026-08-30
176,37b7aed3-d207-54f7-b4ec-0e05c50eaeb2,2026-09-09
176,f223e569-d735-5980-b77b-25d459e64a37,2026-08-16
176,b7180518-4b5b-54ef-9060-958212d05ab7,2026-08-27
176,90cced0e-f2c7-528c-bd28-38c44ead6c98,2026-08-30
176,6467241a-6abd-5888-8e87-40e0e86cbc55,2026-09-01
176,d9fbcbde-376a-5f82-9fb5-268a24b02d57,2026-09-07
176,eb3717c1-cd92-5eeb-af40-9df7f3132426,2026-09-08
176,729fe171-fa0d-547e-b374-39bd19f4c645,2026-09-13
176,673e8617-3280-5bfa-85a6-738a6d64aac6,2026-08-15
176,a0a53b38-722a-56e6-a52c-fe0e06169a59,2026-09-14
176,6d9d0917-bda8-5863-abe4-92d14b0cc926,2026-09-02
176,01c00e49-c4d6-5d4b-bbc1-8aa3fe21ba2a,2026-08-26
176,ffe47fd1-7989-5728-addd-50b504edd889,2026-08-09
176,eeeb9e89-042f-5fdc-8fcf-2c3ad56f9bf1,2026-09-08
176,b5be680a-732e-55e0-bc5d-b80e831ff33a,2026-08-24
176,7ef6d8e7-132e-5da5-a653-16dd2e5719c4,2026-09-17
176,d16e3cdc-2868-563d-867d-62fa9b8b24ea,2026-08-13
176,3d016498-e16a-5ad9-95c7-b633dfc6a142,2026-09-17
176,b0ebc690-efe0-594f-bd55-e4d7ec3454bc,2026-08-30
176,6ab0c42d-0ad5-5b3d-9c6c-4ab9eaa47586,2026-08-14
176,6988340a-a3c1-5fda-a996-711f1723c649,2026-09-06
176,9a026691-28ff-5880-9da3-006735af19d3,2026-08-31
176,0da68170-ff38-5dad-9224-770d261f1c8a,2026-08-28
176,6ab0c42d-0ad5-5b3d-9c6c-4ab9eaa47586,2026-08-13
176,1767869f-381f-59b9-acac-01da2d539e40,2026-08-09
176,473b12ab-4d0d-5b7f-89b2-c0a1e2405c60,2026-08-11
176,ffe47fd1-7989-5728-addd-50b504edd889,2026-09-06
176,33ba5d16-c38c-5bcf-9896-ea8ae81d6e7b,2026-09-16
176,06657aeb-b604-5b0d-9281-d2e5afb78a9d,2026-09-10
176,e3efd234-c7f9-5957-937f-661b1c3981ef,2026-08-24
176,1767869f-381f-59b9-acac-01da2d539e40,2026-09-09
176,58074159-53d7-5a52-8436-d84a05af35a9,2026-08-31
176,ec6d706d-7dba-534b-8700-e6752dbd06e1,2026-08-18
176,5421f79d-ed60-5eed-852b-01b379adab9e,2026-09-14
176,a0a53b38-722a-56e6-a52c-fe0e06169a59,2026-09-05
176,adfbbf3c-5175-5e0a-bf98-b8854f2081c2,2026-08-15
176,45cee65b-db52-5dff-b09d-0ee1ac2be20f,2026-08-29
176,da462241-608b-5422-bdbd-0d98184a433d,2026-08-10
176,64b591cd-4cbe-577a-aba9-ee6912328a58,2026-09-06
176,06657aeb-b604-5b0d-9281-d2e5afb78a9d,2026-08-11
176,ec6d706d-7dba-534b-8700-e6752dbd06e1,2026-09-06
176,f6e8344b-87f4-5461-93fc-b01ff1ae4265,2026-09-07
176,458287c3-1628-5e26-8930-0d88ae11ce1a,2026-08-10
176,9355c2cf-38db-5118-9b77-3d5b5b3870df,2026-08-17
176,ec6d706d-7dba-534b-8700-e6752dbd06e1,2026-08-11
176,ae7ac442-d880-5cd8-bc30-8d21c5f7dc54,2026-08-09
176,a60d0128-bffa-5d2d-9915-36693e6bc3ba,2026-08-12
176,02bf8d95-eee4-5287-b363-0551cc4a6d51,2026-09-18
176,6988340a-a3c1-5fda-a996-711f1723c649,2026-08-10
176,3d0f3e54-413b-5a89-bc88-8cb0e7246b97,2026-08-26
176,f0ca4141-ccff-5472-ba76-f4b194108c7b,2026-08-18
176,a36cd93c-2f0c-5956-9a51-8094e39a7bed,2026-09-04
176,7bdf8ad6-1318-5f74-9112-e2b655e215a2,2026-09-01
176,1bc15434-bc22-56cc-a890-336efd2a11e5,2026-08-10
176,f22a7317-9c2b-5d13-99b9-1a1622094bb3,2026-08-14
176,44f09dba-7a20-5f46-840b-4670e6c7eb92,2026-09-07
176,302b84f9-9053-5cf7-bed0-305678227875,2026-08-28
176,7bdf8ad6-1318-5f74-9112-e2b655e215a2,2026-09-05
176,878bb7d9-5569-5efb-bbd1-5e39d62d594d,2026-09-13
176,37b7aed3-d207-54f7-b4ec-0e05c50eaeb2,2026-09-18
176,7624f38b-fbca-546f-af04-c9dda9318f82,2026-09-18
176,eb397f92-99ac-5f0f-8f81-3540865f0477,2026-08-28
176,8ecc0792-3789-53b2-a26e-fc6daa886eb7,2026-09-08
176,84da666c-c47c-572e-b2c9-3b6f35881596,2026-08-29
176,e7c63421-97d2-555e-9731-46cb0f04f637,2026-08-22
176,10feece1-a2cd-532b-8488-21659a3bee22,2026-08-31
176,51420309-4688-52d6-84b9-51c0dc3a900e,2026-08-13
176,f985b68e-39ae-5c83-8468-2b126802c414,2026-09-01
176,44f09dba-7a20-5f46-840b-4670e6c7eb92,2026-08-28
176,f6e8344b-87f4-5461-93fc-b01ff1ae4265,2026-09-14
176,af808cd8-ab34-515f-a8a0-a1b0719a537b,2026-09-11
176,e21dfd78-ea9f-5754-a3b2-3b3b66dd30b5,2026-08-27
176,50d6350f-ffd4-59ad-a1ff-65a49a77a913,2026-09-03
176,10feece1-a2cd-532b-8488-21659a3bee22,2026-09-09
176,5a4b137d-2ebb-5c75-8cdd-bf77406b4b9f,2026-09-14
176,06657aeb-b604-5b0d-9281-d2e5afb78a9d,2026-08-23
176,a6b8342c-310b-5b88-9c07-602dbd646488,2026-08-18
176,096499d2-73d6-5063-9dd4-a7c1aebac61d,2026-09-15
176,a60d0128-bffa-5d2d-9915-36693e6bc3ba,2026-09-04
176,783491ec-2857-52e8-a102-766d7abba6d2,2026-08-26
176,50de23a6-cd45-55ac-adb0-06d14b4ed8ce,2026-09-05
176,50de23a6-cd45-55ac-adb0-06d14b4ed8ce,2026-08-22
176,6cf4bb40-4d81-5eb3-b9d9-5841cd55724e,2026-08-30
176,88820056-e901-59a1-b2ca-c4e813b34f7b,2026-08-28
176,f223e569-d735-5980-b77b-25d459e64a37,2026-08-17
176,4ec67eb8-4fda-5cbc-bbd1-a6afc7ce8130,2026-08-12
176,6e82bb3e-ede8-5803-ba1a-cc3aa8766199,2026-08-28
176,baa8ef70-5b01-5a49-84cb-71c353290705,2026-08-14
176,ea7edc0e-b64d-545f-b311-b4ee943f2935,2026-08-31
176,5a4b137d-2ebb-5c75-8cdd-bf77406b4b9f,2026-08-11
176,96dbbdad-601e-5bc2-9d1a-78f9f6349a39,2026-09-09
176,da462241-608b-5422-bdbd-0d98184a433d,2026-08-16
176,302b84f9-9053-5cf7-bed0-305678227875,2026-09-03
176,a6b8342c-310b-5b88-9c07-602dbd646488,2026-08-25
176,508d03e7-de84-523a-8242-f48abc9451d7,2026-09-18
176,4c310820-12d3-5128-9a45-973db446b59e,2026-09-02
176,eb3717c1-cd92-5eeb-af40-9df7f3132426,2026-08-23
176,7ef6d8e7-132e-5da5-a653-16dd2e5719c4,2026-09-11
176,a992f17b-79b6-5dcf-aed4-2aebaa5775c7,2026-09-17
176,1dd6da2f-292d-52b5-8e0e-a84885e81ba1,2026-08-30
176,729fe171-fa0d-547e-b374-39bd19f4c645,2026-08-27
176,50de23a6-cd45-55ac-adb0-06d14b4ed8ce,2026-09-15
176,58074159-53d7-5a52-8436-d84a05af35a9,2026-08-28
176,fbdfefdb-ca2d-5a0e-87ed-62021c1c11d4,2026-08-16
176,ac9c9500-b7e4-5bbe-8f4e-a40a6201979a,2026-08-17
176,6720265f-9f2b-5485-bf24-54e1784991b6,2026-09-16
176,082b47e7-5a06-5a34-bd49-595c82b2b196,2026-09-04
176,45cee65b-db52-5dff-b09d-0ee1ac2be20f,2026-08-23
176,6988340a-a3c1-5fda-a996-711f1723c649,2026-08-09
176,a992f17b-79b6-5dcf-aed4-2aebaa5775c7,2026-08-22
176,0b532307-3033-5baf-b61c-915d1213c01f,2026-08-31
176,a60d0128-bffa-5d2d-9915-36693e6bc3ba,2026-08-22
176,d9fbcbde-376a-5f82-9fb5-268a24b02d57,2026-09-10
176,49a9d8f7-08ea-5972-af3a-0ca0a6c06e59,2026-09-15
176,1dd6da2f-292d-52b5-8e0e-a84885e81ba1,2026-08-16
176,508d03e7-de84-523a-8242-f48abc9451d7,2026-09-01
176,9a026691-28ff-5880-9da3-006735af19d3,2026-08-23
176,a2cc3818-be31-5aeb-828c-e23f579431aa,2026-09-07
176,bb4b0d34-59a4-5948-a9be-a1aa6caece55,2026-09-13
176,783491ec-2857-52e8-a102-766d7abba6d2,2026-09-07
176,25797954-b022-582e-8349-e1e2c141368c,2026-08-14
176,9d1c460b-bd0b-57ff-ac14-f2b10f73edd3,2026-08-24
176,f6e8344b-87f4-5461-93fc-b01ff1ae4265,2026-08-16
176,cac67f41-f5af-5268-9e2d-34feac0dc9fa,2026-08-26
176,a5526e82-ef69-522b-b3ad-df818658bde0,2026-09-03
176,6988340a-a3c1-5fda-a996-711f1723c649,2026-08-28
176,554a90ae-c448-548d-a552-cd8f1c340cbd,2026-09-05
176,f0ca4141-ccff-5472-ba76-f4b194108c7b,2026-08-13
176,3d0f3e54-413b-5a89-bc88-8cb0e7246b97,2026-08-23
176,d3175e63-6121-5d55-b429-df91670d9aca,2026-09-16
176,95ff45a0-9b28-55cb-bba6-22a608a4e30d,2026-08-19
176,82a5c89c-0b3a-58b9-9259-837a5348a5c2,2026-08-25
176,4c2177ab-592a-5e4a-b25b-8bb3f8090555,2026-08-26
176,302b84f9-9053-5cf7-bed0-305678227875,2026-09-16
176,bc38029f-d1c5-5b8f-8055-d446a522cb91,2026-08-16
176,bb4b0d34-59a4-5948-a9be-a1aa6caece55,2026-08-09
176,774fd1d7-ca6b-5177-9d91-fc7b24739425,2026-09-14
176,341a0cef-f4a9-53ee-8980-229dc154ff4e,2026-08-09
176,6720265f-9f2b-5485-bf24-54e1784991b6,2026-09-07
176,64b591cd-4cbe-577a-aba9-ee6912328a58,2026-08-22
176,a5526e82-ef69-522b-b3ad-df818658bde0,2026-09-07
176,a53c485b-a35c-51fb-84a5-364207ce0adb,2026-09-16
176,473b12ab-4d0d-5b7f-89b2-c0a1e2405c60,2026-09-11
176,84047d01-74e6-5a08-a20e-b5c25e3eff3e,2026-08-17
176,9a026691-28ff-5880-9da3-006735af19d3,2026-08-24
176,cac67f41-f5af-5268-9e2d-34feac0dc9fa,2026-09-03
176,bb4b0d34-59a4-5948-a9be-a1aa6caece55,2026-08-20
176,d5dc7189-89df-5fd7-983f-1124b6de3d68,2026-08-19
176,ac9c9500-b7e4-5bbe-8f4e-a40a6201979a,2026-09-12
176,f4793612-bd5c-52c4-b29e-226fe28a77ca,2026-09-06
176,7bdf8ad6-1318-5f74-9112-e2b655e215a2,2026-09-12
176,95ff45a0-9b28-55cb-bba6-22a608a4e30d,2026-09-16
176,e7dd6cb0-626e-510a-9e98-0498c534b04d,2026-08-13
176,fb400c3e-ecd0-522e-8b8e-1323946be71a,2026-09-03
176,6720265f-9f2b-5485-bf24-54e1784991b6,2026-09-18
176,d9aaa9eb-5304-587b-b0f4-42a2d5930f54,2026-08-26
176,fb400c3e-ecd0-522e-8b8e-1323946be71a,2026-09-14
176,373cd20e-25d5-5a46-a0ae-18157cf68a55,2026-08-28
176,6cf4bb40-4d81-5eb3-b9d9-5841cd55724e,2026-08-25
176,6988340a-a3c1-5fda-a996-711f1723c649,2026-09-10
176,4845dc43-0c9d-5f09-aa4a-62e68abb5d12,2026-09-11
176,368442e7-2dfe-5df4-9ab7-a468b984050a,2026-08-29
176,6720265f-9f2b-5485-bf24-54e1784991b6,2026-08-20
176,e7c63421-97d2-555e-9731-46cb0f04f637,2026-09-16
176,64609795-d498-5ea7-ad33-a3bcecf9d962,2026-08-23
176,6b9b6012-cdb4-50eb-8ad0-01c36516df23,2026-08-23
176,a36cd93c-2f0c-5956-9a51-8094e39a7bed,2026-08-12
176,5ccdaadc-80b2-50e1-a0c1-bad0246a7cf2,2026-09-03
176,c6286e16-5e03-594c-aa67-861b8ba91b33,2026-09-07
176,1bf86e3f-0e6e-5241-b319-71005237945f,2026-08-18
176,eeeb9e89-042f-5fdc-8fcf-2c3ad56f9bf1,2026-08-16
176,484e243b-afd7-5767-bb0f-4262c0334aea,2026-08-29
176,ec6d706d-7dba-534b-8700-e6752dbd06e1,2026-09-07
176,7b359533-e634-59eb-a2c3-b5501ff96488,2026-09-02
176,eeeb9e89-042f-5fdc-8fcf-2c3ad56f9bf1,2026-08-13
176,8ecc0792-3789-53b2-a26e-fc6daa886eb7,2026-09-18
176,e502b694-466f-5e1f-9293-146b264ae20c,2026-09-04
176,a0a53b38-722a-56e6-a52c-fe0e06169a59,2026-08-30
176,6e82bb3e-ede8-5803-ba1a-cc3aa8766199,2026-09-02
176,605985c4-d18d-54b0-829f-2a199ea5c81d,2026-08-13
176,b7180518-4b5b-54ef-9060-958212d05ab7,2026-09-18
176,7298015b-9105-595a-b879-3013c08053f7,2026-09-02
176,44a33563-638c-52da-ae01-285f43dfcb99,2026-08-24
176,3bc3e38a-5ff7-5330-ab2d-8add18e85d57,2026-08-24
176,37b7aed3-d207-54f7-b4ec-0e05c50eaeb2,2026-09-08
176,25797954-b022-582e-8349-e1e2c141368c,2026-08-11
176,b7f1d97d-9f3c-5885-b9ef-48d67a16a686,2026-08-24
176,0b532307-3033-5baf-b61c-915d1213c01f,2026-08-28
176,eb3717c1-cd92-5eeb-af40-9df7f3132426,2026-09-17
176,58074159-53d7-5a52-8436-d84a05af35a9,2026-08-09
176,3bc3e38a-5ff7-5330-ab2d-8add18e85d57,2026-08-17
176,58074159-53d7-5a52-8436-d84a05af35a9,2026-08-30
176,adfbbf3c-5175-5e0a-bf98-b8854f2081c2,2026-08-28
176,1b1e4344-fde4-5cc2-b82c-4fb458696522,2026-09-13
176,9b2e34a9-6722-598e-a857-e346acd294bf,2026-09-13
176,d0c58825-6ead-50f6-9a07-f2f95dbb51ea,2026-08-20
176,d16e3cdc-2868-563d-867d-62fa9b8b24ea,2026-09-05
176,7bdf8ad6-1318-5f74-9112-e2b655e215a2,2026-08-14
176,cd8c4c60-ab9b-5cf3-996e-d4fbb990f4c6,2026-08-09
176,6b9b6012-cdb4-50eb-8ad0-01c36516df23,2026-08-31
176,adfbbf3c-5175-5e0a-bf98-b8854f2081c2,2026-09-18
176,0b532307-3033-5baf-b61c-915d1213c01f,2026-09-02
176,1062abbb-4fcd-51a9-95fc-5474e4af7640,2026-09-08
176,96ccee9a-30f2-56cd-b597-a927c84e0f75,2026-08-19
176,b55b4f74-ded6-5cf1-aae0-9ad89c03c10c,2026-08-15
176,eb3717c1-cd92-5eeb-af40-9df7f3132426,2026-08-14
176,c6286e16-5e03-594c-aa67-861b8ba91b33,2026-08-09
176,ec6d706d-7dba-534b-8700-e6752dbd06e1,2026-09-03
176,9b2e34a9-6722-598e-a857-e346acd294bf,2026-08-13
176,e3efd234-c7f9-5957-937f-661b1c3981ef,2026-08-27
176,da462241-608b-5422-bdbd-0d98184a433d,2026-09-16
176,61347d09-09eb-5f04-a4ec-fe830319799f,2026-09-09
176,7b48b183-5d87-500f-9cec-2e003c19efac,2026-09-13
176,096499d2-73d6-5063-9dd4-a7c1aebac61d,2026-08-12
176,52ab3a8f-ec5c-5e66-bcd5-efc304512118,2026-08-29
176,4c2177ab-592a-5e4a-b25b-8bb3f8090555,2026-08-22
