id,user_id,amount,reason,source,created_at
243,58074159-53d7-5a52-8436-d84a05af35a9,10,signup,signup,2026-05-23T01:30:00+00:00
244,50de23a6-cd45-55ac-adb0-06d14b4ed8ce,10,signup,signup,2026-05-23T02:30:00+00:00
245,58074159-53d7-5a52-8436-d84a05af35a9,50,profile_complete,onboarding,2026-05-23T02:30:00+00:00
246,50de23a6-cd45-55ac-adb0-06d14b4ed8ce,50,profile_complete,onboarding,2026-05-23T03:30:00+00:00
247,651ce25b-8132-52d9-8f74-889f22c3bb5c,10,signup,signup,2026-05-23T04:30:00+00:00
248,651ce25b-8132-52d9-8f74-889f22c3bb5c,50,profile_complete,onboarding,2026-05-23T05:30:00+00:00
249,e7c63421-97d2-555e-9731-46cb0f04f637,10,signup,signup,2026-05-23T05:30:00+00:00
250,9edec740-5de6-5c27-8233-5cf72946b182,10,signup,signup,2026-05-23T05:30:00+00:00
251,e7c63421-97d2-555e-9731-46cb0f04f637,50,profile_complete,onboarding,2026-05-23T06:30:00+00:00
252,9edec740-5de6-5c27-8233-5cf72946b182,50,profile_complete,onboarding,2026-05-23T06:30:00+00:00
253,5ccdaadc-80b2-50e1-a0c1-bad0246a7cf2,10,signup,signup,2026-05-23T18:30:00+00:00
254,5d857806-7d61-533b-bc12-af2d7b775d29,10,signup,signup,2026-05-23T19:30:00+00:00
255,96ccee9a-30f2-56cd-b597-a927c84e0f75,10,signup,signup,2026-05-23T19:30:00+00:00
256,5ccdaadc-80b2-50e1-a0c1-bad0246a7cf2,50,profile_complete,onboarding,2026-05-23T19:30:00+00:00
257,5d857806-7d61-533b-bc12-af2d7b775d29,50,profile_complete,onboarding,2026-05-23T20:30:00+00:00
258,96ccee9a-30f2-56cd-b597-a927c84e0f75,50,profile_complete,onboarding,2026-05-23T20:30:00+00:00
259,1062abbb-4fcd-51a9-95fc-5474e4af7640,10,signup,signup,2026-05-23T20:30:00+00:00
260,1062abbb-4fcd-51a9-95fc-5474e4af7640,50,profile_complete,onboarding,2026-05-23T21:30:00+00:00
261,e137404e-9196-525c-b17a-44dc96d29f29,10,signup,signup,2026-05-23T23:30:00+00:00
262,e137404e-9196-525c-b17a-44dc96d29f29,50,profile_complete,onboarding,2026-05-24T00:30:00+00:00
263,0da68170-ff38-5dad-9224-770d261f1c8a,10,signup,signup,2026-05-24T03:30:00+00:00
264,52ab3a8f-ec5c-5e66-bcd5-efc304512118,10,signup,signup,2026-05-24T04:30:00+00:00
265,0da68170-ff38-5dad-9224-770d261f1c8a,50,profile_complete,onboarding,2026-05-24T04:30:00+00:00
266,52ab3a8f-ec5c-5e66-bcd5-efc304512118,50,profile_complete,onboarding,2026-05-24T05:30:00+00:00
267,4845dc43-0c9d-5f09-aa4a-62e68abb5d12,10,signup,signup,2026-05-24T05:30:00+00:00
268,f4793612-bd5c-52c4-b29e-226fe28a77ca,10,signup,signup,2026-05-24T05:30:00+00:00
269,4845dc43-0c9d-5f09-aa4a-62e68abb5d12,50,profile_complete,onboarding,2026-05-24T06:30:00+00:00
270,3bc3e38a-5ff7-5330-ab2d-8add18e85d57,10,signup,signup,2026-05-24T06:30:00+00:00
271,f4793612-bd5c-52c4-b29e-226fe28a77ca,50,profile_complete,onboarding,2026-05-24T06:30:00+00:00
272,0da68170-ff38-5dad-9224-770d261f1c8a,5,daily_login,2026-05-24,2026-05-24T07:11:00+00:00
273,4845dc43-0c9d-5f09-aa4a-62e68abb5d12,5,daily_login,2026-05-24,2026-05-24T07:21:00+00:00
274,651ce25b-8132-52d9-8f74-889f22c3bb5c,5,daily_login,2026-05-24,2026-05-24T07:24:00+00:00
275,3bc3e38a-5ff7-5330-ab2d-8add18e85d57,50,profile_complete,onboarding,2026-05-24T07:30:00+00:00
276,96ccee9a-30f2-56cd-b597-a927c84e0f75,5,daily_login,2026-05-24,2026-05-24T07:41:00+00:00
277,e137404e-9196-525c-b17a-44dc96d29f29,5,daily_login,2026-05-24,2026-05-24T07:44:00+00:00
278,484e243b-afd7-5767-bb0f-4262c0334aea,10,signup,signup,2026-05-24T21:30:00+00:00
279,a6b8342c-310b-5b88-9c07-602dbd646488,10,signup,signup,2026-05-24T22:30:00+00:00
280,484e243b-afd7-5767-bb0f-4262c0334aea,50,profile_complete,onboarding,2026-05-24T22:30:00+00:00
281,a6b8342c-310b-5b88-9c07-602dbd646488,50,profile_complete,onboarding,2026-05-24T23:30:00+00:00
282,35e87bcc-650c-5e3f-9741-3f0c54905b6f,10,signup,signup,2026-05-25T01:30:00+00:00
283,9d1c460b-bd0b-57ff-ac14-f2b10f73edd3,10,signup,signup,2026-05-25T02:30:00+00:00
284,35e87bcc-650c-5e3f-9741-3f0c54905b6f,50,profile_complete,onboarding,2026-05-25T02:30:00+00:00
285,9d1c460b-bd0b-57ff-ac14-f2b10f73edd3,50,profile_complete,onboarding,2026-05-25T03:30:00+00:00
286,a60d0128-bffa-5d2d-9915-36693e6bc3ba,10,signup,signup,2026-05-25T04:30:00+00:00
287,5421f79d-ed60-5eed-852b-01b379adab9e,10,signup,signup,2026-05-25T04:30:00+00:00
288,a60d0128-bffa-5d2d-9915-36693e6bc3ba,50,profile_complete,onboarding,2026-05-25T05:30:00+00:00
289,5421f79d-ed60-5eed-852b-01b379adab9e,50,profile_complete,onboarding,2026-05-25T05:30:00+00:00
290,d3175e63-6121-5d55-b429-df91670d9aca,10,signup,signup,2026-05-25T05:30:00+00:00
291,d3175e63-6121-5d55-b429-df91670d9aca,50,profile_complete,onboarding,2026-05-25T06:30:00+00:00
292,729fe171-fa0d-547e-b374-39bd19f4c645,10,signup,signup,2026-05-25T06:30:00+00:00
293,a6b8342c-310b-5b88-9c07-602dbd646488,5,daily_login,2026-05-25,2026-05-25T07:17:00+00:00
294,484e243b-afd7-5767-bb0f-4262c0334aea,5,daily_login,2026-05-25,2026-05-25T07:22:00+00:00
295,58074159-53d7-5a52-8436-d84a05af35a9,5,daily_login,2026-05-25,2026-05-25T07:24:00+00:00
296,e7c63421-97d2-555e-9731-46cb0f04f637,5,daily_login,2026-05-25,2026-05-25T07:28:00+00:00
297,729fe171-fa0d-547e-b374-39bd19f4c645,50,profile_complete,onboarding,2026-05-25T07:30:00+00:00
298,9edec740-5de6-5c27-8233-5cf72946b182,5,daily_login,2026-05-25,2026-05-25T07:36:00+00:00
299,e137404e-9196-525c-b17a-44dc96d29f29,5,daily_login,2026-05-25,2026-05-25T07:44:00+00:00
300,5ccdaadc-80b2-50e1-a0c1-bad0246a7cf2,5,daily_login,2026-05-25,2026-05-25T07:46:00+00:00
301,e5b7ccce-2cb7-5b6e-95a5-32ffacbca87f,10,signup,signup,2026-05-25T18:30:00+00:00
302,02bf8d95-eee4-5287-b363-0551cc4a6d51,10,signup,signup,2026-05-25T18:30:00+00:00
303,e5b7ccce-2cb7-5b6e-95a5-32ffacbca87f,50,profile_complete,onboarding,2026-05-25T19:30:00+00:00
304,02bf8d95-eee4-5287-b363-0551cc4a6d51,50,profile_complete,onboarding,2026-05-25T19:30:00+00:00
305,e502b694-466f-5e1f-9293-146b264ae20c,10,signup,signup,2026-05-25T20:30:00+00:00
306,e502b694-466f-5e1f-9293-146b264ae20c,50,profile_complete,onboarding,2026-05-25T21:30:00+00:00
307,95ff45a0-9b28-55cb-bba6-22a608a4e30d,10,signup,signup,2026-05-25T23:30:00+00:00
308,95ff45a0-9b28-55cb-bba6-22a608a4e30d,50,profile_complete,onboarding,2026-05-26T00:30:00+00:00
309,6467241a-6abd-5888-8e87-40e0e86cbc55,10,signup,signup,2026-05-26T02:30:00+00:00
310,6467241a-6abd-5888-8e87-40e0e86cbc55,50,profile_complete,onboarding,2026-05-26T03:30:00+00:00
311,eb397f92-99ac-5f0f-8f81-3540865f0477,10,signup,signup,2026-05-26T05:30:00+00:00
312,eb397f92-99ac-5f0f-8f81-3540865f0477,50,profile_complete,onboarding,2026-05-26T06:30:00+00:00
313,61347d09-09eb-5f04-a4ec-fe830319799f,10,signup,signup,2026-05-26T06:30:00+00:00
314,95ff45a0-9b28-55cb-bba6-22a608a4e30d,5,daily_login,2026-05-26,2026-05-26T07:10:00+00:00
315,52ab3a8f-ec5c-5e66-bcd5-efc304512118,5,daily_login,2026-05-26,2026-05-26T07:18:00+00:00
316,9d1c460b-bd0b-57ff-ac14-f2b10f73edd3,5,daily_login,2026-05-26,2026-05-26T07:19:00+00:00
317,58074159-53d7-5a52-8436-d84a05af35a9,5,daily_login,2026-05-26,2026-05-26T07:24:00+00:00
318,a60d0128-bffa-5d2d-9915-36693e6bc3ba,5,daily_login,2026-05-26,2026-05-26T07:26:00+00:00
319,e502b694-466f-5e1f-9293-146b264ae20c,5,daily_login,2026-05-26,2026-05-26T07:27:00+00:00
320,61347d09-09eb-5f04-a4ec-fe830319799f,50,profile_complete,onboarding,2026-05-26T07:30:00+00:00
321,5d857806-7d61-533b-bc12-af2d7b775d29,5,daily_login,2026-05-26,2026-05-26T07:35:00+00:00
322,eb397f92-99ac-5f0f-8f81-3540865f0477,5,daily_login,2026-05-26,2026-05-26T07:38:00+00:00
323,96ccee9a-30f2-56cd-b597-a927c84e0f75,5,daily_login,2026-05-26,2026-05-26T07:41:00+00:00
324,e137404e-9196-525c-b17a-44dc96d29f29,5,daily_login,2026-05-26,2026-05-26T07:44:00+00:00
325,5ccdaadc-80b2-50e1-a0c1-bad0246a7cf2,5,daily_login,2026-05-26,2026-05-26T07:46:00+00:00
326,b5be680a-732e-55e0-bc5d-b80e831ff33a,10,signup,signup,2026-05-26T19:30:00+00:00
327,b5be680a-732e-55e0-bc5d-b80e831ff33a,50,profile_complete,onboarding,2026-05-26T20:30:00+00:00
328,77c684c4-9514-5edc-85ff-1052c8544c14,10,signup,signup,2026-05-26T23:30:00+00:00
329,25797954-b022-582e-8349-e1e2c141368c,10,signup,signup,2026-05-27T00:30:00+00:00
330,77c684c4-9514-5edc-85ff-1052c8544c14,50,profile_complete,onboarding,2026-05-27T00:30:00+00:00
331,4966bb54-4d4f-5992-8586-1bd44991d17f,10,signup,signup,2026-05-27T01:30:00+00:00
332,554a90ae-c448-548d-a552-cd8f1c340cbd,10,signup,signup,2026-05-27T01:30:00+00:00
333,25797954-b022-582e-8349-e1e2c141368c,50,profile_complete,onboarding,2026-05-27T01:30:00+00:00
334,dfe9e449-d177-56af-a679-d3e1c78c5c02,10,signup,signup,2026-05-27T01:30:00+00:00
335,44a33563-638c-52da-ae01-285f43dfcb99,10,signup,signup,2026-05-27T01:30:00+00:00
336,0e992dba-f631-52d1-b7e3-76faec77c33f,10,signup,signup,2026-05-27T01:30:00+00:00
337,4966bb54-4d4f-5992-8586-1bd44991d17f,50,profile_complete,onboarding,2026-05-27T02:30:00+00:00
338,554a90ae-c448-548d-a552-cd8f1c340cbd,50,profile_complete,onboarding,2026-05-27T02:30:00+00:00
339,dfe9e449-d177-56af-a679-d3e1c78c5c02,50,profile_complete,onboarding,2026-05-27T02:30:00+00:00
340,44a33563-638c-52da-ae01-285f43dfcb99,50,profile_complete,onboarding,2026-05-27T02:30:00+00:00
341,0e992dba-f631-52d1-b7e3-76faec77c33f,50,profile_complete,onboarding,2026-05-27T02:30:00+00:00
342,daa36188-60fd-56a2-938b-70b1b51084b0,10,signup,signup,2026-05-27T03:30:00+00:00
343,e747fee0-a84b-5f51-98a3-7481903c9023,10,signup,signup,2026-05-27T03:30:00+00:00
344,44f09dba-7a20-5f46-840b-4670e6c7eb92,10,signup,signup,2026-05-27T03:30:00+00:00
345,daa36188-60fd-56a2-938b-70b1b51084b0,50,profile_complete,onboarding,2026-05-27T04:30:00+00:00
346,e747fee0-a84b-5f51-98a3-7481903c9023,50,profile_complete,onboarding,2026-05-27T04:30:00+00:00
347,44f09dba-7a20-5f46-840b-4670e6c7eb92,50,profile_complete,onboarding,2026-05-27T04:30:00+00:00
348,ffe47fd1-7989-5728-addd-50b504edd889,10,signup,signup,2026-05-27T05:30:00+00:00
349,ac9c9500-b7e4-5bbe-8f4e-a40a6201979a,10,signup,signup,2026-05-27T06:30:00+00:00
350,ffe47fd1-7989-5728-addd-50b504edd889,50,profile_complete,onboarding,2026-05-27T06:30:00+00:00
351,f4793612-bd5c-52c4-b29e-226fe28a77ca,5,daily_login,2026-05-27,2026-05-27T07:13:00+00:00
352,52ab3a8f-ec5c-5e66-bcd5-efc304512118,5,daily_login,2026-05-27,2026-05-27T07:18:00+00:00
353,4966bb54-4d4f-5992-8586-1bd44991d17f,5,daily_login,2026-05-27,2026-05-27T07:22:00+00:00
354,02bf8d95-eee4-5287-b363-0551cc4a6d51,5,daily_login,2026-05-27,2026-05-27T07:23:00+00:00
355,ffe47fd1-7989-5728-addd-50b504edd889,5,daily_login,2026-05-27,2026-05-27T07:24:00+00:00
356,61347d09-09eb-5f04-a4ec-fe830319799f,5,daily_login,2026-05-27,2026-05-27T07:24:00+00:00
357,e502b694-466f-5e1f-9293-146b264ae20c,5,daily_login,2026-05-27,2026-05-27T07:27:00+00:00
358,ac9c9500-b7e4-5bbe-8f4e-a40a6201979a,50,profile_complete,onboarding,2026-05-27T07:30:00+00:00
359,44f09dba-7a20-5f46-840b-4670e6c7eb92,5,daily_login,2026-05-27,2026-05-27T07:33:00+00:00
360,5d857806-7d61-533b-bc12-af2d7b775d29,5,daily_login,2026-05-27,2026-05-27T07:35:00+00:00
361,eb397f92-99ac-5f0f-8f81-3540865f0477,5,daily_login,2026-05-27,2026-05-27T07:38:00+00:00
362,e5b7ccce-2cb7-5b6e-95a5-32ffacbca87f,5,daily_login,2026-05-27,2026-05-27T07:42:00+00:00
363,77c684c4-9514-5edc-85ff-1052c8544c14,5,daily_login,2026-05-27,2026-05-27T07:42:00+00:00
364,3bc3e38a-5ff7-5330-ab2d-8add18e85d57,5,daily_login,2026-05-27,2026-05-27T07:45:00+00:00
365,5ccdaadc-80b2-50e1-a0c1-bad0246a7cf2,5,daily_login,2026-05-27,2026-05-27T07:46:00+00:00
366,f21481e8-5bf3-5aa6-a7e0-fe6e26920e28,10,signup,signup,2026-05-27T20:30:00+00:00
367,f21481e8-5bf3-5aa6-a7e0-fe6e26920e28,50,profile_complete,onboarding,2026-05-27T21:30:00+00:00
368,adfbbf3c-5175-5e0a-bf98-b8854f2081c2,10,signup,signup,2026-05-28T00:30:00+00:00
369,adfbbf3c-5175-5e0a-bf98-b8854f2081c2,50,profile_complete,onboarding,2026-05-28T01:30:00+00:00
370,3d016498-e16a-5ad9-95c7-b633dfc6a142,10,signup,signup,2026-05-28T03:30:00+00:00
371,3d016498-e16a-5ad9-95c7-b633dfc6a142,50,profile_complete,onboarding,2026-05-28T04:30:00+00:00
372,341a0cef-f4a9-53ee-8980-229dc154ff4e,10,signup,signup,2026-05-28T04:30:00+00:00
373,4ec67eb8-4fda-5cbc-bbd1-a6afc7ce8130,10,signup,signup,2026-05-28T04:30:00+00:00
374,341a0cef-f4a9-53ee-8980-229dc154ff4e,50,profile_complete,onboarding,2026-05-28T05:30:00+00:00
375,63fdd1e3-9db3-5b05-9799-510eea6abab7,10,signup,signup,2026-05-28T05:30:00+00:00
376,4ec67eb8-4fda-5cbc-bbd1-a6afc7ce8130,50,profile_complete,onboarding,2026-05-28T05:30:00+00:00
377,06657aeb-b604-5b0d-9281-d2e5afb78a9d,10,signup,signup,2026-05-28T05:30:00+00:00
378,63fdd1e3-9db3-5b05-9799-510eea6abab7,50,profile_complete,onboarding,2026-05-28T06:30:00+00:00
379,06657aeb-b604-5b0d-9281-d2e5afb78a9d,50,profile_complete,onboarding,2026-05-28T06:30:00+00:00
380,06657aeb-b604-5b0d-9281-d2e5afb78a9d,5,daily_login,2026-05-28,2026-05-28T07:16:00+00:00
381,d3175e63-6121-5d55-b429-df91670d9aca,5,daily_login,2026-05-28,2026-05-28T07:18:00+00:00
382,9d1c460b-bd0b-57ff-ac14-f2b10f73edd3,5,daily_login,2026-05-28,2026-05-28T07:19:00+00:00
383,63fdd1e3-9db3-5b05-9799-510eea6abab7,5,daily_login,2026-05-28,2026-05-28T07:20:00+00:00
384,4845dc43-0c9d-5f09-aa4a-62e68abb5d12,5,daily_login,2026-05-28,2026-05-28T07:21:00+00:00
385,4966bb54-4d4f-5992-8586-1bd44991d17f,5,daily_login,2026-05-28,2026-05-28T07:22:00+00:00
386,35e87bcc-650c-5e3f-9741-3f0c54905b6f,5,daily_login,2026-05-28,2026-05-28T07:23:00+00:00
387,a60d0128-bffa-5d2d-9915-36693e6bc3ba,5,daily_login,2026-05-28,2026-05-28T07:26:00+00:00
388,e502b694-466f-5e1f-9293-146b264ae20c,5,daily_login,2026-05-28,2026-05-28T07:27:00+00:00
389,e747fee0-a84b-5f51-98a3-7481903c9023,5,daily_login,2026-05-28,2026-05-28T07:34:00+00:00
390,9edec740-5de6-5c27-8233-5cf72946b182,5,daily_login,2026-05-28,2026-05-28T07:36:00+00:00
391,eb397f92-99ac-5f0f-8f81-3540865f0477,5,daily_login,2026-05-28,2026-05-28T07:38:00+00:00
392,96ccee9a-30f2-56cd-b597-a927c84e0f75,5,daily_login,2026-05-28,2026-05-28T07:41:00+00:00
393,77c684c4-9514-5edc-85ff-1052c8544c14,5,daily_login,2026-05-28,2026-05-28T07:42:00+00:00
394,b5be680a-732e-55e0-bc5d-b80e831ff33a,5,daily_login,2026-05-28,2026-05-28T07:42:00+00:00
395,daa36188-60fd-56a2-938b-70b1b51084b0,5,daily_login,2026-05-28,2026-05-28T07:43:00+00:00
396,e137404e-9196-525c-b17a-44dc96d29f29,5,daily_login,2026-05-28,2026-05-28T07:44:00+00:00
397,3bc3e38a-5ff7-5330-ab2d-8add18e85d57,5,daily_login,2026-05-28,2026-05-28T07:45:00+00:00
398,8819cb55-67e6-5a55-98c8-d80446975a9e,10,signup,signup,2026-05-28T18:30:00+00:00
399,8819cb55-67e6-5a55-98c8-d80446975a9e,50,profile_complete,onboarding,2026-05-28T19:30:00+00:00
400,f223e569-d735-5980-b77b-25d459e64a37,10,signup,signup,2026-05-28T20:30:00+00:00
401,f223e569-d735-5980-b77b-25d459e64a37,50,profile_complete,onboarding,2026-05-28T21:30:00+00:00
402,082b47e7-5a06-5a34-bd49-595c82b2b196,10,signup,signup,2026-05-28T23:30:00+00:00
403,082b47e7-5a06-5a34-bd49-595c82b2b196,50,profile_complete,onboarding,2026-05-29T00:30:00+00:00
404,ae7ac442-d880-5cd8-bc30-8d21c5f7dc54,10,signup,signup,2026-05-29T00:30:00+00:00
405,ae7ac442-d880-5cd8-bc30-8d21c5f7dc54,50,profile_complete,onboarding,2026-05-29T01:30:00+00:00
406,e3efd234-c7f9-5957-937f-661b1c3981ef,10,signup,signup,2026-05-29T02:30:00+00:00
407,d2a70bca-a25c-522f-9b7e-c967b69503cc,10,signup,signup,2026-05-29T02:30:00+00:00
408,e3efd234-c7f9-5957-937f-661b1c3981ef,50,profile_complete,onboarding,2026-05-29T03:30:00+00:00
409,d2a70bca-a25c-522f-9b7e-c967b69503cc,50,profile_complete,onboarding,2026-05-29T03:30:00+00:00
410,3a376c3a-3e46-5c8c-815c-232b66ca9bc8,10,signup,signup,2026-05-29T06:30:00+00:00
411,e0b64119-ecb0-52a5-852d-39c211ce337a,10,signup,signup,2026-05-29T06:30:00+00:00
412,06657aeb-b604-5b0d-9281-d2e5afb78a9d,5,daily_login,2026-05-29,2026-05-29T07:16:00+00:00
413,9d1c460b-bd0b-57ff-ac14-f2b10f73edd3,5,daily_login,2026-05-29,2026-05-29T07:19:00+00:00
414,4ec67eb8-4fda-5cbc-bbd1-a6afc7ce8130,5,daily_login,2026-05-29,2026-05-29T07:21:00+00:00
415,4966bb54-4d4f-5992-8586-1bd44991d17f,5,daily_login,2026-05-29,2026-05-29T07:22:00+00:00
416,02bf8d95-eee4-5287-b363-0551cc4a6d51,5,daily_login,2026-05-29,2026-05-29T07:23:00+00:00
417,651ce25b-8132-52d9-8f74-889f22c3bb5c,5,daily_login,2026-05-29,2026-05-29T07:24:00+00:00
418,ffe47fd1-7989-5728-addd-50b504edd889,5,daily_login,2026-05-29,2026-05-29T07:24:00+00:00
419,58074159-53d7-5a52-8436-d84a05af35a9,5,daily_login,2026-05-29,2026-05-29T07:24:00+00:00
420,61347d09-09eb-5f04-a4ec-fe830319799f,5,daily_login,2026-05-29,2026-05-29T07:24:00+00:00
421,a60d0128-bffa-5d2d-9915-36693e6bc3ba,5,daily_login,2026-05-29,2026-05-29T07:26:00+00:00
422,e502b694-466f-5e1f-9293-146b264ae20c,5,daily_login,2026-05-29,2026-05-29T07:27:00+00:00
423,3a376c3a-3e46-5c8c-815c-232b66ca9bc8,50,profile_complete,onboarding,2026-05-29T07:30:00+00:00
424,e0b64119-ecb0-52a5-852d-39c211ce337a,50,profile_complete,onboarding,2026-05-29T07:30:00+00:00
425,0e992dba-f631-52d1-b7e3-76faec77c33f,5,daily_login,2026-05-29,2026-05-29T07:31:00+00:00
426,1062abbb-4fcd-51a9-95fc-5474e4af7640,5,daily_login,2026-05-29,2026-05-29T07:32:00+00:00
427,96ccee9a-30f2-56cd-b597-a927c84e0f75,5,daily_login,2026-05-29,2026-05-29T07:41:00+00:00
428,77c684c4-9514-5edc-85ff-1052c8544c14,5,daily_login,2026-05-29,2026-05-29T07:42:00+00:00
429,e137404e-9196-525c-b17a-44dc96d29f29,5,daily_login,2026-05-29,2026-05-29T07:44:00+00:00
430,5ccdaadc-80b2-50e1-a0c1-bad0246a7cf2,5,daily_login,2026-05-29,2026-05-29T07:46:00+00:00
431,5a4b137d-2ebb-5c75-8cdd-bf77406b4b9f,10,signup,signup,2026-05-29T21:30:00+00:00
432,5a4b137d-2ebb-5c75-8cdd-bf77406b4b9f,50,profile_complete,onboarding,2026-05-29T22:30:00+00:00
433,96dbbdad-601e-5bc2-9d1a-78f9f6349a39,10,signup,signup,2026-05-29T22:30:00+00:00
434,b55b4f74-ded6-5cf1-aae0-9ad89c03c10c,10,signup,signup,2026-05-29T23:30:00+00:00
435,d0c58825-6ead-50f6-9a07-f2f95dbb51ea,10,signup,signup,2026-05-29T23:30:00+00:00
436,43a3bb15-e7a6-5c42-a198-3e0d7f080ba1,10,signup,signup,2026-05-29T23:30:00+00:00
437,96dbbdad-601e-5bc2-9d1a-78f9f6349a39,50,profile_complete,onboarding,2026-05-29T23:30:00+00:00
438,b55b4f74-ded6-5cf1-aae0-9ad89c03c10c,50,profile_complete,onboarding,2026-05-30T00:30:00+00:00
439,d0c58825-6ead-50f6-9a07-f2f95dbb51ea,50,profile_complete,onboarding,2026-05-30T00:30:00+00:00
440,43a3bb15-e7a6-5c42-a198-3e0d7f080ba1,50,profile_complete,onboarding,2026-05-30T00:30:00+00:00
441,7bdf8ad6-1318-5f74-9112-e2b655e215a2,10,signup,signup,2026-05-30T00:30:00+00:00
442,33ba5d16-c38c-5bcf-9896-ea8ae81d6e7b,10,signup,signup,2026-05-30T01:30:00+00:00
443,7bdf8ad6-1318-5f74-9112-e2b655e215a2,50,profile_complete,onboarding,2026-05-30T01:30:00+00:00
444,33ba5d16-c38c-5bcf-9896-ea8ae81d6e7b,50,profile_complete,onboarding,2026-05-30T02:30:00+00:00
445,84047d01-74e6-5a08-a20e-b5c25e3eff3e,10,signup,signup,2026-05-30T04:30:00+00:00
446,84047d01-74e6-5a08-a20e-b5c25e3eff3e,50,profile_complete,onboarding,2026-05-30T05:30:00+00:00
447,bf54d417-d834-5d3e-a7f9-106377fe05a5,10,signup,signup,2026-05-30T06:30:00+00:00
448,cac67f41-f5af-5268-9e2d-34feac0dc9fa,10,signup,signup,2026-05-30T06:30:00+00:00
449,adfbbf3c-5175-5e0a-bf98-b8854f2081c2,5,daily_login,2026-05-30,2026-05-30T07:14:00+00:00
450,a6b8342c-310b-5b88-9c07-602dbd646488,5,daily_login,2026-05-30,2026-05-30T07:17:00+00:00
451,52ab3a8f-ec5c-5e66-bcd5-efc304512118,5,daily_login,2026-05-30,2026-05-30T07:18:00+00:00
452,96dbbdad-601e-5bc2-9d1a-78f9f6349a39,5,daily_login,2026-05-30,2026-05-30T07:18:00+00:00
453,4966bb54-4d4f-5992-8586-1bd44991d17f,5,daily_login,2026-05-30,2026-05-30T07:22:00+00:00
454,3a376c3a-3e46-5c8c-815c-232b66ca9bc8,5,daily_login,2026-05-30,2026-05-30T07:23:00+00:00
455,02bf8d95-eee4-5287-b363-0551cc4a6d51,5,daily_login,2026-05-30,2026-05-30T07:23:00+00:00
456,ffe47fd1-7989-5728-addd-50b504edd889,5,daily_login,2026-05-30,2026-05-30T07:24:00+00:00
457,58074159-53d7-5a52-8436-d84a05af35a9,5,daily_login,2026-05-30,2026-05-30T07:24:00+00:00
458,a60d0128-bffa-5d2d-9915-36693e6bc3ba,5,daily_login,2026-05-30,2026-05-30T07:26:00+00:00
459,e502b694-466f-5e1f-9293-146b264ae20c,5,daily_login,2026-05-30,2026-05-30T07:27:00+00:00
460,d0c58825-6ead-50f6-9a07-f2f95dbb51ea,5,daily_login,2026-05-30,2026-05-30T07:27:00+00:00
461,e3efd234-c7f9-5957-937f-661b1c3981ef,5,daily_login,2026-05-30,2026-05-30T07:28:00+00:00
462,bf54d417-d834-5d3e-a7f9-106377fe05a5,50,profile_complete,onboarding,2026-05-30T07:30:00+00:00
463,cac67f41-f5af-5268-9e2d-34feac0dc9fa,50,profile_complete,onboarding,2026-05-30T07:30:00+00:00
464,082b47e7-5a06-5a34-bd49-595c82b2b196,5,daily_login,2026-05-30,2026-05-30T07:31:00+00:00
465,729fe171-fa0d-547e-b374-39bd19f4c645,5,daily_login,2026-05-30,2026-05-30T07:32:00+00:00
466,84047d01-74e6-5a08-a20e-b5c25e3eff3e,5,daily_login,2026-05-30,2026-05-30T07:33:00+00:00
467,44f09dba-7a20-5f46-840b-4670e6c7eb92,5,daily_login,2026-05-30,2026-05-30T07:33:00+00:00
468,e747fee0-a84b-5f51-98a3-7481903c9023,5,daily_login,2026-05-30,2026-05-30T07:34:00+00:00
469,9edec740-5de6-5c27-8233-5cf72946b182,5,daily_login,2026-05-30,2026-05-30T07:36:00+00:00
470,eb397f92-99ac-5f0f-8f81-3540865f0477,5,daily_login,2026-05-30,2026-05-30T07:38:00+00:00
471,96ccee9a-30f2-56cd-b597-a927c84e0f75,5,daily_login,2026-05-30,2026-05-30T07:41:00+00:00
472,33ba5d16-c38c-5bcf-9896-ea8ae81d6e7b,5,daily_login,2026-05-30,2026-05-30T07:41:00+00:00
473,77c684c4-9514-5edc-85ff-1052c8544c14,5,daily_login,2026-05-30,2026-05-30T07:42:00+00:00
474,b5be680a-732e-55e0-bc5d-b80e831ff33a,5,daily_login,2026-05-30,2026-05-30T07:42:00+00:00
475,e137404e-9196-525c-b17a-44dc96d29f29,5,daily_login,2026-05-30,2026-05-30T07:44:00+00:00
476,5ccdaadc-80b2-50e1-a0c1-bad0246a7cf2,5,daily_login,2026-05-30,2026-05-30T07:46:00+00:00
477,ab45f9eb-3fee-5ea5-bccb-faffc50f3e76,10,signup,signup,2026-05-30T18:30:00+00:00
478,ab45f9eb-3fee-5ea5-bccb-faffc50f3e76,50,profile_complete,onboarding,2026-05-30T19:30:00+00:00
479,51420309-4688-52d6-84b9-51c0dc3a900e,10,signup,signup,2026-05-30T19:30:00+00:00
480,6cf4bb40-4d81-5eb3-b9d9-5841cd55724e,10,signup,signup,2026-05-30T19:30:00+00:00
481,51420309-4688-52d6-84b9-51c0dc3a900e,50,profile_complete,onboarding,2026-05-30T20:30:00+00:00
482,6cf4bb40-4d81-5eb3-b9d9-5841cd55724e,50,profile_complete,onboarding,2026-05-30T20:30:00+00:00
483,473b12ab-4d0d-5b7f-89b2-c0a1e2405c60,10,signup,signup,2026-05-30T20:30:00+00:00
484,473b12ab-4d0d-5b7f-89b2-c0a1e2405c60,50,profile_complete,onboarding,2026-05-30T21:30:00+00:00
485,36016ab9-3cc9-5f6a-8bc7-1d138ad9cb43,10,signup,signup,2026-05-31T01:30:00+00:00
486,36016ab9-3cc9-5f6a-8bc7-1d138ad9cb43,50,profile_complete,onboarding,2026-05-31T02:30:00+00:00
487,d16e3cdc-2868-563d-867d-62fa9b8b24ea,10,signup,signup,2026-05-31T03:30:00+00:00
488,6ecf180b-be59-594c-a33b-31bd0120f01f,10,signup,signup,2026-05-31T04:30:00+00:00
489,d16e3cdc-2868-563d-867d-62fa9b8b24ea,50,profile_complete,onboarding,2026-05-31T04:30:00+00:00
490,6ecf180b-be59-594c-a33b-31bd0120f01f,50,profile_complete,onboarding,2026-05-31T05:30:00+00:00
491,693ebb02-ab3f-5d60-b798-d4d4df4900d2,10,signup,signup,2026-05-31T06:30:00+00:00
492,0da68170-ff38-5dad-9224-770d261f1c8a,5,daily_login,2026-05-31,2026-05-31T07:11:00+00:00
493,6cf4bb40-4d81-5eb3-b9d9-5841cd55724e,5,daily_login,2026-05-31,2026-05-31T07:11:00+00:00
494,3d016498-e16a-5ad9-95c7-b633dfc6a142,5,daily_login,2026-05-31,2026-05-31T07:13:00+00:00
495,f21481e8-5bf3-5aa6-a7e0-fe6e26920e28,5,daily_login,2026-05-31,2026-05-31T07:13:00+00:00
496,f4793612-bd5c-52c4-b29e-226fe28a77ca,5,daily_login,2026-05-31,2026-05-31T07:13:00+00:00
497,adfbbf3c-5175-5e0a-bf98-b8854f2081c2,5,daily_login,2026-05-31,2026-05-31T07:14:00+00:00
498,693ebb02-ab3f-5d60-b798-d4d4df4900d2,5,daily_login,2026-05-31,2026-05-31T07:16:00+00:00
499,06657aeb-b604-5b0d-9281-d2e5afb78a9d,5,daily_login,2026-05-31,2026-05-31T07:16:00+00:00
500,43a3bb15-e7a6-5c42-a198-3e0d7f080ba1,5,daily_login,2026-05-31,2026-05-31T07:20:00+00:00
501,7bdf8ad6-1318-5f74-9112-e2b655e215a2,5,daily_login,2026-05-31,2026-05-31T07:21:00+00:00
502,4ec67eb8-4fda-5cbc-bbd1-a6afc7ce8130,5,daily_login,2026-05-31,2026-05-31T07:21:00+00:00
503,8819cb55-67e6-5a55-98c8-d80446975a9e,5,daily_login,2026-05-31,2026-05-31T07:22:00+00:00
504,d16e3cdc-2868-563d-867d-62fa9b8b24ea,5,daily_login,2026-05-31,2026-05-31T07:22:00+00:00
505,02bf8d95-eee4-5287-b363-0551cc4a6d51,5,daily_login,2026-05-31,2026-05-31T07:23:00+00:00
506,35e87bcc-650c-5e3f-9741-3f0c54905b6f,5,daily_login,2026-05-31,2026-05-31T07:23:00+00:00
507,58074159-53d7-5a52-8436-d84a05af35a9,5,daily_login,2026-05-31,2026-05-31T07:24:00+00:00
508,e502b694-466f-5e1f-9293-146b264ae20c,5,daily_login,2026-05-31,2026-05-31T07:27:00+00:00
509,d0c58825-6ead-50f6-9a07-f2f95dbb51ea,5,daily_login,2026-05-31,2026-05-31T07:27:00+00:00
510,693ebb02-ab3f-5d60-b798-d4d4df4900d2,50,profile_complete,onboarding,2026-05-31T07:30:00+00:00
511,1062abbb-4fcd-51a9-95fc-5474e4af7640,5,daily_login,2026-05-31,2026-05-31T07:32:00+00:00
512,84047d01-74e6-5a08-a20e-b5c25e3eff3e,5,daily_login,2026-05-31,2026-05-31T07:33:00+00:00
513,44f09dba-7a20-5f46-840b-4670e6c7eb92,5,daily_login,2026-05-31,2026-05-31T07:33:00+00:00
514,ac9c9500-b7e4-5bbe-8f4e-a40a6201979a,5,daily_login,2026-05-31,2026-05-31T07:35:00+00:00
515,eb397f92-99ac-5f0f-8f81-3540865f0477,5,daily_login,2026-05-31,2026-05-31T07:38:00+00:00
516,51420309-4688-52d6-84b9-51c0dc3a900e,5,daily_login,2026-05-31,2026-05-31T07:40:00+00:00
517,96ccee9a-30f2-56cd-b597-a927c84e0f75,5,daily_login,2026-05-31,2026-05-31T07:41:00+00:00
518,77c684c4-9514-5edc-85ff-1052c8544c14,5,daily_login,2026-05-31,2026-05-31T07:42:00+00:00
519,36016ab9-3cc9-5f6a-8bc7-1d138ad9cb43,5,daily_login,2026-05-31,2026-05-31T07:44:00+00:00
520,d2a70bca-a25c-522f-9b7e-c967b69503cc,5,daily_login,2026-05-31,2026-05-31T07:45:00+00:00
521,3bc3e38a-5ff7-5330-ab2d-8add18e85d57,5,daily_login,2026-05-31,2026-05-31T07:45:00+00:00
522,5ccdaadc-80b2-50e1-a0c1-bad0246a7cf2,5,daily_login,2026-05-31,2026-05-31T07:46:00+00:00
523,cac67f41-f5af-5268-9e2d-34feac0dc9fa,5,daily_login,2026-05-31,2026-05-31T07:46:00+00:00
524,1873645b-b54c-51dc-a41a-7131e831a64f,10,signup,signup,2026-05-31T20:30:00+00:00
525,1873645b-b54c-51dc-a41a-7131e831a64f,50,profile_complete,onboarding,2026-05-31T21:30:00+00:00
526,b39a9d3d-f3eb-5d31-9cc7-15e278969b70,10,signup,signup,2026-06-01T00:30:00+00:00
527,b39a9d3d-f3eb-5d31-9cc7-15e278969b70,50,profile_complete,onboarding,2026-06-01T01:30:00+00:00
528,19e81afb-74c1-5b4a-9af3-469f3b610235,10,signup,signup,2026-06-01T05:30:00+00:00
529,19e81afb-74c1-5b4a-9af3-469f3b610235,50,profile_complete,onboarding,2026-06-01T06:30:00+00:00
530,6ac5a7a4-ae0d-5e31-8a7c-d85b63a96c46,10,signup,signup,2026-06-01T06:30:00+00:00
531,95ff45a0-9b28-55cb-bba6-22a608a4e30d,5,daily_login,2026-06-01,2026-06-01T07:10:00+00:00
532,6ecf180b-be59-594c-a33b-31bd0120f01f,5,daily_login,2026-06-01,2026-06-01T07:15:00+00:00
533,693ebb02-ab3f-5d60-b798-d4d4df4900d2,5,daily_login,2026-06-01,2026-06-01T07:16:00+00:00
534,52ab3a8f-ec5c-5e66-bcd5-efc304512118,5,daily_login,2026-06-01,2026-06-01T07:18:00+00:00
535,96dbbdad-601e-5bc2-9d1a-78f9f6349a39,5,daily_login,2026-06-01,2026-06-01T07:18:00+00:00
536,5a4b137d-2ebb-5c75-8cdd-bf77406b4b9f,5,daily_login,2026-06-01,2026-06-01T07:19:00+00:00
537,7bdf8ad6-1318-5f74-9112-e2b655e215a2,5,daily_login,2026-06-01,2026-06-01T07:21:00+00:00
538,4ec67eb8-4fda-5cbc-bbd1-a6afc7ce8130,5,daily_login,2026-06-01,2026-06-01T07:21:00+00:00
539,d16e3cdc-2868-563d-867d-62fa9b8b24ea,5,daily_login,2026-06-01,2026-06-01T07:22:00+00:00
540,35e87bcc-650c-5e3f-9741-3f0c54905b6f,5,daily_login,2026-06-01,2026-06-01T07:23:00+00:00
541,61347d09-09eb-5f04-a4ec-fe830319799f,5,daily_login,2026-06-01,2026-06-01T07:24:00+00:00
542,e502b694-466f-5e1f-9293-146b264ae20c,5,daily_login,2026-06-01,2026-06-01T07:27:00+00:00
543,e502b694-466f-5e1f-9293-146b264ae20c,5,streak_week_bonus,2026-06-01,2026-06-01T07:27:00+00:00
544,e502b694-466f-5e1f-9293-146b264ae20c,200,streak_7,badge,2026-06-01T07:27:00+00:00
545,d0c58825-6ead-50f6-9a07-f2f95dbb51ea,5,daily_login,2026-06-01,2026-06-01T07:27:00+00:00
546,e3efd234-c7f9-5957-937f-661b1c3981ef,5,daily_login,2026-06-01,2026-06-01T07:28:00+00:00
547,6ac5a7a4-ae0d-5e31-8a7c-d85b63a96c46,50,profile_complete,onboarding,2026-06-01T07:30:00+00:00
548,082b47e7-5a06-5a34-bd49-595c82b2b196,5,daily_login,2026-06-01,2026-06-01T07:31:00+00:00
549,1062abbb-4fcd-51a9-95fc-5474e4af7640,5,daily_login,2026-06-01,2026-06-01T07:32:00+00:00
550,84047d01-74e6-5a08-a20e-b5c25e3eff3e,5,daily_login,2026-06-01,2026-06-01T07:33:00+00:00
551,44f09dba-7a20-5f46-840b-4670e6c7eb92,5,daily_login,2026-06-01,2026-06-01T07:33:00+00:00
552,554a90ae-c448-548d-a552-cd8f1c340cbd,5,daily_login,2026-06-01,2026-06-01T07:36:00+00:00
553,ab45f9eb-3fee-5ea5-bccb-faffc50f3e76,5,daily_login,2026-06-01,2026-06-01T07:37:00+00:00
554,eb397f92-99ac-5f0f-8f81-3540865f0477,5,daily_login,2026-06-01,2026-06-01T07:38:00+00:00
555,96ccee9a-30f2-56cd-b597-a927c84e0f75,5,daily_login,2026-06-01,2026-06-01T07:41:00+00:00
556,77c684c4-9514-5edc-85ff-1052c8544c14,5,daily_login,2026-06-01,2026-06-01T07:42:00+00:00
557,b5be680a-732e-55e0-bc5d-b80e831ff33a,5,daily_login,2026-06-01,2026-06-01T07:42:00+00:00
558,dfe9e449-d177-56af-a679-d3e1c78c5c02,5,daily_login,2026-06-01,2026-06-01T07:43:00+00:00
559,e137404e-9196-525c-b17a-44dc96d29f29,5,daily_login,2026-06-01,2026-06-01T07:44:00+00:00
560,6ac5a7a4-ae0d-5e31-8a7c-d85b63a96c46,5,daily_login,2026-06-01,2026-06-01T07:45:00+00:00
561,5ccdaadc-80b2-50e1-a0c1-bad0246a7cf2,5,daily_login,2026-06-01,2026-06-01T07:46:00+00:00
562,bf54d417-d834-5d3e-a7f9-106377fe05a5,5,daily_login,2026-06-01,2026-06-01T07:46:00+00:00
563,45abfe15-6e8d-57cf-bda3-b7ae2b5c0bc7,10,signup,signup,2026-06-01T20:30:00+00:00
564,3b932376-f549-5a1c-a24b-664b4bc338e3,10,signup,signup,2026-06-01T20:30:00+00:00
565,45abfe15-6e8d-57cf-bda3-b7ae2b5c0bc7,50,profile_complete,onboarding,2026-06-01T21:30:00+00:00
566,3b932376-f549-5a1c-a24b-664b4bc338e3,50,profile_complete,onboarding,2026-06-01T21:30:00+00:00
567,45cee65b-db52-5dff-b09d-0ee1ac2be20f,10,signup,signup,2026-06-01T23:30:00+00:00
568,1dd6da2f-292d-52b5-8e0e-a84885e81ba1,10,signup,signup,2026-06-01T23:30:00+00:00
569,45cee65b-db52-5dff-b09d-0ee1ac2be20f,50,profile_complete,onboarding,2026-06-02T00:30:00+00:00
570,1dd6da2f-292d-52b5-8e0e-a84885e81ba1,50,profile_complete,onboarding,2026-06-02T00:30:00+00:00
571,0e49007f-82be-5238-a956-37d8f7b40d4c,10,signup,signup,2026-06-02T01:30:00+00:00
572,0e49007f-82be-5238-a956-37d8f7b40d4c,50,profile_complete,onboarding,2026-06-02T02:30:00+00:00
573,88820056-e901-59a1-b2ca-c4e813b34f7b,10,signup,signup,2026-06-02T04:30:00+00:00
574,88820056-e901-59a1-b2ca-c4e813b34f7b,50,profile_complete,onboarding,2026-06-02T05:30:00+00:00
575,b7f1d97d-9f3c-5885-b9ef-48d67a16a686,10,signup,signup,2026-06-02T05:30:00+00:00
576,b7f1d97d-9f3c-5885-b9ef-48d67a16a686,50,profile_complete,onboarding,2026-06-02T06:30:00+00:00
577,1dd6da2f-292d-52b5-8e0e-a84885e81ba1,5,daily_login,2026-06-02,2026-06-02T07:12:00+00:00
578,3d016498-e16a-5ad9-95c7-b633dfc6a142,5,daily_login,2026-06-02,2026-06-02T07:13:00+00:00
579,f4793612-bd5c-52c4-b29e-226fe28a77ca,5,daily_login,2026-06-02,2026-06-02T07:13:00+00:00
580,693ebb02-ab3f-5d60-b798-d4d4df4900d2,5,daily_login,2026-06-02,2026-06-02T07:16:00+00:00
581,06657aeb-b604-5b0d-9281-d2e5afb78a9d,5,daily_login,2026-06-02,2026-06-02T07:16:00+00:00
582,52ab3a8f-ec5c-5e66-bcd5-efc304512118,5,daily_login,2026-06-02,2026-06-02T07:18:00+00:00
583,96dbbdad-601e-5bc2-9d1a-78f9f6349a39,5,daily_login,2026-06-02,2026-06-02T07:18:00+00:00
584,7bdf8ad6-1318-5f74-9112-e2b655e215a2,5,daily_login,2026-06-02,2026-06-02T07:21:00+00:00
585,4966bb54-4d4f-5992-8586-1bd44991d17f,5,daily_login,2026-06-02,2026-06-02T07:22:00+00:00
586,d16e3cdc-2868-563d-867d-62fa9b8b24ea,5,daily_login,2026-06-02,2026-06-02T07:22:00+00:00
587,02bf8d95-eee4-5287-b363-0551cc4a6d51,5,daily_login,2026-06-02,2026-06-02T07:23:00+00:00
588,35e87bcc-650c-5e3f-9741-3f0c54905b6f,5,daily_login,2026-06-02,2026-06-02T07:23:00+00:00
589,61347d09-09eb-5f04-a4ec-fe830319799f,5,daily_login,2026-06-02,2026-06-02T07:24:00+00:00
590,e502b694-466f-5e1f-9293-146b264ae20c,5,daily_login,2026-06-02,2026-06-02T07:27:00+00:00
591,0e49007f-82be-5238-a956-37d8f7b40d4c,5,daily_login,2026-06-02,2026-06-02T07:29:00+00:00
592,729fe171-fa0d-547e-b374-39bd19f4c645,5,daily_login,2026-06-02,2026-06-02T07:32:00+00:00
593,84047d01-74e6-5a08-a20e-b5c25e3eff3e,5,daily_login,2026-06-02,2026-06-02T07:33:00+00:00
594,88820056-e901-59a1-b2ca-c4e813b34f7b,5,daily_login,2026-06-02,2026-06-02T07:33:00+00:00
595,554a90ae-c448-548d-a552-cd8f1c340cbd,5,daily_login,2026-06-02,2026-06-02T07:36:00+00:00
596,9edec740-5de6-5c27-8233-5cf72946b182,5,daily_login,2026-06-02,2026-06-02T07:36:00+00:00
597,45abfe15-6e8d-57cf-bda3-b7ae2b5c0bc7,5,daily_login,2026-06-02,2026-06-02T07:37:00+00:00
598,eb397f92-99ac-5f0f-8f81-3540865f0477,5,daily_login,2026-06-02,2026-06-02T07:38:00+00:00
599,e5b7ccce-2cb7-5b6e-95a5-32ffacbca87f,5,daily_login,2026-06-02,2026-06-02T07:42:00+00:00
600,b5be680a-732e-55e0-bc5d-b80e831ff33a,5,daily_login,2026-06-02,2026-06-02T07:42:00+00:00
601,36016ab9-3cc9-5f6a-8bc7-1d138ad9cb43,5,daily_login,2026-06-02,2026-06-02T07:44:00+00:00
602,e137404e-9196-525c-b17a-44dc96d29f29,5,daily_login,2026-06-02,2026-06-02T07:44:00+00:00
603,ae7ac442-d880-5cd8-bc30-8d21c5f7dc54,5,daily_login,2026-06-02,2026-06-02T07:45:00+00:00
604,bf54d417-d834-5d3e-a7f9-106377fe05a5,5,daily_login,2026-06-02,2026-06-02T07:46:00+00:00
605,cac67f41-f5af-5268-9e2d-34feac0dc9fa,5,daily_login,2026-06-02,2026-06-02T07:46:00+00:00
606,facb4557-eabe-5f8b-89cc-f223b91c89b7,10,signup,signup,2026-06-02T20:30:00+00:00
607,facb4557-eabe-5f8b-89cc-f223b91c89b7,50,profile_complete,onboarding,2026-06-02T21:30:00+00:00
608,f1fb49f6-8f16-5086-a3b3-1c5e169f9ad4,10,signup,signup,2026-06-02T23:30:00+00:00
609,f1fb49f6-8f16-5086-a3b3-1c5e169f9ad4,50,profile_complete,onboarding,2026-06-03T00:30:00+00:00
610,f985b68e-39ae-5c83-8468-2b126802c414,10,signup,signup,2026-06-03T00:30:00+00:00
611,f985b68e-39ae-5c83-8468-2b126802c414,50,profile_complete,onboarding,2026-06-03T01:30:00+00:00
612,4c310820-12d3-5128-9a45-973db446b59e,10,signup,signup,2026-06-03T02:30:00+00:00
613,4c310820-12d3-5128-9a45-973db446b59e,50,profile_complete,onboarding,2026-06-03T03:30:00+00:00
614,7e6a1243-34f5-52e6-862f-e5f3b2ebe640,10,signup,signup,2026-06-03T05:30:00+00:00
615,8ecc0792-3789-53b2-a26e-fc6daa886eb7,10,signup,signup,2026-06-03T05:30:00+00:00
616,7e6a1243-34f5-52e6-862f-e5f3b2ebe640,50,profile_complete,onboarding,2026-06-03T06:30:00+00:00
617,9cba29b2-e169-54f3-9d61-1d5013f80312,10,signup,signup,2026-06-03T06:30:00+00:00
618,8ecc0792-3789-53b2-a26e-fc6daa886eb7,50,profile_complete,onboarding,2026-06-03T06:30:00+00:00
619,f21481e8-5bf3-5aa6-a7e0-fe6e26920e28,5,daily_login,2026-06-03,2026-06-03T07:13:00+00:00
620,f4793612-bd5c-52c4-b29e-226fe28a77ca,5,daily_login,2026-06-03,2026-06-03T07:13:00+00:00
621,6ecf180b-be59-594c-a33b-31bd0120f01f,5,daily_login,2026-06-03,2026-06-03T07:15:00+00:00
622,693ebb02-ab3f-5d60-b798-d4d4df4900d2,5,daily_login,2026-06-03,2026-06-03T07:16:00+00:00
623,96dbbdad-601e-5bc2-9d1a-78f9f6349a39,5,daily_login,2026-06-03,2026-06-03T07:18:00+00:00
624,5a4b137d-2ebb-5c75-8cdd-bf77406b4b9f,5,daily_login,2026-06-03,2026-06-03T07:19:00+00:00
625,7bdf8ad6-1318-5f74-9112-e2b655e215a2,5,daily_login,2026-06-03,2026-06-03T07:21:00+00:00
626,4966bb54-4d4f-5992-8586-1bd44991d17f,5,daily_login,2026-06-03,2026-06-03T07:22:00+00:00
627,44a33563-638c-52da-ae01-285f43dfcb99,5,daily_login,2026-06-03,2026-06-03T07:22:00+00:00
628,d16e3cdc-2868-563d-867d-62fa9b8b24ea,5,daily_login,2026-06-03,2026-06-03T07:22:00+00:00
629,3a376c3a-3e46-5c8c-815c-232b66ca9bc8,5,daily_login,2026-06-03,2026-06-03T07:23:00+00:00
630,35e87bcc-650c-5e3f-9741-3f0c54905b6f,5,daily_login,2026-06-03,2026-06-03T07:23:00+00:00
631,ffe47fd1-7989-5728-addd-50b504edd889,5,daily_login,2026-06-03,2026-06-03T07:24:00+00:00
632,61347d09-09eb-5f04-a4ec-fe830319799f,5,daily_login,2026-06-03,2026-06-03T07:24:00+00:00
633,e502b694-466f-5e1f-9293-146b264ae20c,5,daily_login,2026-06-03,2026-06-03T07:27:00+00:00
634,d0c58825-6ead-50f6-9a07-f2f95dbb51ea,5,daily_login,2026-06-03,2026-06-03T07:27:00+00:00
635,9cba29b2-e169-54f3-9d61-1d5013f80312,50,profile_complete,onboarding,2026-06-03T07:30:00+00:00
636,082b47e7-5a06-5a34-bd49-595c82b2b196,5,daily_login,2026-06-03,2026-06-03T07:31:00+00:00
637,45cee65b-db52-5dff-b09d-0ee1ac2be20f,5,daily_login,2026-06-03,2026-06-03T07:31:00+00:00
638,88820056-e901-59a1-b2ca-c4e813b34f7b,5,daily_login,2026-06-03,2026-06-03T07:33:00+00:00
639,7e6a1243-34f5-52e6-862f-e5f3b2ebe640,5,daily_login,2026-06-03,2026-06-03T07:36:00+00:00
640,ab45f9eb-3fee-5ea5-bccb-faffc50f3e76,5,daily_login,2026-06-03,2026-06-03T07:37:00+00:00
641,eb397f92-99ac-5f0f-8f81-3540865f0477,5,daily_login,2026-06-03,2026-06-03T07:38:00+00:00
642,33ba5d16-c38c-5bcf-9896-ea8ae81d6e7b,5,daily_login,2026-06-03,2026-06-03T07:41:00+00:00
643,e5b7ccce-2cb7-5b6e-95a5-32ffacbca87f,5,daily_login,2026-06-03,2026-06-03T07:42:00+00:00
644,77c684c4-9514-5edc-85ff-1052c8544c14,5,daily_login,2026-06-03,2026-06-03T07:42:00+00:00
645,dfe9e449-d177-56af-a679-d3e1c78c5c02,5,daily_login,2026-06-03,2026-06-03T07:43:00+00:00
646,e137404e-9196-525c-b17a-44dc96d29f29,5,daily_login,2026-06-03,2026-06-03T07:44:00+00:00
647,ae7ac442-d880-5cd8-bc30-8d21c5f7dc54,5,daily_login,2026-06-03,2026-06-03T07:45:00+00:00
648,6ac5a7a4-ae0d-5e31-8a7c-d85b63a96c46,5,daily_login,2026-06-03,2026-06-03T07:45:00+00:00
649,5ccdaadc-80b2-50e1-a0c1-bad0246a7cf2,5,daily_login,2026-06-03,2026-06-03T07:46:00+00:00
650,b39a9d3d-f3eb-5d31-9cc7-15e278969b70,5,daily_login,2026-06-03,2026-06-03T07:46:00+00:00
651,bc38029f-d1c5-5b8f-8055-d446a522cb91,10,signup,signup,2026-06-03T19:30:00+00:00
652,bc38029f-d1c5-5b8f-8055-d446a522cb91,50,profile_complete,onboarding,2026-06-03T20:30:00+00:00
653,e7dd6cb0-626e-510a-9e98-0498c534b04d,10,signup,signup,2026-06-03T20:30:00+00:00
654,e7dd6cb0-626e-510a-9e98-0498c534b04d,50,profile_complete,onboarding,2026-06-03T21:30:00+00:00
655,e1f9b739-b2d3-51e6-9609-05805a6d151c,10,signup,signup,2026-06-03T22:30:00+00:00
656,f4b545d6-b6c0-54b8-847e-101d68428b48,10,signup,signup,2026-06-03T23:30:00+00:00
657,e1f9b739-b2d3-51e6-9609-05805a6d151c,50,profile_complete,onboarding,2026-06-03T23:30:00+00:00
658,ef763ec1-f93c-5744-9640-4ca59adf9347,10,signup,signup,2026-06-03T23:30:00+00:00
659,f4b545d6-b6c0-54b8-847e-101d68428b48,50,profile_complete,onboarding,2026-06-04T00:30:00+00:00
660,ef763ec1-f93c-5744-9640-4ca59adf9347,50,profile_complete,onboarding,2026-06-04T00:30:00+00:00
661,9c9c228f-3bd5-5da4-b666-fbfab93b4b7e,10,signup,signup,2026-06-04T03:30:00+00:00
662,2e2e8079-6c9e-51c9-bc7e-1475045fd514,10,signup,signup,2026-06-04T03:30:00+00:00
663,0bd9c807-50b6-567b-befe-96c80ed2fc9d,10,signup,signup,2026-06-04T03:30:00+00:00
664,9c9c228f-3bd5-5da4-b666-fbfab93b4b7e,50,profile_complete,onboarding,2026-06-04T04:30:00+00:00
665,2e2e8079-6c9e-51c9-bc7e-1475045fd514,50,profile_complete,onboarding,2026-06-04T04:30:00+00:00
666,0bd9c807-50b6-567b-befe-96c80ed2fc9d,50,profile_complete,onboarding,2026-06-04T04:30:00+00:00
667,67357d35-e727-50a5-9114-d5f2da172374,10,signup,signup,2026-06-04T05:30:00+00:00
668,67357d35-e727-50a5-9114-d5f2da172374,50,profile_complete,onboarding,2026-06-04T06:30:00+00:00
669,adfbbf3c-5175-5e0a-bf98-b8854f2081c2,5,daily_login,2026-06-04,2026-06-04T07:14:00+00:00
670,96dbbdad-601e-5bc2-9d1a-78f9f6349a39,5,daily_login,2026-06-04,2026-06-04T07:18:00+00:00
671,d3175e63-6121-5d55-b429-df91670d9aca,5,daily_login,2026-06-04,2026-06-04T07:18:00+00:00
672,e1f9b739-b2d3-51e6-9609-05805a6d151c,5,daily_login,2026-06-04,2026-06-04T07:19:00+00:00
673,9c9c228f-3bd5-5da4-b666-fbfab93b4b7e,5,daily_login,2026-06-04,2026-06-04T07:21:00+00:00
674,7bdf8ad6-1318-5f74-9112-e2b655e215a2,5,daily_login,2026-06-04,2026-06-04T07:21:00+00:00
675,4ec67eb8-4fda-5cbc-bbd1-a6afc7ce8130,5,daily_login,2026-06-04,2026-06-04T07:21:00+00:00
676,d16e3cdc-2868-563d-867d-62fa9b8b24ea,5,daily_login,2026-06-04,2026-06-04T07:22:00+00:00
677,3a376c3a-3e46-5c8c-815c-232b66ca9bc8,5,daily_login,2026-06-04,2026-06-04T07:23:00+00:00
678,4c310820-12d3-5128-9a45-973db446b59e,5,daily_login,2026-06-04,2026-06-04T07:23:00+00:00
679,02bf8d95-eee4-5287-b363-0551cc4a6d51,5,daily_login,2026-06-04,2026-06-04T07:23:00+00:00
680,35e87bcc-650c-5e3f-9741-3f0c54905b6f,5,daily_login,2026-06-04,2026-06-04T07:23:00+00:00
681,58074159-53d7-5a52-8436-d84a05af35a9,5,daily_login,2026-06-04,2026-06-04T07:24:00+00:00
682,ef763ec1-f93c-5744-9640-4ca59adf9347,5,daily_login,2026-06-04,2026-06-04T07:25:00+00:00
683,a60d0128-bffa-5d2d-9915-36693e6bc3ba,5,daily_login,2026-06-04,2026-06-04T07:26:00+00:00
684,e502b694-466f-5e1f-9293-146b264ae20c,5,daily_login,2026-06-04,2026-06-04T07:27:00+00:00
685,2e2e8079-6c9e-51c9-bc7e-1475045fd514,5,daily_login,2026-06-04,2026-06-04T07:27:00+00:00
686,e3efd234-c7f9-5957-937f-661b1c3981ef,5,daily_login,2026-06-04,2026-06-04T07:28:00+00:00
687,e7dd6cb0-626e-510a-9e98-0498c534b04d,5,daily_login,2026-06-04,2026-06-04T07:28:00+00:00
688,082b47e7-5a06-5a34-bd49-595c82b2b196,5,daily_login,2026-06-04,2026-06-04T07:31:00+00:00
689,45cee65b-db52-5dff-b09d-0ee1ac2be20f,5,daily_login,2026-06-04,2026-06-04T07:31:00+00:00
690,1062abbb-4fcd-51a9-95fc-5474e4af7640,5,daily_login,2026-06-04,2026-06-04T07:32:00+00:00
691,473b12ab-4d0d-5b7f-89b2-c0a1e2405c60,5,daily_login,2026-06-04,2026-06-04T07:32:00+00:00
692,84047d01-74e6-5a08-a20e-b5c25e3eff3e,5,daily_login,2026-06-04,2026-06-04T07:33:00+00:00
693,44f09dba-7a20-5f46-840b-4670e6c7eb92,5,daily_login,2026-06-04,2026-06-04T07:33:00+00:00
694,88820056-e901-59a1-b2ca-c4e813b34f7b,5,daily_login,2026-06-04,2026-06-04T07:33:00+00:00
695,1873645b-b54c-51dc-a41a-7131e831a64f,5,daily_login,2026-06-04,2026-06-04T07:35:00+00:00
696,7e6a1243-34f5-52e6-862f-e5f3b2ebe640,5,daily_login,2026-06-04,2026-06-04T07:36:00+00:00
697,eb397f92-99ac-5f0f-8f81-3540865f0477,5,daily_login,2026-06-04,2026-06-04T07:38:00+00:00
698,96ccee9a-30f2-56cd-b597-a927c84e0f75,5,daily_login,2026-06-04,2026-06-04T07:41:00+00:00
699,77c684c4-9514-5edc-85ff-1052c8544c14,5,daily_login,2026-06-04,2026-06-04T07:42:00+00:00
700,b5be680a-732e-55e0-bc5d-b80e831ff33a,5,daily_login,2026-06-04,2026-06-04T07:42:00+00:00
701,dfe9e449-d177-56af-a679-d3e1c78c5c02,5,daily_login,2026-06-04,2026-06-04T07:43:00+00:00
702,3b932376-f549-5a1c-a24b-664b4bc338e3,5,daily_login,2026-06-04,2026-06-04T07:43:00+00:00
703,36016ab9-3cc9-5f6a-8bc7-1d138ad9cb43,5,daily_login,2026-06-04,2026-06-04T07:44:00+00:00
704,e137404e-9196-525c-b17a-44dc96d29f29,5,daily_login,2026-06-04,2026-06-04T07:44:00+00:00
705,d2a70bca-a25c-522f-9b7e-c967b69503cc,5,daily_login,2026-06-04,2026-06-04T07:45:00+00:00
706,6ac5a7a4-ae0d-5e31-8a7c-d85b63a96c46,5,daily_login,2026-06-04,2026-06-04T07:45:00+00:00
707,5ccdaadc-80b2-50e1-a0c1-bad0246a7cf2,5,daily_login,2026-06-04,2026-06-04T07:46:00+00:00
708,610e9654-06d6-5e55-959b-377b8749b8f9,10,signup,signup,2026-06-04T18:30:00+00:00
709,610e9654-06d6-5e55-959b-377b8749b8f9,50,profile_complete,onboarding,2026-06-04T19:30:00+00:00
710,fd96bbd1-5601-5c99-a1e2-04b09168b35e,10,signup,signup,2026-06-04T21:30:00+00:00
711,fd96bbd1-5601-5c99-a1e2-04b09168b35e,50,profile_complete,onboarding,2026-06-04T22:30:00+00:00
712,ea7edc0e-b64d-545f-b311-b4ee943f2935,10,signup,signup,2026-06-04T22:30:00+00:00
713,ea7edc0e-b64d-545f-b311-b4ee943f2935,50,profile_complete,onboarding,2026-06-04T23:30:00+00:00
714,b0ebc690-efe0-594f-bd55-e4d7ec3454bc,10,signup,signup,2026-06-05T04:30:00+00:00
715,53f78f7e-e2df-586b-b483-5748c92d0f9f,10,signup,signup,2026-06-05T04:30:00+00:00
716,90cced0e-f2c7-528c-bd28-38c44ead6c98,10,signup,signup,2026-06-05T04:30:00+00:00
717,da462241-608b-5422-bdbd-0d98184a433d,10,signup,signup,2026-06-05T04:30:00+00:00
718,b0ebc690-efe0-594f-bd55-e4d7ec3454bc,50,profile_complete,onboarding,2026-06-05T05:30:00+00:00
719,53f78f7e-e2df-586b-b483-5748c92d0f9f,50,profile_complete,onboarding,2026-06-05T05:30:00+00:00
720,90cced0e-f2c7-528c-bd28-38c44ead6c98,50,profile_complete,onboarding,2026-06-05T05:30:00+00:00
721,da462241-608b-5422-bdbd-0d98184a433d,50,profile_complete,onboarding,2026-06-05T05:30:00+00:00
722,7ef6d8e7-132e-5da5-a653-16dd2e5719c4,10,signup,signup,2026-06-05T06:30:00+00:00
723,95ff45a0-9b28-55cb-bba6-22a608a4e30d,5,daily_login,2026-06-05,2026-06-05T07:10:00+00:00
724,610e9654-06d6-5e55-959b-377b8749b8f9,5,daily_login,2026-06-05,2026-06-05T07:10:00+00:00
725,3d016498-e16a-5ad9-95c7-b633dfc6a142,5,daily_login,2026-06-05,2026-06-05T07:13:00+00:00
726,ea7edc0e-b64d-545f-b311-b4ee943f2935,5,daily_login,2026-06-05,2026-06-05T07:14:00+00:00
727,693ebb02-ab3f-5d60-b798-d4d4df4900d2,5,daily_login,2026-06-05,2026-06-05T07:16:00+00:00
728,96dbbdad-601e-5bc2-9d1a-78f9f6349a39,5,daily_login,2026-06-05,2026-06-05T07:18:00+00:00
729,5a4b137d-2ebb-5c75-8cdd-bf77406b4b9f,5,daily_login,2026-06-05,2026-06-05T07:19:00+00:00
730,341a0cef-f4a9-53ee-8980-229dc154ff4e,5,daily_login,2026-06-05,2026-06-05T07:20:00+00:00
731,9c9c228f-3bd5-5da4-b666-fbfab93b4b7e,5,daily_login,2026-06-05,2026-06-05T07:21:00+00:00
732,7bdf8ad6-1318-5f74-9112-e2b655e215a2,5,daily_login,2026-06-05,2026-06-05T07:21:00+00:00
733,4966bb54-4d4f-5992-8586-1bd44991d17f,5,daily_login,2026-06-05,2026-06-05T07:22:00+00:00
734,8819cb55-67e6-5a55-98c8-d80446975a9e,5,daily_login,2026-06-05,2026-06-05T07:22:00+00:00
735,4c310820-12d3-5128-9a45-973db446b59e,5,daily_login,2026-06-05,2026-06-05T07:23:00+00:00
736,02bf8d95-eee4-5287-b363-0551cc4a6d51,5,daily_login,2026-06-05,2026-06-05T07:23:00+00:00
737,ffe47fd1-7989-5728-addd-50b504edd889,5,daily_login,2026-06-05,2026-06-05T07:24:00+00:00
738,58074159-53d7-5a52-8436-d84a05af35a9,5,daily_login,2026-06-05,2026-06-05T07:24:00+00:00
739,61347d09-09eb-5f04-a4ec-fe830319799f,5,daily_login,2026-06-05,2026-06-05T07:24:00+00:00
740,d0c58825-6ead-50f6-9a07-f2f95dbb51ea,5,daily_login,2026-06-05,2026-06-05T07:27:00+00:00
741,2e2e8079-6c9e-51c9-bc7e-1475045fd514,5,daily_login,2026-06-05,2026-06-05T07:27:00+00:00
742,e7dd6cb0-626e-510a-9e98-0498c534b04d,5,daily_login,2026-06-05,2026-06-05T07:28:00+00:00
743,7ef6d8e7-132e-5da5-a653-16dd2e5719c4,50,profile_complete,onboarding,2026-06-05T07:30:00+00:00
744,da462241-608b-5422-bdbd-0d98184a433d,5,daily_login,2026-06-05,2026-06-05T07:30:00+00:00
745,facb4557-eabe-5f8b-89cc-f223b91c89b7,5,daily_login,2026-06-05,2026-06-05T07:30:00+00:00
746,84047d01-74e6-5a08-a20e-b5c25e3eff3e,5,daily_login,2026-06-05,2026-06-05T07:33:00+00:00
747,44f09dba-7a20-5f46-840b-4670e6c7eb92,5,daily_login,2026-06-05,2026-06-05T07:33:00+00:00
748,19e81afb-74c1-5b4a-9af3-469f3b610235,5,daily_login,2026-06-05,2026-06-05T07:34:00+00:00
749,8ecc0792-3789-53b2-a26e-fc6daa886eb7,5,daily_login,2026-06-05,2026-06-05T07:36:00+00:00
750,9edec740-5de6-5c27-8233-5cf72946b182,5,daily_login,2026-06-05,2026-06-05T07:36:00+00:00
751,eb397f92-99ac-5f0f-8f81-3540865f0477,5,daily_login,2026-06-05,2026-06-05T07:38:00+00:00
752,eb397f92-99ac-5f0f-8f81-3540865f0477,5,streak_week_bonus,2026-06-05,2026-06-05T07:38:00+00:00
753,eb397f92-99ac-5f0f-8f81-3540865f0477,200,streak_7,badge,2026-06-05T07:38:00+00:00
754,33ba5d16-c38c-5bcf-9896-ea8ae81d6e7b,5,daily_login,2026-06-05,2026-06-05T07:41:00+00:00
755,77c684c4-9514-5edc-85ff-1052c8544c14,5,daily_login,2026-06-05,2026-06-05T07:42:00+00:00
756,b5be680a-732e-55e0-bc5d-b80e831ff33a,5,daily_login,2026-06-05,2026-06-05T07:42:00+00:00
757,daa36188-60fd-56a2-938b-70b1b51084b0,5,daily_login,2026-06-05,2026-06-05T07:43:00+00:00
758,3b932376-f549-5a1c-a24b-664b4bc338e3,5,daily_login,2026-06-05,2026-06-05T07:43:00+00:00
759,e137404e-9196-525c-b17a-44dc96d29f29,5,daily_login,2026-06-05,2026-06-05T07:44:00+00:00
760,d2a70bca-a25c-522f-9b7e-c967b69503cc,5,daily_login,2026-06-05,2026-06-05T07:45:00+00:00
761,3d0f3e54-413b-5a89-bc88-8cb0e7246b97,10,signup,signup,2026-06-05T18:30:00+00:00
762,49a9d8f7-08ea-5972-af3a-0ca0a6c06e59,10,signup,signup,2026-06-05T19:30:00+00:00
763,3d0f3e54-413b-5a89-bc88-8cb0e7246b97,50,profile_complete,onboarding,2026-06-05T19:30:00+00:00
764,49a9d8f7-08ea-5972-af3a-0ca0a6c06e59,50,profile_complete,onboarding,2026-06-05T20:30:00+00:00
765,0947c4b9-50d6-50e2-9043-84a15b80e8c7,10,signup,signup,2026-06-06T00:30:00+00:00
766,0947c4b9-50d6-50e2-9043-84a15b80e8c7,50,profile_complete,onboarding,2026-06-06T01:30:00+00:00
767,e21dfd78-ea9f-5754-a3b2-3b3b66dd30b5,10,signup,signup,2026-06-06T01:30:00+00:00
768,d9fbcbde-376a-5f82-9fb5-268a24b02d57,10,signup,signup,2026-06-06T02:30:00+00:00
769,e21dfd78-ea9f-5754-a3b2-3b3b66dd30b5,50,profile_complete,onboarding,2026-06-06T02:30:00+00:00
770,d9fbcbde-376a-5f82-9fb5-268a24b02d57,50,profile_complete,onboarding,2026-06-06T03:30:00+00:00
771,001e944b-e64e-5742-afb7-5e04327e41ee,10,signup,signup,2026-06-06T04:30:00+00:00
772,54561bf4-fe37-5b37-934d-9c7f81542f8b,10,signup,signup,2026-06-06T04:30:00+00:00
773,8300625d-d3f5-5264-8503-98a2bfbf60d8,10,signup,signup,2026-06-06T04:30:00+00:00
774,4c2177ab-592a-5e4a-b25b-8bb3f8090555,10,signup,signup,2026-06-06T05:30:00+00:00
775,001e944b-e64e-5742-afb7-5e04327e41ee,50,profile_complete,onboarding,2026-06-06T05:30:00+00:00
776,54561bf4-fe37-5b37-934d-9c7f81542f8b,50,profile_complete,onboarding,2026-06-06T05:30:00+00:00
777,8300625d-d3f5-5264-8503-98a2bfbf60d8,50,profile_complete,onboarding,2026-06-06T05:30:00+00:00
778,4c2177ab-592a-5e4a-b25b-8bb3f8090555,50,profile_complete,onboarding,2026-06-06T06:30:00+00:00
779,20b63262-d3e6-555a-95b2-84fc87694a19,10,signup,signup,2026-06-06T06:30:00+00:00
780,610e9654-06d6-5e55-959b-377b8749b8f9,5,daily_login,2026-06-06,2026-06-06T07:10:00+00:00
781,6cf4bb40-4d81-5eb3-b9d9-5841cd55724e,5,daily_login,2026-06-06,2026-06-06T07:11:00+00:00
782,20b63262-d3e6-555a-95b2-84fc87694a19,5,daily_login,2026-06-06,2026-06-06T07:15:00+00:00
783,52ab3a8f-ec5c-5e66-bcd5-efc304512118,5,daily_login,2026-06-06,2026-06-06T07:18:00+00:00
784,96dbbdad-601e-5bc2-9d1a-78f9f6349a39,5,daily_login,2026-06-06,2026-06-06T07:18:00+00:00
785,d3175e63-6121-5d55-b429-df91670d9aca,5,daily_login,2026-06-06,2026-06-06T07:18:00+00:00
786,5a4b137d-2ebb-5c75-8cdd-bf77406b4b9f,5,daily_login,2026-06-06,2026-06-06T07:19:00+00:00
787,43a3bb15-e7a6-5c42-a198-3e0d7f080ba1,5,daily_login,2026-06-06,2026-06-06T07:20:00+00:00
788,4845dc43-0c9d-5f09-aa4a-62e68abb5d12,5,daily_login,2026-06-06,2026-06-06T07:21:00+00:00
789,7bdf8ad6-1318-5f74-9112-e2b655e215a2,5,daily_login,2026-06-06,2026-06-06T07:21:00+00:00
790,7bdf8ad6-1318-5f74-9112-e2b655e215a2,5,streak_week_bonus,2026-06-06,2026-06-06T07:21:00+00:00
791,7bdf8ad6-1318-5f74-9112-e2b655e215a2,200,streak_7,badge,2026-06-06T07:21:00+00:00
792,4966bb54-4d4f-5992-8586-1bd44991d17f,5,daily_login,2026-06-06,2026-06-06T07:22:00+00:00
793,44a33563-638c-52da-ae01-285f43dfcb99,5,daily_login,2026-06-06,2026-06-06T07:22:00+00:00
794,d16e3cdc-2868-563d-867d-62fa9b8b24ea,5,daily_login,2026-06-06,2026-06-06T07:22:00+00:00
795,3a376c3a-3e46-5c8c-815c-232b66ca9bc8,5,daily_login,2026-06-06,2026-06-06T07:23:00+00:00
796,4c310820-12d3-5128-9a45-973db446b59e,5,daily_login,2026-06-06,2026-06-06T07:23:00+00:00
797,02bf8d95-eee4-5287-b363-0551cc4a6d51,5,daily_login,2026-06-06,2026-06-06T07:23:00+00:00
798,58074159-53d7-5a52-8436-d84a05af35a9,5,daily_login,2026-06-06,2026-06-06T07:24:00+00:00
799,e502b694-466f-5e1f-9293-146b264ae20c,5,daily_login,2026-06-06,2026-06-06T07:27:00+00:00
800,d0c58825-6ead-50f6-9a07-f2f95dbb51ea,5,daily_login,2026-06-06,2026-06-06T07:27:00+00:00
801,2e2e8079-6c9e-51c9-bc7e-1475045fd514,5,daily_login,2026-06-06,2026-06-06T07:27:00+00:00
802,e7dd6cb0-626e-510a-9e98-0498c534b04d,5,daily_login,2026-06-06,2026-06-06T07:28:00+00:00
803,20b63262-d3e6-555a-95b2-84fc87694a19,50,profile_complete,onboarding,2026-06-06T07:30:00+00:00
804,082b47e7-5a06-5a34-bd49-595c82b2b196,5,daily_login,2026-06-06,2026-06-06T07:31:00+00:00
805,45cee65b-db52-5dff-b09d-0ee1ac2be20f,5,daily_login,2026-06-06,2026-06-06T07:31:00+00:00
806,84047d01-74e6-5a08-a20e-b5c25e3eff3e,5,daily_login,2026-06-06,2026-06-06T07:33:00+00:00
807,88820056-e901-59a1-b2ca-c4e813b34f7b,5,daily_login,2026-06-06,2026-06-06T07:33:00+00:00
808,e747fee0-a84b-5f51-98a3-7481903c9023,5,daily_login,2026-06-06,2026-06-06T07:34:00+00:00
809,1873645b-b54c-51dc-a41a-7131e831a64f,5,daily_login,2026-06-06,2026-06-06T07:35:00+00:00
810,7e6a1243-34f5-52e6-862f-e5f3b2ebe640,5,daily_login,2026-06-06,2026-06-06T07:36:00+00:00
811,9edec740-5de6-5c27-8233-5cf72946b182,5,daily_login,2026-06-06,2026-06-06T07:36:00+00:00
812,ab45f9eb-3fee-5ea5-bccb-faffc50f3e76,5,daily_login,2026-06-06,2026-06-06T07:37:00+00:00
813,eb397f92-99ac-5f0f-8f81-3540865f0477,5,daily_login,2026-06-06,2026-06-06T07:38:00+00:00
814,25797954-b022-582e-8349-e1e2c141368c,5,daily_login,2026-06-06,2026-06-06T07:39:00+00:00
815,33ba5d16-c38c-5bcf-9896-ea8ae81d6e7b,5,daily_login,2026-06-06,2026-06-06T07:41:00+00:00
816,daa36188-60fd-56a2-938b-70b1b51084b0,5,daily_login,2026-06-06,2026-06-06T07:43:00+00:00
817,e137404e-9196-525c-b17a-44dc96d29f29,5,daily_login,2026-06-06,2026-06-06T07:44:00+00:00
818,ae7ac442-d880-5cd8-bc30-8d21c5f7dc54,5,daily_login,2026-06-06,2026-06-06T07:45:00+00:00
819,6ac5a7a4-ae0d-5e31-8a7c-d85b63a96c46,5,daily_login,2026-06-06,2026-06-06T07:45:00+00:00
820,bf54d417-d834-5d3e-a7f9-106377fe05a5,5,daily_login,2026-06-06,2026-06-06T07:46:00+00:00
821,b39a9d3d-f3eb-5d31-9cc7-15e278969b70,5,daily_login,2026-06-06,2026-06-06T07:46:00+00:00
822,cac67f41-f5af-5268-9e2d-34feac0dc9fa,5,daily_login,2026-06-06,2026-06-06T07:46:00+00:00
823,a2cc3818-be31-5aeb-828c-e23f579431aa,10,signup,signup,2026-06-06T21:30:00+00:00
824,458287c3-1628-5e26-8930-0d88ae11ce1a,10,signup,signup,2026-06-06T21:30:00+00:00
825,eeeb9e89-042f-5fdc-8fcf-2c3ad56f9bf1,10,signup,signup,2026-06-06T21:30:00+00:00
826,a2cc3818-be31-5aeb-828c-e23f579431aa,50,profile_complete,onboarding,2026-06-06T22:30:00+00:00
827,458287c3-1628-5e26-8930-0d88ae11ce1a,50,profile_complete,onboarding,2026-06-06T22:30:00+00:00
828,eeeb9e89-042f-5fdc-8fcf-2c3ad56f9bf1,50,profile_complete,onboarding,2026-06-06T22:30:00+00:00
829,1b1e4344-fde4-5cc2-b82c-4fb458696522,10,signup,signup,2026-06-06T22:30:00+00:00
830,7b359533-e634-59eb-a2c3-b5501ff96488,10,signup,signup,2026-06-06T22:30:00+00:00
831,1b1e4344-fde4-5cc2-b82c-4fb458696522,50,profile_complete,onboarding,2026-06-06T23:30:00+00:00
832,7b359533-e634-59eb-a2c3-b5501ff96488,50,profile_complete,onboarding,2026-06-06T23:30:00+00:00
833,f2561442-8439-5138-9a3b-8bcf96f16609,10,signup,signup,2026-06-07T00:30:00+00:00
834,f2561442-8439-5138-9a3b-8bcf96f16609,50,profile_complete,onboarding,2026-06-07T01:30:00+00:00
835,64609795-d498-5ea7-ad33-a3bcecf9d962,10,signup,signup,2026-06-07T02:30:00+00:00
836,64609795-d498-5ea7-ad33-a3bcecf9d962,50,profile_complete,onboarding,2026-06-07T03:30:00+00:00
837,6e82bb3e-ede8-5803-ba1a-cc3aa8766199,10,signup,signup,2026-06-07T04:30:00+00:00
838,cb162f3d-006f-544e-bfa6-f9abb8a52026,10,signup,signup,2026-06-07T04:30:00+00:00
839,6e82bb3e-ede8-5803-ba1a-cc3aa8766199,50,profile_complete,onboarding,2026-06-07T05:30:00+00:00
840,cb162f3d-006f-544e-bfa6-f9abb8a52026,50,profile_complete,onboarding,2026-06-07T05:30:00+00:00
841,95927b04-f214-5c26-878d-fb55176e41bc,10,signup,signup,2026-06-07T06:30:00+00:00
842,368442e7-2dfe-5df4-9ab7-a468b984050a,10,signup,signup,2026-06-07T06:30:00+00:00
843,d5dc7189-89df-5fd7-983f-1124b6de3d68,10,signup,signup,2026-06-07T06:30:00+00:00
844,f2561442-8439-5138-9a3b-8bcf96f16609,5,daily_login,2026-06-07,2026-06-07T07:10:00+00:00
845,610e9654-06d6-5e55-959b-377b8749b8f9,5,daily_login,2026-06-07,2026-06-07T07:10:00+00:00
846,4c2177ab-592a-5e4a-b25b-8bb3f8090555,5,daily_login,2026-06-07,2026-06-07T07:11:00+00:00
847,f21481e8-5bf3-5aa6-a7e0-fe6e26920e28,5,daily_login,2026-06-07,2026-06-07T07:13:00+00:00
848,001e944b-e64e-5742-afb7-5e04327e41ee,5,daily_login,2026-06-07,2026-06-07T07:14:00+00:00
849,ea7edc0e-b64d-545f-b311-b4ee943f2935,5,daily_login,2026-06-07,2026-06-07T07:14:00+00:00
850,20b63262-d3e6-555a-95b2-84fc87694a19,5,daily_login,2026-06-07,2026-06-07T07:15:00+00:00
851,6ecf180b-be59-594c-a33b-31bd0120f01f,5,daily_login,2026-06-07,2026-06-07T07:15:00+00:00
852,b7f1d97d-9f3c-5885-b9ef-48d67a16a686,5,daily_login,2026-06-07,2026-06-07T07:17:00+00:00
853,96dbbdad-601e-5bc2-9d1a-78f9f6349a39,5,daily_login,2026-06-07,2026-06-07T07:18:00+00:00
854,96dbbdad-601e-5bc2-9d1a-78f9f6349a39,5,streak_week_bonus,2026-06-07,2026-06-07T07:18:00+00:00
855,96dbbdad-601e-5bc2-9d1a-78f9f6349a39,200,streak_7,badge,2026-06-07T07:18:00+00:00
856,64609795-d498-5ea7-ad33-a3bcecf9d962,5,daily_login,2026-06-07,2026-06-07T07:18:00+00:00
857,5a4b137d-2ebb-5c75-8cdd-bf77406b4b9f,5,daily_login,2026-06-07,2026-06-07T07:19:00+00:00
858,cb162f3d-006f-544e-bfa6-f9abb8a52026,5,daily_login,2026-06-07,2026-06-07T07:19:00+00:00
859,e1f9b739-b2d3-51e6-9609-05805a6d151c,5,daily_login,2026-06-07,2026-06-07T07:19:00+00:00
860,b0ebc690-efe0-594f-bd55-e4d7ec3454bc,5,daily_login,2026-06-07,2026-06-07T07:20:00+00:00
861,341a0cef-f4a9-53ee-8980-229dc154ff4e,5,daily_login,2026-06-07,2026-06-07T07:20:00+00:00
862,4966bb54-4d4f-5992-8586-1bd44991d17f,5,daily_login,2026-06-07,2026-06-07T07:22:00+00:00
863,8819cb55-67e6-5a55-98c8-d80446975a9e,5,daily_login,2026-06-07,2026-06-07T07:22:00+00:00
864,d16e3cdc-2868-563d-867d-62fa9b8b24ea,5,daily_login,2026-06-07,2026-06-07T07:22:00+00:00
865,d5dc7189-89df-5fd7-983f-1124b6de3d68,5,daily_login,2026-06-07,2026-06-07T07:23:00+00:00
866,02bf8d95-eee4-5287-b363-0551cc4a6d51,5,daily_login,2026-06-07,2026-06-07T07:23:00+00:00
867,61347d09-09eb-5f04-a4ec-fe830319799f,5,daily_login,2026-06-07,2026-06-07T07:24:00+00:00
868,a2cc3818-be31-5aeb-828c-e23f579431aa,5,daily_login,2026-06-07,2026-06-07T07:25:00+00:00
869,a60d0128-bffa-5d2d-9915-36693e6bc3ba,5,daily_login,2026-06-07,2026-06-07T07:26:00+00:00
870,e502b694-466f-5e1f-9293-146b264ae20c,5,daily_login,2026-06-07,2026-06-07T07:27:00+00:00
871,95927b04-f214-5c26-878d-fb55176e41bc,50,profile_complete,onboarding,2026-06-07T07:30:00+00:00
872,368442e7-2dfe-5df4-9ab7-a468b984050a,50,profile_complete,onboarding,2026-06-07T07:30:00+00:00
873,54561bf4-fe37-5b37-934d-9c7f81542f8b,5,daily_login,2026-06-07,2026-06-07T07:30:00+00:00
874,d5dc7189-89df-5fd7-983f-1124b6de3d68,50,profile_complete,onboarding,2026-06-07T07:30:00+00:00
875,da462241-608b-5422-bdbd-0d98184a433d,5,daily_login,2026-06-07,2026-06-07T07:30:00+00:00
876,082b47e7-5a06-5a34-bd49-595c82b2b196,5,daily_login,2026-06-07,2026-06-07T07:31:00+00:00
877,95927b04-f214-5c26-878d-fb55176e41bc,5,daily_login,2026-06-07,2026-06-07T07:32:00+00:00
878,1062abbb-4fcd-51a9-95fc-5474e4af7640,5,daily_login,2026-06-07,2026-06-07T07:32:00+00:00
879,473b12ab-4d0d-5b7f-89b2-c0a1e2405c60,5,daily_login,2026-06-07,2026-06-07T07:32:00+00:00
880,729fe171-fa0d-547e-b374-39bd19f4c645,5,daily_login,2026-06-07,2026-06-07T07:32:00+00:00
881,8300625d-d3f5-5264-8503-98a2bfbf60d8,5,daily_login,2026-06-07,2026-06-07T07:33:00+00:00
882,44f09dba-7a20-5f46-840b-4670e6c7eb92,5,daily_login,2026-06-07,2026-06-07T07:33:00+00:00
883,5d857806-7d61-533b-bc12-af2d7b775d29,5,daily_login,2026-06-07,2026-06-07T07:35:00+00:00
884,554a90ae-c448-548d-a552-cd8f1c340cbd,5,daily_login,2026-06-07,2026-06-07T07:36:00+00:00
885,7e6a1243-34f5-52e6-862f-e5f3b2ebe640,5,daily_login,2026-06-07,2026-06-07T07:36:00+00:00
886,5421f79d-ed60-5eed-852b-01b379adab9e,5,daily_login,2026-06-07,2026-06-07T07:36:00+00:00
887,9edec740-5de6-5c27-8233-5cf72946b182,5,daily_login,2026-06-07,2026-06-07T07:36:00+00:00
888,eeeb9e89-042f-5fdc-8fcf-2c3ad56f9bf1,5,daily_login,2026-06-07,2026-06-07T07:39:00+00:00
889,e21dfd78-ea9f-5754-a3b2-3b3b66dd30b5,5,daily_login,2026-06-07,2026-06-07T07:39:00+00:00
890,77c684c4-9514-5edc-85ff-1052c8544c14,5,daily_login,2026-06-07,2026-06-07T07:42:00+00:00
891,b5be680a-732e-55e0-bc5d-b80e831ff33a,5,daily_login,2026-06-07,2026-06-07T07:42:00+00:00
892,3b932376-f549-5a1c-a24b-664b4bc338e3,5,daily_login,2026-06-07,2026-06-07T07:43:00+00:00
893,36016ab9-3cc9-5f6a-8bc7-1d138ad9cb43,5,daily_login,2026-06-07,2026-06-07T07:44:00+00:00
894,e137404e-9196-525c-b17a-44dc96d29f29,5,daily_login,2026-06-07,2026-06-07T07:44:00+00:00
895,e137404e-9196-525c-b17a-44dc96d29f29,5,streak_week_bonus,2026-06-07,2026-06-07T07:44:00+00:00
896,e137404e-9196-525c-b17a-44dc96d29f29,200,streak_7,badge,2026-06-07T07:44:00+00:00
897,d2a70bca-a25c-522f-9b7e-c967b69503cc,5,daily_login,2026-06-07,2026-06-07T07:45:00+00:00
898,3bc3e38a-5ff7-5330-ab2d-8add18e85d57,5,daily_login,2026-06-07,2026-06-07T07:45:00+00:00
899,6ac5a7a4-ae0d-5e31-8a7c-d85b63a96c46,5,daily_login,2026-06-07,2026-06-07T07:45:00+00:00
900,5ccdaadc-80b2-50e1-a0c1-bad0246a7cf2,5,daily_login,2026-06-07,2026-06-07T07:46:00+00:00
901,cac67f41-f5af-5268-9e2d-34feac0dc9fa,5,daily_login,2026-06-07,2026-06-07T07:46:00+00:00
902,373cd20e-25d5-5a46-a0ae-18157cf68a55,10,signup,signup,2026-06-07T22:30:00+00:00
903,7624f38b-fbca-546f-af04-c9dda9318f82,10,signup,signup,2026-06-07T23:30:00+00:00
904,373cd20e-25d5-5a46-a0ae-18157cf68a55,50,profile_complete,onboarding,2026-06-07T23:30:00+00:00
905,a53c485b-a35c-51fb-84a5-364207ce0adb,10,signup,signup,2026-06-08T00:30:00+00:00
906,7624f38b-fbca-546f-af04-c9dda9318f82,50,profile_complete,onboarding,2026-06-08T00:30:00+00:00
907,a53c485b-a35c-51fb-84a5-364207ce0adb,50,profile_complete,onboarding,2026-06-08T01:30:00+00:00
908,d767d4bb-a2aa-587a-90f9-23d0689ae52a,10,signup,signup,2026-06-08T03:30:00+00:00
909,d9aaa9eb-5304-587b-b0f4-42a2d5930f54,10,signup,signup,2026-06-08T03:30:00+00:00
910,82a5c89c-0b3a-58b9-9259-837a5348a5c2,10,signup,signup,2026-06-08T03:30:00+00:00
911,605985c4-d18d-54b0-829f-2a199ea5c81d,10,signup,signup,2026-06-08T04:30:00+00:00
912,d767d4bb-a2aa-587a-90f9-23d0689ae52a,50,profile_complete,onboarding,2026-06-08T04:30:00+00:00
913,d9aaa9eb-5304-587b-b0f4-42a2d5930f54,50,profile_complete,onboarding,2026-06-08T04:30:00+00:00
914,82a5c89c-0b3a-58b9-9259-837a5348a5c2,50,profile_complete,onboarding,2026-06-08T04:30:00+00:00
915,605985c4-d18d-54b0-829f-2a199ea5c81d,50,profile_complete,onboarding,2026-06-08T05:30:00+00:00
916,bdc5faf6-386d-5338-99a0-32d156bcbd68,10,signup,signup,2026-06-08T06:30:00+00:00
917,610e9654-06d6-5e55-959b-377b8749b8f9,5,daily_login,2026-06-08,2026-06-08T07:10:00+00:00
918,3d016498-e16a-5ad9-95c7-b633dfc6a142,5,daily_login,2026-06-08,2026-06-08T07:13:00+00:00
919,f4793612-bd5c-52c4-b29e-226fe28a77ca,5,daily_login,2026-06-08,2026-06-08T07:13:00+00:00
920,001e944b-e64e-5742-afb7-5e04327e41ee,5,daily_login,2026-06-08,2026-06-08T07:14:00+00:00
921,6e82bb3e-ede8-5803-ba1a-cc3aa8766199,5,daily_login,2026-06-08,2026-06-08T07:15:00+00:00
922,693ebb02-ab3f-5d60-b798-d4d4df4900d2,5,daily_login,2026-06-08,2026-06-08T07:16:00+00:00
923,52ab3a8f-ec5c-5e66-bcd5-efc304512118,5,daily_login,2026-06-08,2026-06-08T07:18:00+00:00
924,96dbbdad-601e-5bc2-9d1a-78f9f6349a39,5,daily_login,2026-06-08,2026-06-08T07:18:00+00:00
925,64609795-d498-5ea7-ad33-a3bcecf9d962,5,daily_login,2026-06-08,2026-06-08T07:18:00+00:00
926,5a4b137d-2ebb-5c75-8cdd-bf77406b4b9f,5,daily_login,2026-06-08,2026-06-08T07:19:00+00:00
927,e1f9b739-b2d3-51e6-9609-05805a6d151c,5,daily_login,2026-06-08,2026-06-08T07:19:00+00:00
928,43a3bb15-e7a6-5c42-a198-3e0d7f080ba1,5,daily_login,2026-06-08,2026-06-08T07:20:00+00:00
929,7bdf8ad6-1318-5f74-9112-e2b655e215a2,5,daily_login,2026-06-08,2026-06-08T07:21:00+00:00
930,4ec67eb8-4fda-5cbc-bbd1-a6afc7ce8130,5,daily_login,2026-06-08,2026-06-08T07:21:00+00:00
931,368442e7-2dfe-5df4-9ab7-a468b984050a,5,daily_login,2026-06-08,2026-06-08T07:22:00+00:00
932,d16e3cdc-2868-563d-867d-62fa9b8b24ea,5,daily_login,2026-06-08,2026-06-08T07:22:00+00:00
933,4c310820-12d3-5128-9a45-973db446b59e,5,daily_login,2026-06-08,2026-06-08T07:23:00+00:00
934,d5dc7189-89df-5fd7-983f-1124b6de3d68,5,daily_login,2026-06-08,2026-06-08T07:23:00+00:00
935,35e87bcc-650c-5e3f-9741-3f0c54905b6f,5,daily_login,2026-06-08,2026-06-08T07:23:00+00:00
936,651ce25b-8132-52d9-8f74-889f22c3bb5c,5,daily_login,2026-06-08,2026-06-08T07:24:00+00:00
937,58074159-53d7-5a52-8436-d84a05af35a9,5,daily_login,2026-06-08,2026-06-08T07:24:00+00:00
938,e502b694-466f-5e1f-9293-146b264ae20c,5,daily_login,2026-06-08,2026-06-08T07:27:00+00:00
939,2e2e8079-6c9e-51c9-bc7e-1475045fd514,5,daily_login,2026-06-08,2026-06-08T07:27:00+00:00
940,e3efd234-c7f9-5957-937f-661b1c3981ef,5,daily_login,2026-06-08,2026-06-08T07:28:00+00:00
941,e7dd6cb0-626e-510a-9e98-0498c534b04d,5,daily_login,2026-06-08,2026-06-08T07:28:00+00:00
942,da462241-608b-5422-bdbd-0d98184a433d,5,daily_login,2026-06-08,2026-06-08T07:30:00+00:00
943,bdc5faf6-386d-5338-99a0-32d156bcbd68,50,profile_complete,onboarding,2026-06-08T07:30:00+00:00
944,0947c4b9-50d6-50e2-9043-84a15b80e8c7,5,daily_login,2026-06-08,2026-06-08T07:30:00+00:00
945,82a5c89c-0b3a-58b9-9259-837a5348a5c2,5,daily_login,2026-06-08,2026-06-08T07:31:00+00:00
946,1062abbb-4fcd-51a9-95fc-5474e4af7640,5,daily_login,2026-06-08,2026-06-08T07:32:00+00:00
947,473b12ab-4d0d-5b7f-89b2-c0a1e2405c60,5,daily_login,2026-06-08,2026-06-08T07:32:00+00:00
948,88820056-e901-59a1-b2ca-c4e813b34f7b,5,daily_login,2026-06-08,2026-06-08T07:33:00+00:00
949,19e81afb-74c1-5b4a-9af3-469f3b610235,5,daily_login,2026-06-08,2026-06-08T07:34:00+00:00
950,8ecc0792-3789-53b2-a26e-fc6daa886eb7,5,daily_login,2026-06-08,2026-06-08T07:36:00+00:00
951,eb397f92-99ac-5f0f-8f81-3540865f0477,5,daily_login,2026-06-08,2026-06-08T07:38:00+00:00
952,bdc5faf6-386d-5338-99a0-32d156bcbd68,5,daily_login,2026-06-08,2026-06-08T07:38:00+00:00
953,e21dfd78-ea9f-5754-a3b2-3b3b66dd30b5,5,daily_login,2026-06-08,2026-06-08T07:39:00+00:00
954,96ccee9a-30f2-56cd-b597-a927c84e0f75,5,daily_login,2026-06-08,2026-06-08T07:41:00+00:00
955,f223e569-d735-5980-b77b-25d459e64a37,5,daily_login,2026-06-08,2026-06-08T07:42:00+00:00
956,b5be680a-732e-55e0-bc5d-b80e831ff33a,5,daily_login,2026-06-08,2026-06-08T07:42:00+00:00
957,dfe9e449-d177-56af-a679-d3e1c78c5c02,5,daily_login,2026-06-08,2026-06-08T07:43:00+00:00
958,e137404e-9196-525c-b17a-44dc96d29f29,5,daily_login,2026-06-08,2026-06-08T07:44:00+00:00
959,d2a70bca-a25c-522f-9b7e-c967b69503cc,5,daily_login,2026-06-08,2026-06-08T07:45:00+00:00
960,5ccdaadc-80b2-50e1-a0c1-bad0246a7cf2,5,daily_login,2026-06-08,2026-06-08T07:46:00+00:00
961,bf54d417-d834-5d3e-a7f9-106377fe05a5,5,daily_login,2026-06-08,2026-06-08T07:46:00+00:00
962,bb4b0d34-59a4-5948-a9be-a1aa6caece55,10,signup,signup,2026-06-08T18:30:00+00:00
963,bb4b0d34-59a4-5948-a9be-a1aa6caece55,50,profile_complete,onboarding,2026-06-08T19:30:00+00:00
964,405fd522-6b0d-52fc-b397-dc3ce2e4a2ea,10,signup,signup,2026-06-08T19:30:00+00:00
965,405fd522-6b0d-52fc-b397-dc3ce2e4a2ea,50,profile_complete,onboarding,2026-06-08T20:30:00+00:00
966,6d9d0917-bda8-5863-abe4-92d14b0cc926,10,signup,signup,2026-06-08T22:30:00+00:00
967,1bc15434-bc22-56cc-a890-336efd2a11e5,10,signup,signup,2026-06-08T23:30:00+00:00
968,6d9d0917-bda8-5863-abe4-92d14b0cc926,50,profile_complete,onboarding,2026-06-08T23:30:00+00:00
969,1767869f-381f-59b9-acac-01da2d539e40,10,signup,signup,2026-06-09T00:30:00+00:00
970,1bc15434-bc22-56cc-a890-336efd2a11e5,50,profile_complete,onboarding,2026-06-09T00:30:00+00:00
971,fbdfefdb-ca2d-5a0e-87ed-62021c1c11d4,10,signup,signup,2026-06-09T00:30:00+00:00
972,1767869f-381f-59b9-acac-01da2d539e40,50,profile_complete,onboarding,2026-06-09T01:30:00+00:00
973,3425797b-5c54-5f3a-9a34-9cedb0dc5b84,10,signup,signup,2026-06-09T01:30:00+00:00
974,0b532307-3033-5baf-b61c-915d1213c01f,10,signup,signup,2026-06-09T01:30:00+00:00
975,fbdfefdb-ca2d-5a0e-87ed-62021c1c11d4,50,profile_complete,onboarding,2026-06-09T01:30:00+00:00
976,3425797b-5c54-5f3a-9a34-9cedb0dc5b84,50,profile_complete,onboarding,2026-06-09T02:30:00+00:00
977,0b532307-3033-5baf-b61c-915d1213c01f,50,profile_complete,onboarding,2026-06-09T02:30:00+00:00
978,01c00e49-c4d6-5d4b-bbc1-8aa3fe21ba2a,10,signup,signup,2026-06-09T02:30:00+00:00
979,84da666c-c47c-572e-b2c9-3b6f35881596,10,signup,signup,2026-06-09T03:30:00+00:00
980,9047d24d-0775-5f10-bf17-6e8fc62c5884,10,signup,signup,2026-06-09T03:30:00+00:00
981,01c00e49-c4d6-5d4b-bbc1-8aa3fe21ba2a,50,profile_complete,onboarding,2026-06-09T03:30:00+00:00
982,84da666c-c47c-572e-b2c9-3b6f35881596,50,profile_complete,onboarding,2026-06-09T04:30:00+00:00
983,9047d24d-0775-5f10-bf17-6e8fc62c5884,50,profile_complete,onboarding,2026-06-09T04:30:00+00:00
984,eb3717c1-cd92-5eeb-af40-9df7f3132426,10,signup,signup,2026-06-09T06:30:00+00:00
985,610e9654-06d6-5e55-959b-377b8749b8f9,5,daily_login,2026-06-09,2026-06-09T07:10:00+00:00
986,693ebb02-ab3f-5d60-b798-d4d4df4900d2,5,daily_login,2026-06-09,2026-06-09T07:16:00+00:00
987,b7f1d97d-9f3c-5885-b9ef-48d67a16a686,5,daily_login,2026-06-09,2026-06-09T07:17:00+00:00
988,96dbbdad-601e-5bc2-9d1a-78f9f6349a39,5,daily_login,2026-06-09,2026-06-09T07:18:00+00:00
989,64609795-d498-5ea7-ad33-a3bcecf9d962,5,daily_login,2026-06-09,2026-06-09T07:18:00+00:00
990,cb162f3d-006f-544e-bfa6-f9abb8a52026,5,daily_login,2026-06-09,2026-06-09T07:19:00+00:00
991,e1f9b739-b2d3-51e6-9609-05805a6d151c,5,daily_login,2026-06-09,2026-06-09T07:19:00+00:00
992,43a3bb15-e7a6-5c42-a198-3e0d7f080ba1,5,daily_login,2026-06-09,2026-06-09T07:20:00+00:00
993,9047d24d-0775-5f10-bf17-6e8fc62c5884,5,daily_login,2026-06-09,2026-06-09T07:20:00+00:00
994,7bdf8ad6-1318-5f74-9112-e2b655e215a2,5,daily_login,2026-06-09,2026-06-09T07:21:00+00:00
995,8819cb55-67e6-5a55-98c8-d80446975a9e,5,daily_login,2026-06-09,2026-06-09T07:22:00+00:00
996,368442e7-2dfe-5df4-9ab7-a468b984050a,5,daily_login,2026-06-09,2026-06-09T07:22:00+00:00
997,3a376c3a-3e46-5c8c-815c-232b66ca9bc8,5,daily_login,2026-06-09,2026-06-09T07:23:00+00:00
998,4c310820-12d3-5128-9a45-973db446b59e,5,daily_login,2026-06-09,2026-06-09T07:23:00+00:00
999,d5dc7189-89df-5fd7-983f-1124b6de3d68,5,daily_login,2026-06-09,2026-06-09T07:23:00+00:00
1000,02bf8d95-eee4-5287-b363-0551cc4a6d51,5,daily_login,2026-06-09,2026-06-09T07:23:00+00:00
1001,35e87bcc-650c-5e3f-9741-3f0c54905b6f,5,daily_login,2026-06-09,2026-06-09T07:23:00+00:00
1002,a2cc3818-be31-5aeb-828c-e23f579431aa,5,daily_login,2026-06-09,2026-06-09T07:25:00+00:00
1003,53f78f7e-e2df-586b-b483-5748c92d0f9f,5,daily_login,2026-06-09,2026-06-09T07:25:00+00:00
1004,a60d0128-bffa-5d2d-9915-36693e6bc3ba,5,daily_login,2026-06-09,2026-06-09T07:26:00+00:00
1005,d0c58825-6ead-50f6-9a07-f2f95dbb51ea,5,daily_login,2026-06-09,2026-06-09T07:27:00+00:00
1006,49a9d8f7-08ea-5972-af3a-0ca0a6c06e59,5,daily_login,2026-06-09,2026-06-09T07:27:00+00:00
1007,e7dd6cb0-626e-510a-9e98-0498c534b04d,5,daily_login,2026-06-09,2026-06-09T07:28:00+00:00
1008,eb3717c1-cd92-5eeb-af40-9df7f3132426,50,profile_complete,onboarding,2026-06-09T07:30:00+00:00
1009,da462241-608b-5422-bdbd-0d98184a433d,5,daily_login,2026-06-09,2026-06-09T07:30:00+00:00
1010,082b47e7-5a06-5a34-bd49-595c82b2b196,5,daily_login,2026-06-09,2026-06-09T07:31:00+00:00
1011,45cee65b-db52-5dff-b09d-0ee1ac2be20f,5,daily_login,2026-06-09,2026-06-09T07:31:00+00:00
1012,82a5c89c-0b3a-58b9-9259-837a5348a5c2,5,daily_login,2026-06-09,2026-06-09T07:31:00+00:00
1013,95927b04-f214-5c26-878d-fb55176e41bc,5,daily_login,2026-06-09,2026-06-09T07:32:00+00:00
1014,1062abbb-4fcd-51a9-95fc-5474e4af7640,5,daily_login,2026-06-09,2026-06-09T07:32:00+00:00
1015,84047d01-74e6-5a08-a20e-b5c25e3eff3e,5,daily_login,2026-06-09,2026-06-09T07:33:00+00:00
1016,6467241a-6abd-5888-8e87-40e0e86cbc55,5,daily_login,2026-06-09,2026-06-09T07:33:00+00:00
1017,88820056-e901-59a1-b2ca-c4e813b34f7b,5,daily_login,2026-06-09,2026-06-09T07:33:00+00:00
1018,01c00e49-c4d6-5d4b-bbc1-8aa3fe21ba2a,5,daily_login,2026-06-09,2026-06-09T07:34:00+00:00
1019,1873645b-b54c-51dc-a41a-7131e831a64f,5,daily_login,2026-06-09,2026-06-09T07:35:00+00:00
1020,7e6a1243-34f5-52e6-862f-e5f3b2ebe640,5,daily_login,2026-06-09,2026-06-09T07:36:00+00:00
1021,45abfe15-6e8d-57cf-bda3-b7ae2b5c0bc7,5,daily_login,2026-06-09,2026-06-09T07:37:00+00:00
1022,bb4b0d34-59a4-5948-a9be-a1aa6caece55,5,daily_login,2026-06-09,2026-06-09T07:40:00+00:00
1023,96ccee9a-30f2-56cd-b597-a927c84e0f75,5,daily_login,2026-06-09,2026-06-09T07:41:00+00:00
1024,0b532307-3033-5baf-b61c-915d1213c01f,5,daily_login,2026-06-09,2026-06-09T07:41:00+00:00
1025,77c684c4-9514-5edc-85ff-1052c8544c14,5,daily_login,2026-06-09,2026-06-09T07:42:00+00:00
1026,b5be680a-732e-55e0-bc5d-b80e831ff33a,5,daily_login,2026-06-09,2026-06-09T07:42:00+00:00
1027,e137404e-9196-525c-b17a-44dc96d29f29,5,daily_login,2026-06-09,2026-06-09T07:44:00+00:00
1028,d2a70bca-a25c-522f-9b7e-c967b69503cc,5,daily_login,2026-06-09,2026-06-09T07:45:00+00:00
1029,3bc3e38a-5ff7-5330-ab2d-8add18e85d57,5,daily_login,2026-06-09,2026-06-09T07:45:00+00:00
1030,6ac5a7a4-ae0d-5e31-8a7c-d85b63a96c46,5,daily_login,2026-06-09,2026-06-09T07:45:00+00:00
1031,5ccdaadc-80b2-50e1-a0c1-bad0246a7cf2,5,daily_login,2026-06-09,2026-06-09T07:46:00+00:00
1032,b39a9d3d-f3eb-5d31-9cc7-15e278969b70,5,daily_login,2026-06-09,2026-06-09T07:46:00+00:00
1033,cac67f41-f5af-5268-9e2d-34feac0dc9fa,5,daily_login,2026-06-09,2026-06-09T07:46:00+00:00
1034,ae96d203-7a11-52ed-9e02-cd93c3dda603,10,signup,signup,2026-06-09T18:30:00+00:00
1035,f0ca4141-ccff-5472-ba76-f4b194108c7b,10,signup,signup,2026-06-09T18:30:00+00:00
1036,ae96d203-7a11-52ed-9e02-cd93c3dda603,50,profile_complete,onboarding,2026-06-09T19:30:00+00:00
1037,f0ca4141-ccff-5472-ba76-f4b194108c7b,50,profile_complete,onboarding,2026-06-09T19:30:00+00:00
1038,f0f4eb8c-a1ed-50a1-bc7d-2863700a31a5,10,signup,signup,2026-06-09T20:30:00+00:00
1039,f22a7317-9c2b-5d13-99b9-1a1622094bb3,10,signup,signup,2026-06-09T21:30:00+00:00
1040,f0f4eb8c-a1ed-50a1-bc7d-2863700a31a5,50,profile_complete,onboarding,2026-06-09T21:30:00+00:00
1041,f22a7317-9c2b-5d13-99b9-1a1622094bb3,50,profile_complete,onboarding,2026-06-09T22:30:00+00:00
1042,783491ec-2857-52e8-a102-766d7abba6d2,10,signup,signup,2026-06-10T01:30:00+00:00
1043,baa8ef70-5b01-5a49-84cb-71c353290705,10,signup,signup,2026-06-10T02:30:00+00:00
1044,518ae987-15f7-5b22-8bcc-df59623dbdce,10,signup,signup,2026-06-10T02:30:00+00:00
1045,783491ec-2857-52e8-a102-766d7abba6d2,50,profile_complete,onboarding,2026-06-10T02:30:00+00:00
1046,baa8ef70-5b01-5a49-84cb-71c353290705,50,profile_complete,onboarding,2026-06-10T03:30:00+00:00
1047,9355c2cf-38db-5118-9b77-3d5b5b3870df,10,signup,signup,2026-06-10T03:30:00+00:00
1048,518ae987-15f7-5b22-8bcc-df59623dbdce,50,profile_complete,onboarding,2026-06-10T03:30:00+00:00
1049,9355c2cf-38db-5118-9b77-3d5b5b3870df,50,profile_complete,onboarding,2026-06-10T04:30:00+00:00
1050,3d5b480d-3962-5c76-96ca-5459d65372aa,10,signup,signup,2026-06-10T04:30:00+00:00
1051,ec6d706d-7dba-534b-8700-e6752dbd06e1,10,signup,signup,2026-06-10T05:30:00+00:00
1052,3d5b480d-3962-5c76-96ca-5459d65372aa,50,profile_complete,onboarding,2026-06-10T05:30:00+00:00
1053,ec6d706d-7dba-534b-8700-e6752dbd06e1,50,profile_complete,onboarding,2026-06-10T06:30:00+00:00
1054,9b2e34a9-6722-598e-a857-e346acd294bf,10,signup,signup,2026-06-10T06:30:00+00:00
1055,d9fbcbde-376a-5f82-9fb5-268a24b02d57,5,daily_login,2026-06-10,2026-06-10T07:10:00+00:00
1056,f2561442-8439-5138-9a3b-8bcf96f16609,5,daily_login,2026-06-10,2026-06-10T07:10:00+00:00
1057,4c2177ab-592a-5e4a-b25b-8bb3f8090555,5,daily_login,2026-06-10,2026-06-10T07:11:00+00:00
1058,6cf4bb40-4d81-5eb3-b9d9-5841cd55724e,5,daily_login,2026-06-10,2026-06-10T07:11:00+00:00
1059,f985b68e-39ae-5c83-8468-2b126802c414,5,daily_login,2026-06-10,2026-06-10T07:12:00+00:00
1060,3d016498-e16a-5ad9-95c7-b633dfc6a142,5,daily_login,2026-06-10,2026-06-10T07:13:00+00:00
1061,1767869f-381f-59b9-acac-01da2d539e40,5,daily_login,2026-06-10,2026-06-10T07:15:00+00:00
1062,90cced0e-f2c7-528c-bd28-38c44ead6c98,5,daily_login,2026-06-10,2026-06-10T07:15:00+00:00
1063,eb3717c1-cd92-5eeb-af40-9df7f3132426,5,daily_login,2026-06-10,2026-06-10T07:16:00+00:00
1064,06657aeb-b604-5b0d-9281-d2e5afb78a9d,5,daily_login,2026-06-10,2026-06-10T07:16:00+00:00
1065,9355c2cf-38db-5118-9b77-3d5b5b3870df,5,daily_login,2026-06-10,2026-06-10T07:17:00+00:00
1066,96dbbdad-601e-5bc2-9d1a-78f9f6349a39,5,daily_login,2026-06-10,2026-06-10T07:18:00+00:00
1067,64609795-d498-5ea7-ad33-a3bcecf9d962,5,daily_login,2026-06-10,2026-06-10T07:18:00+00:00
1068,5a4b137d-2ebb-5c75-8cdd-bf77406b4b9f,5,daily_login,2026-06-10,2026-06-10T07:19:00+00:00
1069,9d1c460b-bd0b-57ff-ac14-f2b10f73edd3,5,daily_login,2026-06-10,2026-06-10T07:19:00+00:00
1070,43a3bb15-e7a6-5c42-a198-3e0d7f080ba1,5,daily_login,2026-06-10,2026-06-10T07:20:00+00:00
1071,9047d24d-0775-5f10-bf17-6e8fc62c5884,5,daily_login,2026-06-10,2026-06-10T07:20:00+00:00
1072,9c9c228f-3bd5-5da4-b666-fbfab93b4b7e,5,daily_login,2026-06-10,2026-06-10T07:21:00+00:00
1073,1b1e4344-fde4-5cc2-b82c-4fb458696522,5,daily_login,2026-06-10,2026-06-10T07:21:00+00:00
1074,8819cb55-67e6-5a55-98c8-d80446975a9e,5,daily_login,2026-06-10,2026-06-10T07:22:00+00:00
1075,d16e3cdc-2868-563d-867d-62fa9b8b24ea,5,daily_login,2026-06-10,2026-06-10T07:22:00+00:00
1076,4c310820-12d3-5128-9a45-973db446b59e,5,daily_login,2026-06-10,2026-06-10T07:23:00+00:00
1077,d5dc7189-89df-5fd7-983f-1124b6de3d68,5,daily_login,2026-06-10,2026-06-10T07:23:00+00:00
1078,02bf8d95-eee4-5287-b363-0551cc4a6d51,5,daily_login,2026-06-10,2026-06-10T07:23:00+00:00
1079,ae96d203-7a11-52ed-9e02-cd93c3dda603,5,daily_login,2026-06-10,2026-06-10T07:24:00+00:00
1080,58074159-53d7-5a52-8436-d84a05af35a9,5,daily_login,2026-06-10,2026-06-10T07:24:00+00:00
1081,a2cc3818-be31-5aeb-828c-e23f579431aa,5,daily_login,2026-06-10,2026-06-10T07:25:00+00:00
1082,ef763ec1-f93c-5744-9640-4ca59adf9347,5,daily_login,2026-06-10,2026-06-10T07:25:00+00:00
1083,e502b694-466f-5e1f-9293-146b264ae20c,5,daily_login,2026-06-10,2026-06-10T07:27:00+00:00
1084,a53c485b-a35c-51fb-84a5-364207ce0adb,5,daily_login,2026-06-10,2026-06-10T07:29:00+00:00
1085,9b2e34a9-6722-598e-a857-e346acd294bf,50,profile_complete,onboarding,2026-06-10T07:30:00+00:00
1086,da462241-608b-5422-bdbd-0d98184a433d,5,daily_login,2026-06-10,2026-06-10T07:30:00+00:00
1087,082b47e7-5a06-5a34-bd49-595c82b2b196,5,daily_login,2026-06-10,2026-06-10T07:31:00+00:00
1088,82a5c89c-0b3a-58b9-9259-837a5348a5c2,5,daily_login,2026-06-10,2026-06-10T07:31:00+00:00
1089,95927b04-f214-5c26-878d-fb55176e41bc,5,daily_login,2026-06-10,2026-06-10T07:32:00+00:00
1090,84047d01-74e6-5a08-a20e-b5c25e3eff3e,5,daily_login,2026-06-10,2026-06-10T07:33:00+00:00
1091,8300625d-d3f5-5264-8503-98a2bfbf60d8,5,daily_login,2026-06-10,2026-06-10T07:33:00+00:00
1092,44f09dba-7a20-5f46-840b-4670e6c7eb92,5,daily_login,2026-06-10,2026-06-10T07:33:00+00:00
1093,88820056-e901-59a1-b2ca-c4e813b34f7b,5,daily_login,2026-06-10,2026-06-10T07:33:00+00:00
1094,e747fee0-a84b-5f51-98a3-7481903c9023,5,daily_login,2026-06-10,2026-06-10T07:34:00+00:00
1095,9edec740-5de6-5c27-8233-5cf72946b182,5,daily_login,2026-06-10,2026-06-10T07:36:00+00:00
1096,f22a7317-9c2b-5d13-99b9-1a1622094bb3,5,daily_login,2026-06-10,2026-06-10T07:38:00+00:00
1097,eb397f92-99ac-5f0f-8f81-3540865f0477,5,daily_login,2026-06-10,2026-06-10T07:38:00+00:00
1098,ec6d706d-7dba-534b-8700-e6752dbd06e1,5,daily_login,2026-06-10,2026-06-10T07:38:00+00:00
1099,e21dfd78-ea9f-5754-a3b2-3b3b66dd30b5,5,daily_login,2026-06-10,2026-06-10T07:39:00+00:00
1100,bb4b0d34-59a4-5948-a9be-a1aa6caece55,5,daily_login,2026-06-10,2026-06-10T07:40:00+00:00
1101,51420309-4688-52d6-84b9-51c0dc3a900e,5,daily_login,2026-06-10,2026-06-10T07:40:00+00:00
1102,373cd20e-25d5-5a46-a0ae-18157cf68a55,5,daily_login,2026-06-10,2026-06-10T07:41:00+00:00
1103,77c684c4-9514-5edc-85ff-1052c8544c14,5,daily_login,2026-06-10,2026-06-10T07:42:00+00:00
1104,3b932376-f549-5a1c-a24b-664b4bc338e3,5,daily_login,2026-06-10,2026-06-10T07:43:00+00:00
1105,e137404e-9196-525c-b17a-44dc96d29f29,5,daily_login,2026-06-10,2026-06-10T07:44:00+00:00
1106,ae7ac442-d880-5cd8-bc30-8d21c5f7dc54,5,daily_login,2026-06-10,2026-06-10T07:45:00+00:00
1107,6ac5a7a4-ae0d-5e31-8a7c-d85b63a96c46,5,daily_login,2026-06-10,2026-06-10T07:45:00+00:00
1108,bf54d417-d834-5d3e-a7f9-106377fe05a5,5,daily_login,2026-06-10,2026-06-10T07:46:00+00:00
1109,8ae0340a-8eaf-5e9d-9db0-ac449334023d,10,signup,signup,2026-06-10T20:30:00+00:00
1110,8ae0340a-8eaf-5e9d-9db0-ac449334023d,50,profile_complete,onboarding,2026-06-10T21:30:00+00:00
1111,9a026691-28ff-5880-9da3-006735af19d3,10,signup,signup,2026-06-10T22:30:00+00:00
1112,9a026691-28ff-5880-9da3-006735af19d3,50,profile_complete,onboarding,2026-06-10T23:30:00+00:00
1113,10feece1-a2cd-532b-8488-21659a3bee22,10,signup,signup,2026-06-11T02:30:00+00:00
1114,5532dec3-02ae-5ac3-8b57-2e8214a8598b,10,signup,signup,2026-06-11T02:30:00+00:00
1115,10feece1-a2cd-532b-8488-21659a3bee22,50,profile_complete,onboarding,2026-06-11T03:30:00+00:00
1116,b897da16-1a55-5740-8129-7d502e6f44b8,10,signup,signup,2026-06-11T03:30:00+00:00
1117,5532dec3-02ae-5ac3-8b57-2e8214a8598b,50,profile_complete,onboarding,2026-06-11T03:30:00+00:00
1118,b897da16-1a55-5740-8129-7d502e6f44b8,50,profile_complete,onboarding,2026-06-11T04:30:00+00:00
1119,f6e8344b-87f4-5461-93fc-b01ff1ae4265,10,signup,signup,2026-06-11T06:30:00+00:00
1120,610e9654-06d6-5e55-959b-377b8749b8f9,5,daily_login,2026-06-11,2026-06-11T07:10:00+00:00
1121,518ae987-15f7-5b22-8bcc-df59623dbdce,5,daily_login,2026-06-11,2026-06-11T07:10:00+00:00
1122,4c2177ab-592a-5e4a-b25b-8bb3f8090555,5,daily_login,2026-06-11,2026-06-11T07:11:00+00:00
1123,f0f4eb8c-a1ed-50a1-bc7d-2863700a31a5,5,daily_login,2026-06-11,2026-06-11T07:11:00+00:00
1124,3d016498-e16a-5ad9-95c7-b633dfc6a142,5,daily_login,2026-06-11,2026-06-11T07:13:00+00:00
1125,90cced0e-f2c7-528c-bd28-38c44ead6c98,5,daily_login,2026-06-11,2026-06-11T07:15:00+00:00
1126,52ab3a8f-ec5c-5e66-bcd5-efc304512118,5,daily_login,2026-06-11,2026-06-11T07:18:00+00:00
1127,96dbbdad-601e-5bc2-9d1a-78f9f6349a39,5,daily_login,2026-06-11,2026-06-11T07:18:00+00:00
1128,64609795-d498-5ea7-ad33-a3bcecf9d962,5,daily_login,2026-06-11,2026-06-11T07:18:00+00:00
1129,d3175e63-6121-5d55-b429-df91670d9aca,5,daily_login,2026-06-11,2026-06-11T07:18:00+00:00
1130,cb162f3d-006f-544e-bfa6-f9abb8a52026,5,daily_login,2026-06-11,2026-06-11T07:19:00+00:00
1131,e1f9b739-b2d3-51e6-9609-05805a6d151c,5,daily_login,2026-06-11,2026-06-11T07:19:00+00:00
1132,9d1c460b-bd0b-57ff-ac14-f2b10f73edd3,5,daily_login,2026-06-11,2026-06-11T07:19:00+00:00
1133,b0ebc690-efe0-594f-bd55-e4d7ec3454bc,5,daily_login,2026-06-11,2026-06-11T07:20:00+00:00
1134,43a3bb15-e7a6-5c42-a198-3e0d7f080ba1,5,daily_login,2026-06-11,2026-06-11T07:20:00+00:00
1135,9047d24d-0775-5f10-bf17-6e8fc62c5884,5,daily_login,2026-06-11,2026-06-11T07:20:00+00:00
1136,9c9c228f-3bd5-5da4-b666-fbfab93b4b7e,5,daily_login,2026-06-11,2026-06-11T07:21:00+00:00
1137,7bdf8ad6-1318-5f74-9112-e2b655e215a2,5,daily_login,2026-06-11,2026-06-11T07:21:00+00:00
1138,1b1e4344-fde4-5cc2-b82c-4fb458696522,5,daily_login,2026-06-11,2026-06-11T07:21:00+00:00
1139,4ec67eb8-4fda-5cbc-bbd1-a6afc7ce8130,5,daily_login,2026-06-11,2026-06-11T07:21:00+00:00
1140,8819cb55-67e6-5a55-98c8-d80446975a9e,5,daily_login,2026-06-11,2026-06-11T07:22:00+00:00
1141,484e243b-afd7-5767-bb0f-4262c0334aea,5,daily_login,2026-06-11,2026-06-11T07:22:00+00:00
1142,d16e3cdc-2868-563d-867d-62fa9b8b24ea,5,daily_login,2026-06-11,2026-06-11T07:22:00+00:00
1143,4c310820-12d3-5128-9a45-973db446b59e,5,daily_login,2026-06-11,2026-06-11T07:23:00+00:00
1144,d5dc7189-89df-5fd7-983f-1124b6de3d68,5,daily_login,2026-06-11,2026-06-11T07:23:00+00:00
1145,02bf8d95-eee4-5287-b363-0551cc4a6d51,5,daily_login,2026-06-11,2026-06-11T07:23:00+00:00
1146,35e87bcc-650c-5e3f-9741-3f0c54905b6f,5,daily_login,2026-06-11,2026-06-11T07:23:00+00:00
1147,ffe47fd1-7989-5728-addd-50b504edd889,5,daily_login,2026-06-11,2026-06-11T07:24:00+00:00
1148,58074159-53d7-5a52-8436-d84a05af35a9,5,daily_login,2026-06-11,2026-06-11T07:24:00+00:00
1149,baa8ef70-5b01-5a49-84cb-71c353290705,5,daily_login,2026-06-11,2026-06-11T07:26:00+00:00
1150,e502b694-466f-5e1f-9293-146b264ae20c,5,daily_login,2026-06-11,2026-06-11T07:27:00+00:00
1151,d0c58825-6ead-50f6-9a07-f2f95dbb51ea,5,daily_login,2026-06-11,2026-06-11T07:27:00+00:00
1152,2e2e8079-6c9e-51c9-bc7e-1475045fd514,5,daily_login,2026-06-11,2026-06-11T07:27:00+00:00
1153,49a9d8f7-08ea-5972-af3a-0ca0a6c06e59,5,daily_login,2026-06-11,2026-06-11T07:27:00+00:00
1154,e3efd234-c7f9-5957-937f-661b1c3981ef,5,daily_login,2026-06-11,2026-06-11T07:28:00+00:00
1155,f6e8344b-87f4-5461-93fc-b01ff1ae4265,50,profile_complete,onboarding,2026-06-11T07:30:00+00:00
1156,82a5c89c-0b3a-58b9-9259-837a5348a5c2,5,daily_login,2026-06-11,2026-06-11T07:31:00+00:00
1157,95927b04-f214-5c26-878d-fb55176e41bc,5,daily_login,2026-06-11,2026-06-11T07:32:00+00:00
1158,84047d01-74e6-5a08-a20e-b5c25e3eff3e,5,daily_login,2026-06-11,2026-06-11T07:33:00+00:00
1159,44f09dba-7a20-5f46-840b-4670e6c7eb92,5,daily_login,2026-06-11,2026-06-11T07:33:00+00:00
1160,88820056-e901-59a1-b2ca-c4e813b34f7b,5,daily_login,2026-06-11,2026-06-11T07:33:00+00:00
1161,01c00e49-c4d6-5d4b-bbc1-8aa3fe21ba2a,5,daily_login,2026-06-11,2026-06-11T07:34:00+00:00
1162,9a026691-28ff-5880-9da3-006735af19d3,5,daily_login,2026-06-11,2026-06-11T07:35:00+00:00
1163,8ecc0792-3789-53b2-a26e-fc6daa886eb7,5,daily_login,2026-06-11,2026-06-11T07:36:00+00:00
1164,9edec740-5de6-5c27-8233-5cf72946b182,5,daily_login,2026-06-11,2026-06-11T07:36:00+00:00
1165,eb397f92-99ac-5f0f-8f81-3540865f0477,5,daily_login,2026-06-11,2026-06-11T07:38:00+00:00
1166,ec6d706d-7dba-534b-8700-e6752dbd06e1,5,daily_login,2026-06-11,2026-06-11T07:38:00+00:00
1167,bdc5faf6-386d-5338-99a0-32d156bcbd68,5,daily_login,2026-06-11,2026-06-11T07:38:00+00:00
1168,eeeb9e89-042f-5fdc-8fcf-2c3ad56f9bf1,5,daily_login,2026-06-11,2026-06-11T07:39:00+00:00
1169,7624f38b-fbca-546f-af04-c9dda9318f82,5,daily_login,2026-06-11,2026-06-11T07:41:00+00:00
1170,e5b7ccce-2cb7-5b6e-95a5-32ffacbca87f,5,daily_login,2026-06-11,2026-06-11T07:42:00+00:00
1171,dfe9e449-d177-56af-a679-d3e1c78c5c02,5,daily_login,2026-06-11,2026-06-11T07:43:00+00:00
1172,3b932376-f549-5a1c-a24b-664b4bc338e3,5,daily_login,2026-06-11,2026-06-11T07:43:00+00:00
1173,36016ab9-3cc9-5f6a-8bc7-1d138ad9cb43,5,daily_login,2026-06-11,2026-06-11T07:44:00+00:00
1174,e137404e-9196-525c-b17a-44dc96d29f29,5,daily_login,2026-06-11,2026-06-11T07:44:00+00:00
1175,3bc3e38a-5ff7-5330-ab2d-8add18e85d57,5,daily_login,2026-06-11,2026-06-11T07:45:00+00:00
1176,6ac5a7a4-ae0d-5e31-8a7c-d85b63a96c46,5,daily_login,2026-06-11,2026-06-11T07:45:00+00:00
1177,b39a9d3d-f3eb-5d31-9cc7-15e278969b70,5,daily_login,2026-06-11,2026-06-11T07:46:00+00:00
1178,6720265f-9f2b-5485-bf24-54e1784991b6,10,signup,signup,2026-06-11T18:30:00+00:00
1179,6720265f-9f2b-5485-bf24-54e1784991b6,50,profile_complete,onboarding,2026-06-11T19:30:00+00:00
1180,6ab0c42d-0ad5-5b3d-9c6c-4ab9eaa47586,10,signup,signup,2026-06-11T20:30:00+00:00
1181,a5526e82-ef69-522b-b3ad-df818658bde0,10,signup,signup,2026-06-11T20:30:00+00:00
1182,20b4182c-90f7-51da-99e8-97ade4d19a92,10,signup,signup,2026-06-11T20:30:00+00:00
1183,508d03e7-de84-523a-8242-f48abc9451d7,10,signup,signup,2026-06-11T20:30:00+00:00
1184,6ab0c42d-0ad5-5b3d-9c6c-4ab9eaa47586,50,profile_complete,onboarding,2026-06-11T21:30:00+00:00
1185,a5526e82-ef69-522b-b3ad-df818658bde0,50,profile_complete,onboarding,2026-06-11T21:30:00+00:00
1186,20b4182c-90f7-51da-99e8-97ade4d19a92,50,profile_complete,onboarding,2026-06-11T21:30:00+00:00
1187,508d03e7-de84-523a-8242-f48abc9451d7,50,profile_complete,onboarding,2026-06-11T21:30:00+00:00
1188,7b48b183-5d87-500f-9cec-2e003c19efac,10,signup,signup,2026-06-11T22:30:00+00:00
1189,6988340a-a3c1-5fda-a996-711f1723c649,10,signup,signup,2026-06-11T22:30:00+00:00
1190,7b48b183-5d87-500f-9cec-2e003c19efac,50,profile_complete,onboarding,2026-06-11T23:30:00+00:00
1191,6988340a-a3c1-5fda-a996-711f1723c649,50,profile_complete,onboarding,2026-06-11T23:30:00+00:00
1192,b7180518-4b5b-54ef-9060-958212d05ab7,10,signup,signup,2026-06-12T03:30:00+00:00
1193,b7180518-4b5b-54ef-9060-958212d05ab7,50,profile_complete,onboarding,2026-06-12T04:30:00+00:00
1194,d6b81cb4-a299-5894-baa5-463cb63679a3,10,signup,signup,2026-06-12T04:30:00+00:00
1195,ee289908-380a-5bb3-8fdc-0990b203929b,10,signup,signup,2026-06-12T05:30:00+00:00
1196,302b84f9-9053-5cf7-bed0-305678227875,10,signup,signup,2026-06-12T05:30:00+00:00
1197,34046d1a-c67e-5a81-b9d5-47dd4840c4fe,10,signup,signup,2026-06-12T05:30:00+00:00
1198,096499d2-73d6-5063-9dd4-a7c1aebac61d,10,signup,signup,2026-06-12T05:30:00+00:00
1199,8fa5b823-1a70-59f7-9bb2-b3d5f36dc82b,10,signup,signup,2026-06-12T05:30:00+00:00
1200,d6b81cb4-a299-5894-baa5-463cb63679a3,50,profile_complete,onboarding,2026-06-12T05:30:00+00:00
1201,ee289908-380a-5bb3-8fdc-0990b203929b,50,profile_complete,onboarding,2026-06-12T06:30:00+00:00
1202,302b84f9-9053-5cf7-bed0-305678227875,50,profile_complete,onboarding,2026-06-12T06:30:00+00:00
1203,34046d1a-c67e-5a81-b9d5-47dd4840c4fe,50,profile_complete,onboarding,2026-06-12T06:30:00+00:00
1204,096499d2-73d6-5063-9dd4-a7c1aebac61d,50,profile_complete,onboarding,2026-06-12T06:30:00+00:00
1205,8fa5b823-1a70-59f7-9bb2-b3d5f36dc82b,50,profile_complete,onboarding,2026-06-12T06:30:00+00:00
1206,4c2177ab-592a-5e4a-b25b-8bb3f8090555,5,daily_login,2026-06-12,2026-06-12T07:11:00+00:00
1207,50de23a6-cd45-55ac-adb0-06d14b4ed8ce,5,daily_login,2026-06-12,2026-06-12T07:12:00+00:00
1208,f985b68e-39ae-5c83-8468-2b126802c414,5,daily_login,2026-06-12,2026-06-12T07:12:00+00:00
1209,3d016498-e16a-5ad9-95c7-b633dfc6a142,5,daily_login,2026-06-12,2026-06-12T07:13:00+00:00
1210,96dbbdad-601e-5bc2-9d1a-78f9f6349a39,5,daily_login,2026-06-12,2026-06-12T07:18:00+00:00
1211,64609795-d498-5ea7-ad33-a3bcecf9d962,5,daily_login,2026-06-12,2026-06-12T07:18:00+00:00
1212,d3175e63-6121-5d55-b429-df91670d9aca,5,daily_login,2026-06-12,2026-06-12T07:18:00+00:00
1213,5a4b137d-2ebb-5c75-8cdd-bf77406b4b9f,5,daily_login,2026-06-12,2026-06-12T07:19:00+00:00
1214,43a3bb15-e7a6-5c42-a198-3e0d7f080ba1,5,daily_login,2026-06-12,2026-06-12T07:20:00+00:00
1215,9047d24d-0775-5f10-bf17-6e8fc62c5884,5,daily_login,2026-06-12,2026-06-12T07:20:00+00:00
1216,7bdf8ad6-1318-5f74-9112-e2b655e215a2,5,daily_login,2026-06-12,2026-06-12T07:21:00+00:00
1217,1b1e4344-fde4-5cc2-b82c-4fb458696522,5,daily_login,2026-06-12,2026-06-12T07:21:00+00:00
1218,4ec67eb8-4fda-5cbc-bbd1-a6afc7ce8130,5,daily_login,2026-06-12,2026-06-12T07:21:00+00:00
1219,8819cb55-67e6-5a55-98c8-d80446975a9e,5,daily_login,2026-06-12,2026-06-12T07:22:00+00:00
1220,44a33563-638c-52da-ae01-285f43dfcb99,5,daily_login,2026-06-12,2026-06-12T07:22:00+00:00
1221,d16e3cdc-2868-563d-867d-62fa9b8b24ea,5,daily_login,2026-06-12,2026-06-12T07:22:00+00:00
1222,4c310820-12d3-5128-9a45-973db446b59e,5,daily_login,2026-06-12,2026-06-12T07:23:00+00:00
1223,d5dc7189-89df-5fd7-983f-1124b6de3d68,5,daily_login,2026-06-12,2026-06-12T07:23:00+00:00
1224,02bf8d95-eee4-5287-b363-0551cc4a6d51,5,daily_login,2026-06-12,2026-06-12T07:23:00+00:00
1225,35e87bcc-650c-5e3f-9741-3f0c54905b6f,5,daily_login,2026-06-12,2026-06-12T07:23:00+00:00
1226,ffe47fd1-7989-5728-addd-50b504edd889,5,daily_login,2026-06-12,2026-06-12T07:24:00+00:00
1227,58074159-53d7-5a52-8436-d84a05af35a9,5,daily_login,2026-06-12,2026-06-12T07:24:00+00:00
1228,61347d09-09eb-5f04-a4ec-fe830319799f,5,daily_login,2026-06-12,2026-06-12T07:24:00+00:00
1229,a2cc3818-be31-5aeb-828c-e23f579431aa,5,daily_login,2026-06-12,2026-06-12T07:25:00+00:00
1230,53f78f7e-e2df-586b-b483-5748c92d0f9f,5,daily_login,2026-06-12,2026-06-12T07:25:00+00:00
1231,baa8ef70-5b01-5a49-84cb-71c353290705,5,daily_login,2026-06-12,2026-06-12T07:26:00+00:00
1232,a60d0128-bffa-5d2d-9915-36693e6bc3ba,5,daily_login,2026-06-12,2026-06-12T07:26:00+00:00
1233,e502b694-466f-5e1f-9293-146b264ae20c,5,daily_login,2026-06-12,2026-06-12T07:27:00+00:00
1234,d0c58825-6ead-50f6-9a07-f2f95dbb51ea,5,daily_login,2026-06-12,2026-06-12T07:27:00+00:00
1235,2e2e8079-6c9e-51c9-bc7e-1475045fd514,5,daily_login,2026-06-12,2026-06-12T07:27:00+00:00
1236,da462241-608b-5422-bdbd-0d98184a433d,5,daily_login,2026-06-12,2026-06-12T07:30:00+00:00
1237,082b47e7-5a06-5a34-bd49-595c82b2b196,5,daily_login,2026-06-12,2026-06-12T07:31:00+00:00
1238,ee289908-380a-5bb3-8fdc-0990b203929b,5,daily_login,2026-06-12,2026-06-12T07:32:00+00:00
1239,88820056-e901-59a1-b2ca-c4e813b34f7b,5,daily_login,2026-06-12,2026-06-12T07:33:00+00:00
1240,6720265f-9f2b-5485-bf24-54e1784991b6,5,daily_login,2026-06-12,2026-06-12T07:34:00+00:00
1241,5d857806-7d61-533b-bc12-af2d7b775d29,5,daily_login,2026-06-12,2026-06-12T07:35:00+00:00
1242,9a026691-28ff-5880-9da3-006735af19d3,5,daily_login,2026-06-12,2026-06-12T07:35:00+00:00
1243,1873645b-b54c-51dc-a41a-7131e831a64f,5,daily_login,2026-06-12,2026-06-12T07:35:00+00:00
1244,554a90ae-c448-548d-a552-cd8f1c340cbd,5,daily_login,2026-06-12,2026-06-12T07:36:00+00:00
1245,8ecc0792-3789-53b2-a26e-fc6daa886eb7,5,daily_login,2026-06-12,2026-06-12T07:36:00+00:00
1246,6988340a-a3c1-5fda-a996-711f1723c649,5,daily_login,2026-06-12,2026-06-12T07:37:00+00:00
1247,eb397f92-99ac-5f0f-8f81-3540865f0477,5,daily_login,2026-06-12,2026-06-12T07:38:00+00:00
1248,bdc5faf6-386d-5338-99a0-32d156bcbd68,5,daily_login,2026-06-12,2026-06-12T07:38:00+00:00
1249,302b84f9-9053-5cf7-bed0-305678227875,5,daily_login,2026-06-12,2026-06-12T07:39:00+00:00
1250,508d03e7-de84-523a-8242-f48abc9451d7,5,daily_login,2026-06-12,2026-06-12T07:39:00+00:00
1251,d767d4bb-a2aa-587a-90f9-23d0689ae52a,5,daily_login,2026-06-12,2026-06-12T07:40:00+00:00
1252,51420309-4688-52d6-84b9-51c0dc3a900e,5,daily_login,2026-06-12,2026-06-12T07:40:00+00:00
1253,96ccee9a-30f2-56cd-b597-a927c84e0f75,5,daily_login,2026-06-12,2026-06-12T07:41:00+00:00
1254,77c684c4-9514-5edc-85ff-1052c8544c14,5,daily_login,2026-06-12,2026-06-12T07:42:00+00:00
1255,e137404e-9196-525c-b17a-44dc96d29f29,5,daily_login,2026-06-12,2026-06-12T07:44:00+00:00
1256,ae7ac442-d880-5cd8-bc30-8d21c5f7dc54,5,daily_login,2026-06-12,2026-06-12T07:45:00+00:00
1257,d2a70bca-a25c-522f-9b7e-c967b69503cc,5,daily_login,2026-06-12,2026-06-12T07:45:00+00:00
1258,6ac5a7a4-ae0d-5e31-8a7c-d85b63a96c46,5,daily_login,2026-06-12,2026-06-12T07:45:00+00:00
1259,5ccdaadc-80b2-50e1-a0c1-bad0246a7cf2,5,daily_login,2026-06-12,2026-06-12T07:46:00+00:00
1260,878bb7d9-5569-5efb-bbd1-5e39d62d594d,10,signup,signup,2026-06-13T00:30:00+00:00
1261,4cf03b5a-e2ca-57f2-95b8-16a3b92247e6,10,signup,signup,2026-06-13T01:30:00+00:00
1262,878bb7d9-5569-5efb-bbd1-5e39d62d594d,50,profile_complete,onboarding,2026-06-13T01:30:00+00:00
1263,4cf03b5a-e2ca-57f2-95b8-16a3b92247e6,50,profile_complete,onboarding,2026-06-13T02:30:00+00:00
1264,f3744506-cae3-5f81-8a4f-506a60395be8,10,signup,signup,2026-06-13T02:30:00+00:00
1265,f3744506-cae3-5f81-8a4f-506a60395be8,50,profile_complete,onboarding,2026-06-13T03:30:00+00:00
1266,f8f213c7-3d61-567e-9735-5e3e9498b892,10,signup,signup,2026-06-13T04:30:00+00:00
1267,50d6350f-ffd4-59ad-a1ff-65a49a77a913,10,signup,signup,2026-06-13T05:30:00+00:00
1268,f8f213c7-3d61-567e-9735-5e3e9498b892,50,profile_complete,onboarding,2026-06-13T05:30:00+00:00
1269,50d6350f-ffd4-59ad-a1ff-65a49a77a913,50,profile_complete,onboarding,2026-06-13T06:30:00+00:00
1270,d9fbcbde-376a-5f82-9fb5-268a24b02d57,5,daily_login,2026-06-13,2026-06-13T07:10:00+00:00
1271,f2561442-8439-5138-9a3b-8bcf96f16609,5,daily_login,2026-06-13,2026-06-13T07:10:00+00:00
1272,610e9654-06d6-5e55-959b-377b8749b8f9,5,daily_login,2026-06-13,2026-06-13T07:10:00+00:00
1273,6cf4bb40-4d81-5eb3-b9d9-5841cd55724e,5,daily_login,2026-06-13,2026-06-13T07:11:00+00:00
1274,b7180518-4b5b-54ef-9060-958212d05ab7,5,daily_login,2026-06-13,2026-06-13T07:11:00+00:00
1275,f4793612-bd5c-52c4-b29e-226fe28a77ca,5,daily_login,2026-06-13,2026-06-13T07:13:00+00:00
1276,001e944b-e64e-5742-afb7-5e04327e41ee,5,daily_login,2026-06-13,2026-06-13T07:14:00+00:00
1277,ea7edc0e-b64d-545f-b311-b4ee943f2935,5,daily_login,2026-06-13,2026-06-13T07:14:00+00:00
1278,90cced0e-f2c7-528c-bd28-38c44ead6c98,5,daily_login,2026-06-13,2026-06-13T07:15:00+00:00
1279,6ecf180b-be59-594c-a33b-31bd0120f01f,5,daily_login,2026-06-13,2026-06-13T07:15:00+00:00
1280,50d6350f-ffd4-59ad-a1ff-65a49a77a913,5,daily_login,2026-06-13,2026-06-13T07:16:00+00:00
1281,06657aeb-b604-5b0d-9281-d2e5afb78a9d,5,daily_login,2026-06-13,2026-06-13T07:16:00+00:00
1282,096499d2-73d6-5063-9dd4-a7c1aebac61d,5,daily_login,2026-06-13,2026-06-13T07:17:00+00:00
1283,96dbbdad-601e-5bc2-9d1a-78f9f6349a39,5,daily_login,2026-06-13,2026-06-13T07:18:00+00:00
1284,64609795-d498-5ea7-ad33-a3bcecf9d962,5,daily_login,2026-06-13,2026-06-13T07:18:00+00:00
1285,64609795-d498-5ea7-ad33-a3bcecf9d962,5,streak_week_bonus,2026-06-13,2026-06-13T07:18:00+00:00
1286,64609795-d498-5ea7-ad33-a3bcecf9d962,200,streak_7,badge,2026-06-13T07:18:00+00:00
1287,7b359533-e634-59eb-a2c3-b5501ff96488,5,daily_login,2026-06-13,2026-06-13T07:19:00+00:00
1288,43a3bb15-e7a6-5c42-a198-3e0d7f080ba1,5,daily_login,2026-06-13,2026-06-13T07:20:00+00:00
1289,63fdd1e3-9db3-5b05-9799-510eea6abab7,5,daily_login,2026-06-13,2026-06-13T07:20:00+00:00
1290,9047d24d-0775-5f10-bf17-6e8fc62c5884,5,daily_login,2026-06-13,2026-06-13T07:20:00+00:00
1291,4845dc43-0c9d-5f09-aa4a-62e68abb5d12,5,daily_login,2026-06-13,2026-06-13T07:21:00+00:00
1292,7bdf8ad6-1318-5f74-9112-e2b655e215a2,5,daily_login,2026-06-13,2026-06-13T07:21:00+00:00
1293,1b1e4344-fde4-5cc2-b82c-4fb458696522,5,daily_login,2026-06-13,2026-06-13T07:21:00+00:00
1294,4ec67eb8-4fda-5cbc-bbd1-a6afc7ce8130,5,daily_login,2026-06-13,2026-06-13T07:21:00+00:00
1295,484e243b-afd7-5767-bb0f-4262c0334aea,5,daily_login,2026-06-13,2026-06-13T07:22:00+00:00
1296,d16e3cdc-2868-563d-867d-62fa9b8b24ea,5,daily_login,2026-06-13,2026-06-13T07:22:00+00:00
1297,3a376c3a-3e46-5c8c-815c-232b66ca9bc8,5,daily_login,2026-06-13,2026-06-13T07:23:00+00:00
1298,e0b64119-ecb0-52a5-852d-39c211ce337a,5,daily_login,2026-06-13,2026-06-13T07:23:00+00:00
1299,4c310820-12d3-5128-9a45-973db446b59e,5,daily_login,2026-06-13,2026-06-13T07:23:00+00:00
1300,d5dc7189-89df-5fd7-983f-1124b6de3d68,5,daily_login,2026-06-13,2026-06-13T07:23:00+00:00
1301,d5dc7189-89df-5fd7-983f-1124b6de3d68,5,streak_week_bonus,2026-06-13,2026-06-13T07:23:00+00:00
1302,d5dc7189-89df-5fd7-983f-1124b6de3d68,200,streak_7,badge,2026-06-13T07:23:00+00:00
1303,02bf8d95-eee4-5287-b363-0551cc4a6d51,5,daily_login,2026-06-13,2026-06-13T07:23:00+00:00
1304,ef763ec1-f93c-5744-9640-4ca59adf9347,5,daily_login,2026-06-13,2026-06-13T07:25:00+00:00
1305,20b4182c-90f7-51da-99e8-97ade4d19a92,5,daily_login,2026-06-13,2026-06-13T07:26:00+00:00
1306,d0c58825-6ead-50f6-9a07-f2f95dbb51ea,5,daily_login,2026-06-13,2026-06-13T07:27:00+00:00
1307,f3744506-cae3-5f81-8a4f-506a60395be8,5,daily_login,2026-06-13,2026-06-13T07:28:00+00:00
1308,082b47e7-5a06-5a34-bd49-595c82b2b196,5,daily_login,2026-06-13,2026-06-13T07:31:00+00:00
1309,45cee65b-db52-5dff-b09d-0ee1ac2be20f,5,daily_login,2026-06-13,2026-06-13T07:31:00+00:00
1310,10feece1-a2cd-532b-8488-21659a3bee22,5,daily_login,2026-06-13,2026-06-13T07:31:00+00:00
1311,82a5c89c-0b3a-58b9-9259-837a5348a5c2,5,daily_login,2026-06-13,2026-06-13T07:31:00+00:00
1312,84047d01-74e6-5a08-a20e-b5c25e3eff3e,5,daily_login,2026-06-13,2026-06-13T07:33:00+00:00
1313,6720265f-9f2b-5485-bf24-54e1784991b6,5,daily_login,2026-06-13,2026-06-13T07:34:00+00:00
1314,9a026691-28ff-5880-9da3-006735af19d3,5,daily_login,2026-06-13,2026-06-13T07:35:00+00:00
1315,8ecc0792-3789-53b2-a26e-fc6daa886eb7,5,daily_login,2026-06-13,2026-06-13T07:36:00+00:00
1316,8fa5b823-1a70-59f7-9bb2-b3d5f36dc82b,5,daily_login,2026-06-13,2026-06-13T07:36:00+00:00
1317,45abfe15-6e8d-57cf-bda3-b7ae2b5c0bc7,5,daily_login,2026-06-13,2026-06-13T07:37:00+00:00
1318,6988340a-a3c1-5fda-a996-711f1723c649,5,daily_login,2026-06-13,2026-06-13T07:37:00+00:00
1319,eb397f92-99ac-5f0f-8f81-3540865f0477,5,daily_login,2026-06-13,2026-06-13T07:38:00+00:00
1320,eeeb9e89-042f-5fdc-8fcf-2c3ad56f9bf1,5,daily_login,2026-06-13,2026-06-13T07:39:00+00:00
1321,508d03e7-de84-523a-8242-f48abc9451d7,5,daily_login,2026-06-13,2026-06-13T07:39:00+00:00
1322,e21dfd78-ea9f-5754-a3b2-3b3b66dd30b5,5,daily_login,2026-06-13,2026-06-13T07:39:00+00:00
1323,7b48b183-5d87-500f-9cec-2e003c19efac,5,daily_login,2026-06-13,2026-06-13T07:40:00+00:00
1324,d767d4bb-a2aa-587a-90f9-23d0689ae52a,5,daily_login,2026-06-13,2026-06-13T07:40:00+00:00
1325,96ccee9a-30f2-56cd-b597-a927c84e0f75,5,daily_login,2026-06-13,2026-06-13T07:41:00+00:00
1326,dfe9e449-d177-56af-a679-d3e1c78c5c02,5,daily_login,2026-06-13,2026-06-13T07:43:00+00:00
1327,405fd522-6b0d-52fc-b397-dc3ce2e4a2ea,5,daily_login,2026-06-13,2026-06-13T07:44:00+00:00
1328,e137404e-9196-525c-b17a-44dc96d29f29,5,daily_login,2026-06-13,2026-06-13T07:44:00+00:00
1329,6d9d0917-bda8-5863-abe4-92d14b0cc926,5,daily_login,2026-06-13,2026-06-13T07:44:00+00:00
1330,6ab0c42d-0ad5-5b3d-9c6c-4ab9eaa47586,5,daily_login,2026-06-13,2026-06-13T07:45:00+00:00
1331,d2a70bca-a25c-522f-9b7e-c967b69503cc,5,daily_login,2026-06-13,2026-06-13T07:45:00+00:00
1332,b39a9d3d-f3eb-5d31-9cc7-15e278969b70,5,daily_login,2026-06-13,2026-06-13T07:46:00+00:00
1333,5c465a9a-bc36-5d7b-b5a2-0f18d9dab68a,10,signup,signup,2026-06-13T19:30:00+00:00
1334,cd8c4c60-ab9b-5cf3-996e-d4fbb990f4c6,10,signup,signup,2026-06-13T20:30:00+00:00
1335,5c465a9a-bc36-5d7b-b5a2-0f18d9dab68a,50,profile_complete,onboarding,2026-06-13T20:30:00+00:00
1336,33d87513-60c2-51ff-9ec5-f0f1389ed27e,10,signup,signup,2026-06-13T21:30:00+00:00
1337,cd8c4c60-ab9b-5cf3-996e-d4fbb990f4c6,50,profile_complete,onboarding,2026-06-13T21:30:00+00:00
1338,33d87513-60c2-51ff-9ec5-f0f1389ed27e,50,profile_complete,onboarding,2026-06-13T22:30:00+00:00
1339,64b591cd-4cbe-577a-aba9-ee6912328a58,10,signup,signup,2026-06-14T02:30:00+00:00
1340,a070c6d0-c23b-5036-b352-f16db0d6ec8e,10,signup,signup,2026-06-14T02:30:00+00:00
1341,64b591cd-4cbe-577a-aba9-ee6912328a58,50,profile_complete,onboarding,2026-06-14T03:30:00+00:00
1342,a070c6d0-c23b-5036-b352-f16db0d6ec8e,50,profile_complete,onboarding,2026-06-14T03:30:00+00:00
1343,85df6dcd-e42a-581f-802b-eb93568b74eb,10,signup,signup,2026-06-14T05:30:00+00:00
1344,c6286e16-5e03-594c-aa67-861b8ba91b33,10,signup,signup,2026-06-14T06:30:00+00:00
1345,85df6dcd-e42a-581f-802b-eb93568b74eb,50,profile_complete,onboarding,2026-06-14T06:30:00+00:00
1346,610e9654-06d6-5e55-959b-377b8749b8f9,5,daily_login,2026-06-14,2026-06-14T07:10:00+00:00
1347,3d016498-e16a-5ad9-95c7-b633dfc6a142,5,daily_login,2026-06-14,2026-06-14T07:13:00+00:00
1348,7ef6d8e7-132e-5da5-a653-16dd2e5719c4,5,daily_login,2026-06-14,2026-06-14T07:13:00+00:00
1349,f21481e8-5bf3-5aa6-a7e0-fe6e26920e28,5,daily_login,2026-06-14,2026-06-14T07:13:00+00:00
1350,ea7edc0e-b64d-545f-b311-b4ee943f2935,5,daily_login,2026-06-14,2026-06-14T07:14:00+00:00
1351,1767869f-381f-59b9-acac-01da2d539e40,5,daily_login,2026-06-14,2026-06-14T07:15:00+00:00
1352,6e82bb3e-ede8-5803-ba1a-cc3aa8766199,5,daily_login,2026-06-14,2026-06-14T07:15:00+00:00
1353,90cced0e-f2c7-528c-bd28-38c44ead6c98,5,daily_login,2026-06-14,2026-06-14T07:15:00+00:00
1354,6ecf180b-be59-594c-a33b-31bd0120f01f,5,daily_login,2026-06-14,2026-06-14T07:15:00+00:00
1355,50d6350f-ffd4-59ad-a1ff-65a49a77a913,5,daily_login,2026-06-14,2026-06-14T07:16:00+00:00
1356,64b591cd-4cbe-577a-aba9-ee6912328a58,5,daily_login,2026-06-14,2026-06-14T07:16:00+00:00
1357,a6b8342c-310b-5b88-9c07-602dbd646488,5,daily_login,2026-06-14,2026-06-14T07:17:00+00:00
1358,9355c2cf-38db-5118-9b77-3d5b5b3870df,5,daily_login,2026-06-14,2026-06-14T07:17:00+00:00
1359,096499d2-73d6-5063-9dd4-a7c1aebac61d,5,daily_login,2026-06-14,2026-06-14T07:17:00+00:00
1360,96dbbdad-601e-5bc2-9d1a-78f9f6349a39,5,daily_login,2026-06-14,2026-06-14T07:18:00+00:00
1361,96dbbdad-601e-5bc2-9d1a-78f9f6349a39,5,streak_week_bonus,2026-06-14,2026-06-14T07:18:00+00:00
1362,64609795-d498-5ea7-ad33-a3bcecf9d962,5,daily_login,2026-06-14,2026-06-14T07:18:00+00:00
1363,b55b4f74-ded6-5cf1-aae0-9ad89c03c10c,5,daily_login,2026-06-14,2026-06-14T07:19:00+00:00
1364,5a4b137d-2ebb-5c75-8cdd-bf77406b4b9f,5,daily_login,2026-06-14,2026-06-14T07:19:00+00:00
1365,63fdd1e3-9db3-5b05-9799-510eea6abab7,5,daily_login,2026-06-14,2026-06-14T07:20:00+00:00
1366,9047d24d-0775-5f10-bf17-6e8fc62c5884,5,daily_login,2026-06-14,2026-06-14T07:20:00+00:00
1367,9c9c228f-3bd5-5da4-b666-fbfab93b4b7e,5,daily_login,2026-06-14,2026-06-14T07:21:00+00:00
1368,d16e3cdc-2868-563d-867d-62fa9b8b24ea,5,daily_login,2026-06-14,2026-06-14T07:22:00+00:00
1369,3a376c3a-3e46-5c8c-815c-232b66ca9bc8,5,daily_login,2026-06-14,2026-06-14T07:23:00+00:00
1370,4c310820-12d3-5128-9a45-973db446b59e,5,daily_login,2026-06-14,2026-06-14T07:23:00+00:00
1371,4c310820-12d3-5128-9a45-973db446b59e,5,streak_week_bonus,2026-06-14,2026-06-14T07:23:00+00:00
1372,4c310820-12d3-5128-9a45-973db446b59e,200,streak_7,badge,2026-06-14T07:23:00+00:00
1373,d5dc7189-89df-5fd7-983f-1124b6de3d68,5,daily_login,2026-06-14,2026-06-14T07:23:00+00:00
1374,02bf8d95-eee4-5287-b363-0551cc4a6d51,5,daily_login,2026-06-14,2026-06-14T07:23:00+00:00
1375,a2cc3818-be31-5aeb-828c-e23f579431aa,5,daily_login,2026-06-14,2026-06-14T07:25:00+00:00
1376,d9aaa9eb-5304-587b-b0f4-42a2d5930f54,5,daily_login,2026-06-14,2026-06-14T07:25:00+00:00
1377,e502b694-466f-5e1f-9293-146b264ae20c,5,daily_login,2026-06-14,2026-06-14T07:27:00+00:00
1378,2e2e8079-6c9e-51c9-bc7e-1475045fd514,5,daily_login,2026-06-14,2026-06-14T07:27:00+00:00
1379,e3efd234-c7f9-5957-937f-661b1c3981ef,5,daily_login,2026-06-14,2026-06-14T07:28:00+00:00
1380,e7dd6cb0-626e-510a-9e98-0498c534b04d,5,daily_login,2026-06-14,2026-06-14T07:28:00+00:00
1381,c6286e16-5e03-594c-aa67-861b8ba91b33,50,profile_complete,onboarding,2026-06-14T07:30:00+00:00
1382,45cee65b-db52-5dff-b09d-0ee1ac2be20f,5,daily_login,2026-06-14,2026-06-14T07:31:00+00:00
1383,f8f213c7-3d61-567e-9735-5e3e9498b892,5,daily_login,2026-06-14,2026-06-14T07:31:00+00:00
1384,1062abbb-4fcd-51a9-95fc-5474e4af7640,5,daily_login,2026-06-14,2026-06-14T07:32:00+00:00
1385,473b12ab-4d0d-5b7f-89b2-c0a1e2405c60,5,daily_login,2026-06-14,2026-06-14T07:32:00+00:00
1386,84047d01-74e6-5a08-a20e-b5c25e3eff3e,5,daily_login,2026-06-14,2026-06-14T07:33:00+00:00
1387,44f09dba-7a20-5f46-840b-4670e6c7eb92,5,daily_login,2026-06-14,2026-06-14T07:33:00+00:00
1388,88820056-e901-59a1-b2ca-c4e813b34f7b,5,daily_login,2026-06-14,2026-06-14T07:33:00+00:00
1389,19e81afb-74c1-5b4a-9af3-469f3b610235,5,daily_login,2026-06-14,2026-06-14T07:34:00+00:00
1390,7e6a1243-34f5-52e6-862f-e5f3b2ebe640,5,daily_login,2026-06-14,2026-06-14T07:36:00+00:00
1391,4cf03b5a-e2ca-57f2-95b8-16a3b92247e6,5,daily_login,2026-06-14,2026-06-14T07:37:00+00:00
1392,eeeb9e89-042f-5fdc-8fcf-2c3ad56f9bf1,5,daily_login,2026-06-14,2026-06-14T07:39:00+00:00
1393,7b48b183-5d87-500f-9cec-2e003c19efac,5,daily_login,2026-06-14,2026-06-14T07:40:00+00:00
1394,d767d4bb-a2aa-587a-90f9-23d0689ae52a,5,daily_login,2026-06-14,2026-06-14T07:40:00+00:00
1395,51420309-4688-52d6-84b9-51c0dc3a900e,5,daily_login,2026-06-14,2026-06-14T07:40:00+00:00
1396,96ccee9a-30f2-56cd-b597-a927c84e0f75,5,daily_login,2026-06-14,2026-06-14T07:41:00+00:00
1397,e5b7ccce-2cb7-5b6e-95a5-32ffacbca87f,5,daily_login,2026-06-14,2026-06-14T07:42:00+00:00
1398,b5be680a-732e-55e0-bc5d-b80e831ff33a,5,daily_login,2026-06-14,2026-06-14T07:42:00+00:00
1399,36016ab9-3cc9-5f6a-8bc7-1d138ad9cb43,5,daily_login,2026-06-14,2026-06-14T07:44:00+00:00
1400,e137404e-9196-525c-b17a-44dc96d29f29,5,daily_login,2026-06-14,2026-06-14T07:44:00+00:00
1401,e137404e-9196-525c-b17a-44dc96d29f29,5,streak_week_bonus,2026-06-14,2026-06-14T07:44:00+00:00
1402,6ac5a7a4-ae0d-5e31-8a7c-d85b63a96c46,5,daily_login,2026-06-14,2026-06-14T07:45:00+00:00
1403,bf54d417-d834-5d3e-a7f9-106377fe05a5,5,daily_login,2026-06-14,2026-06-14T07:46:00+00:00
1404,cac67f41-f5af-5268-9e2d-34feac0dc9fa,5,daily_login,2026-06-14,2026-06-14T07:46:00+00:00
1405,a992f17b-79b6-5dcf-aed4-2aebaa5775c7,10,signup,signup,2026-06-14T18:30:00+00:00
1406,a36cd93c-2f0c-5956-9a51-8094e39a7bed,10,signup,signup,2026-06-14T18:30:00+00:00
1407,a992f17b-79b6-5dcf-aed4-2aebaa5775c7,50,profile_complete,onboarding,2026-06-14T19:30:00+00:00
1408,a36cd93c-2f0c-5956-9a51-8094e39a7bed,50,profile_complete,onboarding,2026-06-14T19:30:00+00:00
1409,d48cab4b-e48b-59ae-88d6-41d5d463569d,10,signup,signup,2026-06-15T01:30:00+00:00
1410,d48cab4b-e48b-59ae-88d6-41d5d463569d,50,profile_complete,onboarding,2026-06-15T02:30:00+00:00
1411,7f0221a7-4703-52e7-8b26-fa2cd7303c90,10,signup,signup,2026-06-15T04:30:00+00:00
1412,7f0221a7-4703-52e7-8b26-fa2cd7303c90,50,profile_complete,onboarding,2026-06-15T05:30:00+00:00
1413,96373821-4bf4-53b8-bd24-bb64bbb3b84e,10,signup,signup,2026-06-15T05:30:00+00:00
1414,96373821-4bf4-53b8-bd24-bb64bbb3b84e,50,profile_complete,onboarding,2026-06-15T06:30:00+00:00
1415,d9fbcbde-376a-5f82-9fb5-268a24b02d57,5,daily_login,2026-06-15,2026-06-15T07:10:00+00:00
1416,610e9654-06d6-5e55-959b-377b8749b8f9,5,daily_login,2026-06-15,2026-06-15T07:10:00+00:00
1417,0da68170-ff38-5dad-9224-770d261f1c8a,5,daily_login,2026-06-15,2026-06-15T07:11:00+00:00
1418,ea7edc0e-b64d-545f-b311-b4ee943f2935,5,daily_login,2026-06-15,2026-06-15T07:14:00+00:00
1419,3d5b480d-3962-5c76-96ca-5459d65372aa,5,daily_login,2026-06-15,2026-06-15T07:14:00+00:00
1420,90cced0e-f2c7-528c-bd28-38c44ead6c98,5,daily_login,2026-06-15,2026-06-15T07:15:00+00:00
1421,50d6350f-ffd4-59ad-a1ff-65a49a77a913,5,daily_login,2026-06-15,2026-06-15T07:16:00+00:00
1422,693ebb02-ab3f-5d60-b798-d4d4df4900d2,5,daily_login,2026-06-15,2026-06-15T07:16:00+00:00
1423,06657aeb-b604-5b0d-9281-d2e5afb78a9d,5,daily_login,2026-06-15,2026-06-15T07:16:00+00:00
1424,096499d2-73d6-5063-9dd4-a7c1aebac61d,5,daily_login,2026-06-15,2026-06-15T07:17:00+00:00
1425,96dbbdad-601e-5bc2-9d1a-78f9f6349a39,5,daily_login,2026-06-15,2026-06-15T07:18:00+00:00
1426,64609795-d498-5ea7-ad33-a3bcecf9d962,5,daily_login,2026-06-15,2026-06-15T07:18:00+00:00
1427,5a4b137d-2ebb-5c75-8cdd-bf77406b4b9f,5,daily_login,2026-06-15,2026-06-15T07:19:00+00:00
1428,cb162f3d-006f-544e-bfa6-f9abb8a52026,5,daily_login,2026-06-15,2026-06-15T07:19:00+00:00
1429,43a3bb15-e7a6-5c42-a198-3e0d7f080ba1,5,daily_login,2026-06-15,2026-06-15T07:20:00+00:00
1430,9047d24d-0775-5f10-bf17-6e8fc62c5884,5,daily_login,2026-06-15,2026-06-15T07:20:00+00:00
1431,9047d24d-0775-5f10-bf17-6e8fc62c5884,5,streak_week_bonus,2026-06-15,2026-06-15T07:20:00+00:00
1432,9047d24d-0775-5f10-bf17-6e8fc62c5884,200,streak_7,badge,2026-06-15T07:20:00+00:00
1433,7bdf8ad6-1318-5f74-9112-e2b655e215a2,5,daily_login,2026-06-15,2026-06-15T07:21:00+00:00
1434,1b1e4344-fde4-5cc2-b82c-4fb458696522,5,daily_login,2026-06-15,2026-06-15T07:21:00+00:00
1435,85df6dcd-e42a-581f-802b-eb93568b74eb,5,daily_login,2026-06-15,2026-06-15T07:21:00+00:00
1436,8819cb55-67e6-5a55-98c8-d80446975a9e,5,daily_login,2026-06-15,2026-06-15T07:22:00+00:00
1437,44a33563-638c-52da-ae01-285f43dfcb99,5,daily_login,2026-06-15,2026-06-15T07:22:00+00:00
1438,d16e3cdc-2868-563d-867d-62fa9b8b24ea,5,daily_login,2026-06-15,2026-06-15T07:22:00+00:00
1439,4c310820-12d3-5128-9a45-973db446b59e,5,daily_login,2026-06-15,2026-06-15T07:23:00+00:00
1440,d5dc7189-89df-5fd7-983f-1124b6de3d68,5,daily_login,2026-06-15,2026-06-15T07:23:00+00:00
1441,02bf8d95-eee4-5287-b363-0551cc4a6d51,5,daily_login,2026-06-15,2026-06-15T07:23:00+00:00
1442,02bf8d95-eee4-5287-b363-0551cc4a6d51,5,streak_week_bonus,2026-06-15,2026-06-15T07:23:00+00:00
1443,02bf8d95-eee4-5287-b363-0551cc4a6d51,200,streak_7,badge,2026-06-15T07:23:00+00:00
1444,651ce25b-8132-52d9-8f74-889f22c3bb5c,5,daily_login,2026-06-15,2026-06-15T07:24:00+00:00
1445,58074159-53d7-5a52-8436-d84a05af35a9,5,daily_login,2026-06-15,2026-06-15T07:24:00+00:00
1446,61347d09-09eb-5f04-a4ec-fe830319799f,5,daily_login,2026-06-15,2026-06-15T07:24:00+00:00
1447,a2cc3818-be31-5aeb-828c-e23f579431aa,5,daily_login,2026-06-15,2026-06-15T07:25:00+00:00
1448,ef763ec1-f93c-5744-9640-4ca59adf9347,5,daily_login,2026-06-15,2026-06-15T07:25:00+00:00
1449,e502b694-466f-5e1f-9293-146b264ae20c,5,daily_login,2026-06-15,2026-06-15T07:27:00+00:00
1450,2e2e8079-6c9e-51c9-bc7e-1475045fd514,5,daily_login,2026-06-15,2026-06-15T07:27:00+00:00
1451,f3744506-cae3-5f81-8a4f-506a60395be8,5,daily_login,2026-06-15,2026-06-15T07:28:00+00:00
1452,e7dd6cb0-626e-510a-9e98-0498c534b04d,5,daily_login,2026-06-15,2026-06-15T07:28:00+00:00
1453,0e49007f-82be-5238-a956-37d8f7b40d4c,5,daily_login,2026-06-15,2026-06-15T07:29:00+00:00
1454,f0ca4141-ccff-5472-ba76-f4b194108c7b,5,daily_login,2026-06-15,2026-06-15T07:29:00+00:00
1455,54561bf4-fe37-5b37-934d-9c7f81542f8b,5,daily_login,2026-06-15,2026-06-15T07:30:00+00:00
1456,da462241-608b-5422-bdbd-0d98184a433d,5,daily_login,2026-06-15,2026-06-15T07:30:00+00:00
1457,84047d01-74e6-5a08-a20e-b5c25e3eff3e,5,daily_login,2026-06-15,2026-06-15T07:33:00+00:00
1458,44f09dba-7a20-5f46-840b-4670e6c7eb92,5,daily_login,2026-06-15,2026-06-15T07:33:00+00:00
1459,88820056-e901-59a1-b2ca-c4e813b34f7b,5,daily_login,2026-06-15,2026-06-15T07:33:00+00:00
1460,bc38029f-d1c5-5b8f-8055-d446a522cb91,5,daily_login,2026-06-15,2026-06-15T07:34:00+00:00
1461,19e81afb-74c1-5b4a-9af3-469f3b610235,5,daily_login,2026-06-15,2026-06-15T07:34:00+00:00
1462,01c00e49-c4d6-5d4b-bbc1-8aa3fe21ba2a,5,daily_login,2026-06-15,2026-06-15T07:34:00+00:00
1463,9a026691-28ff-5880-9da3-006735af19d3,5,daily_login,2026-06-15,2026-06-15T07:35:00+00:00
1464,1873645b-b54c-51dc-a41a-7131e831a64f,5,daily_login,2026-06-15,2026-06-15T07:35:00+00:00
1465,ab45f9eb-3fee-5ea5-bccb-faffc50f3e76,5,daily_login,2026-06-15,2026-06-15T07:37:00+00:00
1466,6988340a-a3c1-5fda-a996-711f1723c649,5,daily_login,2026-06-15,2026-06-15T07:37:00+00:00
1467,eb397f92-99ac-5f0f-8f81-3540865f0477,5,daily_login,2026-06-15,2026-06-15T07:38:00+00:00
1468,ec6d706d-7dba-534b-8700-e6752dbd06e1,5,daily_login,2026-06-15,2026-06-15T07:38:00+00:00
1469,bdc5faf6-386d-5338-99a0-32d156bcbd68,5,daily_login,2026-06-15,2026-06-15T07:38:00+00:00
1470,508d03e7-de84-523a-8242-f48abc9451d7,5,daily_login,2026-06-15,2026-06-15T07:39:00+00:00
1471,e21dfd78-ea9f-5754-a3b2-3b3b66dd30b5,5,daily_login,2026-06-15,2026-06-15T07:39:00+00:00
1472,d767d4bb-a2aa-587a-90f9-23d0689ae52a,5,daily_login,2026-06-15,2026-06-15T07:40:00+00:00
1473,96ccee9a-30f2-56cd-b597-a927c84e0f75,5,daily_login,2026-06-15,2026-06-15T07:41:00+00:00
1474,b5be680a-732e-55e0-bc5d-b80e831ff33a,5,daily_login,2026-06-15,2026-06-15T07:42:00+00:00
1475,3b932376-f549-5a1c-a24b-664b4bc338e3,5,daily_login,2026-06-15,2026-06-15T07:43:00+00:00
1476,e137404e-9196-525c-b17a-44dc96d29f29,5,daily_login,2026-06-15,2026-06-15T07:44:00+00:00
1477,d2a70bca-a25c-522f-9b7e-c967b69503cc,5,daily_login,2026-06-15,2026-06-15T07:45:00+00:00
1478,6ac5a7a4-ae0d-5e31-8a7c-d85b63a96c46,5,daily_login,2026-06-15,2026-06-15T07:45:00+00:00
1479,5ccdaadc-80b2-50e1-a0c1-bad0246a7cf2,5,daily_login,2026-06-15,2026-06-15T07:46:00+00:00
1480,a0a53b38-722a-56e6-a52c-fe0e06169a59,10,signup,signup,2026-06-15T18:30:00+00:00
1481,fb400c3e-ecd0-522e-8b8e-1323946be71a,10,signup,signup,2026-06-15T18:30:00+00:00
1482,a0a53b38-722a-56e6-a52c-fe0e06169a59,50,profile_complete,onboarding,2026-06-15T19:30:00+00:00
1483,fb400c3e-ecd0-522e-8b8e-1323946be71a,50,profile_complete,onboarding,2026-06-15T19:30:00+00:00
1484,88a268b0-6bca-5583-b041-ffdbc51be7e6,10,signup,signup,2026-06-15T20:30:00+00:00
1485,1bf86e3f-0e6e-5241-b319-71005237945f,10,signup,signup,2026-06-15T20:30:00+00:00
1486,88a268b0-6bca-5583-b041-ffdbc51be7e6,50,profile_complete,onboarding,2026-06-15T21:30:00+00:00
1487,1bf86e3f-0e6e-5241-b319-71005237945f,50,profile_complete,onboarding,2026-06-15T21:30:00+00:00
1488,774fd1d7-ca6b-5177-9d91-fc7b24739425,10,signup,signup,2026-06-15T23:30:00+00:00
1489,774fd1d7-ca6b-5177-9d91-fc7b24739425,50,profile_complete,onboarding,2026-06-16T00:30:00+00:00
1490,7298015b-9105-595a-b879-3013c08053f7,10,signup,signup,2026-06-16T00:30:00+00:00
1491,7298015b-9105-595a-b879-3013c08053f7,50,profile_complete,onboarding,2026-06-16T01:30:00+00:00
1492,37b7aed3-d207-54f7-b4ec-0e05c50eaeb2,10,signup,signup,2026-06-16T04:30:00+00:00
1493,37b7aed3-d207-54f7-b4ec-0e05c50eaeb2,50,profile_complete,onboarding,2026-06-16T05:30:00+00:00
1494,6690668c-e73d-51ff-9ca4-36bec9b8c175,10,signup,signup,2026-06-16T06:30:00+00:00
1495,d9fbcbde-376a-5f82-9fb5-268a24b02d57,5,daily_login,2026-06-16,2026-06-16T07:10:00+00:00
1496,f0f4eb8c-a1ed-50a1-bc7d-2863700a31a5,5,daily_login,2026-06-16,2026-06-16T07:11:00+00:00
1497,0da68170-ff38-5dad-9224-770d261f1c8a,5,daily_login,2026-06-16,2026-06-16T07:11:00+00:00
1498,cd8c4c60-ab9b-5cf3-996e-d4fbb990f4c6,5,daily_login,2026-06-16,2026-06-16T07:12:00+00:00
1499,3d016498-e16a-5ad9-95c7-b633dfc6a142,5,daily_login,2026-06-16,2026-06-16T07:13:00+00:00
1500,ea7edc0e-b64d-545f-b311-b4ee943f2935,5,daily_login,2026-06-16,2026-06-16T07:14:00+00:00
1501,6e82bb3e-ede8-5803-ba1a-cc3aa8766199,5,daily_login,2026-06-16,2026-06-16T07:15:00+00:00
1502,20b63262-d3e6-555a-95b2-84fc87694a19,5,daily_login,2026-06-16,2026-06-16T07:15:00+00:00
1503,6ecf180b-be59-594c-a33b-31bd0120f01f,5,daily_login,2026-06-16,2026-06-16T07:15:00+00:00
1504,50d6350f-ffd4-59ad-a1ff-65a49a77a913,5,daily_login,2026-06-16,2026-06-16T07:16:00+00:00
1505,9355c2cf-38db-5118-9b77-3d5b5b3870df,5,daily_login,2026-06-16,2026-06-16T07:17:00+00:00
1506,52ab3a8f-ec5c-5e66-bcd5-efc304512118,5,daily_login,2026-06-16,2026-06-16T07:18:00+00:00
1507,96dbbdad-601e-5bc2-9d1a-78f9f6349a39,5,daily_login,2026-06-16,2026-06-16T07:18:00+00:00
1508,64609795-d498-5ea7-ad33-a3bcecf9d962,5,daily_login,2026-06-16,2026-06-16T07:18:00+00:00
1509,d3175e63-6121-5d55-b429-df91670d9aca,5,daily_login,2026-06-16,2026-06-16T07:18:00+00:00
1510,5a4b137d-2ebb-5c75-8cdd-bf77406b4b9f,5,daily_login,2026-06-16,2026-06-16T07:19:00+00:00
1511,cb162f3d-006f-544e-bfa6-f9abb8a52026,5,daily_login,2026-06-16,2026-06-16T07:19:00+00:00
1512,b0ebc690-efe0-594f-bd55-e4d7ec3454bc,5,daily_login,2026-06-16,2026-06-16T07:20:00+00:00
1513,9047d24d-0775-5f10-bf17-6e8fc62c5884,5,daily_login,2026-06-16,2026-06-16T07:20:00+00:00
1514,7bdf8ad6-1318-5f74-9112-e2b655e215a2,5,daily_login,2026-06-16,2026-06-16T07:21:00+00:00
1515,1b1e4344-fde4-5cc2-b82c-4fb458696522,5,daily_login,2026-06-16,2026-06-16T07:21:00+00:00
1516,368442e7-2dfe-5df4-9ab7-a468b984050a,5,daily_login,2026-06-16,2026-06-16T07:22:00+00:00
1517,d16e3cdc-2868-563d-867d-62fa9b8b24ea,5,daily_login,2026-06-16,2026-06-16T07:22:00+00:00
1518,d16e3cdc-2868-563d-867d-62fa9b8b24ea,5,streak_week_bonus,2026-06-16,2026-06-16T07:22:00+00:00
1519,d16e3cdc-2868-563d-867d-62fa9b8b24ea,200,streak_7,badge,2026-06-16T07:22:00+00:00
1520,35e87bcc-650c-5e3f-9741-3f0c54905b6f,5,daily_login,2026-06-16,2026-06-16T07:23:00+00:00
1521,88a268b0-6bca-5583-b041-ffdbc51be7e6,5,daily_login,2026-06-16,2026-06-16T07:24:00+00:00
1522,651ce25b-8132-52d9-8f74-889f22c3bb5c,5,daily_login,2026-06-16,2026-06-16T07:24:00+00:00
1523,ffe47fd1-7989-5728-addd-50b504edd889,5,daily_login,2026-06-16,2026-06-16T07:24:00+00:00
1524,61347d09-09eb-5f04-a4ec-fe830319799f,5,daily_login,2026-06-16,2026-06-16T07:24:00+00:00
1525,a992f17b-79b6-5dcf-aed4-2aebaa5775c7,5,daily_login,2026-06-16,2026-06-16T07:25:00+00:00
1526,1bf86e3f-0e6e-5241-b319-71005237945f,5,daily_login,2026-06-16,2026-06-16T07:25:00+00:00
1527,5532dec3-02ae-5ac3-8b57-2e8214a8598b,5,daily_login,2026-06-16,2026-06-16T07:29:00+00:00
1528,6690668c-e73d-51ff-9ca4-36bec9b8c175,50,profile_complete,onboarding,2026-06-16T07:30:00+00:00
1529,facb4557-eabe-5f8b-89cc-f223b91c89b7,5,daily_login,2026-06-16,2026-06-16T07:30:00+00:00
1530,082b47e7-5a06-5a34-bd49-595c82b2b196,5,daily_login,2026-06-16,2026-06-16T07:31:00+00:00
1531,f8f213c7-3d61-567e-9735-5e3e9498b892,5,daily_login,2026-06-16,2026-06-16T07:31:00+00:00
1532,ee289908-380a-5bb3-8fdc-0990b203929b,5,daily_login,2026-06-16,2026-06-16T07:32:00+00:00
1533,95927b04-f214-5c26-878d-fb55176e41bc,5,daily_login,2026-06-16,2026-06-16T07:32:00+00:00
1534,473b12ab-4d0d-5b7f-89b2-c0a1e2405c60,5,daily_login,2026-06-16,2026-06-16T07:32:00+00:00
1535,84047d01-74e6-5a08-a20e-b5c25e3eff3e,5,daily_login,2026-06-16,2026-06-16T07:33:00+00:00
1536,88820056-e901-59a1-b2ca-c4e813b34f7b,5,daily_login,2026-06-16,2026-06-16T07:33:00+00:00
1537,6720265f-9f2b-5485-bf24-54e1784991b6,5,daily_login,2026-06-16,2026-06-16T07:34:00+00:00
1538,01c00e49-c4d6-5d4b-bbc1-8aa3fe21ba2a,5,daily_login,2026-06-16,2026-06-16T07:34:00+00:00
1539,d48cab4b-e48b-59ae-88d6-41d5d463569d,5,daily_login,2026-06-16,2026-06-16T07:35:00+00:00
1540,7e6a1243-34f5-52e6-862f-e5f3b2ebe640,5,daily_login,2026-06-16,2026-06-16T07:36:00+00:00
1541,5421f79d-ed60-5eed-852b-01b379adab9e,5,daily_login,2026-06-16,2026-06-16T07:36:00+00:00
1542,8fa5b823-1a70-59f7-9bb2-b3d5f36dc82b,5,daily_login,2026-06-16,2026-06-16T07:36:00+00:00
1543,eb397f92-99ac-5f0f-8f81-3540865f0477,5,daily_login,2026-06-16,2026-06-16T07:38:00+00:00
1544,bdc5faf6-386d-5338-99a0-32d156bcbd68,5,daily_login,2026-06-16,2026-06-16T07:38:00+00:00
1545,302b84f9-9053-5cf7-bed0-305678227875,5,daily_login,2026-06-16,2026-06-16T07:39:00+00:00
1546,25797954-b022-582e-8349-e1e2c141368c,5,daily_login,2026-06-16,2026-06-16T07:39:00+00:00
1547,508d03e7-de84-523a-8242-f48abc9451d7,5,daily_login,2026-06-16,2026-06-16T07:39:00+00:00
1548,c6286e16-5e03-594c-aa67-861b8ba91b33,5,daily_login,2026-06-16,2026-06-16T07:39:00+00:00
1549,bb4b0d34-59a4-5948-a9be-a1aa6caece55,5,daily_login,2026-06-16,2026-06-16T07:40:00+00:00
1550,fb400c3e-ecd0-522e-8b8e-1323946be71a,5,daily_login,2026-06-16,2026-06-16T07:40:00+00:00
1551,96ccee9a-30f2-56cd-b597-a927c84e0f75,5,daily_login,2026-06-16,2026-06-16T07:41:00+00:00
1552,77c684c4-9514-5edc-85ff-1052c8544c14,5,daily_login,2026-06-16,2026-06-16T07:42:00+00:00
1553,3b932376-f549-5a1c-a24b-664b4bc338e3,5,daily_login,2026-06-16,2026-06-16T07:43:00+00:00
1554,a5526e82-ef69-522b-b3ad-df818658bde0,5,daily_login,2026-06-16,2026-06-16T07:44:00+00:00
1555,e137404e-9196-525c-b17a-44dc96d29f29,5,daily_login,2026-06-16,2026-06-16T07:44:00+00:00
1556,3bc3e38a-5ff7-5330-ab2d-8add18e85d57,5,daily_login,2026-06-16,2026-06-16T07:45:00+00:00
1557,bf54d417-d834-5d3e-a7f9-106377fe05a5,5,daily_login,2026-06-16,2026-06-16T07:46:00+00:00
1558,b39a9d3d-f3eb-5d31-9cc7-15e278969b70,5,daily_login,2026-06-16,2026-06-16T07:46:00+00:00
1559,673e8617-3280-5bfa-85a6-738a6d64aac6,10,signup,signup,2026-06-16T18:30:00+00:00
1560,673e8617-3280-5bfa-85a6-738a6d64aac6,50,profile_complete,onboarding,2026-06-16T19:30:00+00:00
1561,4307ee18-2e16-50be-abbc-db160bb8e8fd,10,signup,signup,2026-06-16T20:30:00+00:00
1562,5ce94e6e-a987-5fd1-90b2-94a1174f9376,10,signup,signup,2026-06-16T21:30:00+00:00
1563,4307ee18-2e16-50be-abbc-db160bb8e8fd,50,profile_complete,onboarding,2026-06-16T21:30:00+00:00
1564,5ce94e6e-a987-5fd1-90b2-94a1174f9376,50,profile_complete,onboarding,2026-06-16T22:30:00+00:00
1565,6b9b6012-cdb4-50eb-8ad0-01c36516df23,10,signup,signup,2026-06-17T02:30:00+00:00
1566,40120057-c43a-5745-9d3a-d9b0c6b1e84e,10,signup,signup,2026-06-17T02:30:00+00:00
1567,6b9b6012-cdb4-50eb-8ad0-01c36516df23,50,profile_complete,onboarding,2026-06-17T03:30:00+00:00
1568,af808cd8-ab34-515f-a8a0-a1b0719a537b,10,signup,signup,2026-06-17T03:30:00+00:00
1569,40120057-c43a-5745-9d3a-d9b0c6b1e84e,50,profile_complete,onboarding,2026-06-17T03:30:00+00:00
1570,af808cd8-ab34-515f-a8a0-a1b0719a537b,50,profile_complete,onboarding,2026-06-17T04:30:00+00:00
1571,d9fbcbde-376a-5f82-9fb5-268a24b02d57,5,daily_login,2026-06-17,2026-06-17T07:10:00+00:00
1572,f2561442-8439-5138-9a3b-8bcf96f16609,5,daily_login,2026-06-17,2026-06-17T07:10:00+00:00
1573,af808cd8-ab34-515f-a8a0-a1b0719a537b,5,daily_login,2026-06-17,2026-06-17T07:10:00+00:00
1574,610e9654-06d6-5e55-959b-377b8749b8f9,5,daily_login,2026-06-17,2026-06-17T07:10:00+00:00
1575,f0f4eb8c-a1ed-50a1-bc7d-2863700a31a5,5,daily_login,2026-06-17,2026-06-17T07:11:00+00:00
1576,f985b68e-39ae-5c83-8468-2b126802c414,5,daily_login,2026-06-17,2026-06-17T07:12:00+00:00
1577,cd8c4c60-ab9b-5cf3-996e-d4fbb990f4c6,5,daily_login,2026-06-17,2026-06-17T07:12:00+00:00
1578,7ef6d8e7-132e-5da5-a653-16dd2e5719c4,5,daily_login,2026-06-17,2026-06-17T07:13:00+00:00
1579,f21481e8-5bf3-5aa6-a7e0-fe6e26920e28,5,daily_login,2026-06-17,2026-06-17T07:13:00+00:00
1580,001e944b-e64e-5742-afb7-5e04327e41ee,5,daily_login,2026-06-17,2026-06-17T07:14:00+00:00
1581,20b63262-d3e6-555a-95b2-84fc87694a19,5,daily_login,2026-06-17,2026-06-17T07:15:00+00:00
1582,90cced0e-f2c7-528c-bd28-38c44ead6c98,5,daily_login,2026-06-17,2026-06-17T07:15:00+00:00
1583,6ecf180b-be59-594c-a33b-31bd0120f01f,5,daily_login,2026-06-17,2026-06-17T07:15:00+00:00
1584,50d6350f-ffd4-59ad-a1ff-65a49a77a913,5,daily_login,2026-06-17,2026-06-17T07:16:00+00:00
1585,eb3717c1-cd92-5eeb-af40-9df7f3132426,5,daily_login,2026-06-17,2026-06-17T07:16:00+00:00
1586,693ebb02-ab3f-5d60-b798-d4d4df4900d2,5,daily_login,2026-06-17,2026-06-17T07:16:00+00:00
1587,06657aeb-b604-5b0d-9281-d2e5afb78a9d,5,daily_login,2026-06-17,2026-06-17T07:16:00+00:00
1588,96dbbdad-601e-5bc2-9d1a-78f9f6349a39,5,daily_login,2026-06-17,2026-06-17T07:18:00+00:00
1589,64609795-d498-5ea7-ad33-a3bcecf9d962,5,daily_login,2026-06-17,2026-06-17T07:18:00+00:00
1590,5a4b137d-2ebb-5c75-8cdd-bf77406b4b9f,5,daily_login,2026-06-17,2026-06-17T07:19:00+00:00
1591,e1f9b739-b2d3-51e6-9609-05805a6d151c,5,daily_login,2026-06-17,2026-06-17T07:19:00+00:00
1592,9d1c460b-bd0b-57ff-ac14-f2b10f73edd3,5,daily_login,2026-06-17,2026-06-17T07:19:00+00:00
1593,7b359533-e634-59eb-a2c3-b5501ff96488,5,daily_login,2026-06-17,2026-06-17T07:19:00+00:00
1594,b0ebc690-efe0-594f-bd55-e4d7ec3454bc,5,daily_login,2026-06-17,2026-06-17T07:20:00+00:00
1595,f4b545d6-b6c0-54b8-847e-101d68428b48,5,daily_login,2026-06-17,2026-06-17T07:20:00+00:00
1596,43a3bb15-e7a6-5c42-a198-3e0d7f080ba1,5,daily_login,2026-06-17,2026-06-17T07:20:00+00:00
1597,63fdd1e3-9db3-5b05-9799-510eea6abab7,5,daily_login,2026-06-17,2026-06-17T07:20:00+00:00
1598,9047d24d-0775-5f10-bf17-6e8fc62c5884,5,daily_login,2026-06-17,2026-06-17T07:20:00+00:00
1599,9c9c228f-3bd5-5da4-b666-fbfab93b4b7e,5,daily_login,2026-06-17,2026-06-17T07:21:00+00:00
1600,4845dc43-0c9d-5f09-aa4a-62e68abb5d12,5,daily_login,2026-06-17,2026-06-17T07:21:00+00:00
1601,7bdf8ad6-1318-5f74-9112-e2b655e215a2,5,daily_login,2026-06-17,2026-06-17T07:21:00+00:00
1602,8819cb55-67e6-5a55-98c8-d80446975a9e,5,daily_login,2026-06-17,2026-06-17T07:22:00+00:00
1603,d16e3cdc-2868-563d-867d-62fa9b8b24ea,5,daily_login,2026-06-17,2026-06-17T07:22:00+00:00
1604,3a376c3a-3e46-5c8c-815c-232b66ca9bc8,5,daily_login,2026-06-17,2026-06-17T07:23:00+00:00
1605,4c310820-12d3-5128-9a45-973db446b59e,5,daily_login,2026-06-17,2026-06-17T07:23:00+00:00
1606,02bf8d95-eee4-5287-b363-0551cc4a6d51,5,daily_login,2026-06-17,2026-06-17T07:23:00+00:00
1607,35e87bcc-650c-5e3f-9741-3f0c54905b6f,5,daily_login,2026-06-17,2026-06-17T07:23:00+00:00
1608,88a268b0-6bca-5583-b041-ffdbc51be7e6,5,daily_login,2026-06-17,2026-06-17T07:24:00+00:00
1609,ffe47fd1-7989-5728-addd-50b504edd889,5,daily_login,2026-06-17,2026-06-17T07:24:00+00:00
1610,58074159-53d7-5a52-8436-d84a05af35a9,5,daily_login,2026-06-17,2026-06-17T07:24:00+00:00
1611,61347d09-09eb-5f04-a4ec-fe830319799f,5,daily_login,2026-06-17,2026-06-17T07:24:00+00:00
1612,a2cc3818-be31-5aeb-828c-e23f579431aa,5,daily_login,2026-06-17,2026-06-17T07:25:00+00:00
1613,baa8ef70-5b01-5a49-84cb-71c353290705,5,daily_login,2026-06-17,2026-06-17T07:26:00+00:00
1614,4307ee18-2e16-50be-abbc-db160bb8e8fd,5,daily_login,2026-06-17,2026-06-17T07:26:00+00:00
1615,2e2e8079-6c9e-51c9-bc7e-1475045fd514,5,daily_login,2026-06-17,2026-06-17T07:27:00+00:00
1616,5c465a9a-bc36-5d7b-b5a2-0f18d9dab68a,5,daily_login,2026-06-17,2026-06-17T07:27:00+00:00
1617,84da666c-c47c-572e-b2c9-3b6f35881596,5,daily_login,2026-06-17,2026-06-17T07:28:00+00:00
1618,e3efd234-c7f9-5957-937f-661b1c3981ef,5,daily_login,2026-06-17,2026-06-17T07:28:00+00:00
1619,673e8617-3280-5bfa-85a6-738a6d64aac6,5,daily_login,2026-06-17,2026-06-17T07:28:00+00:00
1620,e7dd6cb0-626e-510a-9e98-0498c534b04d,5,daily_login,2026-06-17,2026-06-17T07:28:00+00:00
1621,facb4557-eabe-5f8b-89cc-f223b91c89b7,5,daily_login,2026-06-17,2026-06-17T07:30:00+00:00
1622,45cee65b-db52-5dff-b09d-0ee1ac2be20f,5,daily_login,2026-06-17,2026-06-17T07:31:00+00:00
1623,f8f213c7-3d61-567e-9735-5e3e9498b892,5,daily_login,2026-06-17,2026-06-17T07:31:00+00:00
1624,95927b04-f214-5c26-878d-fb55176e41bc,5,daily_login,2026-06-17,2026-06-17T07:32:00+00:00
1625,473b12ab-4d0d-5b7f-89b2-c0a1e2405c60,5,daily_login,2026-06-17,2026-06-17T07:32:00+00:00
1626,88820056-e901-59a1-b2ca-c4e813b34f7b,5,daily_login,2026-06-17,2026-06-17T07:33:00+00:00
1627,19e81afb-74c1-5b4a-9af3-469f3b610235,5,daily_login,2026-06-17,2026-06-17T07:34:00+00:00
1628,01c00e49-c4d6-5d4b-bbc1-8aa3fe21ba2a,5,daily_login,2026-06-17,2026-06-17T07:34:00+00:00
1629,9a026691-28ff-5880-9da3-006735af19d3,5,daily_login,2026-06-17,2026-06-17T07:35:00+00:00
1630,f6e8344b-87f4-5461-93fc-b01ff1ae4265,5,daily_login,2026-06-17,2026-06-17T07:37:00+00:00
1631,6988340a-a3c1-5fda-a996-711f1723c649,5,daily_login,2026-06-17,2026-06-17T07:37:00+00:00
1632,eb397f92-99ac-5f0f-8f81-3540865f0477,5,daily_login,2026-06-17,2026-06-17T07:38:00+00:00
1633,508d03e7-de84-523a-8242-f48abc9451d7,5,daily_login,2026-06-17,2026-06-17T07:39:00+00:00
1634,c6286e16-5e03-594c-aa67-861b8ba91b33,5,daily_login,2026-06-17,2026-06-17T07:39:00+00:00
1635,bb4b0d34-59a4-5948-a9be-a1aa6caece55,5,daily_login,2026-06-17,2026-06-17T07:40:00+00:00
1636,96ccee9a-30f2-56cd-b597-a927c84e0f75,5,daily_login,2026-06-17,2026-06-17T07:41:00+00:00
1637,0b532307-3033-5baf-b61c-915d1213c01f,5,daily_login,2026-06-17,2026-06-17T07:41:00+00:00
1638,373cd20e-25d5-5a46-a0ae-18157cf68a55,5,daily_login,2026-06-17,2026-06-17T07:41:00+00:00
1639,77c684c4-9514-5edc-85ff-1052c8544c14,5,daily_login,2026-06-17,2026-06-17T07:42:00+00:00
1640,b5be680a-732e-55e0-bc5d-b80e831ff33a,5,daily_login,2026-06-17,2026-06-17T07:42:00+00:00
1641,daa36188-60fd-56a2-938b-70b1b51084b0,5,daily_login,2026-06-17,2026-06-17T07:43:00+00:00
1642,3b932376-f549-5a1c-a24b-664b4bc338e3,5,daily_login,2026-06-17,2026-06-17T07:43:00+00:00
1643,a5526e82-ef69-522b-b3ad-df818658bde0,5,daily_login,2026-06-17,2026-06-17T07:44:00+00:00
1644,e137404e-9196-525c-b17a-44dc96d29f29,5,daily_login,2026-06-17,2026-06-17T07:44:00+00:00
1645,d2a70bca-a25c-522f-9b7e-c967b69503cc,5,daily_login,2026-06-17,2026-06-17T07:45:00+00:00
1646,3bc3e38a-5ff7-5330-ab2d-8add18e85d57,5,daily_login,2026-06-17,2026-06-17T07:45:00+00:00
1647,6ac5a7a4-ae0d-5e31-8a7c-d85b63a96c46,5,daily_login,2026-06-17,2026-06-17T07:45:00+00:00
1648,5ccdaadc-80b2-50e1-a0c1-bad0246a7cf2,5,daily_login,2026-06-17,2026-06-17T07:46:00+00:00
1649,f2561442-8439-5138-9a3b-8bcf96f16609,5,daily_login,2026-06-18,2026-06-18T07:10:00+00:00
1650,610e9654-06d6-5e55-959b-377b8749b8f9,5,daily_login,2026-06-18,2026-06-18T07:10:00+00:00
1651,4c2177ab-592a-5e4a-b25b-8bb3f8090555,5,daily_login,2026-06-18,2026-06-18T07:11:00+00:00
1652,37b7aed3-d207-54f7-b4ec-0e05c50eaeb2,5,daily_login,2026-06-18,2026-06-18T07:11:00+00:00
1653,0da68170-ff38-5dad-9224-770d261f1c8a,5,daily_login,2026-06-18,2026-06-18T07:11:00+00:00
1654,cd8c4c60-ab9b-5cf3-996e-d4fbb990f4c6,5,daily_login,2026-06-18,2026-06-18T07:12:00+00:00
1655,3d016498-e16a-5ad9-95c7-b633dfc6a142,5,daily_login,2026-06-18,2026-06-18T07:13:00+00:00
1656,7ef6d8e7-132e-5da5-a653-16dd2e5719c4,5,daily_login,2026-06-18,2026-06-18T07:13:00+00:00
1657,001e944b-e64e-5742-afb7-5e04327e41ee,5,daily_login,2026-06-18,2026-06-18T07:14:00+00:00
1658,50d6350f-ffd4-59ad-a1ff-65a49a77a913,5,daily_login,2026-06-18,2026-06-18T07:16:00+00:00
1659,06657aeb-b604-5b0d-9281-d2e5afb78a9d,5,daily_login,2026-06-18,2026-06-18T07:16:00+00:00
1660,3425797b-5c54-5f3a-9a34-9cedb0dc5b84,5,daily_login,2026-06-18,2026-06-18T07:18:00+00:00
1661,96dbbdad-601e-5bc2-9d1a-78f9f6349a39,5,daily_login,2026-06-18,2026-06-18T07:18:00+00:00
1662,64609795-d498-5ea7-ad33-a3bcecf9d962,5,daily_login,2026-06-18,2026-06-18T07:18:00+00:00
1663,9047d24d-0775-5f10-bf17-6e8fc62c5884,5,daily_login,2026-06-18,2026-06-18T07:20:00+00:00
1664,7bdf8ad6-1318-5f74-9112-e2b655e215a2,5,daily_login,2026-06-18,2026-06-18T07:21:00+00:00
1665,1b1e4344-fde4-5cc2-b82c-4fb458696522,5,daily_login,2026-06-18,2026-06-18T07:21:00+00:00
1666,85df6dcd-e42a-581f-802b-eb93568b74eb,5,daily_login,2026-06-18,2026-06-18T07:21:00+00:00
1667,02bf8d95-eee4-5287-b363-0551cc4a6d51,5,daily_login,2026-06-18,2026-06-18T07:23:00+00:00
1668,ffe47fd1-7989-5728-addd-50b504edd889,5,daily_login,2026-06-18,2026-06-18T07:24:00+00:00
1669,58074159-53d7-5a52-8436-d84a05af35a9,5,daily_login,2026-06-18,2026-06-18T07:24:00+00:00
1670,61347d09-09eb-5f04-a4ec-fe830319799f,5,daily_login,2026-06-18,2026-06-18T07:24:00+00:00
1671,a2cc3818-be31-5aeb-828c-e23f579431aa,5,daily_login,2026-06-18,2026-06-18T07:25:00+00:00
1672,d0c58825-6ead-50f6-9a07-f2f95dbb51ea,5,daily_login,2026-06-18,2026-06-18T07:27:00+00:00
1673,2e2e8079-6c9e-51c9-bc7e-1475045fd514,5,daily_login,2026-06-18,2026-06-18T07:27:00+00:00
1674,f3744506-cae3-5f81-8a4f-506a60395be8,5,daily_login,2026-06-18,2026-06-18T07:28:00+00:00
1675,e7dd6cb0-626e-510a-9e98-0498c534b04d,5,daily_login,2026-06-18,2026-06-18T07:28:00+00:00
1676,96373821-4bf4-53b8-bd24-bb64bbb3b84e,5,daily_login,2026-06-18,2026-06-18T07:30:00+00:00
1677,54561bf4-fe37-5b37-934d-9c7f81542f8b,5,daily_login,2026-06-18,2026-06-18T07:30:00+00:00
1678,da462241-608b-5422-bdbd-0d98184a433d,5,daily_login,2026-06-18,2026-06-18T07:30:00+00:00
1679,45cee65b-db52-5dff-b09d-0ee1ac2be20f,5,daily_login,2026-06-18,2026-06-18T07:31:00+00:00
1680,9cba29b2-e169-54f3-9d61-1d5013f80312,5,daily_login,2026-06-18,2026-06-18T07:32:00+00:00
1681,44f09dba-7a20-5f46-840b-4670e6c7eb92,5,daily_login,2026-06-18,2026-06-18T07:33:00+00:00
1682,88820056-e901-59a1-b2ca-c4e813b34f7b,5,daily_login,2026-06-18,2026-06-18T07:33:00+00:00
1683,e747fee0-a84b-5f51-98a3-7481903c9023,5,daily_login,2026-06-18,2026-06-18T07:34:00+00:00
1684,a0a53b38-722a-56e6-a52c-fe0e06169a59,5,daily_login,2026-06-18,2026-06-18T07:34:00+00:00
1685,01c00e49-c4d6-5d4b-bbc1-8aa3fe21ba2a,5,daily_login,2026-06-18,2026-06-18T07:34:00+00:00
1686,d48cab4b-e48b-59ae-88d6-41d5d463569d,5,daily_login,2026-06-18,2026-06-18T07:35:00+00:00
1687,9a026691-28ff-5880-9da3-006735af19d3,5,daily_login,2026-06-18,2026-06-18T07:35:00+00:00
1688,8ecc0792-3789-53b2-a26e-fc6daa886eb7,5,daily_login,2026-06-18,2026-06-18T07:36:00+00:00
1689,ab45f9eb-3fee-5ea5-bccb-faffc50f3e76,5,daily_login,2026-06-18,2026-06-18T07:37:00+00:00
1690,5ce94e6e-a987-5fd1-90b2-94a1174f9376,5,daily_login,2026-06-18,2026-06-18T07:37:00+00:00
1691,6988340a-a3c1-5fda-a996-711f1723c649,5,daily_login,2026-06-18,2026-06-18T07:37:00+00:00
1692,bdc5faf6-386d-5338-99a0-32d156bcbd68,5,daily_login,2026-06-18,2026-06-18T07:38:00+00:00
1693,25797954-b022-582e-8349-e1e2c141368c,5,daily_login,2026-06-18,2026-06-18T07:39:00+00:00
1694,eeeb9e89-042f-5fdc-8fcf-2c3ad56f9bf1,5,daily_login,2026-06-18,2026-06-18T07:39:00+00:00
1695,508d03e7-de84-523a-8242-f48abc9451d7,5,daily_login,2026-06-18,2026-06-18T07:39:00+00:00
1696,e21dfd78-ea9f-5754-a3b2-3b3b66dd30b5,5,daily_login,2026-06-18,2026-06-18T07:39:00+00:00
1697,d767d4bb-a2aa-587a-90f9-23d0689ae52a,5,daily_login,2026-06-18,2026-06-18T07:40:00+00:00
1698,fb400c3e-ecd0-522e-8b8e-1323946be71a,5,daily_login,2026-06-18,2026-06-18T07:40:00+00:00
1699,33ba5d16-c38c-5bcf-9896-ea8ae81d6e7b,5,daily_login,2026-06-18,2026-06-18T07:41:00+00:00
1700,7624f38b-fbca-546f-af04-c9dda9318f82,5,daily_login,2026-06-18,2026-06-18T07:41:00+00:00
1701,77c684c4-9514-5edc-85ff-1052c8544c14,5,daily_login,2026-06-18,2026-06-18T07:42:00+00:00
1702,33d87513-60c2-51ff-9ec5-f0f1389ed27e,5,daily_login,2026-06-18,2026-06-18T07:42:00+00:00
1703,dfe9e449-d177-56af-a679-d3e1c78c5c02,5,daily_login,2026-06-18,2026-06-18T07:43:00+00:00
1704,a5526e82-ef69-522b-b3ad-df818658bde0,5,daily_login,2026-06-18,2026-06-18T07:44:00+00:00
1705,e137404e-9196-525c-b17a-44dc96d29f29,5,daily_login,2026-06-18,2026-06-18T07:44:00+00:00
1706,5ccdaadc-80b2-50e1-a0c1-bad0246a7cf2,5,daily_login,2026-06-18,2026-06-18T07:46:00+00:00
1707,bf54d417-d834-5d3e-a7f9-106377fe05a5,5,daily_login,2026-06-18,2026-06-18T07:46:00+00:00
1708,b39a9d3d-f3eb-5d31-9cc7-15e278969b70,5,daily_login,2026-06-18,2026-06-18T07:46:00+00:00
1709,cac67f41-f5af-5268-9e2d-34feac0dc9fa,5,daily_login,2026-06-18,2026-06-18T07:46:00+00:00
1710,f2561442-8439-5138-9a3b-8bcf96f16609,5,daily_login,2026-06-19,2026-06-19T07:10:00+00:00
1711,610e9654-06d6-5e55-959b-377b8749b8f9,5,daily_login,2026-06-19,2026-06-19T07:10:00+00:00
1712,4c2177ab-592a-5e4a-b25b-8bb3f8090555,5,daily_login,2026-06-19,2026-06-19T07:11:00+00:00
1713,50de23a6-cd45-55ac-adb0-06d14b4ed8ce,5,daily_login,2026-06-19,2026-06-19T07:12:00+00:00
1714,a36cd93c-2f0c-5956-9a51-8094e39a7bed,5,daily_login,2026-06-19,2026-06-19T07:14:00+00:00
1715,ea7edc0e-b64d-545f-b311-b4ee943f2935,5,daily_login,2026-06-19,2026-06-19T07:14:00+00:00
1716,6e82bb3e-ede8-5803-ba1a-cc3aa8766199,5,daily_login,2026-06-19,2026-06-19T07:15:00+00:00
1717,20b63262-d3e6-555a-95b2-84fc87694a19,5,daily_login,2026-06-19,2026-06-19T07:15:00+00:00
1718,50d6350f-ffd4-59ad-a1ff-65a49a77a913,5,daily_login,2026-06-19,2026-06-19T07:16:00+00:00
1719,50d6350f-ffd4-59ad-a1ff-65a49a77a913,5,streak_week_bonus,2026-06-19,2026-06-19T07:16:00+00:00
1720,50d6350f-ffd4-59ad-a1ff-65a49a77a913,200,streak_7,badge,2026-06-19T07:16:00+00:00
1721,fd96bbd1-5601-5c99-a1e2-04b09168b35e,5,daily_login,2026-06-19,2026-06-19T07:18:00+00:00
1722,96dbbdad-601e-5bc2-9d1a-78f9f6349a39,5,daily_login,2026-06-19,2026-06-19T07:18:00+00:00
1723,64609795-d498-5ea7-ad33-a3bcecf9d962,5,daily_login,2026-06-19,2026-06-19T07:18:00+00:00
1724,d3175e63-6121-5d55-b429-df91670d9aca,5,daily_login,2026-06-19,2026-06-19T07:18:00+00:00
1725,5a4b137d-2ebb-5c75-8cdd-bf77406b4b9f,5,daily_login,2026-06-19,2026-06-19T07:19:00+00:00
1726,9d1c460b-bd0b-57ff-ac14-f2b10f73edd3,5,daily_login,2026-06-19,2026-06-19T07:19:00+00:00
1727,7b359533-e634-59eb-a2c3-b5501ff96488,5,daily_login,2026-06-19,2026-06-19T07:19:00+00:00
1728,9047d24d-0775-5f10-bf17-6e8fc62c5884,5,daily_login,2026-06-19,2026-06-19T07:20:00+00:00
1729,7bdf8ad6-1318-5f74-9112-e2b655e215a2,5,daily_login,2026-06-19,2026-06-19T07:21:00+00:00
1730,1b1e4344-fde4-5cc2-b82c-4fb458696522,5,daily_login,2026-06-19,2026-06-19T07:21:00+00:00
1731,4ec67eb8-4fda-5cbc-bbd1-a6afc7ce8130,5,daily_login,2026-06-19,2026-06-19T07:21:00+00:00
1732,85df6dcd-e42a-581f-802b-eb93568b74eb,5,daily_login,2026-06-19,2026-06-19T07:21:00+00:00
1733,484e243b-afd7-5767-bb0f-4262c0334aea,5,daily_login,2026-06-19,2026-06-19T07:22:00+00:00
1734,d16e3cdc-2868-563d-867d-62fa9b8b24ea,5,daily_login,2026-06-19,2026-06-19T07:22:00+00:00
1735,4c310820-12d3-5128-9a45-973db446b59e,5,daily_login,2026-06-19,2026-06-19T07:23:00+00:00
1736,d5dc7189-89df-5fd7-983f-1124b6de3d68,5,daily_login,2026-06-19,2026-06-19T07:23:00+00:00
1737,02bf8d95-eee4-5287-b363-0551cc4a6d51,5,daily_login,2026-06-19,2026-06-19T07:23:00+00:00
1738,61347d09-09eb-5f04-a4ec-fe830319799f,5,daily_login,2026-06-19,2026-06-19T07:24:00+00:00
1739,a2cc3818-be31-5aeb-828c-e23f579431aa,5,daily_login,2026-06-19,2026-06-19T07:25:00+00:00
1740,d9aaa9eb-5304-587b-b0f4-42a2d5930f54,5,daily_login,2026-06-19,2026-06-19T07:25:00+00:00
1741,e502b694-466f-5e1f-9293-146b264ae20c,5,daily_login,2026-06-19,2026-06-19T07:27:00+00:00
1742,d0c58825-6ead-50f6-9a07-f2f95dbb51ea,5,daily_login,2026-06-19,2026-06-19T07:27:00+00:00
1743,84da666c-c47c-572e-b2c9-3b6f35881596,5,daily_login,2026-06-19,2026-06-19T07:28:00+00:00
1744,673e8617-3280-5bfa-85a6-738a6d64aac6,5,daily_login,2026-06-19,2026-06-19T07:28:00+00:00
1745,e7dd6cb0-626e-510a-9e98-0498c534b04d,5,daily_login,2026-06-19,2026-06-19T07:28:00+00:00
1746,f0ca4141-ccff-5472-ba76-f4b194108c7b,5,daily_login,2026-06-19,2026-06-19T07:29:00+00:00
1747,5532dec3-02ae-5ac3-8b57-2e8214a8598b,5,daily_login,2026-06-19,2026-06-19T07:29:00+00:00
1748,da462241-608b-5422-bdbd-0d98184a433d,5,daily_login,2026-06-19,2026-06-19T07:30:00+00:00
1749,0947c4b9-50d6-50e2-9043-84a15b80e8c7,5,daily_login,2026-06-19,2026-06-19T07:30:00+00:00
1750,082b47e7-5a06-5a34-bd49-595c82b2b196,5,daily_login,2026-06-19,2026-06-19T07:31:00+00:00
1751,ee289908-380a-5bb3-8fdc-0990b203929b,5,daily_login,2026-06-19,2026-06-19T07:32:00+00:00
1752,95927b04-f214-5c26-878d-fb55176e41bc,5,daily_login,2026-06-19,2026-06-19T07:32:00+00:00
1753,44f09dba-7a20-5f46-840b-4670e6c7eb92,5,daily_login,2026-06-19,2026-06-19T07:33:00+00:00
1754,88820056-e901-59a1-b2ca-c4e813b34f7b,5,daily_login,2026-06-19,2026-06-19T07:33:00+00:00
1755,bc38029f-d1c5-5b8f-8055-d446a522cb91,5,daily_login,2026-06-19,2026-06-19T07:34:00+00:00
1756,e747fee0-a84b-5f51-98a3-7481903c9023,5,daily_login,2026-06-19,2026-06-19T07:34:00+00:00
1757,7e6a1243-34f5-52e6-862f-e5f3b2ebe640,5,daily_login,2026-06-19,2026-06-19T07:36:00+00:00
1758,8ecc0792-3789-53b2-a26e-fc6daa886eb7,5,daily_login,2026-06-19,2026-06-19T07:36:00+00:00
1759,9edec740-5de6-5c27-8233-5cf72946b182,5,daily_login,2026-06-19,2026-06-19T07:36:00+00:00
1760,f22a7317-9c2b-5d13-99b9-1a1622094bb3,5,daily_login,2026-06-19,2026-06-19T07:38:00+00:00
1761,302b84f9-9053-5cf7-bed0-305678227875,5,daily_login,2026-06-19,2026-06-19T07:39:00+00:00
1762,508d03e7-de84-523a-8242-f48abc9451d7,5,daily_login,2026-06-19,2026-06-19T07:39:00+00:00
1763,c6286e16-5e03-594c-aa67-861b8ba91b33,5,daily_login,2026-06-19,2026-06-19T07:39:00+00:00
1764,7b48b183-5d87-500f-9cec-2e003c19efac,5,daily_login,2026-06-19,2026-06-19T07:40:00+00:00
1765,51420309-4688-52d6-84b9-51c0dc3a900e,5,daily_login,2026-06-19,2026-06-19T07:40:00+00:00
1766,96ccee9a-30f2-56cd-b597-a927c84e0f75,5,daily_login,2026-06-19,2026-06-19T07:41:00+00:00
1767,77c684c4-9514-5edc-85ff-1052c8544c14,5,daily_login,2026-06-19,2026-06-19T07:42:00+00:00
1768,b5be680a-732e-55e0-bc5d-b80e831ff33a,5,daily_login,2026-06-19,2026-06-19T07:42:00+00:00
1769,daa36188-60fd-56a2-938b-70b1b51084b0,5,daily_login,2026-06-19,2026-06-19T07:43:00+00:00
1770,dfe9e449-d177-56af-a679-d3e1c78c5c02,5,daily_login,2026-06-19,2026-06-19T07:43:00+00:00
1771,36016ab9-3cc9-5f6a-8bc7-1d138ad9cb43,5,daily_login,2026-06-19,2026-06-19T07:44:00+00:00
1772,a5526e82-ef69-522b-b3ad-df818658bde0,5,daily_login,2026-06-19,2026-06-19T07:44:00+00:00
1773,e137404e-9196-525c-b17a-44dc96d29f29,5,daily_login,2026-06-19,2026-06-19T07:44:00+00:00
1774,d2a70bca-a25c-522f-9b7e-c967b69503cc,5,daily_login,2026-06-19,2026-06-19T07:45:00+00:00
1775,3bc3e38a-5ff7-5330-ab2d-8add18e85d57,5,daily_login,2026-06-19,2026-06-19T07:45:00+00:00
1776,bf54d417-d834-5d3e-a7f9-106377fe05a5,5,daily_login,2026-06-19,2026-06-19T07:46:00+00:00
1777,610e9654-06d6-5e55-959b-377b8749b8f9,5,daily_login,2026-06-20,2026-06-20T07:10:00+00:00
1778,b7180518-4b5b-54ef-9060-958212d05ab7,5,daily_login,2026-06-20,2026-06-20T07:11:00+00:00
1779,ea7edc0e-b64d-545f-b311-b4ee943f2935,5,daily_login,2026-06-20,2026-06-20T07:14:00+00:00
1780,6e82bb3e-ede8-5803-ba1a-cc3aa8766199,5,daily_login,2026-06-20,2026-06-20T07:15:00+00:00
1781,20b63262-d3e6-555a-95b2-84fc87694a19,5,daily_login,2026-06-20,2026-06-20T07:15:00+00:00
1782,d6b81cb4-a299-5894-baa5-463cb63679a3,5,daily_login,2026-06-20,2026-06-20T07:15:00+00:00
1783,50d6350f-ffd4-59ad-a1ff-65a49a77a913,5,daily_login,2026-06-20,2026-06-20T07:16:00+00:00
1784,693ebb02-ab3f-5d60-b798-d4d4df4900d2,5,daily_login,2026-06-20,2026-06-20T07:16:00+00:00
1785,64609795-d498-5ea7-ad33-a3bcecf9d962,5,daily_login,2026-06-20,2026-06-20T07:18:00+00:00
1786,64609795-d498-5ea7-ad33-a3bcecf9d962,5,streak_week_bonus,2026-06-20,2026-06-20T07:18:00+00:00
1787,d3175e63-6121-5d55-b429-df91670d9aca,5,daily_login,2026-06-20,2026-06-20T07:18:00+00:00
1788,5a4b137d-2ebb-5c75-8cdd-bf77406b4b9f,5,daily_login,2026-06-20,2026-06-20T07:19:00+00:00
1789,9d1c460b-bd0b-57ff-ac14-f2b10f73edd3,5,daily_login,2026-06-20,2026-06-20T07:19:00+00:00
1790,43a3bb15-e7a6-5c42-a198-3e0d7f080ba1,5,daily_login,2026-06-20,2026-06-20T07:20:00+00:00
1791,9047d24d-0775-5f10-bf17-6e8fc62c5884,5,daily_login,2026-06-20,2026-06-20T07:20:00+00:00
1792,7bdf8ad6-1318-5f74-9112-e2b655e215a2,5,daily_login,2026-06-20,2026-06-20T07:21:00+00:00
1793,4ec67eb8-4fda-5cbc-bbd1-a6afc7ce8130,5,daily_login,2026-06-20,2026-06-20T07:21:00+00:00
1794,8819cb55-67e6-5a55-98c8-d80446975a9e,5,daily_login,2026-06-20,2026-06-20T07:22:00+00:00
1795,d16e3cdc-2868-563d-867d-62fa9b8b24ea,5,daily_login,2026-06-20,2026-06-20T07:22:00+00:00
1796,3a376c3a-3e46-5c8c-815c-232b66ca9bc8,5,daily_login,2026-06-20,2026-06-20T07:23:00+00:00
1797,d5dc7189-89df-5fd7-983f-1124b6de3d68,5,daily_login,2026-06-20,2026-06-20T07:23:00+00:00
1798,a2cc3818-be31-5aeb-828c-e23f579431aa,5,daily_login,2026-06-20,2026-06-20T07:25:00+00:00
1799,ef763ec1-f93c-5744-9640-4ca59adf9347,5,daily_login,2026-06-20,2026-06-20T07:25:00+00:00
1800,1bf86e3f-0e6e-5241-b319-71005237945f,5,daily_login,2026-06-20,2026-06-20T07:25:00+00:00
1801,a60d0128-bffa-5d2d-9915-36693e6bc3ba,5,daily_login,2026-06-20,2026-06-20T07:26:00+00:00
1802,e502b694-466f-5e1f-9293-146b264ae20c,5,daily_login,2026-06-20,2026-06-20T07:27:00+00:00
1803,2e2e8079-6c9e-51c9-bc7e-1475045fd514,5,daily_login,2026-06-20,2026-06-20T07:27:00+00:00
1804,673e8617-3280-5bfa-85a6-738a6d64aac6,5,daily_login,2026-06-20,2026-06-20T07:28:00+00:00
1805,e7dd6cb0-626e-510a-9e98-0498c534b04d,5,daily_login,2026-06-20,2026-06-20T07:28:00+00:00
1806,5532dec3-02ae-5ac3-8b57-2e8214a8598b,5,daily_login,2026-06-20,2026-06-20T07:29:00+00:00
1807,774fd1d7-ca6b-5177-9d91-fc7b24739425,5,daily_login,2026-06-20,2026-06-20T07:30:00+00:00
1808,54561bf4-fe37-5b37-934d-9c7f81542f8b,5,daily_login,2026-06-20,2026-06-20T07:30:00+00:00
1809,da462241-608b-5422-bdbd-0d98184a433d,5,daily_login,2026-06-20,2026-06-20T07:30:00+00:00
1810,082b47e7-5a06-5a34-bd49-595c82b2b196,5,daily_login,2026-06-20,2026-06-20T07:31:00+00:00
1811,82a5c89c-0b3a-58b9-9259-837a5348a5c2,5,daily_login,2026-06-20,2026-06-20T07:31:00+00:00
1812,95927b04-f214-5c26-878d-fb55176e41bc,5,daily_login,2026-06-20,2026-06-20T07:32:00+00:00
1813,44f09dba-7a20-5f46-840b-4670e6c7eb92,5,daily_login,2026-06-20,2026-06-20T07:33:00+00:00
1814,bc38029f-d1c5-5b8f-8055-d446a522cb91,5,daily_login,2026-06-20,2026-06-20T07:34:00+00:00
1815,01c00e49-c4d6-5d4b-bbc1-8aa3fe21ba2a,5,daily_login,2026-06-20,2026-06-20T07:34:00+00:00
1816,9a026691-28ff-5880-9da3-006735af19d3,5,daily_login,2026-06-20,2026-06-20T07:35:00+00:00
1817,7e6a1243-34f5-52e6-862f-e5f3b2ebe640,5,daily_login,2026-06-20,2026-06-20T07:36:00+00:00
1818,9edec740-5de6-5c27-8233-5cf72946b182,5,daily_login,2026-06-20,2026-06-20T07:36:00+00:00
1819,5ce94e6e-a987-5fd1-90b2-94a1174f9376,5,daily_login,2026-06-20,2026-06-20T07:37:00+00:00
1820,bdc5faf6-386d-5338-99a0-32d156bcbd68,5,daily_login,2026-06-20,2026-06-20T07:38:00+00:00
1821,0bd9c807-50b6-567b-befe-96c80ed2fc9d,5,daily_login,2026-06-20,2026-06-20T07:38:00+00:00
1822,302b84f9-9053-5cf7-bed0-305678227875,5,daily_login,2026-06-20,2026-06-20T07:39:00+00:00
1823,508d03e7-de84-523a-8242-f48abc9451d7,5,daily_login,2026-06-20,2026-06-20T07:39:00+00:00
1824,c6286e16-5e03-594c-aa67-861b8ba91b33,5,daily_login,2026-06-20,2026-06-20T07:39:00+00:00
1825,fb400c3e-ecd0-522e-8b8e-1323946be71a,5,daily_login,2026-06-20,2026-06-20T07:40:00+00:00
1826,33ba5d16-c38c-5bcf-9896-ea8ae81d6e7b,5,daily_login,2026-06-20,2026-06-20T07:41:00+00:00
1827,0b532307-3033-5baf-b61c-915d1213c01f,5,daily_login,2026-06-20,2026-06-20T07:41:00+00:00
1828,7624f38b-fbca-546f-af04-c9dda9318f82,5,daily_login,2026-06-20,2026-06-20T07:41:00+00:00
1829,77c684c4-9514-5edc-85ff-1052c8544c14,5,daily_login,2026-06-20,2026-06-20T07:42:00+00:00
1830,dfe9e449-d177-56af-a679-d3e1c78c5c02,5,daily_login,2026-06-20,2026-06-20T07:43:00+00:00
1831,a070c6d0-c23b-5036-b352-f16db0d6ec8e,5,daily_login,2026-06-20,2026-06-20T07:43:00+00:00
1832,3b932376-f549-5a1c-a24b-664b4bc338e3,5,daily_login,2026-06-20,2026-06-20T07:43:00+00:00
1833,a5526e82-ef69-522b-b3ad-df818658bde0,5,daily_login,2026-06-20,2026-06-20T07:44:00+00:00
1834,e137404e-9196-525c-b17a-44dc96d29f29,5,daily_login,2026-06-20,2026-06-20T07:44:00+00:00
1835,6ab0c42d-0ad5-5b3d-9c6c-4ab9eaa47586,5,daily_login,2026-06-20,2026-06-20T07:45:00+00:00
1836,5ccdaadc-80b2-50e1-a0c1-bad0246a7cf2,5,daily_login,2026-06-20,2026-06-20T07:46:00+00:00
1837,bf54d417-d834-5d3e-a7f9-106377fe05a5,5,daily_login,2026-06-20,2026-06-20T07:46:00+00:00
1838,b39a9d3d-f3eb-5d31-9cc7-15e278969b70,5,daily_login,2026-06-20,2026-06-20T07:46:00+00:00
1839,610e9654-06d6-5e55-959b-377b8749b8f9,5,daily_login,2026-06-21,2026-06-21T07:10:00+00:00
1840,b7180518-4b5b-54ef-9060-958212d05ab7,5,daily_login,2026-06-21,2026-06-21T07:11:00+00:00
1841,f985b68e-39ae-5c83-8468-2b126802c414,5,daily_login,2026-06-21,2026-06-21T07:12:00+00:00
1842,7ef6d8e7-132e-5da5-a653-16dd2e5719c4,5,daily_login,2026-06-21,2026-06-21T07:13:00+00:00
1843,ea7edc0e-b64d-545f-b311-b4ee943f2935,5,daily_login,2026-06-21,2026-06-21T07:14:00+00:00
1844,20b63262-d3e6-555a-95b2-84fc87694a19,5,daily_login,2026-06-21,2026-06-21T07:15:00+00:00
1845,d6b81cb4-a299-5894-baa5-463cb63679a3,5,daily_login,2026-06-21,2026-06-21T07:15:00+00:00
1846,50d6350f-ffd4-59ad-a1ff-65a49a77a913,5,daily_login,2026-06-21,2026-06-21T07:16:00+00:00
1847,96dbbdad-601e-5bc2-9d1a-78f9f6349a39,5,daily_login,2026-06-21,2026-06-21T07:18:00+00:00
1848,64609795-d498-5ea7-ad33-a3bcecf9d962,5,daily_login,2026-06-21,2026-06-21T07:18:00+00:00
1849,d3175e63-6121-5d55-b429-df91670d9aca,5,daily_login,2026-06-21,2026-06-21T07:18:00+00:00
1850,cb162f3d-006f-544e-bfa6-f9abb8a52026,5,daily_login,2026-06-21,2026-06-21T07:19:00+00:00
1851,e1f9b739-b2d3-51e6-9609-05805a6d151c,5,daily_login,2026-06-21,2026-06-21T07:19:00+00:00
1852,b0ebc690-efe0-594f-bd55-e4d7ec3454bc,5,daily_login,2026-06-21,2026-06-21T07:20:00+00:00
1853,63fdd1e3-9db3-5b05-9799-510eea6abab7,5,daily_login,2026-06-21,2026-06-21T07:20:00+00:00
1854,9047d24d-0775-5f10-bf17-6e8fc62c5884,5,daily_login,2026-06-21,2026-06-21T07:20:00+00:00
1855,1b1e4344-fde4-5cc2-b82c-4fb458696522,5,daily_login,2026-06-21,2026-06-21T07:21:00+00:00
1856,4ec67eb8-4fda-5cbc-bbd1-a6afc7ce8130,5,daily_login,2026-06-21,2026-06-21T07:21:00+00:00
1857,85df6dcd-e42a-581f-802b-eb93568b74eb,5,daily_login,2026-06-21,2026-06-21T07:21:00+00:00
1858,8819cb55-67e6-5a55-98c8-d80446975a9e,5,daily_login,2026-06-21,2026-06-21T07:22:00+00:00
1859,44a33563-638c-52da-ae01-285f43dfcb99,5,daily_login,2026-06-21,2026-06-21T07:22:00+00:00
1860,4c310820-12d3-5128-9a45-973db446b59e,5,daily_login,2026-06-21,2026-06-21T07:23:00+00:00
1861,02bf8d95-eee4-5287-b363-0551cc4a6d51,5,daily_login,2026-06-21,2026-06-21T07:23:00+00:00
1862,35e87bcc-650c-5e3f-9741-3f0c54905b6f,5,daily_login,2026-06-21,2026-06-21T07:23:00+00:00
1863,ffe47fd1-7989-5728-addd-50b504edd889,5,daily_login,2026-06-21,2026-06-21T07:24:00+00:00
1864,61347d09-09eb-5f04-a4ec-fe830319799f,5,daily_login,2026-06-21,2026-06-21T07:24:00+00:00
1865,a992f17b-79b6-5dcf-aed4-2aebaa5775c7,5,daily_login,2026-06-21,2026-06-21T07:25:00+00:00
1866,baa8ef70-5b01-5a49-84cb-71c353290705,5,daily_login,2026-06-21,2026-06-21T07:26:00+00:00
1867,e502b694-466f-5e1f-9293-146b264ae20c,5,daily_login,2026-06-21,2026-06-21T07:27:00+00:00
1868,2e2e8079-6c9e-51c9-bc7e-1475045fd514,5,daily_login,2026-06-21,2026-06-21T07:27:00+00:00
1869,49a9d8f7-08ea-5972-af3a-0ca0a6c06e59,5,daily_login,2026-06-21,2026-06-21T07:27:00+00:00
1870,b897da16-1a55-5740-8129-7d502e6f44b8,5,daily_login,2026-06-21,2026-06-21T07:29:00+00:00
1871,5532dec3-02ae-5ac3-8b57-2e8214a8598b,5,daily_login,2026-06-21,2026-06-21T07:29:00+00:00
1872,da462241-608b-5422-bdbd-0d98184a433d,5,daily_login,2026-06-21,2026-06-21T07:30:00+00:00
1873,0947c4b9-50d6-50e2-9043-84a15b80e8c7,5,daily_login,2026-06-21,2026-06-21T07:30:00+00:00
1874,88820056-e901-59a1-b2ca-c4e813b34f7b,5,daily_login,2026-06-21,2026-06-21T07:33:00+00:00
1875,a0a53b38-722a-56e6-a52c-fe0e06169a59,5,daily_login,2026-06-21,2026-06-21T07:34:00+00:00
1876,9edec740-5de6-5c27-8233-5cf72946b182,5,daily_login,2026-06-21,2026-06-21T07:36:00+00:00
1877,eb397f92-99ac-5f0f-8f81-3540865f0477,5,daily_login,2026-06-21,2026-06-21T07:38:00+00:00
1878,ec6d706d-7dba-534b-8700-e6752dbd06e1,5,daily_login,2026-06-21,2026-06-21T07:38:00+00:00
1879,bdc5faf6-386d-5338-99a0-32d156bcbd68,5,daily_login,2026-06-21,2026-06-21T07:38:00+00:00
1880,0bd9c807-50b6-567b-befe-96c80ed2fc9d,5,daily_login,2026-06-21,2026-06-21T07:38:00+00:00
1881,25797954-b022-582e-8349-e1e2c141368c,5,daily_login,2026-06-21,2026-06-21T07:39:00+00:00
1882,c6286e16-5e03-594c-aa67-861b8ba91b33,5,daily_login,2026-06-21,2026-06-21T07:39:00+00:00
1883,d767d4bb-a2aa-587a-90f9-23d0689ae52a,5,daily_login,2026-06-21,2026-06-21T07:40:00+00:00
1884,fb400c3e-ecd0-522e-8b8e-1323946be71a,5,daily_login,2026-06-21,2026-06-21T07:40:00+00:00
1885,96ccee9a-30f2-56cd-b597-a927c84e0f75,5,daily_login,2026-06-21,2026-06-21T07:41:00+00:00
1886,33ba5d16-c38c-5bcf-9896-ea8ae81d6e7b,5,daily_login,2026-06-21,2026-06-21T07:41:00+00:00
1887,373cd20e-25d5-5a46-a0ae-18157cf68a55,5,daily_login,2026-06-21,2026-06-21T07:41:00+00:00
1888,e5b7ccce-2cb7-5b6e-95a5-32ffacbca87f,5,daily_login,2026-06-21,2026-06-21T07:42:00+00:00
1889,77c684c4-9514-5edc-85ff-1052c8544c14,5,daily_login,2026-06-21,2026-06-21T07:42:00+00:00
1890,dfe9e449-d177-56af-a679-d3e1c78c5c02,5,daily_login,2026-06-21,2026-06-21T07:43:00+00:00
1891,3b932376-f549-5a1c-a24b-664b4bc338e3,5,daily_login,2026-06-21,2026-06-21T07:43:00+00:00
1892,40120057-c43a-5745-9d3a-d9b0c6b1e84e,5,daily_login,2026-06-21,2026-06-21T07:43:00+00:00
1893,36016ab9-3cc9-5f6a-8bc7-1d138ad9cb43,5,daily_login,2026-06-21,2026-06-21T07:44:00+00:00
1894,a5526e82-ef69-522b-b3ad-df818658bde0,5,daily_login,2026-06-21,2026-06-21T07:44:00+00:00
1895,e137404e-9196-525c-b17a-44dc96d29f29,5,daily_login,2026-06-21,2026-06-21T07:44:00+00:00
1896,e137404e-9196-525c-b17a-44dc96d29f29,5,streak_week_bonus,2026-06-21,2026-06-21T07:44:00+00:00
1897,ae7ac442-d880-5cd8-bc30-8d21c5f7dc54,5,daily_login,2026-06-21,2026-06-21T07:45:00+00:00
1898,d2a70bca-a25c-522f-9b7e-c967b69503cc,5,daily_login,2026-06-21,2026-06-21T07:45:00+00:00
1899,5ccdaadc-80b2-50e1-a0c1-bad0246a7cf2,5,daily_login,2026-06-21,2026-06-21T07:46:00+00:00
1900,f2561442-8439-5138-9a3b-8bcf96f16609,5,daily_login,2026-06-22,2026-06-22T07:10:00+00:00
1901,610e9654-06d6-5e55-959b-377b8749b8f9,5,daily_login,2026-06-22,2026-06-22T07:10:00+00:00
1902,f0f4eb8c-a1ed-50a1-bc7d-2863700a31a5,5,daily_login,2026-06-22,2026-06-22T07:11:00+00:00
1903,b7180518-4b5b-54ef-9060-958212d05ab7,5,daily_login,2026-06-22,2026-06-22T07:11:00+00:00
1904,8ae0340a-8eaf-5e9d-9db0-ac449334023d,5,daily_login,2026-06-22,2026-06-22T07:12:00+00:00
1905,cd8c4c60-ab9b-5cf3-996e-d4fbb990f4c6,5,daily_login,2026-06-22,2026-06-22T07:12:00+00:00
1906,7ef6d8e7-132e-5da5-a653-16dd2e5719c4,5,daily_login,2026-06-22,2026-06-22T07:13:00+00:00
1907,f4793612-bd5c-52c4-b29e-226fe28a77ca,5,daily_login,2026-06-22,2026-06-22T07:13:00+00:00
1908,ea7edc0e-b64d-545f-b311-b4ee943f2935,5,daily_login,2026-06-22,2026-06-22T07:14:00+00:00
1909,20b63262-d3e6-555a-95b2-84fc87694a19,5,daily_login,2026-06-22,2026-06-22T07:15:00+00:00
1910,50d6350f-ffd4-59ad-a1ff-65a49a77a913,5,daily_login,2026-06-22,2026-06-22T07:16:00+00:00
1911,693ebb02-ab3f-5d60-b798-d4d4df4900d2,5,daily_login,2026-06-22,2026-06-22T07:16:00+00:00
1912,9355c2cf-38db-5118-9b77-3d5b5b3870df,5,daily_login,2026-06-22,2026-06-22T07:17:00+00:00
1913,52ab3a8f-ec5c-5e66-bcd5-efc304512118,5,daily_login,2026-06-22,2026-06-22T07:18:00+00:00
1914,96dbbdad-601e-5bc2-9d1a-78f9f6349a39,5,daily_login,2026-06-22,2026-06-22T07:18:00+00:00
1915,64609795-d498-5ea7-ad33-a3bcecf9d962,5,daily_login,2026-06-22,2026-06-22T07:18:00+00:00
1916,d3175e63-6121-5d55-b429-df91670d9aca,5,daily_login,2026-06-22,2026-06-22T07:18:00+00:00
1917,5a4b137d-2ebb-5c75-8cdd-bf77406b4b9f,5,daily_login,2026-06-22,2026-06-22T07:19:00+00:00
1918,cb162f3d-006f-544e-bfa6-f9abb8a52026,5,daily_login,2026-06-22,2026-06-22T07:19:00+00:00
1919,9d1c460b-bd0b-57ff-ac14-f2b10f73edd3,5,daily_login,2026-06-22,2026-06-22T07:19:00+00:00
1920,b0ebc690-efe0-594f-bd55-e4d7ec3454bc,5,daily_login,2026-06-22,2026-06-22T07:20:00+00:00
1921,43a3bb15-e7a6-5c42-a198-3e0d7f080ba1,5,daily_login,2026-06-22,2026-06-22T07:20:00+00:00
1922,63fdd1e3-9db3-5b05-9799-510eea6abab7,5,daily_login,2026-06-22,2026-06-22T07:20:00+00:00
1923,9047d24d-0775-5f10-bf17-6e8fc62c5884,5,daily_login,2026-06-22,2026-06-22T07:20:00+00:00
1924,9047d24d-0775-5f10-bf17-6e8fc62c5884,5,streak_week_bonus,2026-06-22,2026-06-22T07:20:00+00:00
1925,7bdf8ad6-1318-5f74-9112-e2b655e215a2,5,daily_login,2026-06-22,2026-06-22T07:21:00+00:00
1926,1b1e4344-fde4-5cc2-b82c-4fb458696522,5,daily_login,2026-06-22,2026-06-22T07:21:00+00:00
1927,85df6dcd-e42a-581f-802b-eb93568b74eb,5,daily_login,2026-06-22,2026-06-22T07:21:00+00:00
1928,4966bb54-4d4f-5992-8586-1bd44991d17f,5,daily_login,2026-06-22,2026-06-22T07:22:00+00:00
1929,484e243b-afd7-5767-bb0f-4262c0334aea,5,daily_login,2026-06-22,2026-06-22T07:22:00+00:00
1930,d16e3cdc-2868-563d-867d-62fa9b8b24ea,5,daily_login,2026-06-22,2026-06-22T07:22:00+00:00
1931,3a376c3a-3e46-5c8c-815c-232b66ca9bc8,5,daily_login,2026-06-22,2026-06-22T07:23:00+00:00
1932,4c310820-12d3-5128-9a45-973db446b59e,5,daily_login,2026-06-22,2026-06-22T07:23:00+00:00
1933,02bf8d95-eee4-5287-b363-0551cc4a6d51,5,daily_login,2026-06-22,2026-06-22T07:23:00+00:00
1934,ae96d203-7a11-52ed-9e02-cd93c3dda603,5,daily_login,2026-06-22,2026-06-22T07:24:00+00:00
1935,ffe47fd1-7989-5728-addd-50b504edd889,5,daily_login,2026-06-22,2026-06-22T07:24:00+00:00
1936,61347d09-09eb-5f04-a4ec-fe830319799f,5,daily_login,2026-06-22,2026-06-22T07:24:00+00:00
1937,a2cc3818-be31-5aeb-828c-e23f579431aa,5,daily_login,2026-06-22,2026-06-22T07:25:00+00:00
1938,53f78f7e-e2df-586b-b483-5748c92d0f9f,5,daily_login,2026-06-22,2026-06-22T07:25:00+00:00
1939,ef763ec1-f93c-5744-9640-4ca59adf9347,5,daily_login,2026-06-22,2026-06-22T07:25:00+00:00
1940,baa8ef70-5b01-5a49-84cb-71c353290705,5,daily_login,2026-06-22,2026-06-22T07:26:00+00:00
1941,a60d0128-bffa-5d2d-9915-36693e6bc3ba,5,daily_login,2026-06-22,2026-06-22T07:26:00+00:00
1942,20b4182c-90f7-51da-99e8-97ade4d19a92,5,daily_login,2026-06-22,2026-06-22T07:26:00+00:00
1943,4307ee18-2e16-50be-abbc-db160bb8e8fd,5,daily_login,2026-06-22,2026-06-22T07:26:00+00:00
1944,d0c58825-6ead-50f6-9a07-f2f95dbb51ea,5,daily_login,2026-06-22,2026-06-22T07:27:00+00:00
1945,e7dd6cb0-626e-510a-9e98-0498c534b04d,5,daily_login,2026-06-22,2026-06-22T07:28:00+00:00
1946,b897da16-1a55-5740-8129-7d502e6f44b8,5,daily_login,2026-06-22,2026-06-22T07:29:00+00:00
1947,5532dec3-02ae-5ac3-8b57-2e8214a8598b,5,daily_login,2026-06-22,2026-06-22T07:29:00+00:00
1948,774fd1d7-ca6b-5177-9d91-fc7b24739425,5,daily_login,2026-06-22,2026-06-22T07:30:00+00:00
1949,da462241-608b-5422-bdbd-0d98184a433d,5,daily_login,2026-06-22,2026-06-22T07:30:00+00:00
1950,45cee65b-db52-5dff-b09d-0ee1ac2be20f,5,daily_login,2026-06-22,2026-06-22T07:31:00+00:00
1951,10feece1-a2cd-532b-8488-21659a3bee22,5,daily_login,2026-06-22,2026-06-22T07:31:00+00:00
1952,ee289908-380a-5bb3-8fdc-0990b203929b,5,daily_login,2026-06-22,2026-06-22T07:32:00+00:00
1953,95927b04-f214-5c26-878d-fb55176e41bc,5,daily_login,2026-06-22,2026-06-22T07:32:00+00:00
1954,9cba29b2-e169-54f3-9d61-1d5013f80312,5,daily_login,2026-06-22,2026-06-22T07:32:00+00:00
1955,84047d01-74e6-5a08-a20e-b5c25e3eff3e,5,daily_login,2026-06-22,2026-06-22T07:33:00+00:00
1956,e747fee0-a84b-5f51-98a3-7481903c9023,5,daily_login,2026-06-22,2026-06-22T07:34:00+00:00
1957,6720265f-9f2b-5485-bf24-54e1784991b6,5,daily_login,2026-06-22,2026-06-22T07:34:00+00:00
1958,01c00e49-c4d6-5d4b-bbc1-8aa3fe21ba2a,5,daily_login,2026-06-22,2026-06-22T07:34:00+00:00
1959,7e6a1243-34f5-52e6-862f-e5f3b2ebe640,5,daily_login,2026-06-22,2026-06-22T07:36:00+00:00
1960,eb397f92-99ac-5f0f-8f81-3540865f0477,5,daily_login,2026-06-22,2026-06-22T07:38:00+00:00
1961,ec6d706d-7dba-534b-8700-e6752dbd06e1,5,daily_login,2026-06-22,2026-06-22T07:38:00+00:00
1962,bdc5faf6-386d-5338-99a0-32d156bcbd68,5,daily_login,2026-06-22,2026-06-22T07:38:00+00:00
1963,508d03e7-de84-523a-8242-f48abc9451d7,5,daily_login,2026-06-22,2026-06-22T07:39:00+00:00
1964,c6286e16-5e03-594c-aa67-861b8ba91b33,5,daily_login,2026-06-22,2026-06-22T07:39:00+00:00
1965,e21dfd78-ea9f-5754-a3b2-3b3b66dd30b5,5,daily_login,2026-06-22,2026-06-22T07:39:00+00:00
1966,7b48b183-5d87-500f-9cec-2e003c19efac,5,daily_login,2026-06-22,2026-06-22T07:40:00+00:00
1967,bb4b0d34-59a4-5948-a9be-a1aa6caece55,5,daily_login,2026-06-22,2026-06-22T07:40:00+00:00
1968,51420309-4688-52d6-84b9-51c0dc3a900e,5,daily_login,2026-06-22,2026-06-22T07:40:00+00:00
1969,fb400c3e-ecd0-522e-8b8e-1323946be71a,5,daily_login,2026-06-22,2026-06-22T07:40:00+00:00
1970,96ccee9a-30f2-56cd-b597-a927c84e0f75,5,daily_login,2026-06-22,2026-06-22T07:41:00+00:00
1971,33ba5d16-c38c-5bcf-9896-ea8ae81d6e7b,5,daily_login,2026-06-22,2026-06-22T07:41:00+00:00
1972,373cd20e-25d5-5a46-a0ae-18157cf68a55,5,daily_login,2026-06-22,2026-06-22T07:41:00+00:00
1973,e5b7ccce-2cb7-5b6e-95a5-32ffacbca87f,5,daily_login,2026-06-22,2026-06-22T07:42:00+00:00
1974,77c684c4-9514-5edc-85ff-1052c8544c14,5,daily_login,2026-06-22,2026-06-22T07:42:00+00:00
1975,77c684c4-9514-5edc-85ff-1052c8544c14,5,streak_week_bonus,2026-06-22,2026-06-22T07:42:00+00:00
1976,77c684c4-9514-5edc-85ff-1052c8544c14,200,streak_7,badge,2026-06-22T07:42:00+00:00
1977,33d87513-60c2-51ff-9ec5-f0f1389ed27e,5,daily_login,2026-06-22,2026-06-22T07:42:00+00:00
1978,b5be680a-732e-55e0-bc5d-b80e831ff33a,5,daily_login,2026-06-22,2026-06-22T07:42:00+00:00
1979,dfe9e449-d177-56af-a679-d3e1c78c5c02,5,daily_login,2026-06-22,2026-06-22T07:43:00+00:00
1980,405fd522-6b0d-52fc-b397-dc3ce2e4a2ea,5,daily_login,2026-06-22,2026-06-22T07:44:00+00:00
1981,e137404e-9196-525c-b17a-44dc96d29f29,5,daily_login,2026-06-22,2026-06-22T07:44:00+00:00
1982,3bc3e38a-5ff7-5330-ab2d-8add18e85d57,5,daily_login,2026-06-22,2026-06-22T07:45:00+00:00
1983,f2561442-8439-5138-9a3b-8bcf96f16609,5,daily_login,2026-06-23,2026-06-23T07:10:00+00:00
1984,af808cd8-ab34-515f-a8a0-a1b0719a537b,5,daily_login,2026-06-23,2026-06-23T07:10:00+00:00
1985,610e9654-06d6-5e55-959b-377b8749b8f9,5,daily_login,2026-06-23,2026-06-23T07:10:00+00:00
1986,610e9654-06d6-5e55-959b-377b8749b8f9,5,streak_week_bonus,2026-06-23,2026-06-23T07:10:00+00:00
1987,610e9654-06d6-5e55-959b-377b8749b8f9,200,streak_7,badge,2026-06-23T07:10:00+00:00
1988,37b7aed3-d207-54f7-b4ec-0e05c50eaeb2,5,daily_login,2026-06-23,2026-06-23T07:11:00+00:00
1989,8ae0340a-8eaf-5e9d-9db0-ac449334023d,5,daily_login,2026-06-23,2026-06-23T07:12:00+00:00
1990,1dd6da2f-292d-52b5-8e0e-a84885e81ba1,5,daily_login,2026-06-23,2026-06-23T07:12:00+00:00
1991,f985b68e-39ae-5c83-8468-2b126802c414,5,daily_login,2026-06-23,2026-06-23T07:12:00+00:00
1992,ea7edc0e-b64d-545f-b311-b4ee943f2935,5,daily_login,2026-06-23,2026-06-23T07:14:00+00:00
1993,20b63262-d3e6-555a-95b2-84fc87694a19,5,daily_login,2026-06-23,2026-06-23T07:15:00+00:00
1994,90cced0e-f2c7-528c-bd28-38c44ead6c98,5,daily_login,2026-06-23,2026-06-23T07:15:00+00:00
1995,d6b81cb4-a299-5894-baa5-463cb63679a3,5,daily_login,2026-06-23,2026-06-23T07:15:00+00:00
1996,a6b8342c-310b-5b88-9c07-602dbd646488,5,daily_login,2026-06-23,2026-06-23T07:17:00+00:00
1997,b7f1d97d-9f3c-5885-b9ef-48d67a16a686,5,daily_login,2026-06-23,2026-06-23T07:17:00+00:00
1998,52ab3a8f-ec5c-5e66-bcd5-efc304512118,5,daily_login,2026-06-23,2026-06-23T07:18:00+00:00
1999,96dbbdad-601e-5bc2-9d1a-78f9f6349a39,5,daily_login,2026-06-23,2026-06-23T07:18:00+00:00
2000,64609795-d498-5ea7-ad33-a3bcecf9d962,5,daily_login,2026-06-23,2026-06-23T07:18:00+00:00
2001,5a4b137d-2ebb-5c75-8cdd-bf77406b4b9f,5,daily_login,2026-06-23,2026-06-23T07:19:00+00:00
2002,63fdd1e3-9db3-5b05-9799-510eea6abab7,5,daily_login,2026-06-23,2026-06-23T07:20:00+00:00
2003,9047d24d-0775-5f10-bf17-6e8fc62c5884,5,daily_login,2026-06-23,2026-06-23T07:20:00+00:00
2004,7bdf8ad6-1318-5f74-9112-e2b655e215a2,5,daily_login,2026-06-23,2026-06-23T07:21:00+00:00
2005,1b1e4344-fde4-5cc2-b82c-4fb458696522,5,daily_login,2026-06-23,2026-06-23T07:21:00+00:00
2006,4ec67eb8-4fda-5cbc-bbd1-a6afc7ce8130,5,daily_login,2026-06-23,2026-06-23T07:21:00+00:00
2007,d16e3cdc-2868-563d-867d-62fa9b8b24ea,5,daily_login,2026-06-23,2026-06-23T07:22:00+00:00
2008,4c310820-12d3-5128-9a45-973db446b59e,5,daily_login,2026-06-23,2026-06-23T07:23:00+00:00
2009,02bf8d95-eee4-5287-b363-0551cc4a6d51,5,daily_login,2026-06-23,2026-06-23T07:23:00+00:00
2010,35e87bcc-650c-5e3f-9741-3f0c54905b6f,5,daily_login,2026-06-23,2026-06-23T07:23:00+00:00
2011,58074159-53d7-5a52-8436-d84a05af35a9,5,daily_login,2026-06-23,2026-06-23T07:24:00+00:00
2012,baa8ef70-5b01-5a49-84cb-71c353290705,5,daily_login,2026-06-23,2026-06-23T07:26:00+00:00
2013,e502b694-466f-5e1f-9293-146b264ae20c,5,daily_login,2026-06-23,2026-06-23T07:27:00+00:00
2014,2e2e8079-6c9e-51c9-bc7e-1475045fd514,5,daily_login,2026-06-23,2026-06-23T07:27:00+00:00
2015,673e8617-3280-5bfa-85a6-738a6d64aac6,5,daily_login,2026-06-23,2026-06-23T07:28:00+00:00
2016,e7dd6cb0-626e-510a-9e98-0498c534b04d,5,daily_login,2026-06-23,2026-06-23T07:28:00+00:00
2017,96373821-4bf4-53b8-bd24-bb64bbb3b84e,5,daily_login,2026-06-23,2026-06-23T07:30:00+00:00
2018,da462241-608b-5422-bdbd-0d98184a433d,5,daily_login,2026-06-23,2026-06-23T07:30:00+00:00
2019,45cee65b-db52-5dff-b09d-0ee1ac2be20f,5,daily_login,2026-06-23,2026-06-23T07:31:00+00:00
2020,82a5c89c-0b3a-58b9-9259-837a5348a5c2,5,daily_login,2026-06-23,2026-06-23T07:31:00+00:00
2021,95927b04-f214-5c26-878d-fb55176e41bc,5,daily_login,2026-06-23,2026-06-23T07:32:00+00:00
2022,1062abbb-4fcd-51a9-95fc-5474e4af7640,5,daily_login,2026-06-23,2026-06-23T07:32:00+00:00
2023,473b12ab-4d0d-5b7f-89b2-c0a1e2405c60,5,daily_login,2026-06-23,2026-06-23T07:32:00+00:00
2024,84047d01-74e6-5a08-a20e-b5c25e3eff3e,5,daily_login,2026-06-23,2026-06-23T07:33:00+00:00
2025,88820056-e901-59a1-b2ca-c4e813b34f7b,5,daily_login,2026-06-23,2026-06-23T07:33:00+00:00
2026,a0a53b38-722a-56e6-a52c-fe0e06169a59,5,daily_login,2026-06-23,2026-06-23T07:34:00+00:00
2027,6720265f-9f2b-5485-bf24-54e1784991b6,5,daily_login,2026-06-23,2026-06-23T07:34:00+00:00
2028,01c00e49-c4d6-5d4b-bbc1-8aa3fe21ba2a,5,daily_login,2026-06-23,2026-06-23T07:34:00+00:00
2029,9a026691-28ff-5880-9da3-006735af19d3,5,daily_login,2026-06-23,2026-06-23T07:35:00+00:00
2030,4cf03b5a-e2ca-57f2-95b8-16a3b92247e6,5,daily_login,2026-06-23,2026-06-23T07:37:00+00:00
2031,6988340a-a3c1-5fda-a996-711f1723c649,5,daily_login,2026-06-23,2026-06-23T07:37:00+00:00
2032,302b84f9-9053-5cf7-bed0-305678227875,5,daily_login,2026-06-23,2026-06-23T07:39:00+00:00
2033,508d03e7-de84-523a-8242-f48abc9451d7,5,daily_login,2026-06-23,2026-06-23T07:39:00+00:00
2034,c6286e16-5e03-594c-aa67-861b8ba91b33,5,daily_login,2026-06-23,2026-06-23T07:39:00+00:00
2035,7b48b183-5d87-500f-9cec-2e003c19efac,5,daily_login,2026-06-23,2026-06-23T07:40:00+00:00
2036,bb4b0d34-59a4-5948-a9be-a1aa6caece55,5,daily_login,2026-06-23,2026-06-23T07:40:00+00:00
2037,d767d4bb-a2aa-587a-90f9-23d0689ae52a,5,daily_login,2026-06-23,2026-06-23T07:40:00+00:00
2038,fb400c3e-ecd0-522e-8b8e-1323946be71a,5,daily_login,2026-06-23,2026-06-23T07:40:00+00:00
2039,96ccee9a-30f2-56cd-b597-a927c84e0f75,5,daily_login,2026-06-23,2026-06-23T07:41:00+00:00
2040,77c684c4-9514-5edc-85ff-1052c8544c14,5,daily_login,2026-06-23,2026-06-23T07:42:00+00:00
2041,33d87513-60c2-51ff-9ec5-f0f1389ed27e,5,daily_login,2026-06-23,2026-06-23T07:42:00+00:00
2042,b5be680a-732e-55e0-bc5d-b80e831ff33a,5,daily_login,2026-06-23,2026-06-23T07:42:00+00:00
2043,dfe9e449-d177-56af-a679-d3e1c78c5c02,5,daily_login,2026-06-23,2026-06-23T07:43:00+00:00
2044,3b932376-f549-5a1c-a24b-664b4bc338e3,5,daily_login,2026-06-23,2026-06-23T07:43:00+00:00
2045,36016ab9-3cc9-5f6a-8bc7-1d138ad9cb43,5,daily_login,2026-06-23,2026-06-23T07:44:00+00:00
2046,a5526e82-ef69-522b-b3ad-df818658bde0,5,daily_login,2026-06-23,2026-06-23T07:44:00+00:00
2047,405fd522-6b0d-52fc-b397-dc3ce2e4a2ea,5,daily_login,2026-06-23,2026-06-23T07:44:00+00:00
2048,e137404e-9196-525c-b17a-44dc96d29f29,5,daily_login,2026-06-23,2026-06-23T07:44:00+00:00
2049,d2a70bca-a25c-522f-9b7e-c967b69503cc,5,daily_login,2026-06-23,2026-06-23T07:45:00+00:00
2050,6ac5a7a4-ae0d-5e31-8a7c-d85b63a96c46,5,daily_login,2026-06-23,2026-06-23T07:45:00+00:00
2051,5ccdaadc-80b2-50e1-a0c1-bad0246a7cf2,5,daily_login,2026-06-23,2026-06-23T07:46:00+00:00
2052,8ae0340a-8eaf-5e9d-9db0-ac449334023d,5,daily_login,2026-06-24,2026-06-24T07:12:00+00:00
2053,90cced0e-f2c7-528c-bd28-38c44ead6c98,5,daily_login,2026-06-24,2026-06-24T07:15:00+00:00
2054,a6b8342c-310b-5b88-9c07-602dbd646488,5,daily_login,2026-06-24,2026-06-24T07:17:00+00:00
2055,52ab3a8f-ec5c-5e66-bcd5-efc304512118,5,daily_login,2026-06-24,2026-06-24T07:18:00+00:00
2056,96dbbdad-601e-5bc2-9d1a-78f9f6349a39,5,daily_login,2026-06-24,2026-06-24T07:18:00+00:00
2057,64609795-d498-5ea7-ad33-a3bcecf9d962,5,daily_login,2026-06-24,2026-06-24T07:18:00+00:00
2058,d3175e63-6121-5d55-b429-df91670d9aca,5,daily_login,2026-06-24,2026-06-24T07:18:00+00:00
2059,b0ebc690-efe0-594f-bd55-e4d7ec3454bc,5,daily_login,2026-06-24,2026-06-24T07:20:00+00:00
2060,63fdd1e3-9db3-5b05-9799-510eea6abab7,5,daily_login,2026-06-24,2026-06-24T07:20:00+00:00
2061,9047d24d-0775-5f10-bf17-6e8fc62c5884,5,daily_login,2026-06-24,2026-06-24T07:20:00+00:00
2062,9c9c228f-3bd5-5da4-b666-fbfab93b4b7e,5,daily_login,2026-06-24,2026-06-24T07:21:00+00:00
2063,7bdf8ad6-1318-5f74-9112-e2b655e215a2,5,daily_login,2026-06-24,2026-06-24T07:21:00+00:00
2064,1b1e4344-fde4-5cc2-b82c-4fb458696522,5,daily_login,2026-06-24,2026-06-24T07:21:00+00:00
2065,4ec67eb8-4fda-5cbc-bbd1-a6afc7ce8130,5,daily_login,2026-06-24,2026-06-24T07:21:00+00:00
2066,85df6dcd-e42a-581f-802b-eb93568b74eb,5,daily_login,2026-06-24,2026-06-24T07:21:00+00:00
2067,4966bb54-4d4f-5992-8586-1bd44991d17f,5,daily_login,2026-06-24,2026-06-24T07:22:00+00:00
2068,484e243b-afd7-5767-bb0f-4262c0334aea,5,daily_login,2026-06-24,2026-06-24T07:22:00+00:00
2069,d16e3cdc-2868-563d-867d-62fa9b8b24ea,5,daily_login,2026-06-24,2026-06-24T07:22:00+00:00
2070,4c310820-12d3-5128-9a45-973db446b59e,5,daily_login,2026-06-24,2026-06-24T07:23:00+00:00
2071,02bf8d95-eee4-5287-b363-0551cc4a6d51,5,daily_login,2026-06-24,2026-06-24T07:23:00+00:00
2072,35e87bcc-650c-5e3f-9741-3f0c54905b6f,5,daily_login,2026-06-24,2026-06-24T07:23:00+00:00
2073,baa8ef70-5b01-5a49-84cb-71c353290705,5,daily_login,2026-06-24,2026-06-24T07:26:00+00:00
2074,e502b694-466f-5e1f-9293-146b264ae20c,5,daily_login,2026-06-24,2026-06-24T07:27:00+00:00
2075,d0c58825-6ead-50f6-9a07-f2f95dbb51ea,5,daily_login,2026-06-24,2026-06-24T07:27:00+00:00
2076,2e2e8079-6c9e-51c9-bc7e-1475045fd514,5,daily_login,2026-06-24,2026-06-24T07:27:00+00:00
2077,e3efd234-c7f9-5957-937f-661b1c3981ef,5,daily_login,2026-06-24,2026-06-24T07:28:00+00:00
2078,e7c63421-97d2-555e-9731-46cb0f04f637,5,daily_login,2026-06-24,2026-06-24T07:28:00+00:00
2079,54561bf4-fe37-5b37-934d-9c7f81542f8b,5,daily_login,2026-06-24,2026-06-24T07:30:00+00:00
2080,45cee65b-db52-5dff-b09d-0ee1ac2be20f,5,daily_login,2026-06-24,2026-06-24T07:31:00+00:00
2081,f8f213c7-3d61-567e-9735-5e3e9498b892,5,daily_login,2026-06-24,2026-06-24T07:31:00+00:00
2082,82a5c89c-0b3a-58b9-9259-837a5348a5c2,5,daily_login,2026-06-24,2026-06-24T07:31:00+00:00
2083,44f09dba-7a20-5f46-840b-4670e6c7eb92,5,daily_login,2026-06-24,2026-06-24T07:33:00+00:00
2084,88820056-e901-59a1-b2ca-c4e813b34f7b,5,daily_login,2026-06-24,2026-06-24T07:33:00+00:00
2085,19e81afb-74c1-5b4a-9af3-469f3b610235,5,daily_login,2026-06-24,2026-06-24T07:34:00+00:00
2086,e747fee0-a84b-5f51-98a3-7481903c9023,5,daily_login,2026-06-24,2026-06-24T07:34:00+00:00
2087,6720265f-9f2b-5485-bf24-54e1784991b6,5,daily_login,2026-06-24,2026-06-24T07:34:00+00:00
2088,9a026691-28ff-5880-9da3-006735af19d3,5,daily_login,2026-06-24,2026-06-24T07:35:00+00:00
2089,7e6a1243-34f5-52e6-862f-e5f3b2ebe640,5,daily_login,2026-06-24,2026-06-24T07:36:00+00:00
2090,5421f79d-ed60-5eed-852b-01b379adab9e,5,daily_login,2026-06-24,2026-06-24T07:36:00+00:00
2091,9edec740-5de6-5c27-8233-5cf72946b182,5,daily_login,2026-06-24,2026-06-24T07:36:00+00:00
2092,5ce94e6e-a987-5fd1-90b2-94a1174f9376,5,daily_login,2026-06-24,2026-06-24T07:37:00+00:00
2093,6988340a-a3c1-5fda-a996-711f1723c649,5,daily_login,2026-06-24,2026-06-24T07:37:00+00:00
2094,eb397f92-99ac-5f0f-8f81-3540865f0477,5,daily_login,2026-06-24,2026-06-24T07:38:00+00:00
2095,bdc5faf6-386d-5338-99a0-32d156bcbd68,5,daily_login,2026-06-24,2026-06-24T07:38:00+00:00
2096,302b84f9-9053-5cf7-bed0-305678227875,5,daily_login,2026-06-24,2026-06-24T07:39:00+00:00
2097,508d03e7-de84-523a-8242-f48abc9451d7,5,daily_login,2026-06-24,2026-06-24T07:39:00+00:00
2098,c6286e16-5e03-594c-aa67-861b8ba91b33,5,daily_login,2026-06-24,2026-06-24T07:39:00+00:00
2099,7b48b183-5d87-500f-9cec-2e003c19efac,5,daily_login,2026-06-24,2026-06-24T07:40:00+00:00
2100,fb400c3e-ecd0-522e-8b8e-1323946be71a,5,daily_login,2026-06-24,2026-06-24T07:40:00+00:00
2101,96ccee9a-30f2-56cd-b597-a927c84e0f75,5,daily_login,2026-06-24,2026-06-24T07:41:00+00:00
2102,7624f38b-fbca-546f-af04-c9dda9318f82,5,daily_login,2026-06-24,2026-06-24T07:41:00+00:00
2103,b5be680a-732e-55e0-bc5d-b80e831ff33a,5,daily_login,2026-06-24,2026-06-24T07:42:00+00:00
2104,a070c6d0-c23b-5036-b352-f16db0d6ec8e,5,daily_login,2026-06-24,2026-06-24T07:43:00+00:00
2105,36016ab9-3cc9-5f6a-8bc7-1d138ad9cb43,5,daily_login,2026-06-24,2026-06-24T07:44:00+00:00
2106,5ccdaadc-80b2-50e1-a0c1-bad0246a7cf2,5,daily_login,2026-06-24,2026-06-24T07:46:00+00:00
2107,f2561442-8439-5138-9a3b-8bcf96f16609,5,daily_login,2026-06-25,2026-06-25T07:10:00+00:00
2108,610e9654-06d6-5e55-959b-377b8749b8f9,5,daily_login,2026-06-25,2026-06-25T07:10:00+00:00
2109,f0f4eb8c-a1ed-50a1-bc7d-2863700a31a5,5,daily_login,2026-06-25,2026-06-25T07:11:00+00:00
2110,37b7aed3-d207-54f7-b4ec-0e05c50eaeb2,5,daily_login,2026-06-25,2026-06-25T07:11:00+00:00
2111,f985b68e-39ae-5c83-8468-2b126802c414,5,daily_login,2026-06-25,2026-06-25T07:12:00+00:00
2112,3d016498-e16a-5ad9-95c7-b633dfc6a142,5,daily_login,2026-06-25,2026-06-25T07:13:00+00:00
2113,20b63262-d3e6-555a-95b2-84fc87694a19,5,daily_login,2026-06-25,2026-06-25T07:15:00+00:00
2114,50d6350f-ffd4-59ad-a1ff-65a49a77a913,5,daily_login,2026-06-25,2026-06-25T07:16:00+00:00
2115,9b2e34a9-6722-598e-a857-e346acd294bf,5,daily_login,2026-06-25,2026-06-25T07:17:00+00:00
2116,52ab3a8f-ec5c-5e66-bcd5-efc304512118,5,daily_login,2026-06-25,2026-06-25T07:18:00+00:00
2117,fd96bbd1-5601-5c99-a1e2-04b09168b35e,5,daily_login,2026-06-25,2026-06-25T07:18:00+00:00
2118,96dbbdad-601e-5bc2-9d1a-78f9f6349a39,5,daily_login,2026-06-25,2026-06-25T07:18:00+00:00
2119,5a4b137d-2ebb-5c75-8cdd-bf77406b4b9f,5,daily_login,2026-06-25,2026-06-25T07:19:00+00:00
2120,cb162f3d-006f-544e-bfa6-f9abb8a52026,5,daily_login,2026-06-25,2026-06-25T07:19:00+00:00
2121,9d1c460b-bd0b-57ff-ac14-f2b10f73edd3,5,daily_login,2026-06-25,2026-06-25T07:19:00+00:00
2122,7b359533-e634-59eb-a2c3-b5501ff96488,5,daily_login,2026-06-25,2026-06-25T07:19:00+00:00
2123,63fdd1e3-9db3-5b05-9799-510eea6abab7,5,daily_login,2026-06-25,2026-06-25T07:20:00+00:00
2124,9047d24d-0775-5f10-bf17-6e8fc62c5884,5,daily_login,2026-06-25,2026-06-25T07:20:00+00:00
2125,1b1e4344-fde4-5cc2-b82c-4fb458696522,5,daily_login,2026-06-25,2026-06-25T07:21:00+00:00
2126,85df6dcd-e42a-581f-802b-eb93568b74eb,5,daily_login,2026-06-25,2026-06-25T07:21:00+00:00
2127,4966bb54-4d4f-5992-8586-1bd44991d17f,5,daily_login,2026-06-25,2026-06-25T07:22:00+00:00
2128,368442e7-2dfe-5df4-9ab7-a468b984050a,5,daily_login,2026-06-25,2026-06-25T07:22:00+00:00
2129,d16e3cdc-2868-563d-867d-62fa9b8b24ea,5,daily_login,2026-06-25,2026-06-25T07:22:00+00:00
2130,3a376c3a-3e46-5c8c-815c-232b66ca9bc8,5,daily_login,2026-06-25,2026-06-25T07:23:00+00:00
2131,4c310820-12d3-5128-9a45-973db446b59e,5,daily_login,2026-06-25,2026-06-25T07:23:00+00:00
2132,d5dc7189-89df-5fd7-983f-1124b6de3d68,5,daily_login,2026-06-25,2026-06-25T07:23:00+00:00
2133,02bf8d95-eee4-5287-b363-0551cc4a6d51,5,daily_login,2026-06-25,2026-06-25T07:23:00+00:00
2134,35e87bcc-650c-5e3f-9741-3f0c54905b6f,5,daily_login,2026-06-25,2026-06-25T07:23:00+00:00
2135,651ce25b-8132-52d9-8f74-889f22c3bb5c,5,daily_login,2026-06-25,2026-06-25T07:24:00+00:00
2136,ffe47fd1-7989-5728-addd-50b504edd889,5,daily_login,2026-06-25,2026-06-25T07:24:00+00:00
2137,a2cc3818-be31-5aeb-828c-e23f579431aa,5,daily_login,2026-06-25,2026-06-25T07:25:00+00:00
2138,53f78f7e-e2df-586b-b483-5748c92d0f9f,5,daily_login,2026-06-25,2026-06-25T07:25:00+00:00
2139,1bf86e3f-0e6e-5241-b319-71005237945f,5,daily_login,2026-06-25,2026-06-25T07:25:00+00:00
2140,e502b694-466f-5e1f-9293-146b264ae20c,5,daily_login,2026-06-25,2026-06-25T07:27:00+00:00
2141,0e49007f-82be-5238-a956-37d8f7b40d4c,5,daily_login,2026-06-25,2026-06-25T07:29:00+00:00
2142,082b47e7-5a06-5a34-bd49-595c82b2b196,5,daily_login,2026-06-25,2026-06-25T07:31:00+00:00
2143,10feece1-a2cd-532b-8488-21659a3bee22,5,daily_login,2026-06-25,2026-06-25T07:31:00+00:00
2144,82a5c89c-0b3a-58b9-9259-837a5348a5c2,5,daily_login,2026-06-25,2026-06-25T07:31:00+00:00
2145,ee289908-380a-5bb3-8fdc-0990b203929b,5,daily_login,2026-06-25,2026-06-25T07:32:00+00:00
2146,44f09dba-7a20-5f46-840b-4670e6c7eb92,5,daily_login,2026-06-25,2026-06-25T07:33:00+00:00
2147,67357d35-e727-50a5-9114-d5f2da172374,5,daily_login,2026-06-25,2026-06-25T07:33:00+00:00
2148,e747fee0-a84b-5f51-98a3-7481903c9023,5,daily_login,2026-06-25,2026-06-25T07:34:00+00:00
2149,5d857806-7d61-533b-bc12-af2d7b775d29,5,daily_login,2026-06-25,2026-06-25T07:35:00+00:00
2150,d48cab4b-e48b-59ae-88d6-41d5d463569d,5,daily_login,2026-06-25,2026-06-25T07:35:00+00:00
2151,9a026691-28ff-5880-9da3-006735af19d3,5,daily_login,2026-06-25,2026-06-25T07:35:00+00:00
2152,fbdfefdb-ca2d-5a0e-87ed-62021c1c11d4,5,daily_login,2026-06-25,2026-06-25T07:35:00+00:00
2153,7e6a1243-34f5-52e6-862f-e5f3b2ebe640,5,daily_login,2026-06-25,2026-06-25T07:36:00+00:00
2154,ab45f9eb-3fee-5ea5-bccb-faffc50f3e76,5,daily_login,2026-06-25,2026-06-25T07:37:00+00:00
2155,5ce94e6e-a987-5fd1-90b2-94a1174f9376,5,daily_login,2026-06-25,2026-06-25T07:37:00+00:00
2156,bdc5faf6-386d-5338-99a0-32d156bcbd68,5,daily_login,2026-06-25,2026-06-25T07:38:00+00:00
2157,302b84f9-9053-5cf7-bed0-305678227875,5,daily_login,2026-06-25,2026-06-25T07:39:00+00:00
2158,25797954-b022-582e-8349-e1e2c141368c,5,daily_login,2026-06-25,2026-06-25T07:39:00+00:00
2159,eeeb9e89-042f-5fdc-8fcf-2c3ad56f9bf1,5,daily_login,2026-06-25,2026-06-25T07:39:00+00:00
2160,508d03e7-de84-523a-8242-f48abc9451d7,5,daily_login,2026-06-25,2026-06-25T07:39:00+00:00
2161,c6286e16-5e03-594c-aa67-861b8ba91b33,5,daily_login,2026-06-25,2026-06-25T07:39:00+00:00
2162,c6286e16-5e03-594c-aa67-861b8ba91b33,5,streak_week_bonus,2026-06-25,2026-06-25T07:39:00+00:00
2163,c6286e16-5e03-594c-aa67-861b8ba91b33,200,streak_7,badge,2026-06-25T07:39:00+00:00
2164,e21dfd78-ea9f-5754-a3b2-3b3b66dd30b5,5,daily_login,2026-06-25,2026-06-25T07:39:00+00:00
2165,7b48b183-5d87-500f-9cec-2e003c19efac,5,daily_login,2026-06-25,2026-06-25T07:40:00+00:00
2166,bb4b0d34-59a4-5948-a9be-a1aa6caece55,5,daily_login,2026-06-25,2026-06-25T07:40:00+00:00
2167,d767d4bb-a2aa-587a-90f9-23d0689ae52a,5,daily_login,2026-06-25,2026-06-25T07:40:00+00:00
2168,fb400c3e-ecd0-522e-8b8e-1323946be71a,5,daily_login,2026-06-25,2026-06-25T07:40:00+00:00
2169,373cd20e-25d5-5a46-a0ae-18157cf68a55,5,daily_login,2026-06-25,2026-06-25T07:41:00+00:00
2170,77c684c4-9514-5edc-85ff-1052c8544c14,5,daily_login,2026-06-25,2026-06-25T07:42:00+00:00
2171,b5be680a-732e-55e0-bc5d-b80e831ff33a,5,daily_login,2026-06-25,2026-06-25T07:42:00+00:00
2172,dfe9e449-d177-56af-a679-d3e1c78c5c02,5,daily_login,2026-06-25,2026-06-25T07:43:00+00:00
2173,a070c6d0-c23b-5036-b352-f16db0d6ec8e,5,daily_login,2026-06-25,2026-06-25T07:43:00+00:00
2174,36016ab9-3cc9-5f6a-8bc7-1d138ad9cb43,5,daily_login,2026-06-25,2026-06-25T07:44:00+00:00
2175,6d9d0917-bda8-5863-abe4-92d14b0cc926,5,daily_login,2026-06-25,2026-06-25T07:44:00+00:00
2176,6ab0c42d-0ad5-5b3d-9c6c-4ab9eaa47586,5,daily_login,2026-06-25,2026-06-25T07:45:00+00:00
2177,d2a70bca-a25c-522f-9b7e-c967b69503cc,5,daily_login,2026-06-25,2026-06-25T07:45:00+00:00
2178,cac67f41-f5af-5268-9e2d-34feac0dc9fa,5,daily_login,2026-06-25,2026-06-25T07:46:00+00:00
2179,d9fbcbde-376a-5f82-9fb5-268a24b02d57,5,daily_login,2026-06-26,2026-06-26T07:10:00+00:00
2180,95ff45a0-9b28-55cb-bba6-22a608a4e30d,5,daily_login,2026-06-26,2026-06-26T07:10:00+00:00
2181,f2561442-8439-5138-9a3b-8bcf96f16609,5,daily_login,2026-06-26,2026-06-26T07:10:00+00:00
2182,610e9654-06d6-5e55-959b-377b8749b8f9,5,daily_login,2026-06-26,2026-06-26T07:10:00+00:00
2183,518ae987-15f7-5b22-8bcc-df59623dbdce,5,daily_login,2026-06-26,2026-06-26T07:10:00+00:00
2184,f0f4eb8c-a1ed-50a1-bc7d-2863700a31a5,5,daily_login,2026-06-26,2026-06-26T07:11:00+00:00
2185,cd8c4c60-ab9b-5cf3-996e-d4fbb990f4c6,5,daily_login,2026-06-26,2026-06-26T07:12:00+00:00
2186,7ef6d8e7-132e-5da5-a653-16dd2e5719c4,5,daily_login,2026-06-26,2026-06-26T07:13:00+00:00
2187,ea7edc0e-b64d-545f-b311-b4ee943f2935,5,daily_login,2026-06-26,2026-06-26T07:14:00+00:00
2188,20b63262-d3e6-555a-95b2-84fc87694a19,5,daily_login,2026-06-26,2026-06-26T07:15:00+00:00
2189,90cced0e-f2c7-528c-bd28-38c44ead6c98,5,daily_login,2026-06-26,2026-06-26T07:15:00+00:00
2190,50d6350f-ffd4-59ad-a1ff-65a49a77a913,5,daily_login,2026-06-26,2026-06-26T07:16:00+00:00
2191,693ebb02-ab3f-5d60-b798-d4d4df4900d2,5,daily_login,2026-06-26,2026-06-26T07:16:00+00:00
2192,52ab3a8f-ec5c-5e66-bcd5-efc304512118,5,daily_login,2026-06-26,2026-06-26T07:18:00+00:00
2193,64609795-d498-5ea7-ad33-a3bcecf9d962,5,daily_login,2026-06-26,2026-06-26T07:18:00+00:00
2194,5a4b137d-2ebb-5c75-8cdd-bf77406b4b9f,5,daily_login,2026-06-26,2026-06-26T07:19:00+00:00
2195,9d1c460b-bd0b-57ff-ac14-f2b10f73edd3,5,daily_login,2026-06-26,2026-06-26T07:19:00+00:00
2196,9047d24d-0775-5f10-bf17-6e8fc62c5884,5,daily_login,2026-06-26,2026-06-26T07:20:00+00:00
2197,7bdf8ad6-1318-5f74-9112-e2b655e215a2,5,daily_login,2026-06-26,2026-06-26T07:21:00+00:00
2198,1b1e4344-fde4-5cc2-b82c-4fb458696522,5,daily_login,2026-06-26,2026-06-26T07:21:00+00:00
2199,85df6dcd-e42a-581f-802b-eb93568b74eb,5,daily_login,2026-06-26,2026-06-26T07:21:00+00:00
2200,d16e3cdc-2868-563d-867d-62fa9b8b24ea,5,daily_login,2026-06-26,2026-06-26T07:22:00+00:00
2201,4c310820-12d3-5128-9a45-973db446b59e,5,daily_login,2026-06-26,2026-06-26T07:23:00+00:00
2202,35e87bcc-650c-5e3f-9741-3f0c54905b6f,5,daily_login,2026-06-26,2026-06-26T07:23:00+00:00
2203,ae96d203-7a11-52ed-9e02-cd93c3dda603,5,daily_login,2026-06-26,2026-06-26T07:24:00+00:00
2204,61347d09-09eb-5f04-a4ec-fe830319799f,5,daily_login,2026-06-26,2026-06-26T07:24:00+00:00
2205,a992f17b-79b6-5dcf-aed4-2aebaa5775c7,5,daily_login,2026-06-26,2026-06-26T07:25:00+00:00
2206,a2cc3818-be31-5aeb-828c-e23f579431aa,5,daily_login,2026-06-26,2026-06-26T07:25:00+00:00
2207,53f78f7e-e2df-586b-b483-5748c92d0f9f,5,daily_login,2026-06-26,2026-06-26T07:25:00+00:00
2208,baa8ef70-5b01-5a49-84cb-71c353290705,5,daily_login,2026-06-26,2026-06-26T07:26:00+00:00
2209,a60d0128-bffa-5d2d-9915-36693e6bc3ba,5,daily_login,2026-06-26,2026-06-26T07:26:00+00:00
2210,e502b694-466f-5e1f-9293-146b264ae20c,5,daily_login,2026-06-26,2026-06-26T07:27:00+00:00
2211,2e2e8079-6c9e-51c9-bc7e-1475045fd514,5,daily_login,2026-06-26,2026-06-26T07:27:00+00:00
2212,673e8617-3280-5bfa-85a6-738a6d64aac6,5,daily_login,2026-06-26,2026-06-26T07:28:00+00:00
2213,f0ca4141-ccff-5472-ba76-f4b194108c7b,5,daily_login,2026-06-26,2026-06-26T07:29:00+00:00
2214,b897da16-1a55-5740-8129-7d502e6f44b8,5,daily_login,2026-06-26,2026-06-26T07:29:00+00:00
2215,774fd1d7-ca6b-5177-9d91-fc7b24739425,5,daily_login,2026-06-26,2026-06-26T07:30:00+00:00
2216,082b47e7-5a06-5a34-bd49-595c82b2b196,5,daily_login,2026-06-26,2026-06-26T07:31:00+00:00
2217,45cee65b-db52-5dff-b09d-0ee1ac2be20f,5,daily_login,2026-06-26,2026-06-26T07:31:00+00:00
2218,f8f213c7-3d61-567e-9735-5e3e9498b892,5,daily_login,2026-06-26,2026-06-26T07:31:00+00:00
2219,82a5c89c-0b3a-58b9-9259-837a5348a5c2,5,daily_login,2026-06-26,2026-06-26T07:31:00+00:00
2220,ee289908-380a-5bb3-8fdc-0990b203929b,5,daily_login,2026-06-26,2026-06-26T07:32:00+00:00
2221,9cba29b2-e169-54f3-9d61-1d5013f80312,5,daily_login,2026-06-26,2026-06-26T07:32:00+00:00
2222,1062abbb-4fcd-51a9-95fc-5474e4af7640,5,daily_login,2026-06-26,2026-06-26T07:32:00+00:00
2223,729fe171-fa0d-547e-b374-39bd19f4c645,5,daily_login,2026-06-26,2026-06-26T07:32:00+00:00
2224,84047d01-74e6-5a08-a20e-b5c25e3eff3e,5,daily_login,2026-06-26,2026-06-26T07:33:00+00:00
2225,44f09dba-7a20-5f46-840b-4670e6c7eb92,5,daily_login,2026-06-26,2026-06-26T07:33:00+00:00
2226,88820056-e901-59a1-b2ca-c4e813b34f7b,5,daily_login,2026-06-26,2026-06-26T07:33:00+00:00
2227,d48cab4b-e48b-59ae-88d6-41d5d463569d,5,daily_login,2026-06-26,2026-06-26T07:35:00+00:00
2228,1873645b-b54c-51dc-a41a-7131e831a64f,5,daily_login,2026-06-26,2026-06-26T07:35:00+00:00
2229,8fa5b823-1a70-59f7-9bb2-b3d5f36dc82b,5,daily_login,2026-06-26,2026-06-26T07:36:00+00:00
2230,9edec740-5de6-5c27-8233-5cf72946b182,5,daily_login,2026-06-26,2026-06-26T07:36:00+00:00
2231,5ce94e6e-a987-5fd1-90b2-94a1174f9376,5,daily_login,2026-06-26,2026-06-26T07:37:00+00:00
2232,eb397f92-99ac-5f0f-8f81-3540865f0477,5,daily_login,2026-06-26,2026-06-26T07:38:00+00:00
2233,302b84f9-9053-5cf7-bed0-305678227875,5,daily_login,2026-06-26,2026-06-26T07:39:00+00:00
2234,eeeb9e89-042f-5fdc-8fcf-2c3ad56f9bf1,5,daily_login,2026-06-26,2026-06-26T07:39:00+00:00
2235,508d03e7-de84-523a-8242-f48abc9451d7,5,daily_login,2026-06-26,2026-06-26T07:39:00+00:00
2236,c6286e16-5e03-594c-aa67-861b8ba91b33,5,daily_login,2026-06-26,2026-06-26T07:39:00+00:00
2237,7b48b183-5d87-500f-9cec-2e003c19efac,5,daily_login,2026-06-26,2026-06-26T07:40:00+00:00
2238,bb4b0d34-59a4-5948-a9be-a1aa6caece55,5,daily_login,2026-06-26,2026-06-26T07:40:00+00:00
2239,96ccee9a-30f2-56cd-b597-a927c84e0f75,5,daily_login,2026-06-26,2026-06-26T07:41:00+00:00
2240,33ba5d16-c38c-5bcf-9896-ea8ae81d6e7b,5,daily_login,2026-06-26,2026-06-26T07:41:00+00:00
2241,77c684c4-9514-5edc-85ff-1052c8544c14,5,daily_login,2026-06-26,2026-06-26T07:42:00+00:00
2242,b5be680a-732e-55e0-bc5d-b80e831ff33a,5,daily_login,2026-06-26,2026-06-26T07:42:00+00:00
2243,3b932376-f549-5a1c-a24b-664b4bc338e3,5,daily_login,2026-06-26,2026-06-26T07:43:00+00:00
2244,36016ab9-3cc9-5f6a-8bc7-1d138ad9cb43,5,daily_login,2026-06-26,2026-06-26T07:44:00+00:00
2245,a5526e82-ef69-522b-b3ad-df818658bde0,5,daily_login,2026-06-26,2026-06-26T07:44:00+00:00
2246,e137404e-9196-525c-b17a-44dc96d29f29,5,daily_login,2026-06-26,2026-06-26T07:44:00+00:00
2247,6ab0c42d-0ad5-5b3d-9c6c-4ab9eaa47586,5,daily_login,2026-06-26,2026-06-26T07:45:00+00:00
2248,d2a70bca-a25c-522f-9b7e-c967b69503cc,5,daily_login,2026-06-26,2026-06-26T07:45:00+00:00
2249,6ac5a7a4-ae0d-5e31-8a7c-d85b63a96c46,5,daily_login,2026-06-26,2026-06-26T07:45:00+00:00
2250,5ccdaadc-80b2-50e1-a0c1-bad0246a7cf2,5,daily_login,2026-06-26,2026-06-26T07:46:00+00:00
2251,af808cd8-ab34-515f-a8a0-a1b0719a537b,5,daily_login,2026-06-27,2026-06-27T07:10:00+00:00
2252,610e9654-06d6-5e55-959b-377b8749b8f9,5,daily_login,2026-06-27,2026-06-27T07:10:00+00:00
2253,f0f4eb8c-a1ed-50a1-bc7d-2863700a31a5,5,daily_login,2026-06-27,2026-06-27T07:11:00+00:00
2254,0da68170-ff38-5dad-9224-770d261f1c8a,5,daily_login,2026-06-27,2026-06-27T07:11:00+00:00
2255,8ae0340a-8eaf-5e9d-9db0-ac449334023d,5,daily_login,2026-06-27,2026-06-27T07:12:00+00:00
2256,3d016498-e16a-5ad9-95c7-b633dfc6a142,5,daily_login,2026-06-27,2026-06-27T07:13:00+00:00
2257,7ef6d8e7-132e-5da5-a653-16dd2e5719c4,5,daily_login,2026-06-27,2026-06-27T07:13:00+00:00
2258,20b63262-d3e6-555a-95b2-84fc87694a19,5,daily_login,2026-06-27,2026-06-27T07:15:00+00:00
2259,6ecf180b-be59-594c-a33b-31bd0120f01f,5,daily_login,2026-06-27,2026-06-27T07:15:00+00:00
2260,693ebb02-ab3f-5d60-b798-d4d4df4900d2,5,daily_login,2026-06-27,2026-06-27T07:16:00+00:00
2261,9b2e34a9-6722-598e-a857-e346acd294bf,5,daily_login,2026-06-27,2026-06-27T07:17:00+00:00
2262,096499d2-73d6-5063-9dd4-a7c1aebac61d,5,daily_login,2026-06-27,2026-06-27T07:17:00+00:00
2263,52ab3a8f-ec5c-5e66-bcd5-efc304512118,5,daily_login,2026-06-27,2026-06-27T07:18:00+00:00
2264,96dbbdad-601e-5bc2-9d1a-78f9f6349a39,5,daily_login,2026-06-27,2026-06-27T07:18:00+00:00
2265,f4b545d6-b6c0-54b8-847e-101d68428b48,5,daily_login,2026-06-27,2026-06-27T07:20:00+00:00
2266,341a0cef-f4a9-53ee-8980-229dc154ff4e,5,daily_login,2026-06-27,2026-06-27T07:20:00+00:00
2267,9047d24d-0775-5f10-bf17-6e8fc62c5884,5,daily_login,2026-06-27,2026-06-27T07:20:00+00:00
2268,7bdf8ad6-1318-5f74-9112-e2b655e215a2,5,daily_login,2026-06-27,2026-06-27T07:21:00+00:00
2269,1b1e4344-fde4-5cc2-b82c-4fb458696522,5,daily_login,2026-06-27,2026-06-27T07:21:00+00:00
2270,1b1e4344-fde4-5cc2-b82c-4fb458696522,5,streak_week_bonus,2026-06-27,2026-06-27T07:21:00+00:00
2271,1b1e4344-fde4-5cc2-b82c-4fb458696522,200,streak_7,badge,2026-06-27T07:21:00+00:00
2272,4ec67eb8-4fda-5cbc-bbd1-a6afc7ce8130,5,daily_login,2026-06-27,2026-06-27T07:21:00+00:00
2273,85df6dcd-e42a-581f-802b-eb93568b74eb,5,daily_login,2026-06-27,2026-06-27T07:21:00+00:00
2274,8819cb55-67e6-5a55-98c8-d80446975a9e,5,daily_login,2026-06-27,2026-06-27T07:22:00+00:00
2275,d16e3cdc-2868-563d-867d-62fa9b8b24ea,5,daily_login,2026-06-27,2026-06-27T07:22:00+00:00
2276,4c310820-12d3-5128-9a45-973db446b59e,5,daily_login,2026-06-27,2026-06-27T07:23:00+00:00
2277,4c310820-12d3-5128-9a45-973db446b59e,5,streak_week_bonus,2026-06-27,2026-06-27T07:23:00+00:00
2278,d5dc7189-89df-5fd7-983f-1124b6de3d68,5,daily_login,2026-06-27,2026-06-27T07:23:00+00:00
2279,02bf8d95-eee4-5287-b363-0551cc4a6d51,5,daily_login,2026-06-27,2026-06-27T07:23:00+00:00
2280,ffe47fd1-7989-5728-addd-50b504edd889,5,daily_login,2026-06-27,2026-06-27T07:24:00+00:00
2281,61347d09-09eb-5f04-a4ec-fe830319799f,5,daily_login,2026-06-27,2026-06-27T07:24:00+00:00
2282,a2cc3818-be31-5aeb-828c-e23f579431aa,5,daily_login,2026-06-27,2026-06-27T07:25:00+00:00
2283,6b9b6012-cdb4-50eb-8ad0-01c36516df23,5,daily_login,2026-06-27,2026-06-27T07:26:00+00:00
2284,baa8ef70-5b01-5a49-84cb-71c353290705,5,daily_login,2026-06-27,2026-06-27T07:26:00+00:00
2285,e502b694-466f-5e1f-9293-146b264ae20c,5,daily_login,2026-06-27,2026-06-27T07:27:00+00:00
2286,2e2e8079-6c9e-51c9-bc7e-1475045fd514,5,daily_login,2026-06-27,2026-06-27T07:27:00+00:00
2287,e7dd6cb0-626e-510a-9e98-0498c534b04d,5,daily_login,2026-06-27,2026-06-27T07:28:00+00:00
2288,f0ca4141-ccff-5472-ba76-f4b194108c7b,5,daily_login,2026-06-27,2026-06-27T07:29:00+00:00
2289,5532dec3-02ae-5ac3-8b57-2e8214a8598b,5,daily_login,2026-06-27,2026-06-27T07:29:00+00:00
2290,da462241-608b-5422-bdbd-0d98184a433d,5,daily_login,2026-06-27,2026-06-27T07:30:00+00:00
2291,ee289908-380a-5bb3-8fdc-0990b203929b,5,daily_login,2026-06-27,2026-06-27T07:32:00+00:00
2292,1062abbb-4fcd-51a9-95fc-5474e4af7640,5,daily_login,2026-06-27,2026-06-27T07:32:00+00:00
2293,88820056-e901-59a1-b2ca-c4e813b34f7b,5,daily_login,2026-06-27,2026-06-27T07:33:00+00:00
2294,67357d35-e727-50a5-9114-d5f2da172374,5,daily_login,2026-06-27,2026-06-27T07:33:00+00:00
2295,e747fee0-a84b-5f51-98a3-7481903c9023,5,daily_login,2026-06-27,2026-06-27T07:34:00+00:00
2296,6720265f-9f2b-5485-bf24-54e1784991b6,5,daily_login,2026-06-27,2026-06-27T07:34:00+00:00
2297,01c00e49-c4d6-5d4b-bbc1-8aa3fe21ba2a,5,daily_login,2026-06-27,2026-06-27T07:34:00+00:00
2298,5d857806-7d61-533b-bc12-af2d7b775d29,5,daily_login,2026-06-27,2026-06-27T07:35:00+00:00
2299,d48cab4b-e48b-59ae-88d6-41d5d463569d,5,daily_login,2026-06-27,2026-06-27T07:35:00+00:00
2300,9a026691-28ff-5880-9da3-006735af19d3,5,daily_login,2026-06-27,2026-06-27T07:35:00+00:00
2301,7e6a1243-34f5-52e6-862f-e5f3b2ebe640,5,daily_login,2026-06-27,2026-06-27T07:36:00+00:00
2302,5421f79d-ed60-5eed-852b-01b379adab9e,5,daily_login,2026-06-27,2026-06-27T07:36:00+00:00
2303,5ce94e6e-a987-5fd1-90b2-94a1174f9376,5,daily_login,2026-06-27,2026-06-27T07:37:00+00:00
2304,f6e8344b-87f4-5461-93fc-b01ff1ae4265,5,daily_login,2026-06-27,2026-06-27T07:37:00+00:00
2305,6988340a-a3c1-5fda-a996-711f1723c649,5,daily_login,2026-06-27,2026-06-27T07:37:00+00:00
2306,eb397f92-99ac-5f0f-8f81-3540865f0477,5,daily_login,2026-06-27,2026-06-27T07:38:00+00:00
2307,ec6d706d-7dba-534b-8700-e6752dbd06e1,5,daily_login,2026-06-27,2026-06-27T07:38:00+00:00
2308,bdc5faf6-386d-5338-99a0-32d156bcbd68,5,daily_login,2026-06-27,2026-06-27T07:38:00+00:00
2309,25797954-b022-582e-8349-e1e2c141368c,5,daily_login,2026-06-27,2026-06-27T07:39:00+00:00
2310,eeeb9e89-042f-5fdc-8fcf-2c3ad56f9bf1,5,daily_login,2026-06-27,2026-06-27T07:39:00+00:00
2311,c6286e16-5e03-594c-aa67-861b8ba91b33,5,daily_login,2026-06-27,2026-06-27T07:39:00+00:00
2312,e21dfd78-ea9f-5754-a3b2-3b3b66dd30b5,5,daily_login,2026-06-27,2026-06-27T07:39:00+00:00
2313,fb400c3e-ecd0-522e-8b8e-1323946be71a,5,daily_login,2026-06-27,2026-06-27T07:40:00+00:00
2314,33ba5d16-c38c-5bcf-9896-ea8ae81d6e7b,5,daily_login,2026-06-27,2026-06-27T07:41:00+00:00
2315,0b532307-3033-5baf-b61c-915d1213c01f,5,daily_login,2026-06-27,2026-06-27T07:41:00+00:00
2316,77c684c4-9514-5edc-85ff-1052c8544c14,5,daily_login,2026-06-27,2026-06-27T07:42:00+00:00
2317,daa36188-60fd-56a2-938b-70b1b51084b0,5,daily_login,2026-06-27,2026-06-27T07:43:00+00:00
2318,dfe9e449-d177-56af-a679-d3e1c78c5c02,5,daily_login,2026-06-27,2026-06-27T07:43:00+00:00
2319,3b932376-f549-5a1c-a24b-664b4bc338e3,5,daily_login,2026-06-27,2026-06-27T07:43:00+00:00
2320,36016ab9-3cc9-5f6a-8bc7-1d138ad9cb43,5,daily_login,2026-06-27,2026-06-27T07:44:00+00:00
2321,a5526e82-ef69-522b-b3ad-df818658bde0,5,daily_login,2026-06-27,2026-06-27T07:44:00+00:00
2322,405fd522-6b0d-52fc-b397-dc3ce2e4a2ea,5,daily_login,2026-06-27,2026-06-27T07:44:00+00:00
2323,6ab0c42d-0ad5-5b3d-9c6c-4ab9eaa47586,5,daily_login,2026-06-27,2026-06-27T07:45:00+00:00
2324,cac67f41-f5af-5268-9e2d-34feac0dc9fa,5,daily_login,2026-06-27,2026-06-27T07:46:00+00:00
2325,f0f4eb8c-a1ed-50a1-bc7d-2863700a31a5,75,project_create,project:119,2026-06-28T02:30:00+00:00
2326,f0f4eb8c-a1ed-50a1-bc7d-2863700a31a5,100,first_project,badge,2026-06-28T02:30:00+00:00
2327,4ec67eb8-4fda-5cbc-bbd1-a6afc7ce8130,75,project_create,project:147,2026-06-28T02:30:00+00:00
2328,4ec67eb8-4fda-5cbc-bbd1-a6afc7ce8130,100,first_project,badge,2026-06-28T02:30:00+00:00
2329,1bc15434-bc22-56cc-a890-336efd2a11e5,75,project_create,project:162,2026-06-28T03:30:00+00:00
2330,1bc15434-bc22-56cc-a890-336efd2a11e5,100,first_project,badge,2026-06-28T03:30:00+00:00
2331,77c684c4-9514-5edc-85ff-1052c8544c14,40,project_join,project_join:119,2026-06-28T06:30:00+00:00
2332,77c684c4-9514-5edc-85ff-1052c8544c14,100,first_project,badge,2026-06-28T06:30:00+00:00
2333,dfe9e449-d177-56af-a679-d3e1c78c5c02,40,project_join,project_join:147,2026-06-28T06:30:00+00:00
2334,dfe9e449-d177-56af-a679-d3e1c78c5c02,100,first_project,badge,2026-06-28T06:30:00+00:00
2335,d9fbcbde-376a-5f82-9fb5-268a24b02d57,5,daily_login,2026-06-28,2026-06-28T07:10:00+00:00
2336,f2561442-8439-5138-9a3b-8bcf96f16609,5,daily_login,2026-06-28,2026-06-28T07:10:00+00:00
2337,610e9654-06d6-5e55-959b-377b8749b8f9,5,daily_login,2026-06-28,2026-06-28T07:10:00+00:00
2338,37b7aed3-d207-54f7-b4ec-0e05c50eaeb2,5,daily_login,2026-06-28,2026-06-28T07:11:00+00:00
2339,8ae0340a-8eaf-5e9d-9db0-ac449334023d,5,daily_login,2026-06-28,2026-06-28T07:12:00+00:00
2340,cd8c4c60-ab9b-5cf3-996e-d4fbb990f4c6,5,daily_login,2026-06-28,2026-06-28T07:12:00+00:00
2341,7ef6d8e7-132e-5da5-a653-16dd2e5719c4,5,daily_login,2026-06-28,2026-06-28T07:13:00+00:00
2342,ea7edc0e-b64d-545f-b311-b4ee943f2935,5,daily_login,2026-06-28,2026-06-28T07:14:00+00:00
2343,20b63262-d3e6-555a-95b2-84fc87694a19,5,daily_login,2026-06-28,2026-06-28T07:15:00+00:00
2344,50d6350f-ffd4-59ad-a1ff-65a49a77a913,5,daily_login,2026-06-28,2026-06-28T07:16:00+00:00
2345,693ebb02-ab3f-5d60-b798-d4d4df4900d2,5,daily_login,2026-06-28,2026-06-28T07:16:00+00:00
2346,a6b8342c-310b-5b88-9c07-602dbd646488,5,daily_login,2026-06-28,2026-06-28T07:17:00+00:00
2347,96dbbdad-601e-5bc2-9d1a-78f9f6349a39,5,daily_login,2026-06-28,2026-06-28T07:18:00+00:00
2348,64609795-d498-5ea7-ad33-a3bcecf9d962,5,daily_login,2026-06-28,2026-06-28T07:18:00+00:00
2349,cb162f3d-006f-544e-bfa6-f9abb8a52026,5,daily_login,2026-06-28,2026-06-28T07:19:00+00:00
2350,e1f9b739-b2d3-51e6-9609-05805a6d151c,5,daily_login,2026-06-28,2026-06-28T07:19:00+00:00
2351,4845dc43-0c9d-5f09-aa4a-62e68abb5d12,5,daily_login,2026-06-28,2026-06-28T07:21:00+00:00
2352,7bdf8ad6-1318-5f74-9112-e2b655e215a2,5,daily_login,2026-06-28,2026-06-28T07:21:00+00:00
2353,4ec67eb8-4fda-5cbc-bbd1-a6afc7ce8130,5,daily_login,2026-06-28,2026-06-28T07:21:00+00:00
2354,368442e7-2dfe-5df4-9ab7-a468b984050a,5,daily_login,2026-06-28,2026-06-28T07:22:00+00:00
2355,d16e3cdc-2868-563d-867d-62fa9b8b24ea,5,daily_login,2026-06-28,2026-06-28T07:22:00+00:00
2356,d16e3cdc-2868-563d-867d-62fa9b8b24ea,5,streak_week_bonus,2026-06-28,2026-06-28T07:22:00+00:00
2357,4c310820-12d3-5128-9a45-973db446b59e,5,daily_login,2026-06-28,2026-06-28T07:23:00+00:00
2358,d5dc7189-89df-5fd7-983f-1124b6de3d68,5,daily_login,2026-06-28,2026-06-28T07:23:00+00:00
2359,02bf8d95-eee4-5287-b363-0551cc4a6d51,5,daily_login,2026-06-28,2026-06-28T07:23:00+00:00
2360,35e87bcc-650c-5e3f-9741-3f0c54905b6f,5,daily_login,2026-06-28,2026-06-28T07:23:00+00:00
2361,ae96d203-7a11-52ed-9e02-cd93c3dda603,5,daily_login,2026-06-28,2026-06-28T07:24:00+00:00
2362,a2cc3818-be31-5aeb-828c-e23f579431aa,5,daily_login,2026-06-28,2026-06-28T07:25:00+00:00
2363,baa8ef70-5b01-5a49-84cb-71c353290705,5,daily_login,2026-06-28,2026-06-28T07:26:00+00:00
2364,e502b694-466f-5e1f-9293-146b264ae20c,5,daily_login,2026-06-28,2026-06-28T07:27:00+00:00
2365,2e2e8079-6c9e-51c9-bc7e-1475045fd514,5,daily_login,2026-06-28,2026-06-28T07:27:00+00:00
2366,f3744506-cae3-5f81-8a4f-506a60395be8,5,daily_login,2026-06-28,2026-06-28T07:28:00+00:00
2367,5532dec3-02ae-5ac3-8b57-2e8214a8598b,5,daily_login,2026-06-28,2026-06-28T07:29:00+00:00
2368,da462241-608b-5422-bdbd-0d98184a433d,5,daily_login,2026-06-28,2026-06-28T07:30:00+00:00
2369,96ccee9a-30f2-56cd-b597-a927c84e0f75,40,project_join,project_join:162,2026-06-28T07:30:00+00:00
2370,96ccee9a-30f2-56cd-b597-a927c84e0f75,100,first_project,badge,2026-06-28T07:30:00+00:00
2371,082b47e7-5a06-5a34-bd49-595c82b2b196,5,daily_login,2026-06-28,2026-06-28T07:31:00+00:00
2372,84047d01-74e6-5a08-a20e-b5c25e3eff3e,5,daily_login,2026-06-28,2026-06-28T07:33:00+00:00
2373,44f09dba-7a20-5f46-840b-4670e6c7eb92,5,daily_login,2026-06-28,2026-06-28T07:33:00+00:00
2374,88820056-e901-59a1-b2ca-c4e813b34f7b,5,daily_login,2026-06-28,2026-06-28T07:33:00+00:00
2375,a0a53b38-722a-56e6-a52c-fe0e06169a59,5,daily_login,2026-06-28,2026-06-28T07:34:00+00:00
2376,6720265f-9f2b-5485-bf24-54e1784991b6,5,daily_login,2026-06-28,2026-06-28T07:34:00+00:00
2377,01c00e49-c4d6-5d4b-bbc1-8aa3fe21ba2a,5,daily_login,2026-06-28,2026-06-28T07:34:00+00:00
2378,fbdfefdb-ca2d-5a0e-87ed-62021c1c11d4,5,daily_login,2026-06-28,2026-06-28T07:35:00+00:00
2379,7e6a1243-34f5-52e6-862f-e5f3b2ebe640,5,daily_login,2026-06-28,2026-06-28T07:36:00+00:00
2380,8fa5b823-1a70-59f7-9bb2-b3d5f36dc82b,5,daily_login,2026-06-28,2026-06-28T07:36:00+00:00
2381,9edec740-5de6-5c27-8233-5cf72946b182,5,daily_login,2026-06-28,2026-06-28T07:36:00+00:00
2382,ab45f9eb-3fee-5ea5-bccb-faffc50f3e76,5,daily_login,2026-06-28,2026-06-28T07:37:00+00:00
2383,eb397f92-99ac-5f0f-8f81-3540865f0477,5,daily_login,2026-06-28,2026-06-28T07:38:00+00:00
2384,ec6d706d-7dba-534b-8700-e6752dbd06e1,5,daily_login,2026-06-28,2026-06-28T07:38:00+00:00
2385,508d03e7-de84-523a-8242-f48abc9451d7,5,daily_login,2026-06-28,2026-06-28T07:39:00+00:00
2386,7b48b183-5d87-500f-9cec-2e003c19efac,5,daily_login,2026-06-28,2026-06-28T07:40:00+00:00
2387,d767d4bb-a2aa-587a-90f9-23d0689ae52a,5,daily_login,2026-06-28,2026-06-28T07:40:00+00:00
2388,51420309-4688-52d6-84b9-51c0dc3a900e,5,daily_login,2026-06-28,2026-06-28T07:40:00+00:00
2389,96ccee9a-30f2-56cd-b597-a927c84e0f75,5,daily_login,2026-06-28,2026-06-28T07:41:00+00:00
2390,33ba5d16-c38c-5bcf-9896-ea8ae81d6e7b,5,daily_login,2026-06-28,2026-06-28T07:41:00+00:00
2391,0b532307-3033-5baf-b61c-915d1213c01f,5,daily_login,2026-06-28,2026-06-28T07:41:00+00:00
2392,77c684c4-9514-5edc-85ff-1052c8544c14,5,daily_login,2026-06-28,2026-06-28T07:42:00+00:00
2393,daa36188-60fd-56a2-938b-70b1b51084b0,5,daily_login,2026-06-28,2026-06-28T07:43:00+00:00
2394,dfe9e449-d177-56af-a679-d3e1c78c5c02,5,daily_login,2026-06-28,2026-06-28T07:43:00+00:00
2395,3b932376-f549-5a1c-a24b-664b4bc338e3,5,daily_login,2026-06-28,2026-06-28T07:43:00+00:00
2396,a5526e82-ef69-522b-b3ad-df818658bde0,5,daily_login,2026-06-28,2026-06-28T07:44:00+00:00
2397,e137404e-9196-525c-b17a-44dc96d29f29,5,daily_login,2026-06-28,2026-06-28T07:44:00+00:00
2398,6ab0c42d-0ad5-5b3d-9c6c-4ab9eaa47586,5,daily_login,2026-06-28,2026-06-28T07:45:00+00:00
2399,5ccdaadc-80b2-50e1-a0c1-bad0246a7cf2,5,daily_login,2026-06-28,2026-06-28T07:46:00+00:00
2400,b39a9d3d-f3eb-5d31-9cc7-15e278969b70,5,daily_login,2026-06-28,2026-06-28T07:46:00+00:00
2401,cb162f3d-006f-544e-bfa6-f9abb8a52026,40,project_join,project_join:119,2026-06-28T10:30:00+00:00
2402,cb162f3d-006f-544e-bfa6-f9abb8a52026,100,first_project,badge,2026-06-28T10:30:00+00:00
2403,eb3717c1-cd92-5eeb-af40-9df7f3132426,40,project_join,project_join:147,2026-06-28T10:30:00+00:00
2404,eb3717c1-cd92-5eeb-af40-9df7f3132426,100,first_project,badge,2026-06-28T10:30:00+00:00
2405,f4793612-bd5c-52c4-b29e-226fe28a77ca,40,project_join,project_join:162,2026-06-28T11:30:00+00:00
2406,f4793612-bd5c-52c4-b29e-226fe28a77ca,100,first_project,badge,2026-06-28T11:30:00+00:00
2407,3425797b-5c54-5f3a-9a34-9cedb0dc5b84,40,project_join,project_join:119,2026-06-28T14:30:00+00:00
2408,3425797b-5c54-5f3a-9a34-9cedb0dc5b84,100,first_project,badge,2026-06-28T14:30:00+00:00
2409,eeeb9e89-042f-5fdc-8fcf-2c3ad56f9bf1,40,project_join,project_join:147,2026-06-28T14:30:00+00:00
2410,eeeb9e89-042f-5fdc-8fcf-2c3ad56f9bf1,100,first_project,badge,2026-06-28T14:30:00+00:00
2411,d48cab4b-e48b-59ae-88d6-41d5d463569d,40,project_join,project_join:162,2026-06-28T15:30:00+00:00
2412,d48cab4b-e48b-59ae-88d6-41d5d463569d,100,first_project,badge,2026-06-28T15:30:00+00:00
2413,90cced0e-f2c7-528c-bd28-38c44ead6c98,40,project_join,project_join:119,2026-06-28T18:30:00+00:00
2414,90cced0e-f2c7-528c-bd28-38c44ead6c98,100,first_project,badge,2026-06-28T18:30:00+00:00
2415,88a268b0-6bca-5583-b041-ffdbc51be7e6,40,project_join,project_join:147,2026-06-28T18:30:00+00:00
2416,88a268b0-6bca-5583-b041-ffdbc51be7e6,100,first_project,badge,2026-06-28T18:30:00+00:00
2417,77c684c4-9514-5edc-85ff-1052c8544c14,40,project_join,project_join:147,2026-06-28T22:30:00+00:00
2418,f2561442-8439-5138-9a3b-8bcf96f16609,5,daily_login,2026-06-29,2026-06-29T07:10:00+00:00
2419,af808cd8-ab34-515f-a8a0-a1b0719a537b,5,daily_login,2026-06-29,2026-06-29T07:10:00+00:00
2420,610e9654-06d6-5e55-959b-377b8749b8f9,5,daily_login,2026-06-29,2026-06-29T07:10:00+00:00
2421,f0f4eb8c-a1ed-50a1-bc7d-2863700a31a5,5,daily_login,2026-06-29,2026-06-29T07:11:00+00:00
2422,b7180518-4b5b-54ef-9060-958212d05ab7,5,daily_login,2026-06-29,2026-06-29T07:11:00+00:00
2423,3d016498-e16a-5ad9-95c7-b633dfc6a142,5,daily_login,2026-06-29,2026-06-29T07:13:00+00:00
2424,7ef6d8e7-132e-5da5-a653-16dd2e5719c4,5,daily_login,2026-06-29,2026-06-29T07:13:00+00:00
2425,f21481e8-5bf3-5aa6-a7e0-fe6e26920e28,5,daily_login,2026-06-29,2026-06-29T07:13:00+00:00
2426,a36cd93c-2f0c-5956-9a51-8094e39a7bed,5,daily_login,2026-06-29,2026-06-29T07:14:00+00:00
2427,ea7edc0e-b64d-545f-b311-b4ee943f2935,5,daily_login,2026-06-29,2026-06-29T07:14:00+00:00
2428,90cced0e-f2c7-528c-bd28-38c44ead6c98,5,daily_login,2026-06-29,2026-06-29T07:15:00+00:00
2429,d6b81cb4-a299-5894-baa5-463cb63679a3,5,daily_login,2026-06-29,2026-06-29T07:15:00+00:00
2430,50d6350f-ffd4-59ad-a1ff-65a49a77a913,5,daily_login,2026-06-29,2026-06-29T07:16:00+00:00
2431,693ebb02-ab3f-5d60-b798-d4d4df4900d2,5,daily_login,2026-06-29,2026-06-29T07:16:00+00:00
2432,96dbbdad-601e-5bc2-9d1a-78f9f6349a39,5,daily_login,2026-06-29,2026-06-29T07:18:00+00:00
2433,5a4b137d-2ebb-5c75-8cdd-bf77406b4b9f,5,daily_login,2026-06-29,2026-06-29T07:19:00+00:00
2434,9d1c460b-bd0b-57ff-ac14-f2b10f73edd3,5,daily_login,2026-06-29,2026-06-29T07:19:00+00:00
2435,9047d24d-0775-5f10-bf17-6e8fc62c5884,5,daily_login,2026-06-29,2026-06-29T07:20:00+00:00
2436,7bdf8ad6-1318-5f74-9112-e2b655e215a2,5,daily_login,2026-06-29,2026-06-29T07:21:00+00:00
2437,1b1e4344-fde4-5cc2-b82c-4fb458696522,5,daily_login,2026-06-29,2026-06-29T07:21:00+00:00
2438,4ec67eb8-4fda-5cbc-bbd1-a6afc7ce8130,5,daily_login,2026-06-29,2026-06-29T07:21:00+00:00
2439,d16e3cdc-2868-563d-867d-62fa9b8b24ea,5,daily_login,2026-06-29,2026-06-29T07:22:00+00:00
2440,4c310820-12d3-5128-9a45-973db446b59e,5,daily_login,2026-06-29,2026-06-29T07:23:00+00:00
2441,02bf8d95-eee4-5287-b363-0551cc4a6d51,5,daily_login,2026-06-29,2026-06-29T07:23:00+00:00
2442,35e87bcc-650c-5e3f-9741-3f0c54905b6f,5,daily_login,2026-06-29,2026-06-29T07:23:00+00:00
2443,a2cc3818-be31-5aeb-828c-e23f579431aa,5,daily_login,2026-06-29,2026-06-29T07:25:00+00:00
2444,53f78f7e-e2df-586b-b483-5748c92d0f9f,5,daily_login,2026-06-29,2026-06-29T07:25:00+00:00
2445,6b9b6012-cdb4-50eb-8ad0-01c36516df23,5,daily_login,2026-06-29,2026-06-29T07:26:00+00:00
2446,baa8ef70-5b01-5a49-84cb-71c353290705,5,daily_login,2026-06-29,2026-06-29T07:26:00+00:00
2447,e502b694-466f-5e1f-9293-146b264ae20c,5,daily_login,2026-06-29,2026-06-29T07:27:00+00:00
2448,e502b694-466f-5e1f-9293-146b264ae20c,5,streak_week_bonus,2026-06-29,2026-06-29T07:27:00+00:00
2449,49a9d8f7-08ea-5972-af3a-0ca0a6c06e59,5,daily_login,2026-06-29,2026-06-29T07:27:00+00:00
2450,5c465a9a-bc36-5d7b-b5a2-0f18d9dab68a,5,daily_login,2026-06-29,2026-06-29T07:27:00+00:00
2451,e3efd234-c7f9-5957-937f-661b1c3981ef,5,daily_login,2026-06-29,2026-06-29T07:28:00+00:00
2452,e7dd6cb0-626e-510a-9e98-0498c534b04d,5,daily_login,2026-06-29,2026-06-29T07:28:00+00:00
2453,7f0221a7-4703-52e7-8b26-fa2cd7303c90,5,daily_login,2026-06-29,2026-06-29T07:29:00+00:00
2454,a53c485b-a35c-51fb-84a5-364207ce0adb,5,daily_login,2026-06-29,2026-06-29T07:29:00+00:00
2455,b897da16-1a55-5740-8129-7d502e6f44b8,5,daily_login,2026-06-29,2026-06-29T07:29:00+00:00
2456,5532dec3-02ae-5ac3-8b57-2e8214a8598b,5,daily_login,2026-06-29,2026-06-29T07:29:00+00:00
2457,54561bf4-fe37-5b37-934d-9c7f81542f8b,5,daily_login,2026-06-29,2026-06-29T07:30:00+00:00
2458,da462241-608b-5422-bdbd-0d98184a433d,5,daily_login,2026-06-29,2026-06-29T07:30:00+00:00
2459,45cee65b-db52-5dff-b09d-0ee1ac2be20f,5,daily_login,2026-06-29,2026-06-29T07:31:00+00:00
2460,f8f213c7-3d61-567e-9735-5e3e9498b892,5,daily_login,2026-06-29,2026-06-29T07:31:00+00:00
2461,ee289908-380a-5bb3-8fdc-0990b203929b,5,daily_login,2026-06-29,2026-06-29T07:32:00+00:00
2462,95927b04-f214-5c26-878d-fb55176e41bc,5,daily_login,2026-06-29,2026-06-29T07:32:00+00:00
2463,9cba29b2-e169-54f3-9d61-1d5013f80312,5,daily_login,2026-06-29,2026-06-29T07:32:00+00:00
2464,9a026691-28ff-5880-9da3-006735af19d3,5,daily_login,2026-06-29,2026-06-29T07:35:00+00:00
2465,8ecc0792-3789-53b2-a26e-fc6daa886eb7,5,daily_login,2026-06-29,2026-06-29T07:36:00+00:00
2466,9edec740-5de6-5c27-8233-5cf72946b182,5,daily_login,2026-06-29,2026-06-29T07:36:00+00:00
2467,eb397f92-99ac-5f0f-8f81-3540865f0477,5,daily_login,2026-06-29,2026-06-29T07:38:00+00:00
2468,ec6d706d-7dba-534b-8700-e6752dbd06e1,5,daily_login,2026-06-29,2026-06-29T07:38:00+00:00
2469,783491ec-2857-52e8-a102-766d7abba6d2,5,daily_login,2026-06-29,2026-06-29T07:38:00+00:00
2470,508d03e7-de84-523a-8242-f48abc9451d7,5,daily_login,2026-06-29,2026-06-29T07:39:00+00:00
2471,c6286e16-5e03-594c-aa67-861b8ba91b33,5,daily_login,2026-06-29,2026-06-29T07:39:00+00:00
2472,7b48b183-5d87-500f-9cec-2e003c19efac,5,daily_login,2026-06-29,2026-06-29T07:40:00+00:00
2473,bb4b0d34-59a4-5948-a9be-a1aa6caece55,5,daily_login,2026-06-29,2026-06-29T07:40:00+00:00
2474,fb400c3e-ecd0-522e-8b8e-1323946be71a,5,daily_login,2026-06-29,2026-06-29T07:40:00+00:00
2475,373cd20e-25d5-5a46-a0ae-18157cf68a55,5,daily_login,2026-06-29,2026-06-29T07:41:00+00:00
2476,77c684c4-9514-5edc-85ff-1052c8544c14,5,daily_login,2026-06-29,2026-06-29T07:42:00+00:00
2477,dfe9e449-d177-56af-a679-d3e1c78c5c02,5,daily_login,2026-06-29,2026-06-29T07:43:00+00:00
2478,3b932376-f549-5a1c-a24b-664b4bc338e3,5,daily_login,2026-06-29,2026-06-29T07:43:00+00:00
2479,e137404e-9196-525c-b17a-44dc96d29f29,5,daily_login,2026-06-29,2026-06-29T07:44:00+00:00
2480,6ac5a7a4-ae0d-5e31-8a7c-d85b63a96c46,5,daily_login,2026-06-29,2026-06-29T07:45:00+00:00
2481,2e2e8079-6c9e-51c9-bc7e-1475045fd514,75,project_create,project:184,2026-06-30T04:30:00+00:00
2482,2e2e8079-6c9e-51c9-bc7e-1475045fd514,100,first_project,badge,2026-06-30T04:30:00+00:00
2483,f2561442-8439-5138-9a3b-8bcf96f16609,5,daily_login,2026-06-30,2026-06-30T07:10:00+00:00
2484,f0f4eb8c-a1ed-50a1-bc7d-2863700a31a5,5,daily_login,2026-06-30,2026-06-30T07:11:00+00:00
2485,b7180518-4b5b-54ef-9060-958212d05ab7,5,daily_login,2026-06-30,2026-06-30T07:11:00+00:00
2486,3d016498-e16a-5ad9-95c7-b633dfc6a142,5,daily_login,2026-06-30,2026-06-30T07:13:00+00:00
2487,20b63262-d3e6-555a-95b2-84fc87694a19,5,daily_login,2026-06-30,2026-06-30T07:15:00+00:00
2488,6ecf180b-be59-594c-a33b-31bd0120f01f,5,daily_login,2026-06-30,2026-06-30T07:15:00+00:00
2489,50d6350f-ffd4-59ad-a1ff-65a49a77a913,5,daily_login,2026-06-30,2026-06-30T07:16:00+00:00
2490,64b591cd-4cbe-577a-aba9-ee6912328a58,5,daily_login,2026-06-30,2026-06-30T07:16:00+00:00
2491,9355c2cf-38db-5118-9b77-3d5b5b3870df,5,daily_login,2026-06-30,2026-06-30T07:17:00+00:00
2492,52ab3a8f-ec5c-5e66-bcd5-efc304512118,5,daily_login,2026-06-30,2026-06-30T07:18:00+00:00
2493,96dbbdad-601e-5bc2-9d1a-78f9f6349a39,5,daily_login,2026-06-30,2026-06-30T07:18:00+00:00
2494,b55b4f74-ded6-5cf1-aae0-9ad89c03c10c,5,daily_login,2026-06-30,2026-06-30T07:19:00+00:00
2495,5a4b137d-2ebb-5c75-8cdd-bf77406b4b9f,5,daily_login,2026-06-30,2026-06-30T07:19:00+00:00
2496,cb162f3d-006f-544e-bfa6-f9abb8a52026,5,daily_login,2026-06-30,2026-06-30T07:19:00+00:00
2497,9d1c460b-bd0b-57ff-ac14-f2b10f73edd3,5,daily_login,2026-06-30,2026-06-30T07:19:00+00:00
2498,7b359533-e634-59eb-a2c3-b5501ff96488,5,daily_login,2026-06-30,2026-06-30T07:19:00+00:00
2499,341a0cef-f4a9-53ee-8980-229dc154ff4e,5,daily_login,2026-06-30,2026-06-30T07:20:00+00:00
2500,7bdf8ad6-1318-5f74-9112-e2b655e215a2,5,daily_login,2026-06-30,2026-06-30T07:21:00+00:00
2501,1b1e4344-fde4-5cc2-b82c-4fb458696522,5,daily_login,2026-06-30,2026-06-30T07:21:00+00:00
2502,4ec67eb8-4fda-5cbc-bbd1-a6afc7ce8130,5,daily_login,2026-06-30,2026-06-30T07:21:00+00:00
2503,d16e3cdc-2868-563d-867d-62fa9b8b24ea,5,daily_login,2026-06-30,2026-06-30T07:22:00+00:00
2504,4c310820-12d3-5128-9a45-973db446b59e,5,daily_login,2026-06-30,2026-06-30T07:23:00+00:00
2505,02bf8d95-eee4-5287-b363-0551cc4a6d51,5,daily_login,2026-06-30,2026-06-30T07:23:00+00:00
2506,88a268b0-6bca-5583-b041-ffdbc51be7e6,5,daily_login,2026-06-30,2026-06-30T07:24:00+00:00
2507,58074159-53d7-5a52-8436-d84a05af35a9,5,daily_login,2026-06-30,2026-06-30T07:24:00+00:00
2508,a2cc3818-be31-5aeb-828c-e23f579431aa,5,daily_login,2026-06-30,2026-06-30T07:25:00+00:00
2509,ef763ec1-f93c-5744-9640-4ca59adf9347,5,daily_login,2026-06-30,2026-06-30T07:25:00+00:00
2510,a60d0128-bffa-5d2d-9915-36693e6bc3ba,5,daily_login,2026-06-30,2026-06-30T07:26:00+00:00
2511,20b4182c-90f7-51da-99e8-97ade4d19a92,5,daily_login,2026-06-30,2026-06-30T07:26:00+00:00
2512,4307ee18-2e16-50be-abbc-db160bb8e8fd,5,daily_login,2026-06-30,2026-06-30T07:26:00+00:00
2513,7298015b-9105-595a-b879-3013c08053f7,5,daily_login,2026-06-30,2026-06-30T07:26:00+00:00
2514,e502b694-466f-5e1f-9293-146b264ae20c,5,daily_login,2026-06-30,2026-06-30T07:27:00+00:00
2515,2e2e8079-6c9e-51c9-bc7e-1475045fd514,5,daily_login,2026-06-30,2026-06-30T07:27:00+00:00
2516,f3744506-cae3-5f81-8a4f-506a60395be8,5,daily_login,2026-06-30,2026-06-30T07:28:00+00:00
2517,e3efd234-c7f9-5957-937f-661b1c3981ef,5,daily_login,2026-06-30,2026-06-30T07:28:00+00:00
2518,e7c63421-97d2-555e-9731-46cb0f04f637,5,daily_login,2026-06-30,2026-06-30T07:28:00+00:00
2519,b897da16-1a55-5740-8129-7d502e6f44b8,5,daily_login,2026-06-30,2026-06-30T07:29:00+00:00
2520,5532dec3-02ae-5ac3-8b57-2e8214a8598b,5,daily_login,2026-06-30,2026-06-30T07:29:00+00:00
2521,54561bf4-fe37-5b37-934d-9c7f81542f8b,5,daily_login,2026-06-30,2026-06-30T07:30:00+00:00
2522,f8f213c7-3d61-567e-9735-5e3e9498b892,5,daily_login,2026-06-30,2026-06-30T07:31:00+00:00
2523,10feece1-a2cd-532b-8488-21659a3bee22,5,daily_login,2026-06-30,2026-06-30T07:31:00+00:00
2524,82a5c89c-0b3a-58b9-9259-837a5348a5c2,5,daily_login,2026-06-30,2026-06-30T07:31:00+00:00
2525,ee289908-380a-5bb3-8fdc-0990b203929b,5,daily_login,2026-06-30,2026-06-30T07:32:00+00:00
2526,95927b04-f214-5c26-878d-fb55176e41bc,5,daily_login,2026-06-30,2026-06-30T07:32:00+00:00
2527,729fe171-fa0d-547e-b374-39bd19f4c645,5,daily_login,2026-06-30,2026-06-30T07:32:00+00:00
2528,6467241a-6abd-5888-8e87-40e0e86cbc55,5,daily_login,2026-06-30,2026-06-30T07:33:00+00:00
2529,44f09dba-7a20-5f46-840b-4670e6c7eb92,5,daily_login,2026-06-30,2026-06-30T07:33:00+00:00
2530,88820056-e901-59a1-b2ca-c4e813b34f7b,5,daily_login,2026-06-30,2026-06-30T07:33:00+00:00
2531,bc38029f-d1c5-5b8f-8055-d446a522cb91,5,daily_login,2026-06-30,2026-06-30T07:34:00+00:00
2532,19e81afb-74c1-5b4a-9af3-469f3b610235,5,daily_login,2026-06-30,2026-06-30T07:34:00+00:00
2533,6720265f-9f2b-5485-bf24-54e1784991b6,5,daily_login,2026-06-30,2026-06-30T07:34:00+00:00
2534,d48cab4b-e48b-59ae-88d6-41d5d463569d,5,daily_login,2026-06-30,2026-06-30T07:35:00+00:00
2535,9a026691-28ff-5880-9da3-006735af19d3,5,daily_login,2026-06-30,2026-06-30T07:35:00+00:00
2536,1873645b-b54c-51dc-a41a-7131e831a64f,5,daily_login,2026-06-30,2026-06-30T07:35:00+00:00
2537,554a90ae-c448-548d-a552-cd8f1c340cbd,5,daily_login,2026-06-30,2026-06-30T07:36:00+00:00
2538,9edec740-5de6-5c27-8233-5cf72946b182,5,daily_login,2026-06-30,2026-06-30T07:36:00+00:00
2539,ab45f9eb-3fee-5ea5-bccb-faffc50f3e76,5,daily_login,2026-06-30,2026-06-30T07:37:00+00:00
2540,5ce94e6e-a987-5fd1-90b2-94a1174f9376,5,daily_login,2026-06-30,2026-06-30T07:37:00+00:00
2541,6988340a-a3c1-5fda-a996-711f1723c649,5,daily_login,2026-06-30,2026-06-30T07:37:00+00:00
2542,eb397f92-99ac-5f0f-8f81-3540865f0477,5,daily_login,2026-06-30,2026-06-30T07:38:00+00:00
2543,bdc5faf6-386d-5338-99a0-32d156bcbd68,5,daily_login,2026-06-30,2026-06-30T07:38:00+00:00
2544,508d03e7-de84-523a-8242-f48abc9451d7,5,daily_login,2026-06-30,2026-06-30T07:39:00+00:00
2545,c6286e16-5e03-594c-aa67-861b8ba91b33,5,daily_login,2026-06-30,2026-06-30T07:39:00+00:00
2546,7b48b183-5d87-500f-9cec-2e003c19efac,5,daily_login,2026-06-30,2026-06-30T07:40:00+00:00
2547,d767d4bb-a2aa-587a-90f9-23d0689ae52a,5,daily_login,2026-06-30,2026-06-30T07:40:00+00:00
2548,fb400c3e-ecd0-522e-8b8e-1323946be71a,5,daily_login,2026-06-30,2026-06-30T07:40:00+00:00
2549,dfe9e449-d177-56af-a679-d3e1c78c5c02,5,daily_login,2026-06-30,2026-06-30T07:43:00+00:00
2550,40120057-c43a-5745-9d3a-d9b0c6b1e84e,5,daily_login,2026-06-30,2026-06-30T07:43:00+00:00
2551,36016ab9-3cc9-5f6a-8bc7-1d138ad9cb43,5,daily_login,2026-06-30,2026-06-30T07:44:00+00:00
2552,a5526e82-ef69-522b-b3ad-df818658bde0,5,daily_login,2026-06-30,2026-06-30T07:44:00+00:00
2553,e137404e-9196-525c-b17a-44dc96d29f29,5,daily_login,2026-06-30,2026-06-30T07:44:00+00:00
2554,d2a70bca-a25c-522f-9b7e-c967b69503cc,5,daily_login,2026-06-30,2026-06-30T07:45:00+00:00
2555,6ac5a7a4-ae0d-5e31-8a7c-d85b63a96c46,5,daily_login,2026-06-30,2026-06-30T07:45:00+00:00
2556,5ccdaadc-80b2-50e1-a0c1-bad0246a7cf2,5,daily_login,2026-06-30,2026-06-30T07:46:00+00:00
2557,5ccdaadc-80b2-50e1-a0c1-bad0246a7cf2,40,project_join,project_join:184,2026-06-30T08:30:00+00:00
2558,5ccdaadc-80b2-50e1-a0c1-bad0246a7cf2,100,first_project,badge,2026-06-30T08:30:00+00:00
2559,4ec67eb8-4fda-5cbc-bbd1-a6afc7ce8130,75,project_create,project:189,2026-06-30T09:30:00+00:00
2560,001e944b-e64e-5742-afb7-5e04327e41ee,40,project_join,project_join:184,2026-06-30T12:30:00+00:00
2561,001e944b-e64e-5742-afb7-5e04327e41ee,100,first_project,badge,2026-06-30T12:30:00+00:00
2562,b39a9d3d-f3eb-5d31-9cc7-15e278969b70,40,project_join,project_join:189,2026-06-30T13:30:00+00:00
2563,b39a9d3d-f3eb-5d31-9cc7-15e278969b70,100,first_project,badge,2026-06-30T13:30:00+00:00
2564,96ccee9a-30f2-56cd-b597-a927c84e0f75,40,project_join,project_join:184,2026-06-30T16:30:00+00:00
2565,88a268b0-6bca-5583-b041-ffdbc51be7e6,40,project_join,project_join:189,2026-06-30T17:30:00+00:00
2566,35e87bcc-650c-5e3f-9741-3f0c54905b6f,40,project_join,project_join:184,2026-06-30T20:30:00+00:00
2567,35e87bcc-650c-5e3f-9741-3f0c54905b6f,100,first_project,badge,2026-06-30T20:30:00+00:00
2568,35e87bcc-650c-5e3f-9741-3f0c54905b6f,40,project_join,project_join:189,2026-06-30T21:30:00+00:00
2569,b7180518-4b5b-54ef-9060-958212d05ab7,40,project_join,project_join:189,2026-07-01T01:30:00+00:00
2570,b7180518-4b5b-54ef-9060-958212d05ab7,100,first_project,badge,2026-07-01T01:30:00+00:00
2571,6988340a-a3c1-5fda-a996-711f1723c649,40,project_join,project_join:189,2026-07-01T05:30:00+00:00
2572,6988340a-a3c1-5fda-a996-711f1723c649,100,first_project,badge,2026-07-01T05:30:00+00:00
2573,d9fbcbde-376a-5f82-9fb5-268a24b02d57,5,daily_login,2026-07-01,2026-07-01T07:10:00+00:00
2574,f2561442-8439-5138-9a3b-8bcf96f16609,5,daily_login,2026-07-01,2026-07-01T07:10:00+00:00
2575,518ae987-15f7-5b22-8bcc-df59623dbdce,5,daily_login,2026-07-01,2026-07-01T07:10:00+00:00
2576,3d0f3e54-413b-5a89-bc88-8cb0e7246b97,5,daily_login,2026-07-01,2026-07-01T07:12:00+00:00
2577,ea7edc0e-b64d-545f-b311-b4ee943f2935,5,daily_login,2026-07-01,2026-07-01T07:14:00+00:00
2578,20b63262-d3e6-555a-95b2-84fc87694a19,5,daily_login,2026-07-01,2026-07-01T07:15:00+00:00
2579,90cced0e-f2c7-528c-bd28-38c44ead6c98,5,daily_login,2026-07-01,2026-07-01T07:15:00+00:00
2580,50d6350f-ffd4-59ad-a1ff-65a49a77a913,5,daily_login,2026-07-01,2026-07-01T07:16:00+00:00
2581,693ebb02-ab3f-5d60-b798-d4d4df4900d2,5,daily_login,2026-07-01,2026-07-01T07:16:00+00:00
2582,a6b8342c-310b-5b88-9c07-602dbd646488,5,daily_login,2026-07-01,2026-07-01T07:17:00+00:00
2583,fd96bbd1-5601-5c99-a1e2-04b09168b35e,5,daily_login,2026-07-01,2026-07-01T07:18:00+00:00
2584,96dbbdad-601e-5bc2-9d1a-78f9f6349a39,5,daily_login,2026-07-01,2026-07-01T07:18:00+00:00
2585,64609795-d498-5ea7-ad33-a3bcecf9d962,5,daily_login,2026-07-01,2026-07-01T07:18:00+00:00
2586,5a4b137d-2ebb-5c75-8cdd-bf77406b4b9f,5,daily_login,2026-07-01,2026-07-01T07:19:00+00:00
2587,b0ebc690-efe0-594f-bd55-e4d7ec3454bc,5,daily_login,2026-07-01,2026-07-01T07:20:00+00:00
2588,9047d24d-0775-5f10-bf17-6e8fc62c5884,5,daily_login,2026-07-01,2026-07-01T07:20:00+00:00
2589,9c9c228f-3bd5-5da4-b666-fbfab93b4b7e,5,daily_login,2026-07-01,2026-07-01T07:21:00+00:00
2590,7bdf8ad6-1318-5f74-9112-e2b655e215a2,5,daily_login,2026-07-01,2026-07-01T07:21:00+00:00
2591,4ec67eb8-4fda-5cbc-bbd1-a6afc7ce8130,5,daily_login,2026-07-01,2026-07-01T07:21:00+00:00
2592,85df6dcd-e42a-581f-802b-eb93568b74eb,5,daily_login,2026-07-01,2026-07-01T07:21:00+00:00
2593,368442e7-2dfe-5df4-9ab7-a468b984050a,5,daily_login,2026-07-01,2026-07-01T07:22:00+00:00
2594,44a33563-638c-52da-ae01-285f43dfcb99,5,daily_login,2026-07-01,2026-07-01T07:22:00+00:00
2595,d16e3cdc-2868-563d-867d-62fa9b8b24ea,5,daily_login,2026-07-01,2026-07-01T07:22:00+00:00
2596,4c310820-12d3-5128-9a45-973db446b59e,5,daily_login,2026-07-01,2026-07-01T07:23:00+00:00
2597,35e87bcc-650c-5e3f-9741-3f0c54905b6f,5,daily_login,2026-07-01,2026-07-01T07:23:00+00:00
2598,ffe47fd1-7989-5728-addd-50b504edd889,5,daily_login,2026-07-01,2026-07-01T07:24:00+00:00
2599,a2cc3818-be31-5aeb-828c-e23f579431aa,5,daily_login,2026-07-01,2026-07-01T07:25:00+00:00
2600,a2cc3818-be31-5aeb-828c-e23f579431aa,5,streak_week_bonus,2026-07-01,2026-07-01T07:25:00+00:00
2601,a2cc3818-be31-5aeb-828c-e23f579431aa,200,streak_7,badge,2026-07-01T07:25:00+00:00
2602,e502b694-466f-5e1f-9293-146b264ae20c,5,daily_login,2026-07-01,2026-07-01T07:27:00+00:00
2603,2e2e8079-6c9e-51c9-bc7e-1475045fd514,5,daily_login,2026-07-01,2026-07-01T07:27:00+00:00
2604,54561bf4-fe37-5b37-934d-9c7f81542f8b,5,daily_login,2026-07-01,2026-07-01T07:30:00+00:00
2605,da462241-608b-5422-bdbd-0d98184a433d,5,daily_login,2026-07-01,2026-07-01T07:30:00+00:00
2606,0947c4b9-50d6-50e2-9043-84a15b80e8c7,5,daily_login,2026-07-01,2026-07-01T07:30:00+00:00
2607,082b47e7-5a06-5a34-bd49-595c82b2b196,5,daily_login,2026-07-01,2026-07-01T07:31:00+00:00
2608,45cee65b-db52-5dff-b09d-0ee1ac2be20f,5,daily_login,2026-07-01,2026-07-01T07:31:00+00:00
2609,1062abbb-4fcd-51a9-95fc-5474e4af7640,5,daily_login,2026-07-01,2026-07-01T07:32:00+00:00
2610,44f09dba-7a20-5f46-840b-4670e6c7eb92,5,daily_login,2026-07-01,2026-07-01T07:33:00+00:00
2611,d48cab4b-e48b-59ae-88d6-41d5d463569d,5,daily_login,2026-07-01,2026-07-01T07:35:00+00:00
2612,9a026691-28ff-5880-9da3-006735af19d3,5,daily_login,2026-07-01,2026-07-01T07:35:00+00:00
2613,7e6a1243-34f5-52e6-862f-e5f3b2ebe640,5,daily_login,2026-07-01,2026-07-01T07:36:00+00:00
2614,8ecc0792-3789-53b2-a26e-fc6daa886eb7,5,daily_login,2026-07-01,2026-07-01T07:36:00+00:00
2615,ab45f9eb-3fee-5ea5-bccb-faffc50f3e76,5,daily_login,2026-07-01,2026-07-01T07:37:00+00:00
2616,5ce94e6e-a987-5fd1-90b2-94a1174f9376,5,daily_login,2026-07-01,2026-07-01T07:37:00+00:00
2617,eb397f92-99ac-5f0f-8f81-3540865f0477,5,daily_login,2026-07-01,2026-07-01T07:38:00+00:00
2618,bdc5faf6-386d-5338-99a0-32d156bcbd68,5,daily_login,2026-07-01,2026-07-01T07:38:00+00:00
2619,302b84f9-9053-5cf7-bed0-305678227875,5,daily_login,2026-07-01,2026-07-01T07:39:00+00:00
2620,c6286e16-5e03-594c-aa67-861b8ba91b33,5,daily_login,2026-07-01,2026-07-01T07:39:00+00:00
2621,d767d4bb-a2aa-587a-90f9-23d0689ae52a,5,daily_login,2026-07-01,2026-07-01T07:40:00+00:00
2622,fb400c3e-ecd0-522e-8b8e-1323946be71a,5,daily_login,2026-07-01,2026-07-01T07:40:00+00:00
2623,96ccee9a-30f2-56cd-b597-a927c84e0f75,5,daily_login,2026-07-01,2026-07-01T07:41:00+00:00
2624,33ba5d16-c38c-5bcf-9896-ea8ae81d6e7b,5,daily_login,2026-07-01,2026-07-01T07:41:00+00:00
2625,f223e569-d735-5980-b77b-25d459e64a37,5,daily_login,2026-07-01,2026-07-01T07:42:00+00:00
2626,77c684c4-9514-5edc-85ff-1052c8544c14,5,daily_login,2026-07-01,2026-07-01T07:42:00+00:00
2627,3b932376-f549-5a1c-a24b-664b4bc338e3,5,daily_login,2026-07-01,2026-07-01T07:43:00+00:00
2628,e137404e-9196-525c-b17a-44dc96d29f29,5,daily_login,2026-07-01,2026-07-01T07:44:00+00:00
2629,6d9d0917-bda8-5863-abe4-92d14b0cc926,5,daily_login,2026-07-01,2026-07-01T07:44:00+00:00
2630,5ccdaadc-80b2-50e1-a0c1-bad0246a7cf2,5,daily_login,2026-07-01,2026-07-01T07:46:00+00:00
2631,6690668c-e73d-51ff-9ca4-36bec9b8c175,5,daily_login,2026-07-01,2026-07-01T07:46:00+00:00
2632,bf54d417-d834-5d3e-a7f9-106377fe05a5,5,daily_login,2026-07-01,2026-07-01T07:46:00+00:00
2633,b39a9d3d-f3eb-5d31-9cc7-15e278969b70,5,daily_login,2026-07-01,2026-07-01T07:46:00+00:00
2634,a2cc3818-be31-5aeb-828c-e23f579431aa,75,project_create,project:166,2026-07-01T17:30:00+00:00
2635,a2cc3818-be31-5aeb-828c-e23f579431aa,100,first_project,badge,2026-07-01T17:30:00+00:00
2636,6ab0c42d-0ad5-5b3d-9c6c-4ab9eaa47586,40,project_join,project_join:166,2026-07-01T21:30:00+00:00
2637,6ab0c42d-0ad5-5b3d-9c6c-4ab9eaa47586,100,first_project,badge,2026-07-01T21:30:00+00:00
2638,eb397f92-99ac-5f0f-8f81-3540865f0477,40,project_join,project_join:166,2026-07-02T01:30:00+00:00
2639,eb397f92-99ac-5f0f-8f81-3540865f0477,100,first_project,badge,2026-07-02T01:30:00+00:00
2640,facb4557-eabe-5f8b-89cc-f223b91c89b7,40,project_join,project_join:166,2026-07-02T05:30:00+00:00
2641,facb4557-eabe-5f8b-89cc-f223b91c89b7,100,first_project,badge,2026-07-02T05:30:00+00:00
2642,43a3bb15-e7a6-5c42-a198-3e0d7f080ba1,75,project_create,project:172,2026-07-02T05:30:00+00:00
2643,43a3bb15-e7a6-5c42-a198-3e0d7f080ba1,100,first_project,badge,2026-07-02T05:30:00+00:00
2644,d9fbcbde-376a-5f82-9fb5-268a24b02d57,5,daily_login,2026-07-02,2026-07-02T07:10:00+00:00
2645,37b7aed3-d207-54f7-b4ec-0e05c50eaeb2,5,daily_login,2026-07-02,2026-07-02T07:11:00+00:00
2646,0da68170-ff38-5dad-9224-770d261f1c8a,5,daily_login,2026-07-02,2026-07-02T07:11:00+00:00
2647,6cf4bb40-4d81-5eb3-b9d9-5841cd55724e,5,daily_login,2026-07-02,2026-07-02T07:11:00+00:00
2648,50de23a6-cd45-55ac-adb0-06d14b4ed8ce,5,daily_login,2026-07-02,2026-07-02T07:12:00+00:00
2649,f985b68e-39ae-5c83-8468-2b126802c414,5,daily_login,2026-07-02,2026-07-02T07:12:00+00:00
2650,3d0f3e54-413b-5a89-bc88-8cb0e7246b97,5,daily_login,2026-07-02,2026-07-02T07:12:00+00:00
2651,3d016498-e16a-5ad9-95c7-b633dfc6a142,5,daily_login,2026-07-02,2026-07-02T07:13:00+00:00
2652,f4793612-bd5c-52c4-b29e-226fe28a77ca,5,daily_login,2026-07-02,2026-07-02T07:13:00+00:00
2653,6ecf180b-be59-594c-a33b-31bd0120f01f,5,daily_login,2026-07-02,2026-07-02T07:15:00+00:00
2654,50d6350f-ffd4-59ad-a1ff-65a49a77a913,5,daily_login,2026-07-02,2026-07-02T07:16:00+00:00
2655,b7f1d97d-9f3c-5885-b9ef-48d67a16a686,5,daily_login,2026-07-02,2026-07-02T07:17:00+00:00
2656,3425797b-5c54-5f3a-9a34-9cedb0dc5b84,5,daily_login,2026-07-02,2026-07-02T07:18:00+00:00
2657,96dbbdad-601e-5bc2-9d1a-78f9f6349a39,5,daily_login,2026-07-02,2026-07-02T07:18:00+00:00
2658,9d1c460b-bd0b-57ff-ac14-f2b10f73edd3,5,daily_login,2026-07-02,2026-07-02T07:19:00+00:00
2659,63fdd1e3-9db3-5b05-9799-510eea6abab7,5,daily_login,2026-07-02,2026-07-02T07:20:00+00:00
2660,9047d24d-0775-5f10-bf17-6e8fc62c5884,5,daily_login,2026-07-02,2026-07-02T07:20:00+00:00
2661,4845dc43-0c9d-5f09-aa4a-62e68abb5d12,5,daily_login,2026-07-02,2026-07-02T07:21:00+00:00
2662,7bdf8ad6-1318-5f74-9112-e2b655e215a2,5,daily_login,2026-07-02,2026-07-02T07:21:00+00:00
2663,7bdf8ad6-1318-5f74-9112-e2b655e215a2,5,streak_week_bonus,2026-07-02,2026-07-02T07:21:00+00:00
2664,1b1e4344-fde4-5cc2-b82c-4fb458696522,5,daily_login,2026-07-02,2026-07-02T07:21:00+00:00
2665,85df6dcd-e42a-581f-802b-eb93568b74eb,5,daily_login,2026-07-02,2026-07-02T07:21:00+00:00
2666,d16e3cdc-2868-563d-867d-62fa9b8b24ea,5,daily_login,2026-07-02,2026-07-02T07:22:00+00:00
2667,3a376c3a-3e46-5c8c-815c-232b66ca9bc8,5,daily_login,2026-07-02,2026-07-02T07:23:00+00:00
2668,4c310820-12d3-5128-9a45-973db446b59e,5,daily_login,2026-07-02,2026-07-02T07:23:00+00:00
2669,d5dc7189-89df-5fd7-983f-1124b6de3d68,5,daily_login,2026-07-02,2026-07-02T07:23:00+00:00
2670,02bf8d95-eee4-5287-b363-0551cc4a6d51,5,daily_login,2026-07-02,2026-07-02T07:23:00+00:00
2671,35e87bcc-650c-5e3f-9741-3f0c54905b6f,5,daily_login,2026-07-02,2026-07-02T07:23:00+00:00
2672,88a268b0-6bca-5583-b041-ffdbc51be7e6,5,daily_login,2026-07-02,2026-07-02T07:24:00+00:00
2673,ffe47fd1-7989-5728-addd-50b504edd889,5,daily_login,2026-07-02,2026-07-02T07:24:00+00:00
2674,58074159-53d7-5a52-8436-d84a05af35a9,5,daily_login,2026-07-02,2026-07-02T07:24:00+00:00
2675,a2cc3818-be31-5aeb-828c-e23f579431aa,5,daily_login,2026-07-02,2026-07-02T07:25:00+00:00
2676,53f78f7e-e2df-586b-b483-5748c92d0f9f,5,daily_login,2026-07-02,2026-07-02T07:25:00+00:00
2677,1bf86e3f-0e6e-5241-b319-71005237945f,5,daily_login,2026-07-02,2026-07-02T07:25:00+00:00
2678,e502b694-466f-5e1f-9293-146b264ae20c,5,daily_login,2026-07-02,2026-07-02T07:27:00+00:00
2679,2e2e8079-6c9e-51c9-bc7e-1475045fd514,5,daily_login,2026-07-02,2026-07-02T07:27:00+00:00
2680,49a9d8f7-08ea-5972-af3a-0ca0a6c06e59,5,daily_login,2026-07-02,2026-07-02T07:27:00+00:00
2681,f3744506-cae3-5f81-8a4f-506a60395be8,5,daily_login,2026-07-02,2026-07-02T07:28:00+00:00
2682,e7dd6cb0-626e-510a-9e98-0498c534b04d,5,daily_login,2026-07-02,2026-07-02T07:28:00+00:00
2683,f0ca4141-ccff-5472-ba76-f4b194108c7b,5,daily_login,2026-07-02,2026-07-02T07:29:00+00:00
2684,5532dec3-02ae-5ac3-8b57-2e8214a8598b,5,daily_login,2026-07-02,2026-07-02T07:29:00+00:00
2685,96373821-4bf4-53b8-bd24-bb64bbb3b84e,5,daily_login,2026-07-02,2026-07-02T07:30:00+00:00
2686,54561bf4-fe37-5b37-934d-9c7f81542f8b,5,daily_login,2026-07-02,2026-07-02T07:30:00+00:00
2687,da462241-608b-5422-bdbd-0d98184a433d,5,daily_login,2026-07-02,2026-07-02T07:30:00+00:00
2688,1062abbb-4fcd-51a9-95fc-5474e4af7640,5,daily_login,2026-07-02,2026-07-02T07:32:00+00:00
2689,473b12ab-4d0d-5b7f-89b2-c0a1e2405c60,5,daily_login,2026-07-02,2026-07-02T07:32:00+00:00
2690,84047d01-74e6-5a08-a20e-b5c25e3eff3e,5,daily_login,2026-07-02,2026-07-02T07:33:00+00:00
2691,88820056-e901-59a1-b2ca-c4e813b34f7b,5,daily_login,2026-07-02,2026-07-02T07:33:00+00:00
2692,e747fee0-a84b-5f51-98a3-7481903c9023,5,daily_login,2026-07-02,2026-07-02T07:34:00+00:00
2693,a0a53b38-722a-56e6-a52c-fe0e06169a59,5,daily_login,2026-07-02,2026-07-02T07:34:00+00:00
2694,6720265f-9f2b-5485-bf24-54e1784991b6,5,daily_login,2026-07-02,2026-07-02T07:34:00+00:00
2695,01c00e49-c4d6-5d4b-bbc1-8aa3fe21ba2a,5,daily_login,2026-07-02,2026-07-02T07:34:00+00:00
2696,5d857806-7d61-533b-bc12-af2d7b775d29,5,daily_login,2026-07-02,2026-07-02T07:35:00+00:00
2697,7e6a1243-34f5-52e6-862f-e5f3b2ebe640,5,daily_login,2026-07-02,2026-07-02T07:36:00+00:00
2698,ec6d706d-7dba-534b-8700-e6752dbd06e1,5,daily_login,2026-07-02,2026-07-02T07:38:00+00:00
2699,bdc5faf6-386d-5338-99a0-32d156bcbd68,5,daily_login,2026-07-02,2026-07-02T07:38:00+00:00
2700,783491ec-2857-52e8-a102-766d7abba6d2,5,daily_login,2026-07-02,2026-07-02T07:38:00+00:00
2701,302b84f9-9053-5cf7-bed0-305678227875,5,daily_login,2026-07-02,2026-07-02T07:39:00+00:00
2702,508d03e7-de84-523a-8242-f48abc9451d7,5,daily_login,2026-07-02,2026-07-02T07:39:00+00:00
2703,c6286e16-5e03-594c-aa67-861b8ba91b33,5,daily_login,2026-07-02,2026-07-02T07:39:00+00:00
2704,fb400c3e-ecd0-522e-8b8e-1323946be71a,5,daily_login,2026-07-02,2026-07-02T07:40:00+00:00
2705,96ccee9a-30f2-56cd-b597-a927c84e0f75,5,daily_login,2026-07-02,2026-07-02T07:41:00+00:00
2706,f223e569-d735-5980-b77b-25d459e64a37,5,daily_login,2026-07-02,2026-07-02T07:42:00+00:00
2707,33d87513-60c2-51ff-9ec5-f0f1389ed27e,5,daily_login,2026-07-02,2026-07-02T07:42:00+00:00
2708,e137404e-9196-525c-b17a-44dc96d29f29,5,daily_login,2026-07-02,2026-07-02T07:44:00+00:00
2709,6ab0c42d-0ad5-5b3d-9c6c-4ab9eaa47586,5,daily_login,2026-07-02,2026-07-02T07:45:00+00:00
2710,ae7ac442-d880-5cd8-bc30-8d21c5f7dc54,5,daily_login,2026-07-02,2026-07-02T07:45:00+00:00
2711,d2a70bca-a25c-522f-9b7e-c967b69503cc,5,daily_login,2026-07-02,2026-07-02T07:45:00+00:00
2712,88a268b0-6bca-5583-b041-ffdbc51be7e6,40,project_join,project_join:166,2026-07-02T09:30:00+00:00
2713,90cced0e-f2c7-528c-bd28-38c44ead6c98,40,project_join,project_join:172,2026-07-02T09:30:00+00:00
2714,fb400c3e-ecd0-522e-8b8e-1323946be71a,40,project_join,project_join:172,2026-07-02T13:30:00+00:00
2715,fb400c3e-ecd0-522e-8b8e-1323946be71a,100,first_project,badge,2026-07-02T13:30:00+00:00
2716,1767869f-381f-59b9-acac-01da2d539e40,75,project_create,project:159,2026-07-02T19:30:00+00:00
2717,1767869f-381f-59b9-acac-01da2d539e40,100,first_project,badge,2026-07-02T19:30:00+00:00
2718,88820056-e901-59a1-b2ca-c4e813b34f7b,40,project_join,project_join:159,2026-07-02T23:30:00+00:00
2719,88820056-e901-59a1-b2ca-c4e813b34f7b,100,first_project,badge,2026-07-02T23:30:00+00:00
2720,f0f4eb8c-a1ed-50a1-bc7d-2863700a31a5,15,task_complete,task:179,2026-07-03T02:30:00+00:00
2721,f0f4eb8c-a1ed-50a1-bc7d-2863700a31a5,100,first_task,badge,2026-07-03T02:30:00+00:00
2722,f0f4eb8c-a1ed-50a1-bc7d-2863700a31a5,60,milestone_complete,milestone:133,2026-07-03T02:30:00+00:00
2723,f0f4eb8c-a1ed-50a1-bc7d-2863700a31a5,150,first_milestone,badge,2026-07-03T02:30:00+00:00
2724,77c684c4-9514-5edc-85ff-1052c8544c14,150,first_milestone,badge,2026-07-03T02:30:00+00:00
2725,cb162f3d-006f-544e-bfa6-f9abb8a52026,150,first_milestone,badge,2026-07-03T02:30:00+00:00
2726,3425797b-5c54-5f3a-9a34-9cedb0dc5b84,150,first_milestone,badge,2026-07-03T02:30:00+00:00
2727,90cced0e-f2c7-528c-bd28-38c44ead6c98,150,first_milestone,badge,2026-07-03T02:30:00+00:00
2728,b7f1d97d-9f3c-5885-b9ef-48d67a16a686,40,project_join,project_join:159,2026-07-03T03:30:00+00:00
2729,b7f1d97d-9f3c-5885-b9ef-48d67a16a686,100,first_project,badge,2026-07-03T03:30:00+00:00
2730,1bc15434-bc22-56cc-a890-336efd2a11e5,15,task_complete,task:404,2026-07-03T03:30:00+00:00
2731,1bc15434-bc22-56cc-a890-336efd2a11e5,100,first_task,badge,2026-07-03T03:30:00+00:00
2732,1bc15434-bc22-56cc-a890-336efd2a11e5,60,milestone_complete,milestone:219,2026-07-03T03:30:00+00:00
2733,1bc15434-bc22-56cc-a890-336efd2a11e5,150,first_milestone,badge,2026-07-03T03:30:00+00:00
2734,96ccee9a-30f2-56cd-b597-a927c84e0f75,150,first_milestone,badge,2026-07-03T03:30:00+00:00
2735,f4793612-bd5c-52c4-b29e-226fe28a77ca,150,first_milestone,badge,2026-07-03T03:30:00+00:00
2736,d48cab4b-e48b-59ae-88d6-41d5d463569d,150,first_milestone,badge,2026-07-03T03:30:00+00:00
2737,610e9654-06d6-5e55-959b-377b8749b8f9,5,daily_login,2026-07-03,2026-07-03T07:10:00+00:00
2738,518ae987-15f7-5b22-8bcc-df59623dbdce,5,daily_login,2026-07-03,2026-07-03T07:10:00+00:00
2739,4c2177ab-592a-5e4a-b25b-8bb3f8090555,5,daily_login,2026-07-03,2026-07-03T07:11:00+00:00
2740,0da68170-ff38-5dad-9224-770d261f1c8a,5,daily_login,2026-07-03,2026-07-03T07:11:00+00:00
2741,8ae0340a-8eaf-5e9d-9db0-ac449334023d,5,daily_login,2026-07-03,2026-07-03T07:12:00+00:00
2742,3d016498-e16a-5ad9-95c7-b633dfc6a142,5,daily_login,2026-07-03,2026-07-03T07:13:00+00:00
2743,f4793612-bd5c-52c4-b29e-226fe28a77ca,5,daily_login,2026-07-03,2026-07-03T07:13:00+00:00
2744,ea7edc0e-b64d-545f-b311-b4ee943f2935,5,daily_login,2026-07-03,2026-07-03T07:14:00+00:00
2745,90cced0e-f2c7-528c-bd28-38c44ead6c98,5,daily_login,2026-07-03,2026-07-03T07:15:00+00:00
2746,096499d2-73d6-5063-9dd4-a7c1aebac61d,5,daily_login,2026-07-03,2026-07-03T07:17:00+00:00
2747,52ab3a8f-ec5c-5e66-bcd5-efc304512118,5,daily_login,2026-07-03,2026-07-03T07:18:00+00:00
2748,96dbbdad-601e-5bc2-9d1a-78f9f6349a39,5,daily_login,2026-07-03,2026-07-03T07:18:00+00:00
2749,96dbbdad-601e-5bc2-9d1a-78f9f6349a39,5,streak_week_bonus,2026-07-03,2026-07-03T07:18:00+00:00
2750,64609795-d498-5ea7-ad33-a3bcecf9d962,5,daily_login,2026-07-03,2026-07-03T07:18:00+00:00
2751,d3175e63-6121-5d55-b429-df91670d9aca,5,daily_login,2026-07-03,2026-07-03T07:18:00+00:00
2752,9d1c460b-bd0b-57ff-ac14-f2b10f73edd3,5,daily_login,2026-07-03,2026-07-03T07:19:00+00:00
2753,9047d24d-0775-5f10-bf17-6e8fc62c5884,5,daily_login,2026-07-03,2026-07-03T07:20:00+00:00
2754,9c9c228f-3bd5-5da4-b666-fbfab93b4b7e,5,daily_login,2026-07-03,2026-07-03T07:21:00+00:00
2755,85df6dcd-e42a-581f-802b-eb93568b74eb,5,daily_login,2026-07-03,2026-07-03T07:21:00+00:00
2756,4966bb54-4d4f-5992-8586-1bd44991d17f,5,daily_login,2026-07-03,2026-07-03T07:22:00+00:00
2757,484e243b-afd7-5767-bb0f-4262c0334aea,5,daily_login,2026-07-03,2026-07-03T07:22:00+00:00
2758,d16e3cdc-2868-563d-867d-62fa9b8b24ea,5,daily_login,2026-07-03,2026-07-03T07:22:00+00:00
2759,4c310820-12d3-5128-9a45-973db446b59e,5,daily_login,2026-07-03,2026-07-03T07:23:00+00:00
2760,651ce25b-8132-52d9-8f74-889f22c3bb5c,5,daily_login,2026-07-03,2026-07-03T07:24:00+00:00
2761,ffe47fd1-7989-5728-addd-50b504edd889,5,daily_login,2026-07-03,2026-07-03T07:24:00+00:00
2762,61347d09-09eb-5f04-a4ec-fe830319799f,5,daily_login,2026-07-03,2026-07-03T07:24:00+00:00
2763,a2cc3818-be31-5aeb-828c-e23f579431aa,5,daily_login,2026-07-03,2026-07-03T07:25:00+00:00
2764,53f78f7e-e2df-586b-b483-5748c92d0f9f,5,daily_login,2026-07-03,2026-07-03T07:25:00+00:00
2765,1bf86e3f-0e6e-5241-b319-71005237945f,5,daily_login,2026-07-03,2026-07-03T07:25:00+00:00
2766,baa8ef70-5b01-5a49-84cb-71c353290705,5,daily_login,2026-07-03,2026-07-03T07:26:00+00:00
2767,4307ee18-2e16-50be-abbc-db160bb8e8fd,5,daily_login,2026-07-03,2026-07-03T07:26:00+00:00
2768,e502b694-466f-5e1f-9293-146b264ae20c,5,daily_login,2026-07-03,2026-07-03T07:27:00+00:00
2769,d0c58825-6ead-50f6-9a07-f2f95dbb51ea,5,daily_login,2026-07-03,2026-07-03T07:27:00+00:00
2770,2e2e8079-6c9e-51c9-bc7e-1475045fd514,5,daily_login,2026-07-03,2026-07-03T07:27:00+00:00
2771,84da666c-c47c-572e-b2c9-3b6f35881596,5,daily_login,2026-07-03,2026-07-03T07:28:00+00:00
2772,e7dd6cb0-626e-510a-9e98-0498c534b04d,5,daily_login,2026-07-03,2026-07-03T07:28:00+00:00
2773,f0ca4141-ccff-5472-ba76-f4b194108c7b,5,daily_login,2026-07-03,2026-07-03T07:29:00+00:00
2774,5532dec3-02ae-5ac3-8b57-2e8214a8598b,5,daily_login,2026-07-03,2026-07-03T07:29:00+00:00
2775,54561bf4-fe37-5b37-934d-9c7f81542f8b,5,daily_login,2026-07-03,2026-07-03T07:30:00+00:00
2776,61347d09-09eb-5f04-a4ec-fe830319799f,40,project_join,project_join:159,2026-07-03T07:30:00+00:00
2777,61347d09-09eb-5f04-a4ec-fe830319799f,100,first_project,badge,2026-07-03T07:30:00+00:00
2778,f8f213c7-3d61-567e-9735-5e3e9498b892,5,daily_login,2026-07-03,2026-07-03T07:31:00+00:00
2779,82a5c89c-0b3a-58b9-9259-837a5348a5c2,5,daily_login,2026-07-03,2026-07-03T07:31:00+00:00
2780,1062abbb-4fcd-51a9-95fc-5474e4af7640,5,daily_login,2026-07-03,2026-07-03T07:32:00+00:00
2781,44f09dba-7a20-5f46-840b-4670e6c7eb92,5,daily_login,2026-07-03,2026-07-03T07:33:00+00:00
2782,88820056-e901-59a1-b2ca-c4e813b34f7b,5,daily_login,2026-07-03,2026-07-03T07:33:00+00:00
2783,67357d35-e727-50a5-9114-d5f2da172374,5,daily_login,2026-07-03,2026-07-03T07:33:00+00:00
2784,9a026691-28ff-5880-9da3-006735af19d3,5,daily_login,2026-07-03,2026-07-03T07:35:00+00:00
2785,fbdfefdb-ca2d-5a0e-87ed-62021c1c11d4,5,daily_login,2026-07-03,2026-07-03T07:35:00+00:00
2786,7e6a1243-34f5-52e6-862f-e5f3b2ebe640,5,daily_login,2026-07-03,2026-07-03T07:36:00+00:00
2787,5421f79d-ed60-5eed-852b-01b379adab9e,5,daily_login,2026-07-03,2026-07-03T07:36:00+00:00
2788,6988340a-a3c1-5fda-a996-711f1723c649,5,daily_login,2026-07-03,2026-07-03T07:37:00+00:00
2789,eb397f92-99ac-5f0f-8f81-3540865f0477,5,daily_login,2026-07-03,2026-07-03T07:38:00+00:00
2790,ec6d706d-7dba-534b-8700-e6752dbd06e1,5,daily_login,2026-07-03,2026-07-03T07:38:00+00:00
2791,302b84f9-9053-5cf7-bed0-305678227875,5,daily_login,2026-07-03,2026-07-03T07:39:00+00:00
2792,25797954-b022-582e-8349-e1e2c141368c,5,daily_login,2026-07-03,2026-07-03T07:39:00+00:00
2793,bb4b0d34-59a4-5948-a9be-a1aa6caece55,5,daily_login,2026-07-03,2026-07-03T07:40:00+00:00
2794,d767d4bb-a2aa-587a-90f9-23d0689ae52a,5,daily_login,2026-07-03,2026-07-03T07:40:00+00:00
2795,96ccee9a-30f2-56cd-b597-a927c84e0f75,5,daily_login,2026-07-03,2026-07-03T07:41:00+00:00
2796,e5b7ccce-2cb7-5b6e-95a5-32ffacbca87f,5,daily_login,2026-07-03,2026-07-03T07:42:00+00:00
2797,33d87513-60c2-51ff-9ec5-f0f1389ed27e,5,daily_login,2026-07-03,2026-07-03T07:42:00+00:00
2798,dfe9e449-d177-56af-a679-d3e1c78c5c02,5,daily_login,2026-07-03,2026-07-03T07:43:00+00:00
2799,36016ab9-3cc9-5f6a-8bc7-1d138ad9cb43,5,daily_login,2026-07-03,2026-07-03T07:44:00+00:00
2800,e137404e-9196-525c-b17a-44dc96d29f29,5,daily_login,2026-07-03,2026-07-03T07:44:00+00:00
2801,6ac5a7a4-ae0d-5e31-8a7c-d85b63a96c46,5,daily_login,2026-07-03,2026-07-03T07:45:00+00:00
2802,bf54d417-d834-5d3e-a7f9-106377fe05a5,5,daily_login,2026-07-03,2026-07-03T07:46:00+00:00
2803,b39a9d3d-f3eb-5d31-9cc7-15e278969b70,5,daily_login,2026-07-03,2026-07-03T07:46:00+00:00
2804,4ec67eb8-4fda-5cbc-bbd1-a6afc7ce8130,40,project_join,project_join:159,2026-07-03T11:30:00+00:00
2805,19e81afb-74c1-5b4a-9af3-469f3b610235,75,project_create,project:121,2026-07-03T19:30:00+00:00
2806,19e81afb-74c1-5b4a-9af3-469f3b610235,100,first_project,badge,2026-07-03T19:30:00+00:00
2807,20b63262-d3e6-555a-95b2-84fc87694a19,75,project_create,project:128,2026-07-03T22:30:00+00:00
2808,20b63262-d3e6-555a-95b2-84fc87694a19,100,first_project,badge,2026-07-03T22:30:00+00:00
2809,d5dc7189-89df-5fd7-983f-1124b6de3d68,40,project_join,project_join:128,2026-07-04T02:30:00+00:00
2810,d5dc7189-89df-5fd7-983f-1124b6de3d68,100,first_project,badge,2026-07-04T02:30:00+00:00
2811,77c684c4-9514-5edc-85ff-1052c8544c14,15,task_complete,task:180,2026-07-04T03:30:00+00:00
2812,77c684c4-9514-5edc-85ff-1052c8544c14,100,first_task,badge,2026-07-04T03:30:00+00:00
2813,77c684c4-9514-5edc-85ff-1052c8544c14,200,level_5,badge,2026-07-04T03:30:00+00:00
2814,96ccee9a-30f2-56cd-b597-a927c84e0f75,15,task_complete,task:405,2026-07-04T04:30:00+00:00
2815,96ccee9a-30f2-56cd-b597-a927c84e0f75,100,first_task,badge,2026-07-04T04:30:00+00:00
2816,d9fbcbde-376a-5f82-9fb5-268a24b02d57,5,daily_login,2026-07-04,2026-07-04T07:10:00+00:00
2817,610e9654-06d6-5e55-959b-377b8749b8f9,5,daily_login,2026-07-04,2026-07-04T07:10:00+00:00
2818,f0f4eb8c-a1ed-50a1-bc7d-2863700a31a5,5,daily_login,2026-07-04,2026-07-04T07:11:00+00:00
2819,7ef6d8e7-132e-5da5-a653-16dd2e5719c4,5,daily_login,2026-07-04,2026-07-04T07:13:00+00:00
2820,f4793612-bd5c-52c4-b29e-226fe28a77ca,5,daily_login,2026-07-04,2026-07-04T07:13:00+00:00
2821,6ecf180b-be59-594c-a33b-31bd0120f01f,5,daily_login,2026-07-04,2026-07-04T07:15:00+00:00
2822,693ebb02-ab3f-5d60-b798-d4d4df4900d2,5,daily_login,2026-07-04,2026-07-04T07:16:00+00:00
2823,96dbbdad-601e-5bc2-9d1a-78f9f6349a39,5,daily_login,2026-07-04,2026-07-04T07:18:00+00:00
2824,64609795-d498-5ea7-ad33-a3bcecf9d962,5,daily_login,2026-07-04,2026-07-04T07:18:00+00:00
2825,5a4b137d-2ebb-5c75-8cdd-bf77406b4b9f,5,daily_login,2026-07-04,2026-07-04T07:19:00+00:00
2826,9d1c460b-bd0b-57ff-ac14-f2b10f73edd3,5,daily_login,2026-07-04,2026-07-04T07:19:00+00:00
2827,9047d24d-0775-5f10-bf17-6e8fc62c5884,5,daily_login,2026-07-04,2026-07-04T07:20:00+00:00
2828,9c9c228f-3bd5-5da4-b666-fbfab93b4b7e,5,daily_login,2026-07-04,2026-07-04T07:21:00+00:00
2829,4845dc43-0c9d-5f09-aa4a-62e68abb5d12,5,daily_login,2026-07-04,2026-07-04T07:21:00+00:00
2830,7bdf8ad6-1318-5f74-9112-e2b655e215a2,5,daily_login,2026-07-04,2026-07-04T07:21:00+00:00
2831,1b1e4344-fde4-5cc2-b82c-4fb458696522,5,daily_login,2026-07-04,2026-07-04T07:21:00+00:00
2832,4ec67eb8-4fda-5cbc-bbd1-a6afc7ce8130,5,daily_login,2026-07-04,2026-07-04T07:21:00+00:00
2833,368442e7-2dfe-5df4-9ab7-a468b984050a,5,daily_login,2026-07-04,2026-07-04T07:22:00+00:00
2834,44a33563-638c-52da-ae01-285f43dfcb99,5,daily_login,2026-07-04,2026-07-04T07:22:00+00:00
2835,d16e3cdc-2868-563d-867d-62fa9b8b24ea,5,daily_login,2026-07-04,2026-07-04T07:22:00+00:00
2836,4c310820-12d3-5128-9a45-973db446b59e,5,daily_login,2026-07-04,2026-07-04T07:23:00+00:00
2837,4c310820-12d3-5128-9a45-973db446b59e,5,streak_week_bonus,2026-07-04,2026-07-04T07:23:00+00:00
2838,d5dc7189-89df-5fd7-983f-1124b6de3d68,5,daily_login,2026-07-04,2026-07-04T07:23:00+00:00
2839,02bf8d95-eee4-5287-b363-0551cc4a6d51,5,daily_login,2026-07-04,2026-07-04T07:23:00+00:00
2840,88a268b0-6bca-5583-b041-ffdbc51be7e6,5,daily_login,2026-07-04,2026-07-04T07:24:00+00:00
2841,ffe47fd1-7989-5728-addd-50b504edd889,5,daily_login,2026-07-04,2026-07-04T07:24:00+00:00
2842,a2cc3818-be31-5aeb-828c-e23f579431aa,5,daily_login,2026-07-04,2026-07-04T07:25:00+00:00
2843,e502b694-466f-5e1f-9293-146b264ae20c,5,daily_login,2026-07-04,2026-07-04T07:27:00+00:00
2844,2e2e8079-6c9e-51c9-bc7e-1475045fd514,5,daily_login,2026-07-04,2026-07-04T07:27:00+00:00
2845,f3744506-cae3-5f81-8a4f-506a60395be8,5,daily_login,2026-07-04,2026-07-04T07:28:00+00:00
2846,774fd1d7-ca6b-5177-9d91-fc7b24739425,5,daily_login,2026-07-04,2026-07-04T07:30:00+00:00
2847,54561bf4-fe37-5b37-934d-9c7f81542f8b,5,daily_login,2026-07-04,2026-07-04T07:30:00+00:00
2848,da462241-608b-5422-bdbd-0d98184a433d,5,daily_login,2026-07-04,2026-07-04T07:30:00+00:00
2849,0947c4b9-50d6-50e2-9043-84a15b80e8c7,5,daily_login,2026-07-04,2026-07-04T07:30:00+00:00
2850,45cee65b-db52-5dff-b09d-0ee1ac2be20f,5,daily_login,2026-07-04,2026-07-04T07:31:00+00:00
2851,82a5c89c-0b3a-58b9-9259-837a5348a5c2,5,daily_login,2026-07-04,2026-07-04T07:31:00+00:00
2852,ee289908-380a-5bb3-8fdc-0990b203929b,5,daily_login,2026-07-04,2026-07-04T07:32:00+00:00
2853,84047d01-74e6-5a08-a20e-b5c25e3eff3e,5,daily_login,2026-07-04,2026-07-04T07:33:00+00:00
2854,67357d35-e727-50a5-9114-d5f2da172374,5,daily_login,2026-07-04,2026-07-04T07:33:00+00:00
2855,bc38029f-d1c5-5b8f-8055-d446a522cb91,5,daily_login,2026-07-04,2026-07-04T07:34:00+00:00
2856,e747fee0-a84b-5f51-98a3-7481903c9023,5,daily_login,2026-07-04,2026-07-04T07:34:00+00:00
2857,01c00e49-c4d6-5d4b-bbc1-8aa3fe21ba2a,5,daily_login,2026-07-04,2026-07-04T07:34:00+00:00
2858,9a026691-28ff-5880-9da3-006735af19d3,5,daily_login,2026-07-04,2026-07-04T07:35:00+00:00
2859,7e6a1243-34f5-52e6-862f-e5f3b2ebe640,5,daily_login,2026-07-04,2026-07-04T07:36:00+00:00
2860,8fa5b823-1a70-59f7-9bb2-b3d5f36dc82b,5,daily_login,2026-07-04,2026-07-04T07:36:00+00:00
2861,6988340a-a3c1-5fda-a996-711f1723c649,5,daily_login,2026-07-04,2026-07-04T07:37:00+00:00
2862,eb397f92-99ac-5f0f-8f81-3540865f0477,5,daily_login,2026-07-04,2026-07-04T07:38:00+00:00
2863,0bd9c807-50b6-567b-befe-96c80ed2fc9d,5,daily_login,2026-07-04,2026-07-04T07:38:00+00:00
2864,783491ec-2857-52e8-a102-766d7abba6d2,5,daily_login,2026-07-04,2026-07-04T07:38:00+00:00
2865,302b84f9-9053-5cf7-bed0-305678227875,5,daily_login,2026-07-04,2026-07-04T07:39:00+00:00
2866,eeeb9e89-042f-5fdc-8fcf-2c3ad56f9bf1,5,daily_login,2026-07-04,2026-07-04T07:39:00+00:00
2867,508d03e7-de84-523a-8242-f48abc9451d7,5,daily_login,2026-07-04,2026-07-04T07:39:00+00:00
2868,c6286e16-5e03-594c-aa67-861b8ba91b33,5,daily_login,2026-07-04,2026-07-04T07:39:00+00:00
2869,d767d4bb-a2aa-587a-90f9-23d0689ae52a,5,daily_login,2026-07-04,2026-07-04T07:40:00+00:00
2870,51420309-4688-52d6-84b9-51c0dc3a900e,5,daily_login,2026-07-04,2026-07-04T07:40:00+00:00
2871,fb400c3e-ecd0-522e-8b8e-1323946be71a,5,daily_login,2026-07-04,2026-07-04T07:40:00+00:00
2872,96ccee9a-30f2-56cd-b597-a927c84e0f75,5,daily_login,2026-07-04,2026-07-04T07:41:00+00:00
2873,77c684c4-9514-5edc-85ff-1052c8544c14,5,daily_login,2026-07-04,2026-07-04T07:42:00+00:00
2874,b5be680a-732e-55e0-bc5d-b80e831ff33a,5,daily_login,2026-07-04,2026-07-04T07:42:00+00:00
2875,a070c6d0-c23b-5036-b352-f16db0d6ec8e,5,daily_login,2026-07-04,2026-07-04T07:43:00+00:00
2876,e137404e-9196-525c-b17a-44dc96d29f29,5,daily_login,2026-07-04,2026-07-04T07:44:00+00:00
2877,e137404e-9196-525c-b17a-44dc96d29f29,5,streak_week_bonus,2026-07-04,2026-07-04T07:44:00+00:00
2878,6ab0c42d-0ad5-5b3d-9c6c-4ab9eaa47586,5,daily_login,2026-07-04,2026-07-04T07:45:00+00:00
2879,d2a70bca-a25c-522f-9b7e-c967b69503cc,5,daily_login,2026-07-04,2026-07-04T07:45:00+00:00
2880,3bc3e38a-5ff7-5330-ab2d-8add18e85d57,5,daily_login,2026-07-04,2026-07-04T07:45:00+00:00
2881,6ac5a7a4-ae0d-5e31-8a7c-d85b63a96c46,5,daily_login,2026-07-04,2026-07-04T07:45:00+00:00
2882,5ccdaadc-80b2-50e1-a0c1-bad0246a7cf2,5,daily_login,2026-07-04,2026-07-04T07:46:00+00:00
2883,f22a7317-9c2b-5d13-99b9-1a1622094bb3,75,project_create,project:157,2026-07-04T14:30:00+00:00
2884,f22a7317-9c2b-5d13-99b9-1a1622094bb3,100,first_project,badge,2026-07-04T14:30:00+00:00
2885,cd8c4c60-ab9b-5cf3-996e-d4fbb990f4c6,40,project_join,project_join:157,2026-07-04T18:30:00+00:00
2886,cd8c4c60-ab9b-5cf3-996e-d4fbb990f4c6,100,first_project,badge,2026-07-04T18:30:00+00:00
2887,d9fbcbde-376a-5f82-9fb5-268a24b02d57,75,project_create,project:112,2026-07-05T02:30:00+00:00
2888,d9fbcbde-376a-5f82-9fb5-268a24b02d57,100,first_project,badge,2026-07-05T02:30:00+00:00
2889,cb162f3d-006f-544e-bfa6-f9abb8a52026,15,task_complete,task:181,2026-07-05T04:30:00+00:00
2890,cb162f3d-006f-544e-bfa6-f9abb8a52026,100,first_task,badge,2026-07-05T04:30:00+00:00
2891,2e2e8079-6c9e-51c9-bc7e-1475045fd514,15,task_complete,task:530,2026-07-05T04:30:00+00:00
2892,2e2e8079-6c9e-51c9-bc7e-1475045fd514,100,first_task,badge,2026-07-05T04:30:00+00:00
2893,2e2e8079-6c9e-51c9-bc7e-1475045fd514,60,milestone_complete,milestone:263,2026-07-05T04:30:00+00:00
2894,2e2e8079-6c9e-51c9-bc7e-1475045fd514,150,first_milestone,badge,2026-07-05T04:30:00+00:00
2895,5ccdaadc-80b2-50e1-a0c1-bad0246a7cf2,150,first_milestone,badge,2026-07-05T04:30:00+00:00
2896,001e944b-e64e-5742-afb7-5e04327e41ee,150,first_milestone,badge,2026-07-05T04:30:00+00:00
2897,35e87bcc-650c-5e3f-9741-3f0c54905b6f,150,first_milestone,badge,2026-07-05T04:30:00+00:00
2898,f4793612-bd5c-52c4-b29e-226fe28a77ca,15,task_complete,task:406,2026-07-05T05:30:00+00:00
2899,f4793612-bd5c-52c4-b29e-226fe28a77ca,100,first_task,badge,2026-07-05T05:30:00+00:00
2900,693ebb02-ab3f-5d60-b798-d4d4df4900d2,40,project_join,project_join:112,2026-07-05T06:30:00+00:00
2901,693ebb02-ab3f-5d60-b798-d4d4df4900d2,100,first_project,badge,2026-07-05T06:30:00+00:00
2902,f2561442-8439-5138-9a3b-8bcf96f16609,5,daily_login,2026-07-05,2026-07-05T07:10:00+00:00
2903,610e9654-06d6-5e55-959b-377b8749b8f9,5,daily_login,2026-07-05,2026-07-05T07:10:00+00:00
2904,f0f4eb8c-a1ed-50a1-bc7d-2863700a31a5,5,daily_login,2026-07-05,2026-07-05T07:11:00+00:00
2905,37b7aed3-d207-54f7-b4ec-0e05c50eaeb2,5,daily_login,2026-07-05,2026-07-05T07:11:00+00:00
2906,0da68170-ff38-5dad-9224-770d261f1c8a,5,daily_login,2026-07-05,2026-07-05T07:11:00+00:00
2907,6cf4bb40-4d81-5eb3-b9d9-5841cd55724e,5,daily_login,2026-07-05,2026-07-05T07:11:00+00:00
2908,3d016498-e16a-5ad9-95c7-b633dfc6a142,5,daily_login,2026-07-05,2026-07-05T07:13:00+00:00
2909,7ef6d8e7-132e-5da5-a653-16dd2e5719c4,5,daily_login,2026-07-05,2026-07-05T07:13:00+00:00
2910,f4793612-bd5c-52c4-b29e-226fe28a77ca,5,daily_login,2026-07-05,2026-07-05T07:13:00+00:00
2911,ea7edc0e-b64d-545f-b311-b4ee943f2935,5,daily_login,2026-07-05,2026-07-05T07:14:00+00:00
2912,20b63262-d3e6-555a-95b2-84fc87694a19,5,daily_login,2026-07-05,2026-07-05T07:15:00+00:00
2913,50d6350f-ffd4-59ad-a1ff-65a49a77a913,5,daily_login,2026-07-05,2026-07-05T07:16:00+00:00
2914,06657aeb-b604-5b0d-9281-d2e5afb78a9d,5,daily_login,2026-07-05,2026-07-05T07:16:00+00:00
2915,1bc15434-bc22-56cc-a890-336efd2a11e5,5,daily_login,2026-07-05,2026-07-05T07:17:00+00:00
2916,096499d2-73d6-5063-9dd4-a7c1aebac61d,5,daily_login,2026-07-05,2026-07-05T07:17:00+00:00
2917,96dbbdad-601e-5bc2-9d1a-78f9f6349a39,5,daily_login,2026-07-05,2026-07-05T07:18:00+00:00
2918,64609795-d498-5ea7-ad33-a3bcecf9d962,5,daily_login,2026-07-05,2026-07-05T07:18:00+00:00
2919,d3175e63-6121-5d55-b429-df91670d9aca,5,daily_login,2026-07-05,2026-07-05T07:18:00+00:00
2920,5a4b137d-2ebb-5c75-8cdd-bf77406b4b9f,5,daily_login,2026-07-05,2026-07-05T07:19:00+00:00
2921,63fdd1e3-9db3-5b05-9799-510eea6abab7,5,daily_login,2026-07-05,2026-07-05T07:20:00+00:00
2922,9047d24d-0775-5f10-bf17-6e8fc62c5884,5,daily_login,2026-07-05,2026-07-05T07:20:00+00:00
2923,7bdf8ad6-1318-5f74-9112-e2b655e215a2,5,daily_login,2026-07-05,2026-07-05T07:21:00+00:00
2924,85df6dcd-e42a-581f-802b-eb93568b74eb,5,daily_login,2026-07-05,2026-07-05T07:21:00+00:00
2925,d16e3cdc-2868-563d-867d-62fa9b8b24ea,5,daily_login,2026-07-05,2026-07-05T07:22:00+00:00
2926,d16e3cdc-2868-563d-867d-62fa9b8b24ea,5,streak_week_bonus,2026-07-05,2026-07-05T07:22:00+00:00
2927,4c310820-12d3-5128-9a45-973db446b59e,5,daily_login,2026-07-05,2026-07-05T07:23:00+00:00
2928,02bf8d95-eee4-5287-b363-0551cc4a6d51,5,daily_login,2026-07-05,2026-07-05T07:23:00+00:00
2929,35e87bcc-650c-5e3f-9741-3f0c54905b6f,5,daily_login,2026-07-05,2026-07-05T07:23:00+00:00
2930,ffe47fd1-7989-5728-addd-50b504edd889,5,daily_login,2026-07-05,2026-07-05T07:24:00+00:00
2931,58074159-53d7-5a52-8436-d84a05af35a9,5,daily_login,2026-07-05,2026-07-05T07:24:00+00:00
2932,a2cc3818-be31-5aeb-828c-e23f579431aa,5,daily_login,2026-07-05,2026-07-05T07:25:00+00:00
2933,53f78f7e-e2df-586b-b483-5748c92d0f9f,5,daily_login,2026-07-05,2026-07-05T07:25:00+00:00
2934,6b9b6012-cdb4-50eb-8ad0-01c36516df23,5,daily_login,2026-07-05,2026-07-05T07:26:00+00:00
2935,baa8ef70-5b01-5a49-84cb-71c353290705,5,daily_login,2026-07-05,2026-07-05T07:26:00+00:00
2936,4307ee18-2e16-50be-abbc-db160bb8e8fd,5,daily_login,2026-07-05,2026-07-05T07:26:00+00:00
2937,e502b694-466f-5e1f-9293-146b264ae20c,5,daily_login,2026-07-05,2026-07-05T07:27:00+00:00
2938,d0c58825-6ead-50f6-9a07-f2f95dbb51ea,5,daily_login,2026-07-05,2026-07-05T07:27:00+00:00
2939,2e2e8079-6c9e-51c9-bc7e-1475045fd514,5,daily_login,2026-07-05,2026-07-05T07:27:00+00:00
2940,49a9d8f7-08ea-5972-af3a-0ca0a6c06e59,5,daily_login,2026-07-05,2026-07-05T07:27:00+00:00
2941,f3744506-cae3-5f81-8a4f-506a60395be8,5,daily_login,2026-07-05,2026-07-05T07:28:00+00:00
2942,673e8617-3280-5bfa-85a6-738a6d64aac6,5,daily_login,2026-07-05,2026-07-05T07:28:00+00:00
2943,f0ca4141-ccff-5472-ba76-f4b194108c7b,5,daily_login,2026-07-05,2026-07-05T07:29:00+00:00
2944,5532dec3-02ae-5ac3-8b57-2e8214a8598b,5,daily_login,2026-07-05,2026-07-05T07:29:00+00:00
2945,da462241-608b-5422-bdbd-0d98184a433d,5,daily_login,2026-07-05,2026-07-05T07:30:00+00:00
2946,82a5c89c-0b3a-58b9-9259-837a5348a5c2,5,daily_login,2026-07-05,2026-07-05T07:31:00+00:00
2947,95927b04-f214-5c26-878d-fb55176e41bc,5,daily_login,2026-07-05,2026-07-05T07:32:00+00:00
2948,1062abbb-4fcd-51a9-95fc-5474e4af7640,5,daily_login,2026-07-05,2026-07-05T07:32:00+00:00
2949,88820056-e901-59a1-b2ca-c4e813b34f7b,5,daily_login,2026-07-05,2026-07-05T07:33:00+00:00
2950,bc38029f-d1c5-5b8f-8055-d446a522cb91,5,daily_login,2026-07-05,2026-07-05T07:34:00+00:00
2951,19e81afb-74c1-5b4a-9af3-469f3b610235,5,daily_login,2026-07-05,2026-07-05T07:34:00+00:00
2952,d48cab4b-e48b-59ae-88d6-41d5d463569d,5,daily_login,2026-07-05,2026-07-05T07:35:00+00:00
2953,fbdfefdb-ca2d-5a0e-87ed-62021c1c11d4,5,daily_login,2026-07-05,2026-07-05T07:35:00+00:00
2954,7e6a1243-34f5-52e6-862f-e5f3b2ebe640,5,daily_login,2026-07-05,2026-07-05T07:36:00+00:00
2955,8ecc0792-3789-53b2-a26e-fc6daa886eb7,5,daily_login,2026-07-05,2026-07-05T07:36:00+00:00
2956,ab45f9eb-3fee-5ea5-bccb-faffc50f3e76,5,daily_login,2026-07-05,2026-07-05T07:37:00+00:00
2957,5ce94e6e-a987-5fd1-90b2-94a1174f9376,5,daily_login,2026-07-05,2026-07-05T07:37:00+00:00
2958,eb397f92-99ac-5f0f-8f81-3540865f0477,5,daily_login,2026-07-05,2026-07-05T07:38:00+00:00
2959,508d03e7-de84-523a-8242-f48abc9451d7,5,daily_login,2026-07-05,2026-07-05T07:39:00+00:00
2960,c6286e16-5e03-594c-aa67-861b8ba91b33,5,daily_login,2026-07-05,2026-07-05T07:39:00+00:00
2961,bb4b0d34-59a4-5948-a9be-a1aa6caece55,5,daily_login,2026-07-05,2026-07-05T07:40:00+00:00
2962,d767d4bb-a2aa-587a-90f9-23d0689ae52a,5,daily_login,2026-07-05,2026-07-05T07:40:00+00:00
2963,51420309-4688-52d6-84b9-51c0dc3a900e,5,daily_login,2026-07-05,2026-07-05T07:40:00+00:00
2964,96ccee9a-30f2-56cd-b597-a927c84e0f75,5,daily_login,2026-07-05,2026-07-05T07:41:00+00:00
2965,373cd20e-25d5-5a46-a0ae-18157cf68a55,5,daily_login,2026-07-05,2026-07-05T07:41:00+00:00
2966,e5b7ccce-2cb7-5b6e-95a5-32ffacbca87f,5,daily_login,2026-07-05,2026-07-05T07:42:00+00:00
2967,33d87513-60c2-51ff-9ec5-f0f1389ed27e,5,daily_login,2026-07-05,2026-07-05T07:42:00+00:00
2968,dfe9e449-d177-56af-a679-d3e1c78c5c02,5,daily_login,2026-07-05,2026-07-05T07:43:00+00:00
2969,3b932376-f549-5a1c-a24b-664b4bc338e3,5,daily_login,2026-07-05,2026-07-05T07:43:00+00:00
2970,36016ab9-3cc9-5f6a-8bc7-1d138ad9cb43,5,daily_login,2026-07-05,2026-07-05T07:44:00+00:00
2971,e137404e-9196-525c-b17a-44dc96d29f29,5,daily_login,2026-07-05,2026-07-05T07:44:00+00:00
2972,6ab0c42d-0ad5-5b3d-9c6c-4ab9eaa47586,5,daily_login,2026-07-05,2026-07-05T07:45:00+00:00
2973,ae7ac442-d880-5cd8-bc30-8d21c5f7dc54,5,daily_login,2026-07-05,2026-07-05T07:45:00+00:00
2974,d2a70bca-a25c-522f-9b7e-c967b69503cc,5,daily_login,2026-07-05,2026-07-05T07:45:00+00:00
2975,6ac5a7a4-ae0d-5e31-8a7c-d85b63a96c46,5,daily_login,2026-07-05,2026-07-05T07:45:00+00:00
2976,cac67f41-f5af-5268-9e2d-34feac0dc9fa,5,daily_login,2026-07-05,2026-07-05T07:46:00+00:00
2977,eeeb9e89-042f-5fdc-8fcf-2c3ad56f9bf1,40,project_join,project_join:112,2026-07-05T10:30:00+00:00
2978,90cced0e-f2c7-528c-bd28-38c44ead6c98,40,project_join,project_join:112,2026-07-05T14:30:00+00:00
2979,5ccdaadc-80b2-50e1-a0c1-bad0246a7cf2,15,task_complete,task:531,2026-07-06T05:30:00+00:00
2980,5ccdaadc-80b2-50e1-a0c1-bad0246a7cf2,100,first_task,badge,2026-07-06T05:30:00+00:00
2981,d48cab4b-e48b-59ae-88d6-41d5d463569d,15,task_complete,task:407,2026-07-06T06:30:00+00:00
2982,d48cab4b-e48b-59ae-88d6-41d5d463569d,100,first_task,badge,2026-07-06T06:30:00+00:00
2983,95ff45a0-9b28-55cb-bba6-22a608a4e30d,5,daily_login,2026-07-06,2026-07-06T07:10:00+00:00
2984,af808cd8-ab34-515f-a8a0-a1b0719a537b,5,daily_login,2026-07-06,2026-07-06T07:10:00+00:00
2985,610e9654-06d6-5e55-959b-377b8749b8f9,5,daily_login,2026-07-06,2026-07-06T07:10:00+00:00
2986,4c2177ab-592a-5e4a-b25b-8bb3f8090555,5,daily_login,2026-07-06,2026-07-06T07:11:00+00:00
2987,f0f4eb8c-a1ed-50a1-bc7d-2863700a31a5,5,daily_login,2026-07-06,2026-07-06T07:11:00+00:00
2988,37b7aed3-d207-54f7-b4ec-0e05c50eaeb2,5,daily_login,2026-07-06,2026-07-06T07:11:00+00:00
2989,6cf4bb40-4d81-5eb3-b9d9-5841cd55724e,5,daily_login,2026-07-06,2026-07-06T07:11:00+00:00
2990,b7180518-4b5b-54ef-9060-958212d05ab7,5,daily_login,2026-07-06,2026-07-06T07:11:00+00:00
2991,001e944b-e64e-5742-afb7-5e04327e41ee,5,daily_login,2026-07-06,2026-07-06T07:14:00+00:00
2992,3d5b480d-3962-5c76-96ca-5459d65372aa,5,daily_login,2026-07-06,2026-07-06T07:14:00+00:00
2993,20b63262-d3e6-555a-95b2-84fc87694a19,5,daily_login,2026-07-06,2026-07-06T07:15:00+00:00
2994,90cced0e-f2c7-528c-bd28-38c44ead6c98,5,daily_login,2026-07-06,2026-07-06T07:15:00+00:00
2995,50d6350f-ffd4-59ad-a1ff-65a49a77a913,5,daily_login,2026-07-06,2026-07-06T07:16:00+00:00
2996,605985c4-d18d-54b0-829f-2a199ea5c81d,5,daily_login,2026-07-06,2026-07-06T07:16:00+00:00
2997,a6b8342c-310b-5b88-9c07-602dbd646488,5,daily_login,2026-07-06,2026-07-06T07:17:00+00:00
2998,52ab3a8f-ec5c-5e66-bcd5-efc304512118,5,daily_login,2026-07-06,2026-07-06T07:18:00+00:00
2999,fd96bbd1-5601-5c99-a1e2-04b09168b35e,5,daily_login,2026-07-06,2026-07-06T07:18:00+00:00
3000,64609795-d498-5ea7-ad33-a3bcecf9d962,5,daily_login,2026-07-06,2026-07-06T07:18:00+00:00
3001,9d1c460b-bd0b-57ff-ac14-f2b10f73edd3,5,daily_login,2026-07-06,2026-07-06T07:19:00+00:00
3002,63fdd1e3-9db3-5b05-9799-510eea6abab7,5,daily_login,2026-07-06,2026-07-06T07:20:00+00:00
3003,9c9c228f-3bd5-5da4-b666-fbfab93b4b7e,5,daily_login,2026-07-06,2026-07-06T07:21:00+00:00
3004,4845dc43-0c9d-5f09-aa4a-62e68abb5d12,5,daily_login,2026-07-06,2026-07-06T07:21:00+00:00
3005,7bdf8ad6-1318-5f74-9112-e2b655e215a2,5,daily_login,2026-07-06,2026-07-06T07:21:00+00:00
3006,1b1e4344-fde4-5cc2-b82c-4fb458696522,5,daily_login,2026-07-06,2026-07-06T07:21:00+00:00
3007,4ec67eb8-4fda-5cbc-bbd1-a6afc7ce8130,5,daily_login,2026-07-06,2026-07-06T07:21:00+00:00
3008,8819cb55-67e6-5a55-98c8-d80446975a9e,5,daily_login,2026-07-06,2026-07-06T07:22:00+00:00
3009,4c310820-12d3-5128-9a45-973db446b59e,5,daily_login,2026-07-06,2026-07-06T07:23:00+00:00
3010,d5dc7189-89df-5fd7-983f-1124b6de3d68,5,daily_login,2026-07-06,2026-07-06T07:23:00+00:00
3011,02bf8d95-eee4-5287-b363-0551cc4a6d51,5,daily_login,2026-07-06,2026-07-06T07:23:00+00:00
3012,ae96d203-7a11-52ed-9e02-cd93c3dda603,5,daily_login,2026-07-06,2026-07-06T07:24:00+00:00
3013,58074159-53d7-5a52-8436-d84a05af35a9,5,daily_login,2026-07-06,2026-07-06T07:24:00+00:00
3014,a992f17b-79b6-5dcf-aed4-2aebaa5775c7,5,daily_login,2026-07-06,2026-07-06T07:25:00+00:00
3015,a2cc3818-be31-5aeb-828c-e23f579431aa,5,daily_login,2026-07-06,2026-07-06T07:25:00+00:00
3016,53f78f7e-e2df-586b-b483-5748c92d0f9f,5,daily_login,2026-07-06,2026-07-06T07:25:00+00:00
3017,1bf86e3f-0e6e-5241-b319-71005237945f,5,daily_login,2026-07-06,2026-07-06T07:25:00+00:00
3018,6b9b6012-cdb4-50eb-8ad0-01c36516df23,5,daily_login,2026-07-06,2026-07-06T07:26:00+00:00
3019,baa8ef70-5b01-5a49-84cb-71c353290705,5,daily_login,2026-07-06,2026-07-06T07:26:00+00:00
3020,a60d0128-bffa-5d2d-9915-36693e6bc3ba,5,daily_login,2026-07-06,2026-07-06T07:26:00+00:00
3021,2e2e8079-6c9e-51c9-bc7e-1475045fd514,5,daily_login,2026-07-06,2026-07-06T07:27:00+00:00
3022,2e2e8079-6c9e-51c9-bc7e-1475045fd514,5,streak_week_bonus,2026-07-06,2026-07-06T07:27:00+00:00
3023,2e2e8079-6c9e-51c9-bc7e-1475045fd514,200,streak_7,badge,2026-07-06T07:27:00+00:00
3024,2e2e8079-6c9e-51c9-bc7e-1475045fd514,200,level_5,badge,2026-07-06T07:27:00+00:00
3025,84da666c-c47c-572e-b2c9-3b6f35881596,5,daily_login,2026-07-06,2026-07-06T07:28:00+00:00
3026,f0ca4141-ccff-5472-ba76-f4b194108c7b,5,daily_login,2026-07-06,2026-07-06T07:29:00+00:00
3027,a53c485b-a35c-51fb-84a5-364207ce0adb,5,daily_login,2026-07-06,2026-07-06T07:29:00+00:00
3028,5532dec3-02ae-5ac3-8b57-2e8214a8598b,5,daily_login,2026-07-06,2026-07-06T07:29:00+00:00
3029,774fd1d7-ca6b-5177-9d91-fc7b24739425,5,daily_login,2026-07-06,2026-07-06T07:30:00+00:00
3030,96373821-4bf4-53b8-bd24-bb64bbb3b84e,5,daily_login,2026-07-06,2026-07-06T07:30:00+00:00
3031,45cee65b-db52-5dff-b09d-0ee1ac2be20f,5,daily_login,2026-07-06,2026-07-06T07:31:00+00:00
3032,95927b04-f214-5c26-878d-fb55176e41bc,5,daily_login,2026-07-06,2026-07-06T07:32:00+00:00
3033,1062abbb-4fcd-51a9-95fc-5474e4af7640,5,daily_login,2026-07-06,2026-07-06T07:32:00+00:00
3034,473b12ab-4d0d-5b7f-89b2-c0a1e2405c60,5,daily_login,2026-07-06,2026-07-06T07:32:00+00:00
3035,44f09dba-7a20-5f46-840b-4670e6c7eb92,5,daily_login,2026-07-06,2026-07-06T07:33:00+00:00
3036,88820056-e901-59a1-b2ca-c4e813b34f7b,5,daily_login,2026-07-06,2026-07-06T07:33:00+00:00
3037,01c00e49-c4d6-5d4b-bbc1-8aa3fe21ba2a,5,daily_login,2026-07-06,2026-07-06T07:34:00+00:00
3038,5d857806-7d61-533b-bc12-af2d7b775d29,5,daily_login,2026-07-06,2026-07-06T07:35:00+00:00
3039,9a026691-28ff-5880-9da3-006735af19d3,5,daily_login,2026-07-06,2026-07-06T07:35:00+00:00
3040,fbdfefdb-ca2d-5a0e-87ed-62021c1c11d4,5,daily_login,2026-07-06,2026-07-06T07:35:00+00:00
3041,7e6a1243-34f5-52e6-862f-e5f3b2ebe640,5,daily_login,2026-07-06,2026-07-06T07:36:00+00:00
3042,ab45f9eb-3fee-5ea5-bccb-faffc50f3e76,5,daily_login,2026-07-06,2026-07-06T07:37:00+00:00
3043,6988340a-a3c1-5fda-a996-711f1723c649,5,daily_login,2026-07-06,2026-07-06T07:37:00+00:00
3044,bdc5faf6-386d-5338-99a0-32d156bcbd68,5,daily_login,2026-07-06,2026-07-06T07:38:00+00:00
3045,eeeb9e89-042f-5fdc-8fcf-2c3ad56f9bf1,5,daily_login,2026-07-06,2026-07-06T07:39:00+00:00
3046,508d03e7-de84-523a-8242-f48abc9451d7,5,daily_login,2026-07-06,2026-07-06T07:39:00+00:00
3047,c6286e16-5e03-594c-aa67-861b8ba91b33,5,daily_login,2026-07-06,2026-07-06T07:39:00+00:00
3048,bb4b0d34-59a4-5948-a9be-a1aa6caece55,5,daily_login,2026-07-06,2026-07-06T07:40:00+00:00
3049,7624f38b-fbca-546f-af04-c9dda9318f82,5,daily_login,2026-07-06,2026-07-06T07:41:00+00:00
3050,33d87513-60c2-51ff-9ec5-f0f1389ed27e,5,daily_login,2026-07-06,2026-07-06T07:42:00+00:00
3051,3b932376-f549-5a1c-a24b-664b4bc338e3,5,daily_login,2026-07-06,2026-07-06T07:43:00+00:00
3052,40120057-c43a-5745-9d3a-d9b0c6b1e84e,5,daily_login,2026-07-06,2026-07-06T07:43:00+00:00
3053,36016ab9-3cc9-5f6a-8bc7-1d138ad9cb43,5,daily_login,2026-07-06,2026-07-06T07:44:00+00:00
3054,a5526e82-ef69-522b-b3ad-df818658bde0,5,daily_login,2026-07-06,2026-07-06T07:44:00+00:00
3055,e137404e-9196-525c-b17a-44dc96d29f29,5,daily_login,2026-07-06,2026-07-06T07:44:00+00:00
3056,6d9d0917-bda8-5863-abe4-92d14b0cc926,5,daily_login,2026-07-06,2026-07-06T07:44:00+00:00
3057,6ab0c42d-0ad5-5b3d-9c6c-4ab9eaa47586,5,daily_login,2026-07-06,2026-07-06T07:45:00+00:00
3058,ae7ac442-d880-5cd8-bc30-8d21c5f7dc54,5,daily_login,2026-07-06,2026-07-06T07:45:00+00:00
3059,d2a70bca-a25c-522f-9b7e-c967b69503cc,5,daily_login,2026-07-06,2026-07-06T07:45:00+00:00
3060,3bc3e38a-5ff7-5330-ab2d-8add18e85d57,5,daily_login,2026-07-06,2026-07-06T07:45:00+00:00
3061,6690668c-e73d-51ff-9ca4-36bec9b8c175,5,daily_login,2026-07-06,2026-07-06T07:46:00+00:00
3062,cac67f41-f5af-5268-9e2d-34feac0dc9fa,5,daily_login,2026-07-06,2026-07-06T07:46:00+00:00
3063,a2cc3818-be31-5aeb-828c-e23f579431aa,60,milestone_complete,milestone:227,2026-07-06T17:30:00+00:00
3064,a2cc3818-be31-5aeb-828c-e23f579431aa,150,first_milestone,badge,2026-07-06T17:30:00+00:00
3065,6ab0c42d-0ad5-5b3d-9c6c-4ab9eaa47586,150,first_milestone,badge,2026-07-06T17:30:00+00:00
3066,eb397f92-99ac-5f0f-8f81-3540865f0477,150,first_milestone,badge,2026-07-06T17:30:00+00:00
3067,facb4557-eabe-5f8b-89cc-f223b91c89b7,150,first_milestone,badge,2026-07-06T17:30:00+00:00
3068,88a268b0-6bca-5583-b041-ffdbc51be7e6,150,first_milestone,badge,2026-07-06T17:30:00+00:00
3069,6ac5a7a4-ae0d-5e31-8a7c-d85b63a96c46,75,project_create,project:145,2026-07-06T18:30:00+00:00
3070,6ac5a7a4-ae0d-5e31-8a7c-d85b63a96c46,100,first_project,badge,2026-07-06T18:30:00+00:00
3071,a0a53b38-722a-56e6-a52c-fe0e06169a59,40,project_join,project_join:145,2026-07-06T22:30:00+00:00
3072,a0a53b38-722a-56e6-a52c-fe0e06169a59,100,first_project,badge,2026-07-06T22:30:00+00:00
3073,0bd9c807-50b6-567b-befe-96c80ed2fc9d,40,project_join,project_join:145,2026-07-07T02:30:00+00:00
3074,0bd9c807-50b6-567b-befe-96c80ed2fc9d,100,first_project,badge,2026-07-07T02:30:00+00:00
3075,43a3bb15-e7a6-5c42-a198-3e0d7f080ba1,60,milestone_complete,milestone:239,2026-07-07T05:30:00+00:00
3076,43a3bb15-e7a6-5c42-a198-3e0d7f080ba1,150,first_milestone,badge,2026-07-07T05:30:00+00:00
3077,fb400c3e-ecd0-522e-8b8e-1323946be71a,150,first_milestone,badge,2026-07-07T05:30:00+00:00
3078,bb4b0d34-59a4-5948-a9be-a1aa6caece55,40,project_join,project_join:145,2026-07-07T06:30:00+00:00
3079,bb4b0d34-59a4-5948-a9be-a1aa6caece55,100,first_project,badge,2026-07-07T06:30:00+00:00
3080,001e944b-e64e-5742-afb7-5e04327e41ee,15,task_complete,task:532,2026-07-07T06:30:00+00:00
3081,001e944b-e64e-5742-afb7-5e04327e41ee,100,first_task,badge,2026-07-07T06:30:00+00:00
3082,d9fbcbde-376a-5f82-9fb5-268a24b02d57,5,daily_login,2026-07-07,2026-07-07T07:10:00+00:00
3083,f2561442-8439-5138-9a3b-8bcf96f16609,5,daily_login,2026-07-07,2026-07-07T07:10:00+00:00
3084,610e9654-06d6-5e55-959b-377b8749b8f9,5,daily_login,2026-07-07,2026-07-07T07:10:00+00:00
3085,4c2177ab-592a-5e4a-b25b-8bb3f8090555,5,daily_login,2026-07-07,2026-07-07T07:11:00+00:00
3086,0da68170-ff38-5dad-9224-770d261f1c8a,5,daily_login,2026-07-07,2026-07-07T07:11:00+00:00
3087,8ae0340a-8eaf-5e9d-9db0-ac449334023d,5,daily_login,2026-07-07,2026-07-07T07:12:00+00:00
3088,f985b68e-39ae-5c83-8468-2b126802c414,5,daily_login,2026-07-07,2026-07-07T07:12:00+00:00
3089,001e944b-e64e-5742-afb7-5e04327e41ee,5,daily_login,2026-07-07,2026-07-07T07:14:00+00:00
3090,6e82bb3e-ede8-5803-ba1a-cc3aa8766199,5,daily_login,2026-07-07,2026-07-07T07:15:00+00:00
3091,64b591cd-4cbe-577a-aba9-ee6912328a58,5,daily_login,2026-07-07,2026-07-07T07:16:00+00:00
3092,06657aeb-b604-5b0d-9281-d2e5afb78a9d,5,daily_login,2026-07-07,2026-07-07T07:16:00+00:00
3093,b7f1d97d-9f3c-5885-b9ef-48d67a16a686,5,daily_login,2026-07-07,2026-07-07T07:17:00+00:00
3094,3425797b-5c54-5f3a-9a34-9cedb0dc5b84,5,daily_login,2026-07-07,2026-07-07T07:18:00+00:00
3095,96dbbdad-601e-5bc2-9d1a-78f9f6349a39,5,daily_login,2026-07-07,2026-07-07T07:18:00+00:00
3096,64609795-d498-5ea7-ad33-a3bcecf9d962,5,daily_login,2026-07-07,2026-07-07T07:18:00+00:00
3097,cb162f3d-006f-544e-bfa6-f9abb8a52026,5,daily_login,2026-07-07,2026-07-07T07:19:00+00:00
3098,e1f9b739-b2d3-51e6-9609-05805a6d151c,5,daily_login,2026-07-07,2026-07-07T07:19:00+00:00
3099,9047d24d-0775-5f10-bf17-6e8fc62c5884,5,daily_login,2026-07-07,2026-07-07T07:20:00+00:00
3100,7bdf8ad6-1318-5f74-9112-e2b655e215a2,5,daily_login,2026-07-07,2026-07-07T07:21:00+00:00
3101,1b1e4344-fde4-5cc2-b82c-4fb458696522,5,daily_login,2026-07-07,2026-07-07T07:21:00+00:00
3102,4ec67eb8-4fda-5cbc-bbd1-a6afc7ce8130,5,daily_login,2026-07-07,2026-07-07T07:21:00+00:00
3103,4966bb54-4d4f-5992-8586-1bd44991d17f,5,daily_login,2026-07-07,2026-07-07T07:22:00+00:00
3104,3a376c3a-3e46-5c8c-815c-232b66ca9bc8,5,daily_login,2026-07-07,2026-07-07T07:23:00+00:00
3105,e0b64119-ecb0-52a5-852d-39c211ce337a,5,daily_login,2026-07-07,2026-07-07T07:23:00+00:00
3106,4c310820-12d3-5128-9a45-973db446b59e,5,daily_login,2026-07-07,2026-07-07T07:23:00+00:00
3107,d5dc7189-89df-5fd7-983f-1124b6de3d68,5,daily_login,2026-07-07,2026-07-07T07:23:00+00:00
3108,02bf8d95-eee4-5287-b363-0551cc4a6d51,5,daily_login,2026-07-07,2026-07-07T07:23:00+00:00
3109,88a268b0-6bca-5583-b041-ffdbc51be7e6,5,daily_login,2026-07-07,2026-07-07T07:24:00+00:00
3110,a2cc3818-be31-5aeb-828c-e23f579431aa,5,daily_login,2026-07-07,2026-07-07T07:25:00+00:00
3111,baa8ef70-5b01-5a49-84cb-71c353290705,5,daily_login,2026-07-07,2026-07-07T07:26:00+00:00
3112,a60d0128-bffa-5d2d-9915-36693e6bc3ba,5,daily_login,2026-07-07,2026-07-07T07:26:00+00:00
3113,4307ee18-2e16-50be-abbc-db160bb8e8fd,5,daily_login,2026-07-07,2026-07-07T07:26:00+00:00
3114,e502b694-466f-5e1f-9293-146b264ae20c,5,daily_login,2026-07-07,2026-07-07T07:27:00+00:00
3115,2e2e8079-6c9e-51c9-bc7e-1475045fd514,5,daily_login,2026-07-07,2026-07-07T07:27:00+00:00
3116,49a9d8f7-08ea-5972-af3a-0ca0a6c06e59,5,daily_login,2026-07-07,2026-07-07T07:27:00+00:00
3117,0e49007f-82be-5238-a956-37d8f7b40d4c,5,daily_login,2026-07-07,2026-07-07T07:29:00+00:00
3118,5532dec3-02ae-5ac3-8b57-2e8214a8598b,5,daily_login,2026-07-07,2026-07-07T07:29:00+00:00
3119,da462241-608b-5422-bdbd-0d98184a433d,5,daily_login,2026-07-07,2026-07-07T07:30:00+00:00
3120,10feece1-a2cd-532b-8488-21659a3bee22,5,daily_login,2026-07-07,2026-07-07T07:31:00+00:00
3121,82a5c89c-0b3a-58b9-9259-837a5348a5c2,5,daily_login,2026-07-07,2026-07-07T07:31:00+00:00
3122,ee289908-380a-5bb3-8fdc-0990b203929b,5,daily_login,2026-07-07,2026-07-07T07:32:00+00:00
3123,95927b04-f214-5c26-878d-fb55176e41bc,5,daily_login,2026-07-07,2026-07-07T07:32:00+00:00
3124,88820056-e901-59a1-b2ca-c4e813b34f7b,5,daily_login,2026-07-07,2026-07-07T07:33:00+00:00
3125,bc38029f-d1c5-5b8f-8055-d446a522cb91,5,daily_login,2026-07-07,2026-07-07T07:34:00+00:00
3126,e747fee0-a84b-5f51-98a3-7481903c9023,5,daily_login,2026-07-07,2026-07-07T07:34:00+00:00
3127,d48cab4b-e48b-59ae-88d6-41d5d463569d,5,daily_login,2026-07-07,2026-07-07T07:35:00+00:00
3128,9a026691-28ff-5880-9da3-006735af19d3,5,daily_login,2026-07-07,2026-07-07T07:35:00+00:00
3129,7e6a1243-34f5-52e6-862f-e5f3b2ebe640,5,daily_login,2026-07-07,2026-07-07T07:36:00+00:00
3130,7e6a1243-34f5-52e6-862f-e5f3b2ebe640,5,streak_week_bonus,2026-07-07,2026-07-07T07:36:00+00:00
3131,7e6a1243-34f5-52e6-862f-e5f3b2ebe640,200,streak_7,badge,2026-07-07T07:36:00+00:00
3132,8ecc0792-3789-53b2-a26e-fc6daa886eb7,5,daily_login,2026-07-07,2026-07-07T07:36:00+00:00
3133,9edec740-5de6-5c27-8233-5cf72946b182,5,daily_login,2026-07-07,2026-07-07T07:36:00+00:00
3134,5ce94e6e-a987-5fd1-90b2-94a1174f9376,5,daily_login,2026-07-07,2026-07-07T07:37:00+00:00
3135,eb397f92-99ac-5f0f-8f81-3540865f0477,5,daily_login,2026-07-07,2026-07-07T07:38:00+00:00
3136,bdc5faf6-386d-5338-99a0-32d156bcbd68,5,daily_login,2026-07-07,2026-07-07T07:38:00+00:00
3137,783491ec-2857-52e8-a102-766d7abba6d2,5,daily_login,2026-07-07,2026-07-07T07:38:00+00:00
3138,c6286e16-5e03-594c-aa67-861b8ba91b33,5,daily_login,2026-07-07,2026-07-07T07:39:00+00:00
3139,7b48b183-5d87-500f-9cec-2e003c19efac,5,daily_login,2026-07-07,2026-07-07T07:40:00+00:00
3140,bb4b0d34-59a4-5948-a9be-a1aa6caece55,5,daily_login,2026-07-07,2026-07-07T07:40:00+00:00
3141,fb400c3e-ecd0-522e-8b8e-1323946be71a,5,daily_login,2026-07-07,2026-07-07T07:40:00+00:00
3142,373cd20e-25d5-5a46-a0ae-18157cf68a55,5,daily_login,2026-07-07,2026-07-07T07:41:00+00:00
3143,77c684c4-9514-5edc-85ff-1052c8544c14,5,daily_login,2026-07-07,2026-07-07T07:42:00+00:00
3144,daa36188-60fd-56a2-938b-70b1b51084b0,5,daily_login,2026-07-07,2026-07-07T07:43:00+00:00
3145,dfe9e449-d177-56af-a679-d3e1c78c5c02,5,daily_login,2026-07-07,2026-07-07T07:43:00+00:00
3146,405fd522-6b0d-52fc-b397-dc3ce2e4a2ea,5,daily_login,2026-07-07,2026-07-07T07:44:00+00:00
3147,e137404e-9196-525c-b17a-44dc96d29f29,5,daily_login,2026-07-07,2026-07-07T07:44:00+00:00
3148,6ab0c42d-0ad5-5b3d-9c6c-4ab9eaa47586,5,daily_login,2026-07-07,2026-07-07T07:45:00+00:00
3149,cac67f41-f5af-5268-9e2d-34feac0dc9fa,5,daily_login,2026-07-07,2026-07-07T07:46:00+00:00
3150,6ab0c42d-0ad5-5b3d-9c6c-4ab9eaa47586,15,task_complete,task:426,2026-07-07T18:30:00+00:00
3151,6ab0c42d-0ad5-5b3d-9c6c-4ab9eaa47586,100,first_task,badge,2026-07-07T18:30:00+00:00
3152,1767869f-381f-59b9-acac-01da2d539e40,15,task_complete,task:388,2026-07-07T19:30:00+00:00
3153,1767869f-381f-59b9-acac-01da2d539e40,100,first_task,badge,2026-07-07T19:30:00+00:00
3154,1767869f-381f-59b9-acac-01da2d539e40,60,milestone_complete,milestone:213,2026-07-07T19:30:00+00:00
3155,1767869f-381f-59b9-acac-01da2d539e40,150,first_milestone,badge,2026-07-07T19:30:00+00:00
3156,88820056-e901-59a1-b2ca-c4e813b34f7b,150,first_milestone,badge,2026-07-07T19:30:00+00:00
3157,b7f1d97d-9f3c-5885-b9ef-48d67a16a686,150,first_milestone,badge,2026-07-07T19:30:00+00:00
3158,61347d09-09eb-5f04-a4ec-fe830319799f,150,first_milestone,badge,2026-07-07T19:30:00+00:00
3159,4ec67eb8-4fda-5cbc-bbd1-a6afc7ce8130,150,first_milestone,badge,2026-07-07T19:30:00+00:00
3160,f2561442-8439-5138-9a3b-8bcf96f16609,5,daily_login,2026-07-08,2026-07-08T07:10:00+00:00
3161,f0f4eb8c-a1ed-50a1-bc7d-2863700a31a5,5,daily_login,2026-07-08,2026-07-08T07:11:00+00:00
3162,37b7aed3-d207-54f7-b4ec-0e05c50eaeb2,5,daily_login,2026-07-08,2026-07-08T07:11:00+00:00
3163,0da68170-ff38-5dad-9224-770d261f1c8a,5,daily_login,2026-07-08,2026-07-08T07:11:00+00:00
3164,f21481e8-5bf3-5aa6-a7e0-fe6e26920e28,5,daily_login,2026-07-08,2026-07-08T07:13:00+00:00
3165,001e944b-e64e-5742-afb7-5e04327e41ee,5,daily_login,2026-07-08,2026-07-08T07:14:00+00:00
3166,50d6350f-ffd4-59ad-a1ff-65a49a77a913,5,daily_login,2026-07-08,2026-07-08T07:16:00+00:00
3167,b7f1d97d-9f3c-5885-b9ef-48d67a16a686,5,daily_login,2026-07-08,2026-07-08T07:17:00+00:00
3168,fd96bbd1-5601-5c99-a1e2-04b09168b35e,5,daily_login,2026-07-08,2026-07-08T07:18:00+00:00
3169,5a4b137d-2ebb-5c75-8cdd-bf77406b4b9f,5,daily_login,2026-07-08,2026-07-08T07:19:00+00:00
3170,e1f9b739-b2d3-51e6-9609-05805a6d151c,5,daily_login,2026-07-08,2026-07-08T07:19:00+00:00
3171,9d1c460b-bd0b-57ff-ac14-f2b10f73edd3,5,daily_login,2026-07-08,2026-07-08T07:19:00+00:00
3172,9047d24d-0775-5f10-bf17-6e8fc62c5884,5,daily_login,2026-07-08,2026-07-08T07:20:00+00:00
3173,7bdf8ad6-1318-5f74-9112-e2b655e215a2,5,daily_login,2026-07-08,2026-07-08T07:21:00+00:00
3174,368442e7-2dfe-5df4-9ab7-a468b984050a,5,daily_login,2026-07-08,2026-07-08T07:22:00+00:00
3175,d16e3cdc-2868-563d-867d-62fa9b8b24ea,5,daily_login,2026-07-08,2026-07-08T07:22:00+00:00
3176,4c310820-12d3-5128-9a45-973db446b59e,5,daily_login,2026-07-08,2026-07-08T07:23:00+00:00
3177,d5dc7189-89df-5fd7-983f-1124b6de3d68,5,daily_login,2026-07-08,2026-07-08T07:23:00+00:00
3178,02bf8d95-eee4-5287-b363-0551cc4a6d51,5,daily_login,2026-07-08,2026-07-08T07:23:00+00:00
3179,35e87bcc-650c-5e3f-9741-3f0c54905b6f,5,daily_login,2026-07-08,2026-07-08T07:23:00+00:00
3180,58074159-53d7-5a52-8436-d84a05af35a9,5,daily_login,2026-07-08,2026-07-08T07:24:00+00:00
3181,61347d09-09eb-5f04-a4ec-fe830319799f,5,daily_login,2026-07-08,2026-07-08T07:24:00+00:00
3182,a2cc3818-be31-5aeb-828c-e23f579431aa,5,daily_login,2026-07-08,2026-07-08T07:25:00+00:00
3183,a2cc3818-be31-5aeb-828c-e23f579431aa,5,streak_week_bonus,2026-07-08,2026-07-08T07:25:00+00:00
3184,baa8ef70-5b01-5a49-84cb-71c353290705,5,daily_login,2026-07-08,2026-07-08T07:26:00+00:00
3185,4307ee18-2e16-50be-abbc-db160bb8e8fd,5,daily_login,2026-07-08,2026-07-08T07:26:00+00:00
3186,e502b694-466f-5e1f-9293-146b264ae20c,5,daily_login,2026-07-08,2026-07-08T07:27:00+00:00
3187,2e2e8079-6c9e-51c9-bc7e-1475045fd514,5,daily_login,2026-07-08,2026-07-08T07:27:00+00:00
3188,e3efd234-c7f9-5957-937f-661b1c3981ef,5,daily_login,2026-07-08,2026-07-08T07:28:00+00:00
3189,f0ca4141-ccff-5472-ba76-f4b194108c7b,5,daily_login,2026-07-08,2026-07-08T07:29:00+00:00
3190,54561bf4-fe37-5b37-934d-9c7f81542f8b,5,daily_login,2026-07-08,2026-07-08T07:30:00+00:00
3191,da462241-608b-5422-bdbd-0d98184a433d,5,daily_login,2026-07-08,2026-07-08T07:30:00+00:00
3192,96ccee9a-30f2-56cd-b597-a927c84e0f75,15,task_complete,task:533,2026-07-08T07:30:00+00:00
3193,082b47e7-5a06-5a34-bd49-595c82b2b196,5,daily_login,2026-07-08,2026-07-08T07:31:00+00:00
3194,ee289908-380a-5bb3-8fdc-0990b203929b,5,daily_login,2026-07-08,2026-07-08T07:32:00+00:00
3195,84047d01-74e6-5a08-a20e-b5c25e3eff3e,5,daily_login,2026-07-08,2026-07-08T07:33:00+00:00
3196,44f09dba-7a20-5f46-840b-4670e6c7eb92,5,daily_login,2026-07-08,2026-07-08T07:33:00+00:00
3197,6720265f-9f2b-5485-bf24-54e1784991b6,5,daily_login,2026-07-08,2026-07-08T07:34:00+00:00
3198,5d857806-7d61-533b-bc12-af2d7b775d29,5,daily_login,2026-07-08,2026-07-08T07:35:00+00:00
3199,9a026691-28ff-5880-9da3-006735af19d3,5,daily_login,2026-07-08,2026-07-08T07:35:00+00:00
3200,7e6a1243-34f5-52e6-862f-e5f3b2ebe640,5,daily_login,2026-07-08,2026-07-08T07:36:00+00:00
3201,5421f79d-ed60-5eed-852b-01b379adab9e,5,daily_login,2026-07-08,2026-07-08T07:36:00+00:00
3202,5ce94e6e-a987-5fd1-90b2-94a1174f9376,5,daily_login,2026-07-08,2026-07-08T07:37:00+00:00
3203,6988340a-a3c1-5fda-a996-711f1723c649,5,daily_login,2026-07-08,2026-07-08T07:37:00+00:00
3204,eb397f92-99ac-5f0f-8f81-3540865f0477,5,daily_login,2026-07-08,2026-07-08T07:38:00+00:00
3205,ec6d706d-7dba-534b-8700-e6752dbd06e1,5,daily_login,2026-07-08,2026-07-08T07:38:00+00:00
3206,bdc5faf6-386d-5338-99a0-32d156bcbd68,5,daily_login,2026-07-08,2026-07-08T07:38:00+00:00
3207,783491ec-2857-52e8-a102-766d7abba6d2,5,daily_login,2026-07-08,2026-07-08T07:38:00+00:00
3208,302b84f9-9053-5cf7-bed0-305678227875,5,daily_login,2026-07-08,2026-07-08T07:39:00+00:00
3209,508d03e7-de84-523a-8242-f48abc9451d7,5,daily_login,2026-07-08,2026-07-08T07:39:00+00:00
3210,c6286e16-5e03-594c-aa67-861b8ba91b33,5,daily_login,2026-07-08,2026-07-08T07:39:00+00:00
3211,bb4b0d34-59a4-5948-a9be-a1aa6caece55,5,daily_login,2026-07-08,2026-07-08T07:40:00+00:00
3212,d767d4bb-a2aa-587a-90f9-23d0689ae52a,5,daily_login,2026-07-08,2026-07-08T07:40:00+00:00
3213,96ccee9a-30f2-56cd-b597-a927c84e0f75,5,daily_login,2026-07-08,2026-07-08T07:41:00+00:00
3214,33ba5d16-c38c-5bcf-9896-ea8ae81d6e7b,5,daily_login,2026-07-08,2026-07-08T07:41:00+00:00
3215,e5b7ccce-2cb7-5b6e-95a5-32ffacbca87f,5,daily_login,2026-07-08,2026-07-08T07:42:00+00:00
3216,b5be680a-732e-55e0-bc5d-b80e831ff33a,5,daily_login,2026-07-08,2026-07-08T07:42:00+00:00
3217,dfe9e449-d177-56af-a679-d3e1c78c5c02,5,daily_login,2026-07-08,2026-07-08T07:43:00+00:00
3218,3b932376-f549-5a1c-a24b-664b4bc338e3,5,daily_login,2026-07-08,2026-07-08T07:43:00+00:00
3219,36016ab9-3cc9-5f6a-8bc7-1d138ad9cb43,5,daily_login,2026-07-08,2026-07-08T07:44:00+00:00
3220,a5526e82-ef69-522b-b3ad-df818658bde0,5,daily_login,2026-07-08,2026-07-08T07:44:00+00:00
3221,6d9d0917-bda8-5863-abe4-92d14b0cc926,5,daily_login,2026-07-08,2026-07-08T07:44:00+00:00
3222,ae7ac442-d880-5cd8-bc30-8d21c5f7dc54,5,daily_login,2026-07-08,2026-07-08T07:45:00+00:00
3223,d2a70bca-a25c-522f-9b7e-c967b69503cc,5,daily_login,2026-07-08,2026-07-08T07:45:00+00:00
3224,6ac5a7a4-ae0d-5e31-8a7c-d85b63a96c46,5,daily_login,2026-07-08,2026-07-08T07:45:00+00:00
3225,54561bf4-fe37-5b37-934d-9c7f81542f8b,75,project_create,project:180,2026-07-08T09:30:00+00:00
3226,54561bf4-fe37-5b37-934d-9c7f81542f8b,100,first_project,badge,2026-07-08T09:30:00+00:00
3227,f22a7317-9c2b-5d13-99b9-1a1622094bb3,40,project_join,project_join:180,2026-07-08T13:30:00+00:00
3228,6e82bb3e-ede8-5803-ba1a-cc3aa8766199,40,project_join,project_join:180,2026-07-08T17:30:00+00:00
3229,6e82bb3e-ede8-5803-ba1a-cc3aa8766199,100,first_project,badge,2026-07-08T17:30:00+00:00
3230,88820056-e901-59a1-b2ca-c4e813b34f7b,15,task_complete,task:389,2026-07-08T20:30:00+00:00
3231,88820056-e901-59a1-b2ca-c4e813b34f7b,100,first_task,badge,2026-07-08T20:30:00+00:00
3232,20b63262-d3e6-555a-95b2-84fc87694a19,15,task_complete,task:227,2026-07-08T22:30:00+00:00
3233,20b63262-d3e6-555a-95b2-84fc87694a19,100,first_task,badge,2026-07-08T22:30:00+00:00
3234,20b63262-d3e6-555a-95b2-84fc87694a19,60,milestone_complete,milestone:151,2026-07-08T22:30:00+00:00
3235,20b63262-d3e6-555a-95b2-84fc87694a19,150,first_milestone,badge,2026-07-08T22:30:00+00:00
3236,d5dc7189-89df-5fd7-983f-1124b6de3d68,150,first_milestone,badge,2026-07-08T22:30:00+00:00
3237,d9fbcbde-376a-5f82-9fb5-268a24b02d57,5,daily_login,2026-07-09,2026-07-09T07:10:00+00:00
3238,1dd6da2f-292d-52b5-8e0e-a84885e81ba1,5,daily_login,2026-07-09,2026-07-09T07:12:00+00:00
3239,7ef6d8e7-132e-5da5-a653-16dd2e5719c4,5,daily_login,2026-07-09,2026-07-09T07:13:00+00:00
3240,f4793612-bd5c-52c4-b29e-226fe28a77ca,5,daily_login,2026-07-09,2026-07-09T07:13:00+00:00
3241,adfbbf3c-5175-5e0a-bf98-b8854f2081c2,5,daily_login,2026-07-09,2026-07-09T07:14:00+00:00
3242,ea7edc0e-b64d-545f-b311-b4ee943f2935,5,daily_login,2026-07-09,2026-07-09T07:14:00+00:00
3243,20b63262-d3e6-555a-95b2-84fc87694a19,5,daily_login,2026-07-09,2026-07-09T07:15:00+00:00
3244,90cced0e-f2c7-528c-bd28-38c44ead6c98,5,daily_login,2026-07-09,2026-07-09T07:15:00+00:00
3245,50d6350f-ffd4-59ad-a1ff-65a49a77a913,5,daily_login,2026-07-09,2026-07-09T07:16:00+00:00
3246,605985c4-d18d-54b0-829f-2a199ea5c81d,5,daily_login,2026-07-09,2026-07-09T07:16:00+00:00
3247,eb3717c1-cd92-5eeb-af40-9df7f3132426,5,daily_login,2026-07-09,2026-07-09T07:16:00+00:00
3248,693ebb02-ab3f-5d60-b798-d4d4df4900d2,5,daily_login,2026-07-09,2026-07-09T07:16:00+00:00
3249,9355c2cf-38db-5118-9b77-3d5b5b3870df,5,daily_login,2026-07-09,2026-07-09T07:17:00+00:00
3250,96dbbdad-601e-5bc2-9d1a-78f9f6349a39,5,daily_login,2026-07-09,2026-07-09T07:18:00+00:00
3251,64609795-d498-5ea7-ad33-a3bcecf9d962,5,daily_login,2026-07-09,2026-07-09T07:18:00+00:00
3252,9d1c460b-bd0b-57ff-ac14-f2b10f73edd3,5,daily_login,2026-07-09,2026-07-09T07:19:00+00:00
3253,9c9c228f-3bd5-5da4-b666-fbfab93b4b7e,5,daily_login,2026-07-09,2026-07-09T07:21:00+00:00
3254,7bdf8ad6-1318-5f74-9112-e2b655e215a2,5,daily_login,2026-07-09,2026-07-09T07:21:00+00:00
3255,4ec67eb8-4fda-5cbc-bbd1-a6afc7ce8130,5,daily_login,2026-07-09,2026-07-09T07:21:00+00:00
3256,85df6dcd-e42a-581f-802b-eb93568b74eb,5,daily_login,2026-07-09,2026-07-09T07:21:00+00:00
3257,d16e3cdc-2868-563d-867d-62fa9b8b24ea,5,daily_login,2026-07-09,2026-07-09T07:22:00+00:00
3258,4c310820-12d3-5128-9a45-973db446b59e,5,daily_login,2026-07-09,2026-07-09T07:23:00+00:00
3259,02bf8d95-eee4-5287-b363-0551cc4a6d51,5,daily_login,2026-07-09,2026-07-09T07:23:00+00:00
3260,651ce25b-8132-52d9-8f74-889f22c3bb5c,5,daily_login,2026-07-09,2026-07-09T07:24:00+00:00
3261,ffe47fd1-7989-5728-addd-50b504edd889,5,daily_login,2026-07-09,2026-07-09T07:24:00+00:00
3262,58074159-53d7-5a52-8436-d84a05af35a9,5,daily_login,2026-07-09,2026-07-09T07:24:00+00:00
3263,61347d09-09eb-5f04-a4ec-fe830319799f,5,daily_login,2026-07-09,2026-07-09T07:24:00+00:00
3264,a2cc3818-be31-5aeb-828c-e23f579431aa,5,daily_login,2026-07-09,2026-07-09T07:25:00+00:00
3265,1bf86e3f-0e6e-5241-b319-71005237945f,5,daily_login,2026-07-09,2026-07-09T07:25:00+00:00
3266,6b9b6012-cdb4-50eb-8ad0-01c36516df23,5,daily_login,2026-07-09,2026-07-09T07:26:00+00:00
3267,baa8ef70-5b01-5a49-84cb-71c353290705,5,daily_login,2026-07-09,2026-07-09T07:26:00+00:00
3268,d0c58825-6ead-50f6-9a07-f2f95dbb51ea,5,daily_login,2026-07-09,2026-07-09T07:27:00+00:00
3269,2e2e8079-6c9e-51c9-bc7e-1475045fd514,5,daily_login,2026-07-09,2026-07-09T07:27:00+00:00
3270,673e8617-3280-5bfa-85a6-738a6d64aac6,5,daily_login,2026-07-09,2026-07-09T07:28:00+00:00
3271,e7dd6cb0-626e-510a-9e98-0498c534b04d,5,daily_login,2026-07-09,2026-07-09T07:28:00+00:00
3272,0e49007f-82be-5238-a956-37d8f7b40d4c,5,daily_login,2026-07-09,2026-07-09T07:29:00+00:00
3273,54561bf4-fe37-5b37-934d-9c7f81542f8b,5,daily_login,2026-07-09,2026-07-09T07:30:00+00:00
3274,facb4557-eabe-5f8b-89cc-f223b91c89b7,5,daily_login,2026-07-09,2026-07-09T07:30:00+00:00
3275,0947c4b9-50d6-50e2-9043-84a15b80e8c7,5,daily_login,2026-07-09,2026-07-09T07:30:00+00:00
3276,45cee65b-db52-5dff-b09d-0ee1ac2be20f,5,daily_login,2026-07-09,2026-07-09T07:31:00+00:00
3277,f8f213c7-3d61-567e-9735-5e3e9498b892,5,daily_login,2026-07-09,2026-07-09T07:31:00+00:00
3278,82a5c89c-0b3a-58b9-9259-837a5348a5c2,5,daily_login,2026-07-09,2026-07-09T07:31:00+00:00
3279,95927b04-f214-5c26-878d-fb55176e41bc,5,daily_login,2026-07-09,2026-07-09T07:32:00+00:00
3280,9cba29b2-e169-54f3-9d61-1d5013f80312,5,daily_login,2026-07-09,2026-07-09T07:32:00+00:00
3281,473b12ab-4d0d-5b7f-89b2-c0a1e2405c60,5,daily_login,2026-07-09,2026-07-09T07:32:00+00:00
3282,729fe171-fa0d-547e-b374-39bd19f4c645,5,daily_login,2026-07-09,2026-07-09T07:32:00+00:00
3283,44f09dba-7a20-5f46-840b-4670e6c7eb92,5,daily_login,2026-07-09,2026-07-09T07:33:00+00:00
3284,88820056-e901-59a1-b2ca-c4e813b34f7b,5,daily_login,2026-07-09,2026-07-09T07:33:00+00:00
3285,5d857806-7d61-533b-bc12-af2d7b775d29,5,daily_login,2026-07-09,2026-07-09T07:35:00+00:00
3286,1873645b-b54c-51dc-a41a-7131e831a64f,5,daily_login,2026-07-09,2026-07-09T07:35:00+00:00
3287,7e6a1243-34f5-52e6-862f-e5f3b2ebe640,5,daily_login,2026-07-09,2026-07-09T07:36:00+00:00
3288,5421f79d-ed60-5eed-852b-01b379adab9e,5,daily_login,2026-07-09,2026-07-09T07:36:00+00:00
3289,eb397f92-99ac-5f0f-8f81-3540865f0477,5,daily_login,2026-07-09,2026-07-09T07:38:00+00:00
3290,ec6d706d-7dba-534b-8700-e6752dbd06e1,5,daily_login,2026-07-09,2026-07-09T07:38:00+00:00
3291,bdc5faf6-386d-5338-99a0-32d156bcbd68,5,daily_login,2026-07-09,2026-07-09T07:38:00+00:00
3292,25797954-b022-582e-8349-e1e2c141368c,5,daily_login,2026-07-09,2026-07-09T07:39:00+00:00
3293,508d03e7-de84-523a-8242-f48abc9451d7,5,daily_login,2026-07-09,2026-07-09T07:39:00+00:00
3294,c6286e16-5e03-594c-aa67-861b8ba91b33,5,daily_login,2026-07-09,2026-07-09T07:39:00+00:00
3295,7b48b183-5d87-500f-9cec-2e003c19efac,5,daily_login,2026-07-09,2026-07-09T07:40:00+00:00
3296,bb4b0d34-59a4-5948-a9be-a1aa6caece55,5,daily_login,2026-07-09,2026-07-09T07:40:00+00:00
3297,fb400c3e-ecd0-522e-8b8e-1323946be71a,5,daily_login,2026-07-09,2026-07-09T07:40:00+00:00
3298,96ccee9a-30f2-56cd-b597-a927c84e0f75,5,daily_login,2026-07-09,2026-07-09T07:41:00+00:00
3299,dfe9e449-d177-56af-a679-d3e1c78c5c02,5,daily_login,2026-07-09,2026-07-09T07:43:00+00:00
3300,3b932376-f549-5a1c-a24b-664b4bc338e3,5,daily_login,2026-07-09,2026-07-09T07:43:00+00:00
3301,36016ab9-3cc9-5f6a-8bc7-1d138ad9cb43,5,daily_login,2026-07-09,2026-07-09T07:44:00+00:00
3302,a5526e82-ef69-522b-b3ad-df818658bde0,5,daily_login,2026-07-09,2026-07-09T07:44:00+00:00
3303,e137404e-9196-525c-b17a-44dc96d29f29,5,daily_login,2026-07-09,2026-07-09T07:44:00+00:00
3304,6d9d0917-bda8-5863-abe4-92d14b0cc926,5,daily_login,2026-07-09,2026-07-09T07:44:00+00:00
3305,6ab0c42d-0ad5-5b3d-9c6c-4ab9eaa47586,5,daily_login,2026-07-09,2026-07-09T07:45:00+00:00
3306,d2a70bca-a25c-522f-9b7e-c967b69503cc,5,daily_login,2026-07-09,2026-07-09T07:45:00+00:00
3307,3bc3e38a-5ff7-5330-ab2d-8add18e85d57,5,daily_login,2026-07-09,2026-07-09T07:45:00+00:00
3308,35e87bcc-650c-5e3f-9741-3f0c54905b6f,15,task_complete,task:534,2026-07-09T08:30:00+00:00
3309,35e87bcc-650c-5e3f-9741-3f0c54905b6f,100,first_task,badge,2026-07-09T08:30:00+00:00
3310,f22a7317-9c2b-5d13-99b9-1a1622094bb3,15,task_complete,task:376,2026-07-09T14:30:00+00:00
3311,f22a7317-9c2b-5d13-99b9-1a1622094bb3,100,first_task,badge,2026-07-09T14:30:00+00:00
3312,f22a7317-9c2b-5d13-99b9-1a1622094bb3,60,milestone_complete,milestone:209,2026-07-09T14:30:00+00:00
3313,f22a7317-9c2b-5d13-99b9-1a1622094bb3,150,first_milestone,badge,2026-07-09T14:30:00+00:00
3314,cd8c4c60-ab9b-5cf3-996e-d4fbb990f4c6,150,first_milestone,badge,2026-07-09T14:30:00+00:00
3315,a60d0128-bffa-5d2d-9915-36693e6bc3ba,75,project_create,project:173,2026-07-09T19:30:00+00:00
3316,a60d0128-bffa-5d2d-9915-36693e6bc3ba,100,first_project,badge,2026-07-09T19:30:00+00:00
3317,facb4557-eabe-5f8b-89cc-f223b91c89b7,15,task_complete,task:428,2026-07-09T20:30:00+00:00
3318,facb4557-eabe-5f8b-89cc-f223b91c89b7,100,first_task,badge,2026-07-09T20:30:00+00:00
3319,b7f1d97d-9f3c-5885-b9ef-48d67a16a686,15,task_complete,task:390,2026-07-09T21:30:00+00:00
3320,b7f1d97d-9f3c-5885-b9ef-48d67a16a686,100,first_task,badge,2026-07-09T21:30:00+00:00
3321,d5dc7189-89df-5fd7-983f-1124b6de3d68,15,task_complete,task:228,2026-07-09T23:30:00+00:00
3322,d5dc7189-89df-5fd7-983f-1124b6de3d68,100,first_task,badge,2026-07-09T23:30:00+00:00
3323,605985c4-d18d-54b0-829f-2a199ea5c81d,40,project_join,project_join:173,2026-07-09T23:30:00+00:00
3324,605985c4-d18d-54b0-829f-2a199ea5c81d,100,first_project,badge,2026-07-09T23:30:00+00:00
3325,7bdf8ad6-1318-5f74-9112-e2b655e215a2,75,project_create,project:174,2026-07-10T00:30:00+00:00
3326,7bdf8ad6-1318-5f74-9112-e2b655e215a2,100,first_project,badge,2026-07-10T00:30:00+00:00
3327,d9fbcbde-376a-5f82-9fb5-268a24b02d57,15,task_complete,task:137,2026-07-10T02:30:00+00:00
3328,d9fbcbde-376a-5f82-9fb5-268a24b02d57,100,first_task,badge,2026-07-10T02:30:00+00:00
3329,d9fbcbde-376a-5f82-9fb5-268a24b02d57,60,milestone_complete,milestone:119,2026-07-10T02:30:00+00:00
3330,d9fbcbde-376a-5f82-9fb5-268a24b02d57,150,first_milestone,badge,2026-07-10T02:30:00+00:00
3331,693ebb02-ab3f-5d60-b798-d4d4df4900d2,150,first_milestone,badge,2026-07-10T02:30:00+00:00
3332,eeeb9e89-042f-5fdc-8fcf-2c3ad56f9bf1,150,first_milestone,badge,2026-07-10T02:30:00+00:00
3333,85df6dcd-e42a-581f-802b-eb93568b74eb,40,project_join,project_join:173,2026-07-10T03:30:00+00:00
3334,85df6dcd-e42a-581f-802b-eb93568b74eb,100,first_project,badge,2026-07-10T03:30:00+00:00
3335,6988340a-a3c1-5fda-a996-711f1723c649,40,project_join,project_join:174,2026-07-10T04:30:00+00:00
3336,610e9654-06d6-5e55-959b-377b8749b8f9,5,daily_login,2026-07-10,2026-07-10T07:10:00+00:00
3337,f0f4eb8c-a1ed-50a1-bc7d-2863700a31a5,5,daily_login,2026-07-10,2026-07-10T07:11:00+00:00
3338,37b7aed3-d207-54f7-b4ec-0e05c50eaeb2,5,daily_login,2026-07-10,2026-07-10T07:11:00+00:00
3339,6cf4bb40-4d81-5eb3-b9d9-5841cd55724e,5,daily_login,2026-07-10,2026-07-10T07:11:00+00:00
3340,8ae0340a-8eaf-5e9d-9db0-ac449334023d,5,daily_login,2026-07-10,2026-07-10T07:12:00+00:00
3341,34046d1a-c67e-5a81-b9d5-47dd4840c4fe,5,daily_login,2026-07-10,2026-07-10T07:14:00+00:00
3342,ea7edc0e-b64d-545f-b311-b4ee943f2935,5,daily_login,2026-07-10,2026-07-10T07:14:00+00:00
3343,90cced0e-f2c7-528c-bd28-38c44ead6c98,5,daily_login,2026-07-10,2026-07-10T07:15:00+00:00
3344,50d6350f-ffd4-59ad-a1ff-65a49a77a913,5,daily_login,2026-07-10,2026-07-10T07:16:00+00:00
3345,1bc15434-bc22-56cc-a890-336efd2a11e5,5,daily_login,2026-07-10,2026-07-10T07:17:00+00:00
3346,9b2e34a9-6722-598e-a857-e346acd294bf,5,daily_login,2026-07-10,2026-07-10T07:17:00+00:00
3347,52ab3a8f-ec5c-5e66-bcd5-efc304512118,5,daily_login,2026-07-10,2026-07-10T07:18:00+00:00
3348,96dbbdad-601e-5bc2-9d1a-78f9f6349a39,5,daily_login,2026-07-10,2026-07-10T07:18:00+00:00
3349,64609795-d498-5ea7-ad33-a3bcecf9d962,5,daily_login,2026-07-10,2026-07-10T07:18:00+00:00
3350,d3175e63-6121-5d55-b429-df91670d9aca,5,daily_login,2026-07-10,2026-07-10T07:18:00+00:00
3351,5a4b137d-2ebb-5c75-8cdd-bf77406b4b9f,5,daily_login,2026-07-10,2026-07-10T07:19:00+00:00
3352,9d1c460b-bd0b-57ff-ac14-f2b10f73edd3,5,daily_login,2026-07-10,2026-07-10T07:19:00+00:00
3353,b0ebc690-efe0-594f-bd55-e4d7ec3454bc,5,daily_login,2026-07-10,2026-07-10T07:20:00+00:00
3354,63fdd1e3-9db3-5b05-9799-510eea6abab7,5,daily_login,2026-07-10,2026-07-10T07:20:00+00:00
3355,9047d24d-0775-5f10-bf17-6e8fc62c5884,5,daily_login,2026-07-10,2026-07-10T07:20:00+00:00
3356,4ec67eb8-4fda-5cbc-bbd1-a6afc7ce8130,5,daily_login,2026-07-10,2026-07-10T07:21:00+00:00
3357,4966bb54-4d4f-5992-8586-1bd44991d17f,5,daily_login,2026-07-10,2026-07-10T07:22:00+00:00
3358,368442e7-2dfe-5df4-9ab7-a468b984050a,5,daily_login,2026-07-10,2026-07-10T07:22:00+00:00
3359,484e243b-afd7-5767-bb0f-4262c0334aea,5,daily_login,2026-07-10,2026-07-10T07:22:00+00:00
3360,4c310820-12d3-5128-9a45-973db446b59e,5,daily_login,2026-07-10,2026-07-10T07:23:00+00:00
3361,d5dc7189-89df-5fd7-983f-1124b6de3d68,5,daily_login,2026-07-10,2026-07-10T07:23:00+00:00
3362,02bf8d95-eee4-5287-b363-0551cc4a6d51,5,daily_login,2026-07-10,2026-07-10T07:23:00+00:00
3363,02bf8d95-eee4-5287-b363-0551cc4a6d51,5,streak_week_bonus,2026-07-10,2026-07-10T07:23:00+00:00
3364,88a268b0-6bca-5583-b041-ffdbc51be7e6,5,daily_login,2026-07-10,2026-07-10T07:24:00+00:00
3365,58074159-53d7-5a52-8436-d84a05af35a9,5,daily_login,2026-07-10,2026-07-10T07:24:00+00:00
3366,a2cc3818-be31-5aeb-828c-e23f579431aa,5,daily_login,2026-07-10,2026-07-10T07:25:00+00:00
3367,53f78f7e-e2df-586b-b483-5748c92d0f9f,5,daily_login,2026-07-10,2026-07-10T07:25:00+00:00
3368,1bf86e3f-0e6e-5241-b319-71005237945f,5,daily_login,2026-07-10,2026-07-10T07:25:00+00:00
3369,7298015b-9105-595a-b879-3013c08053f7,5,daily_login,2026-07-10,2026-07-10T07:26:00+00:00
3370,e502b694-466f-5e1f-9293-146b264ae20c,5,daily_login,2026-07-10,2026-07-10T07:27:00+00:00
3371,2e2e8079-6c9e-51c9-bc7e-1475045fd514,5,daily_login,2026-07-10,2026-07-10T07:27:00+00:00
3372,49a9d8f7-08ea-5972-af3a-0ca0a6c06e59,5,daily_login,2026-07-10,2026-07-10T07:27:00+00:00
3373,673e8617-3280-5bfa-85a6-738a6d64aac6,5,daily_login,2026-07-10,2026-07-10T07:28:00+00:00
3374,0e49007f-82be-5238-a956-37d8f7b40d4c,5,daily_login,2026-07-10,2026-07-10T07:29:00+00:00
3375,b897da16-1a55-5740-8129-7d502e6f44b8,5,daily_login,2026-07-10,2026-07-10T07:29:00+00:00
3376,5532dec3-02ae-5ac3-8b57-2e8214a8598b,5,daily_login,2026-07-10,2026-07-10T07:29:00+00:00
3377,da462241-608b-5422-bdbd-0d98184a433d,5,daily_login,2026-07-10,2026-07-10T07:30:00+00:00
3378,1767869f-381f-59b9-acac-01da2d539e40,40,project_join,project_join:173,2026-07-10T07:30:00+00:00
3379,45cee65b-db52-5dff-b09d-0ee1ac2be20f,5,daily_login,2026-07-10,2026-07-10T07:31:00+00:00
3380,10feece1-a2cd-532b-8488-21659a3bee22,5,daily_login,2026-07-10,2026-07-10T07:31:00+00:00
3381,ee289908-380a-5bb3-8fdc-0990b203929b,5,daily_login,2026-07-10,2026-07-10T07:32:00+00:00
3382,95927b04-f214-5c26-878d-fb55176e41bc,5,daily_login,2026-07-10,2026-07-10T07:32:00+00:00
3383,84047d01-74e6-5a08-a20e-b5c25e3eff3e,5,daily_login,2026-07-10,2026-07-10T07:33:00+00:00
3384,44f09dba-7a20-5f46-840b-4670e6c7eb92,5,daily_login,2026-07-10,2026-07-10T07:33:00+00:00
3385,88820056-e901-59a1-b2ca-c4e813b34f7b,5,daily_login,2026-07-10,2026-07-10T07:33:00+00:00
3386,bc38029f-d1c5-5b8f-8055-d446a522cb91,5,daily_login,2026-07-10,2026-07-10T07:34:00+00:00
3387,e747fee0-a84b-5f51-98a3-7481903c9023,5,daily_login,2026-07-10,2026-07-10T07:34:00+00:00
3388,6720265f-9f2b-5485-bf24-54e1784991b6,5,daily_login,2026-07-10,2026-07-10T07:34:00+00:00
3389,01c00e49-c4d6-5d4b-bbc1-8aa3fe21ba2a,5,daily_login,2026-07-10,2026-07-10T07:34:00+00:00
3390,d48cab4b-e48b-59ae-88d6-41d5d463569d,5,daily_login,2026-07-10,2026-07-10T07:35:00+00:00
3391,8ecc0792-3789-53b2-a26e-fc6daa886eb7,5,daily_login,2026-07-10,2026-07-10T07:36:00+00:00
3392,5ce94e6e-a987-5fd1-90b2-94a1174f9376,5,daily_login,2026-07-10,2026-07-10T07:37:00+00:00
3393,6988340a-a3c1-5fda-a996-711f1723c649,5,daily_login,2026-07-10,2026-07-10T07:37:00+00:00
3394,eb397f92-99ac-5f0f-8f81-3540865f0477,5,daily_login,2026-07-10,2026-07-10T07:38:00+00:00
3395,bdc5faf6-386d-5338-99a0-32d156bcbd68,5,daily_login,2026-07-10,2026-07-10T07:38:00+00:00
3396,0bd9c807-50b6-567b-befe-96c80ed2fc9d,5,daily_login,2026-07-10,2026-07-10T07:38:00+00:00
3397,783491ec-2857-52e8-a102-766d7abba6d2,5,daily_login,2026-07-10,2026-07-10T07:38:00+00:00
3398,302b84f9-9053-5cf7-bed0-305678227875,5,daily_login,2026-07-10,2026-07-10T07:39:00+00:00
3399,508d03e7-de84-523a-8242-f48abc9451d7,5,daily_login,2026-07-10,2026-07-10T07:39:00+00:00
3400,d767d4bb-a2aa-587a-90f9-23d0689ae52a,5,daily_login,2026-07-10,2026-07-10T07:40:00+00:00
3401,96ccee9a-30f2-56cd-b597-a927c84e0f75,5,daily_login,2026-07-10,2026-07-10T07:41:00+00:00
3402,7624f38b-fbca-546f-af04-c9dda9318f82,5,daily_login,2026-07-10,2026-07-10T07:41:00+00:00
3403,daa36188-60fd-56a2-938b-70b1b51084b0,5,daily_login,2026-07-10,2026-07-10T07:43:00+00:00
3404,dfe9e449-d177-56af-a679-d3e1c78c5c02,5,daily_login,2026-07-10,2026-07-10T07:43:00+00:00
3405,40120057-c43a-5745-9d3a-d9b0c6b1e84e,5,daily_login,2026-07-10,2026-07-10T07:43:00+00:00
3406,e137404e-9196-525c-b17a-44dc96d29f29,5,daily_login,2026-07-10,2026-07-10T07:44:00+00:00
3407,6ab0c42d-0ad5-5b3d-9c6c-4ab9eaa47586,5,daily_login,2026-07-10,2026-07-10T07:45:00+00:00
3408,ae7ac442-d880-5cd8-bc30-8d21c5f7dc54,5,daily_login,2026-07-10,2026-07-10T07:45:00+00:00
3409,6ac5a7a4-ae0d-5e31-8a7c-d85b63a96c46,5,daily_login,2026-07-10,2026-07-10T07:45:00+00:00
3410,5ccdaadc-80b2-50e1-a0c1-bad0246a7cf2,5,daily_login,2026-07-10,2026-07-10T07:46:00+00:00
3411,6ab0c42d-0ad5-5b3d-9c6c-4ab9eaa47586,40,project_join,project_join:174,2026-07-10T08:30:00+00:00
3412,2e2e8079-6c9e-51c9-bc7e-1475045fd514,15,task_complete,task:535,2026-07-10T09:30:00+00:00
3413,e7dd6cb0-626e-510a-9e98-0498c534b04d,40,project_join,project_join:173,2026-07-10T11:30:00+00:00
3414,e7dd6cb0-626e-510a-9e98-0498c534b04d,100,first_project,badge,2026-07-10T11:30:00+00:00
3415,20b63262-d3e6-555a-95b2-84fc87694a19,40,project_join,project_join:174,2026-07-10T12:30:00+00:00
3416,cd8c4c60-ab9b-5cf3-996e-d4fbb990f4c6,15,task_complete,task:377,2026-07-10T15:30:00+00:00
3417,cd8c4c60-ab9b-5cf3-996e-d4fbb990f4c6,100,first_task,badge,2026-07-10T15:30:00+00:00
3418,8819cb55-67e6-5a55-98c8-d80446975a9e,40,project_join,project_join:173,2026-07-10T15:30:00+00:00
3419,8819cb55-67e6-5a55-98c8-d80446975a9e,100,first_project,badge,2026-07-10T15:30:00+00:00
3420,ae96d203-7a11-52ed-9e02-cd93c3dda603,75,project_create,project:168,2026-07-10T17:30:00+00:00
3421,ae96d203-7a11-52ed-9e02-cd93c3dda603,100,first_project,badge,2026-07-10T17:30:00+00:00
3422,a53c485b-a35c-51fb-84a5-364207ce0adb,40,project_join,project_join:168,2026-07-10T21:30:00+00:00
3423,a53c485b-a35c-51fb-84a5-364207ce0adb,100,first_project,badge,2026-07-10T21:30:00+00:00
3424,61347d09-09eb-5f04-a4ec-fe830319799f,15,task_complete,task:391,2026-07-10T22:30:00+00:00
3425,61347d09-09eb-5f04-a4ec-fe830319799f,100,first_task,badge,2026-07-10T22:30:00+00:00
3426,20b63262-d3e6-555a-95b2-84fc87694a19,15,task_complete,task:229,2026-07-11T00:30:00+00:00
3427,bf54d417-d834-5d3e-a7f9-106377fe05a5,75,project_create,project:133,2026-07-11T02:30:00+00:00
3428,bf54d417-d834-5d3e-a7f9-106377fe05a5,100,first_project,badge,2026-07-11T02:30:00+00:00
3429,693ebb02-ab3f-5d60-b798-d4d4df4900d2,15,task_complete,task:138,2026-07-11T03:30:00+00:00
3430,693ebb02-ab3f-5d60-b798-d4d4df4900d2,100,first_task,badge,2026-07-11T03:30:00+00:00
3431,88820056-e901-59a1-b2ca-c4e813b34f7b,40,project_join,project_join:133,2026-07-11T06:30:00+00:00
3432,f2561442-8439-5138-9a3b-8bcf96f16609,5,daily_login,2026-07-11,2026-07-11T07:10:00+00:00
3433,610e9654-06d6-5e55-959b-377b8749b8f9,5,daily_login,2026-07-11,2026-07-11T07:10:00+00:00
3434,4c2177ab-592a-5e4a-b25b-8bb3f8090555,5,daily_login,2026-07-11,2026-07-11T07:11:00+00:00
3435,37b7aed3-d207-54f7-b4ec-0e05c50eaeb2,5,daily_login,2026-07-11,2026-07-11T07:11:00+00:00
3436,0da68170-ff38-5dad-9224-770d261f1c8a,5,daily_login,2026-07-11,2026-07-11T07:11:00+00:00
3437,6cf4bb40-4d81-5eb3-b9d9-5841cd55724e,5,daily_login,2026-07-11,2026-07-11T07:11:00+00:00
3438,1dd6da2f-292d-52b5-8e0e-a84885e81ba1,5,daily_login,2026-07-11,2026-07-11T07:12:00+00:00
3439,a36cd93c-2f0c-5956-9a51-8094e39a7bed,5,daily_login,2026-07-11,2026-07-11T07:14:00+00:00
3440,90cced0e-f2c7-528c-bd28-38c44ead6c98,5,daily_login,2026-07-11,2026-07-11T07:15:00+00:00
3441,50d6350f-ffd4-59ad-a1ff-65a49a77a913,5,daily_login,2026-07-11,2026-07-11T07:16:00+00:00
3442,605985c4-d18d-54b0-829f-2a199ea5c81d,5,daily_login,2026-07-11,2026-07-11T07:16:00+00:00
3443,9355c2cf-38db-5118-9b77-3d5b5b3870df,5,daily_login,2026-07-11,2026-07-11T07:17:00+00:00
3444,b7f1d97d-9f3c-5885-b9ef-48d67a16a686,5,daily_login,2026-07-11,2026-07-11T07:17:00+00:00
3445,52ab3a8f-ec5c-5e66-bcd5-efc304512118,5,daily_login,2026-07-11,2026-07-11T07:18:00+00:00
3446,96dbbdad-601e-5bc2-9d1a-78f9f6349a39,5,daily_login,2026-07-11,2026-07-11T07:18:00+00:00
3447,5a4b137d-2ebb-5c75-8cdd-bf77406b4b9f,5,daily_login,2026-07-11,2026-07-11T07:19:00+00:00
3448,e1f9b739-b2d3-51e6-9609-05805a6d151c,5,daily_login,2026-07-11,2026-07-11T07:19:00+00:00
3449,43a3bb15-e7a6-5c42-a198-3e0d7f080ba1,5,daily_login,2026-07-11,2026-07-11T07:20:00+00:00
3450,341a0cef-f4a9-53ee-8980-229dc154ff4e,5,daily_login,2026-07-11,2026-07-11T07:20:00+00:00
3451,9047d24d-0775-5f10-bf17-6e8fc62c5884,5,daily_login,2026-07-11,2026-07-11T07:20:00+00:00
3452,7bdf8ad6-1318-5f74-9112-e2b655e215a2,5,daily_login,2026-07-11,2026-07-11T07:21:00+00:00
3453,85df6dcd-e42a-581f-802b-eb93568b74eb,5,daily_login,2026-07-11,2026-07-11T07:21:00+00:00
3454,4966bb54-4d4f-5992-8586-1bd44991d17f,5,daily_login,2026-07-11,2026-07-11T07:22:00+00:00
3455,8819cb55-67e6-5a55-98c8-d80446975a9e,5,daily_login,2026-07-11,2026-07-11T07:22:00+00:00
3456,368442e7-2dfe-5df4-9ab7-a468b984050a,5,daily_login,2026-07-11,2026-07-11T07:22:00+00:00
3457,4c310820-12d3-5128-9a45-973db446b59e,5,daily_login,2026-07-11,2026-07-11T07:23:00+00:00
3458,4c310820-12d3-5128-9a45-973db446b59e,5,streak_week_bonus,2026-07-11,2026-07-11T07:23:00+00:00
3459,02bf8d95-eee4-5287-b363-0551cc4a6d51,5,daily_login,2026-07-11,2026-07-11T07:23:00+00:00
3460,35e87bcc-650c-5e3f-9741-3f0c54905b6f,5,daily_login,2026-07-11,2026-07-11T07:23:00+00:00
3461,a2cc3818-be31-5aeb-828c-e23f579431aa,5,daily_login,2026-07-11,2026-07-11T07:25:00+00:00
3462,baa8ef70-5b01-5a49-84cb-71c353290705,5,daily_login,2026-07-11,2026-07-11T07:26:00+00:00
3463,e502b694-466f-5e1f-9293-146b264ae20c,5,daily_login,2026-07-11,2026-07-11T07:27:00+00:00
3464,d0c58825-6ead-50f6-9a07-f2f95dbb51ea,5,daily_login,2026-07-11,2026-07-11T07:27:00+00:00
3465,49a9d8f7-08ea-5972-af3a-0ca0a6c06e59,5,daily_login,2026-07-11,2026-07-11T07:27:00+00:00
3466,e7dd6cb0-626e-510a-9e98-0498c534b04d,5,daily_login,2026-07-11,2026-07-11T07:28:00+00:00
3467,5532dec3-02ae-5ac3-8b57-2e8214a8598b,5,daily_login,2026-07-11,2026-07-11T07:29:00+00:00
3468,082b47e7-5a06-5a34-bd49-595c82b2b196,5,daily_login,2026-07-11,2026-07-11T07:31:00+00:00
3469,0e992dba-f631-52d1-b7e3-76faec77c33f,5,daily_login,2026-07-11,2026-07-11T07:31:00+00:00
3470,95927b04-f214-5c26-878d-fb55176e41bc,5,daily_login,2026-07-11,2026-07-11T07:32:00+00:00
3471,84047d01-74e6-5a08-a20e-b5c25e3eff3e,5,daily_login,2026-07-11,2026-07-11T07:33:00+00:00
3472,44f09dba-7a20-5f46-840b-4670e6c7eb92,5,daily_login,2026-07-11,2026-07-11T07:33:00+00:00
3473,88820056-e901-59a1-b2ca-c4e813b34f7b,5,daily_login,2026-07-11,2026-07-11T07:33:00+00:00
3474,e747fee0-a84b-5f51-98a3-7481903c9023,5,daily_login,2026-07-11,2026-07-11T07:34:00+00:00
3475,a0a53b38-722a-56e6-a52c-fe0e06169a59,5,daily_login,2026-07-11,2026-07-11T07:34:00+00:00
3476,d48cab4b-e48b-59ae-88d6-41d5d463569d,5,daily_login,2026-07-11,2026-07-11T07:35:00+00:00
3477,9a026691-28ff-5880-9da3-006735af19d3,5,daily_login,2026-07-11,2026-07-11T07:35:00+00:00
3478,1873645b-b54c-51dc-a41a-7131e831a64f,5,daily_login,2026-07-11,2026-07-11T07:35:00+00:00
3479,7e6a1243-34f5-52e6-862f-e5f3b2ebe640,5,daily_login,2026-07-11,2026-07-11T07:36:00+00:00
3480,5421f79d-ed60-5eed-852b-01b379adab9e,5,daily_login,2026-07-11,2026-07-11T07:36:00+00:00
3481,5ce94e6e-a987-5fd1-90b2-94a1174f9376,5,daily_login,2026-07-11,2026-07-11T07:37:00+00:00
3482,6988340a-a3c1-5fda-a996-711f1723c649,5,daily_login,2026-07-11,2026-07-11T07:37:00+00:00
3483,eb397f92-99ac-5f0f-8f81-3540865f0477,5,daily_login,2026-07-11,2026-07-11T07:38:00+00:00
3484,302b84f9-9053-5cf7-bed0-305678227875,5,daily_login,2026-07-11,2026-07-11T07:39:00+00:00
3485,25797954-b022-582e-8349-e1e2c141368c,5,daily_login,2026-07-11,2026-07-11T07:39:00+00:00
3486,eeeb9e89-042f-5fdc-8fcf-2c3ad56f9bf1,5,daily_login,2026-07-11,2026-07-11T07:39:00+00:00
3487,508d03e7-de84-523a-8242-f48abc9451d7,5,daily_login,2026-07-11,2026-07-11T07:39:00+00:00
3488,c6286e16-5e03-594c-aa67-861b8ba91b33,5,daily_login,2026-07-11,2026-07-11T07:39:00+00:00
3489,e21dfd78-ea9f-5754-a3b2-3b3b66dd30b5,5,daily_login,2026-07-11,2026-07-11T07:39:00+00:00
3490,77c684c4-9514-5edc-85ff-1052c8544c14,5,daily_login,2026-07-11,2026-07-11T07:42:00+00:00
3491,dfe9e449-d177-56af-a679-d3e1c78c5c02,5,daily_login,2026-07-11,2026-07-11T07:43:00+00:00
3492,a070c6d0-c23b-5036-b352-f16db0d6ec8e,5,daily_login,2026-07-11,2026-07-11T07:43:00+00:00
3493,a5526e82-ef69-522b-b3ad-df818658bde0,5,daily_login,2026-07-11,2026-07-11T07:44:00+00:00
3494,e137404e-9196-525c-b17a-44dc96d29f29,5,daily_login,2026-07-11,2026-07-11T07:44:00+00:00
3495,d2a70bca-a25c-522f-9b7e-c967b69503cc,5,daily_login,2026-07-11,2026-07-11T07:45:00+00:00
3496,5ccdaadc-80b2-50e1-a0c1-bad0246a7cf2,5,daily_login,2026-07-11,2026-07-11T07:46:00+00:00
3497,bf54d417-d834-5d3e-a7f9-106377fe05a5,5,daily_login,2026-07-11,2026-07-11T07:46:00+00:00
3498,90cced0e-f2c7-528c-bd28-38c44ead6c98,15,task_complete,task:460,2026-07-11T09:30:00+00:00
3499,90cced0e-f2c7-528c-bd28-38c44ead6c98,100,first_task,badge,2026-07-11T09:30:00+00:00
3500,50de23a6-cd45-55ac-adb0-06d14b4ed8ce,40,project_join,project_join:133,2026-07-11T10:30:00+00:00
3501,50de23a6-cd45-55ac-adb0-06d14b4ed8ce,100,first_project,badge,2026-07-11T10:30:00+00:00
3502,5ccdaadc-80b2-50e1-a0c1-bad0246a7cf2,15,task_complete,task:536,2026-07-11T10:30:00+00:00
3503,f985b68e-39ae-5c83-8468-2b126802c414,40,project_join,project_join:133,2026-07-11T14:30:00+00:00
3504,f985b68e-39ae-5c83-8468-2b126802c414,100,first_project,badge,2026-07-11T14:30:00+00:00
3505,f22a7317-9c2b-5d13-99b9-1a1622094bb3,15,task_complete,task:378,2026-07-11T16:30:00+00:00
3506,610e9654-06d6-5e55-959b-377b8749b8f9,40,project_join,project_join:133,2026-07-11T18:30:00+00:00
3507,610e9654-06d6-5e55-959b-377b8749b8f9,100,first_project,badge,2026-07-11T18:30:00+00:00
3508,a2cc3818-be31-5aeb-828c-e23f579431aa,15,task_complete,task:430,2026-07-11T22:30:00+00:00
3509,a2cc3818-be31-5aeb-828c-e23f579431aa,100,first_task,badge,2026-07-11T22:30:00+00:00
3510,a2cc3818-be31-5aeb-828c-e23f579431aa,200,level_5,badge,2026-07-11T22:30:00+00:00
3511,4ec67eb8-4fda-5cbc-bbd1-a6afc7ce8130,15,task_complete,task:392,2026-07-11T23:30:00+00:00
3512,4ec67eb8-4fda-5cbc-bbd1-a6afc7ce8130,100,first_task,badge,2026-07-11T23:30:00+00:00
3513,d5dc7189-89df-5fd7-983f-1124b6de3d68,15,task_complete,task:230,2026-07-12T01:30:00+00:00
3514,eeeb9e89-042f-5fdc-8fcf-2c3ad56f9bf1,15,task_complete,task:139,2026-07-12T04:30:00+00:00
3515,eeeb9e89-042f-5fdc-8fcf-2c3ad56f9bf1,100,first_task,badge,2026-07-12T04:30:00+00:00
3516,95ff45a0-9b28-55cb-bba6-22a608a4e30d,5,daily_login,2026-07-12,2026-07-12T07:10:00+00:00
3517,af808cd8-ab34-515f-a8a0-a1b0719a537b,5,daily_login,2026-07-12,2026-07-12T07:10:00+00:00
3518,610e9654-06d6-5e55-959b-377b8749b8f9,5,daily_login,2026-07-12,2026-07-12T07:10:00+00:00
3519,f0f4eb8c-a1ed-50a1-bc7d-2863700a31a5,5,daily_login,2026-07-12,2026-07-12T07:11:00+00:00
3520,1dd6da2f-292d-52b5-8e0e-a84885e81ba1,5,daily_login,2026-07-12,2026-07-12T07:12:00+00:00
3521,3d016498-e16a-5ad9-95c7-b633dfc6a142,5,daily_login,2026-07-12,2026-07-12T07:13:00+00:00
3522,ea7edc0e-b64d-545f-b311-b4ee943f2935,5,daily_login,2026-07-12,2026-07-12T07:14:00+00:00
3523,50d6350f-ffd4-59ad-a1ff-65a49a77a913,5,daily_login,2026-07-12,2026-07-12T07:16:00+00:00
3524,eb3717c1-cd92-5eeb-af40-9df7f3132426,5,daily_login,2026-07-12,2026-07-12T07:16:00+00:00
3525,9355c2cf-38db-5118-9b77-3d5b5b3870df,5,daily_login,2026-07-12,2026-07-12T07:17:00+00:00
3526,96dbbdad-601e-5bc2-9d1a-78f9f6349a39,5,daily_login,2026-07-12,2026-07-12T07:18:00+00:00
3527,e1f9b739-b2d3-51e6-9609-05805a6d151c,5,daily_login,2026-07-12,2026-07-12T07:19:00+00:00
3528,b0ebc690-efe0-594f-bd55-e4d7ec3454bc,5,daily_login,2026-07-12,2026-07-12T07:20:00+00:00
3529,9047d24d-0775-5f10-bf17-6e8fc62c5884,5,daily_login,2026-07-12,2026-07-12T07:20:00+00:00
3530,9c9c228f-3bd5-5da4-b666-fbfab93b4b7e,5,daily_login,2026-07-12,2026-07-12T07:21:00+00:00
3531,7bdf8ad6-1318-5f74-9112-e2b655e215a2,5,daily_login,2026-07-12,2026-07-12T07:21:00+00:00
3532,1b1e4344-fde4-5cc2-b82c-4fb458696522,5,daily_login,2026-07-12,2026-07-12T07:21:00+00:00
3533,4ec67eb8-4fda-5cbc-bbd1-a6afc7ce8130,5,daily_login,2026-07-12,2026-07-12T07:21:00+00:00
3534,85df6dcd-e42a-581f-802b-eb93568b74eb,5,daily_login,2026-07-12,2026-07-12T07:21:00+00:00
3535,4c310820-12d3-5128-9a45-973db446b59e,5,daily_login,2026-07-12,2026-07-12T07:23:00+00:00
3536,d5dc7189-89df-5fd7-983f-1124b6de3d68,5,daily_login,2026-07-12,2026-07-12T07:23:00+00:00
3537,02bf8d95-eee4-5287-b363-0551cc4a6d51,5,daily_login,2026-07-12,2026-07-12T07:23:00+00:00
3538,35e87bcc-650c-5e3f-9741-3f0c54905b6f,5,daily_login,2026-07-12,2026-07-12T07:23:00+00:00
3539,ffe47fd1-7989-5728-addd-50b504edd889,5,daily_login,2026-07-12,2026-07-12T07:24:00+00:00
3540,61347d09-09eb-5f04-a4ec-fe830319799f,5,daily_login,2026-07-12,2026-07-12T07:24:00+00:00
3541,a2cc3818-be31-5aeb-828c-e23f579431aa,5,daily_login,2026-07-12,2026-07-12T07:25:00+00:00
3542,53f78f7e-e2df-586b-b483-5748c92d0f9f,5,daily_login,2026-07-12,2026-07-12T07:25:00+00:00
3543,1bf86e3f-0e6e-5241-b319-71005237945f,5,daily_login,2026-07-12,2026-07-12T07:25:00+00:00
3544,baa8ef70-5b01-5a49-84cb-71c353290705,5,daily_login,2026-07-12,2026-07-12T07:26:00+00:00
3545,e502b694-466f-5e1f-9293-146b264ae20c,5,daily_login,2026-07-12,2026-07-12T07:27:00+00:00
3546,d0c58825-6ead-50f6-9a07-f2f95dbb51ea,5,daily_login,2026-07-12,2026-07-12T07:27:00+00:00
3547,2e2e8079-6c9e-51c9-bc7e-1475045fd514,5,daily_login,2026-07-12,2026-07-12T07:27:00+00:00
3548,e3efd234-c7f9-5957-937f-661b1c3981ef,5,daily_login,2026-07-12,2026-07-12T07:28:00+00:00
3549,5532dec3-02ae-5ac3-8b57-2e8214a8598b,5,daily_login,2026-07-12,2026-07-12T07:29:00+00:00
3550,54561bf4-fe37-5b37-934d-9c7f81542f8b,5,daily_login,2026-07-12,2026-07-12T07:30:00+00:00
3551,082b47e7-5a06-5a34-bd49-595c82b2b196,5,daily_login,2026-07-12,2026-07-12T07:31:00+00:00
3552,45cee65b-db52-5dff-b09d-0ee1ac2be20f,5,daily_login,2026-07-12,2026-07-12T07:31:00+00:00
3553,0e992dba-f631-52d1-b7e3-76faec77c33f,5,daily_login,2026-07-12,2026-07-12T07:31:00+00:00
3554,95927b04-f214-5c26-878d-fb55176e41bc,5,daily_login,2026-07-12,2026-07-12T07:32:00+00:00
3555,84047d01-74e6-5a08-a20e-b5c25e3eff3e,5,daily_login,2026-07-12,2026-07-12T07:33:00+00:00
3556,44f09dba-7a20-5f46-840b-4670e6c7eb92,5,daily_login,2026-07-12,2026-07-12T07:33:00+00:00
3557,88820056-e901-59a1-b2ca-c4e813b34f7b,5,daily_login,2026-07-12,2026-07-12T07:33:00+00:00
3558,e747fee0-a84b-5f51-98a3-7481903c9023,5,daily_login,2026-07-12,2026-07-12T07:34:00+00:00
3559,01c00e49-c4d6-5d4b-bbc1-8aa3fe21ba2a,5,daily_login,2026-07-12,2026-07-12T07:34:00+00:00
3560,9a026691-28ff-5880-9da3-006735af19d3,5,daily_login,2026-07-12,2026-07-12T07:35:00+00:00
3561,7e6a1243-34f5-52e6-862f-e5f3b2ebe640,5,daily_login,2026-07-12,2026-07-12T07:36:00+00:00
3562,5421f79d-ed60-5eed-852b-01b379adab9e,5,daily_login,2026-07-12,2026-07-12T07:36:00+00:00
3563,8fa5b823-1a70-59f7-9bb2-b3d5f36dc82b,5,daily_login,2026-07-12,2026-07-12T07:36:00+00:00
3564,9edec740-5de6-5c27-8233-5cf72946b182,5,daily_login,2026-07-12,2026-07-12T07:36:00+00:00
3565,ab45f9eb-3fee-5ea5-bccb-faffc50f3e76,5,daily_login,2026-07-12,2026-07-12T07:37:00+00:00
3566,eb397f92-99ac-5f0f-8f81-3540865f0477,5,daily_login,2026-07-12,2026-07-12T07:38:00+00:00
3567,508d03e7-de84-523a-8242-f48abc9451d7,5,daily_login,2026-07-12,2026-07-12T07:39:00+00:00
3568,c6286e16-5e03-594c-aa67-861b8ba91b33,5,daily_login,2026-07-12,2026-07-12T07:39:00+00:00
3569,7b48b183-5d87-500f-9cec-2e003c19efac,5,daily_login,2026-07-12,2026-07-12T07:40:00+00:00
3570,fb400c3e-ecd0-522e-8b8e-1323946be71a,5,daily_login,2026-07-12,2026-07-12T07:40:00+00:00
3571,33ba5d16-c38c-5bcf-9896-ea8ae81d6e7b,5,daily_login,2026-07-12,2026-07-12T07:41:00+00:00
3572,b5be680a-732e-55e0-bc5d-b80e831ff33a,5,daily_login,2026-07-12,2026-07-12T07:42:00+00:00
3573,daa36188-60fd-56a2-938b-70b1b51084b0,5,daily_login,2026-07-12,2026-07-12T07:43:00+00:00
3574,dfe9e449-d177-56af-a679-d3e1c78c5c02,5,daily_login,2026-07-12,2026-07-12T07:43:00+00:00
3575,a070c6d0-c23b-5036-b352-f16db0d6ec8e,5,daily_login,2026-07-12,2026-07-12T07:43:00+00:00
3576,3b932376-f549-5a1c-a24b-664b4bc338e3,5,daily_login,2026-07-12,2026-07-12T07:43:00+00:00
3577,a5526e82-ef69-522b-b3ad-df818658bde0,5,daily_login,2026-07-12,2026-07-12T07:44:00+00:00
3578,e137404e-9196-525c-b17a-44dc96d29f29,5,daily_login,2026-07-12,2026-07-12T07:44:00+00:00
3579,6ab0c42d-0ad5-5b3d-9c6c-4ab9eaa47586,5,daily_login,2026-07-12,2026-07-12T07:45:00+00:00
3580,b39a9d3d-f3eb-5d31-9cc7-15e278969b70,5,daily_login,2026-07-12,2026-07-12T07:46:00+00:00
3581,cac67f41-f5af-5268-9e2d-34feac0dc9fa,5,daily_login,2026-07-12,2026-07-12T07:46:00+00:00
3582,fb400c3e-ecd0-522e-8b8e-1323946be71a,15,task_complete,task:461,2026-07-12T10:30:00+00:00
3583,fb400c3e-ecd0-522e-8b8e-1323946be71a,100,first_task,badge,2026-07-12T10:30:00+00:00
3584,cd8c4c60-ab9b-5cf3-996e-d4fbb990f4c6,15,task_complete,task:379,2026-07-12T17:30:00+00:00
3585,1767869f-381f-59b9-acac-01da2d539e40,15,task_complete,task:393,2026-07-13T00:30:00+00:00
3586,20b63262-d3e6-555a-95b2-84fc87694a19,15,task_complete,task:231,2026-07-13T02:30:00+00:00
3587,90cced0e-f2c7-528c-bd28-38c44ead6c98,15,task_complete,task:140,2026-07-13T05:30:00+00:00
3588,95ff45a0-9b28-55cb-bba6-22a608a4e30d,5,daily_login,2026-07-13,2026-07-13T07:10:00+00:00
3589,518ae987-15f7-5b22-8bcc-df59623dbdce,5,daily_login,2026-07-13,2026-07-13T07:10:00+00:00
3590,f0f4eb8c-a1ed-50a1-bc7d-2863700a31a5,5,daily_login,2026-07-13,2026-07-13T07:11:00+00:00
3591,8ae0340a-8eaf-5e9d-9db0-ac449334023d,5,daily_login,2026-07-13,2026-07-13T07:12:00+00:00
3592,3d016498-e16a-5ad9-95c7-b633dfc6a142,5,daily_login,2026-07-13,2026-07-13T07:13:00+00:00
3593,34046d1a-c67e-5a81-b9d5-47dd4840c4fe,5,daily_login,2026-07-13,2026-07-13T07:14:00+00:00
3594,d6b81cb4-a299-5894-baa5-463cb63679a3,5,daily_login,2026-07-13,2026-07-13T07:15:00+00:00
3595,50d6350f-ffd4-59ad-a1ff-65a49a77a913,5,daily_login,2026-07-13,2026-07-13T07:16:00+00:00
3596,64b591cd-4cbe-577a-aba9-ee6912328a58,5,daily_login,2026-07-13,2026-07-13T07:16:00+00:00
3597,eb3717c1-cd92-5eeb-af40-9df7f3132426,5,daily_login,2026-07-13,2026-07-13T07:16:00+00:00
3598,693ebb02-ab3f-5d60-b798-d4d4df4900d2,5,daily_login,2026-07-13,2026-07-13T07:16:00+00:00
3599,b7f1d97d-9f3c-5885-b9ef-48d67a16a686,5,daily_login,2026-07-13,2026-07-13T07:17:00+00:00
3600,3425797b-5c54-5f3a-9a34-9cedb0dc5b84,5,daily_login,2026-07-13,2026-07-13T07:18:00+00:00
3601,96dbbdad-601e-5bc2-9d1a-78f9f6349a39,5,daily_login,2026-07-13,2026-07-13T07:18:00+00:00
3602,64609795-d498-5ea7-ad33-a3bcecf9d962,5,daily_login,2026-07-13,2026-07-13T07:18:00+00:00
3603,b55b4f74-ded6-5cf1-aae0-9ad89c03c10c,5,daily_login,2026-07-13,2026-07-13T07:19:00+00:00
3604,5a4b137d-2ebb-5c75-8cdd-bf77406b4b9f,5,daily_login,2026-07-13,2026-07-13T07:19:00+00:00
3605,63fdd1e3-9db3-5b05-9799-510eea6abab7,5,daily_login,2026-07-13,2026-07-13T07:20:00+00:00
3606,9047d24d-0775-5f10-bf17-6e8fc62c5884,5,daily_login,2026-07-13,2026-07-13T07:20:00+00:00
3607,7bdf8ad6-1318-5f74-9112-e2b655e215a2,5,daily_login,2026-07-13,2026-07-13T07:21:00+00:00
3608,1b1e4344-fde4-5cc2-b82c-4fb458696522,5,daily_login,2026-07-13,2026-07-13T07:21:00+00:00
3609,8819cb55-67e6-5a55-98c8-d80446975a9e,5,daily_login,2026-07-13,2026-07-13T07:22:00+00:00
3610,368442e7-2dfe-5df4-9ab7-a468b984050a,5,daily_login,2026-07-13,2026-07-13T07:22:00+00:00
3611,d16e3cdc-2868-563d-867d-62fa9b8b24ea,5,daily_login,2026-07-13,2026-07-13T07:22:00+00:00
3612,4c310820-12d3-5128-9a45-973db446b59e,5,daily_login,2026-07-13,2026-07-13T07:23:00+00:00
3613,d5dc7189-89df-5fd7-983f-1124b6de3d68,5,daily_login,2026-07-13,2026-07-13T07:23:00+00:00
3614,02bf8d95-eee4-5287-b363-0551cc4a6d51,5,daily_login,2026-07-13,2026-07-13T07:23:00+00:00
3615,35e87bcc-650c-5e3f-9741-3f0c54905b6f,5,daily_login,2026-07-13,2026-07-13T07:23:00+00:00
3616,ffe47fd1-7989-5728-addd-50b504edd889,5,daily_login,2026-07-13,2026-07-13T07:24:00+00:00
3617,53f78f7e-e2df-586b-b483-5748c92d0f9f,5,daily_login,2026-07-13,2026-07-13T07:25:00+00:00
3618,e502b694-466f-5e1f-9293-146b264ae20c,5,daily_login,2026-07-13,2026-07-13T07:27:00+00:00
3619,d0c58825-6ead-50f6-9a07-f2f95dbb51ea,5,daily_login,2026-07-13,2026-07-13T07:27:00+00:00
3620,2e2e8079-6c9e-51c9-bc7e-1475045fd514,5,daily_login,2026-07-13,2026-07-13T07:27:00+00:00
3621,e7c63421-97d2-555e-9731-46cb0f04f637,5,daily_login,2026-07-13,2026-07-13T07:28:00+00:00
3622,e7dd6cb0-626e-510a-9e98-0498c534b04d,5,daily_login,2026-07-13,2026-07-13T07:28:00+00:00
3623,b897da16-1a55-5740-8129-7d502e6f44b8,5,daily_login,2026-07-13,2026-07-13T07:29:00+00:00
3624,45cee65b-db52-5dff-b09d-0ee1ac2be20f,5,daily_login,2026-07-13,2026-07-13T07:31:00+00:00
3625,f8f213c7-3d61-567e-9735-5e3e9498b892,5,daily_login,2026-07-13,2026-07-13T07:31:00+00:00
3626,10feece1-a2cd-532b-8488-21659a3bee22,5,daily_login,2026-07-13,2026-07-13T07:31:00+00:00
3627,82a5c89c-0b3a-58b9-9259-837a5348a5c2,5,daily_login,2026-07-13,2026-07-13T07:31:00+00:00
3628,95927b04-f214-5c26-878d-fb55176e41bc,5,daily_login,2026-07-13,2026-07-13T07:32:00+00:00
3629,473b12ab-4d0d-5b7f-89b2-c0a1e2405c60,5,daily_login,2026-07-13,2026-07-13T07:32:00+00:00
3630,84047d01-74e6-5a08-a20e-b5c25e3eff3e,5,daily_login,2026-07-13,2026-07-13T07:33:00+00:00
3631,88820056-e901-59a1-b2ca-c4e813b34f7b,5,daily_login,2026-07-13,2026-07-13T07:33:00+00:00
3632,bc38029f-d1c5-5b8f-8055-d446a522cb91,5,daily_login,2026-07-13,2026-07-13T07:34:00+00:00
3633,6720265f-9f2b-5485-bf24-54e1784991b6,5,daily_login,2026-07-13,2026-07-13T07:34:00+00:00
3634,01c00e49-c4d6-5d4b-bbc1-8aa3fe21ba2a,5,daily_login,2026-07-13,2026-07-13T07:34:00+00:00
3635,9a026691-28ff-5880-9da3-006735af19d3,5,daily_login,2026-07-13,2026-07-13T07:35:00+00:00
3636,4cf03b5a-e2ca-57f2-95b8-16a3b92247e6,5,daily_login,2026-07-13,2026-07-13T07:37:00+00:00
3637,5ce94e6e-a987-5fd1-90b2-94a1174f9376,5,daily_login,2026-07-13,2026-07-13T07:37:00+00:00
3638,6988340a-a3c1-5fda-a996-711f1723c649,5,daily_login,2026-07-13,2026-07-13T07:37:00+00:00
3639,25797954-b022-582e-8349-e1e2c141368c,5,daily_login,2026-07-13,2026-07-13T07:39:00+00:00
3640,508d03e7-de84-523a-8242-f48abc9451d7,5,daily_login,2026-07-13,2026-07-13T07:39:00+00:00
3641,c6286e16-5e03-594c-aa67-861b8ba91b33,5,daily_login,2026-07-13,2026-07-13T07:39:00+00:00
3642,bb4b0d34-59a4-5948-a9be-a1aa6caece55,5,daily_login,2026-07-13,2026-07-13T07:40:00+00:00
3643,d767d4bb-a2aa-587a-90f9-23d0689ae52a,5,daily_login,2026-07-13,2026-07-13T07:40:00+00:00
3644,fb400c3e-ecd0-522e-8b8e-1323946be71a,5,daily_login,2026-07-13,2026-07-13T07:40:00+00:00
3645,33ba5d16-c38c-5bcf-9896-ea8ae81d6e7b,5,daily_login,2026-07-13,2026-07-13T07:41:00+00:00
3646,373cd20e-25d5-5a46-a0ae-18157cf68a55,5,daily_login,2026-07-13,2026-07-13T07:41:00+00:00
3647,b5be680a-732e-55e0-bc5d-b80e831ff33a,5,daily_login,2026-07-13,2026-07-13T07:42:00+00:00
3648,daa36188-60fd-56a2-938b-70b1b51084b0,5,daily_login,2026-07-13,2026-07-13T07:43:00+00:00
3649,dfe9e449-d177-56af-a679-d3e1c78c5c02,5,daily_login,2026-07-13,2026-07-13T07:43:00+00:00
3650,dfe9e449-d177-56af-a679-d3e1c78c5c02,5,streak_week_bonus,2026-07-13,2026-07-13T07:43:00+00:00
3651,dfe9e449-d177-56af-a679-d3e1c78c5c02,200,streak_7,badge,2026-07-13T07:43:00+00:00
3652,36016ab9-3cc9-5f6a-8bc7-1d138ad9cb43,5,daily_login,2026-07-13,2026-07-13T07:44:00+00:00
3653,a5526e82-ef69-522b-b3ad-df818658bde0,5,daily_login,2026-07-13,2026-07-13T07:44:00+00:00
3654,e137404e-9196-525c-b17a-44dc96d29f29,5,daily_login,2026-07-13,2026-07-13T07:44:00+00:00
3655,6ab0c42d-0ad5-5b3d-9c6c-4ab9eaa47586,5,daily_login,2026-07-13,2026-07-13T07:45:00+00:00
3656,3bc3e38a-5ff7-5330-ab2d-8add18e85d57,5,daily_login,2026-07-13,2026-07-13T07:45:00+00:00
3657,6ac5a7a4-ae0d-5e31-8a7c-d85b63a96c46,5,daily_login,2026-07-13,2026-07-13T07:45:00+00:00
3658,b39a9d3d-f3eb-5d31-9cc7-15e278969b70,5,daily_login,2026-07-13,2026-07-13T07:46:00+00:00
3659,cd8c4c60-ab9b-5cf3-996e-d4fbb990f4c6,75,project_create,project:187,2026-07-13T08:30:00+00:00
3660,54561bf4-fe37-5b37-934d-9c7f81542f8b,15,task_complete,task:506,2026-07-13T09:30:00+00:00
3661,54561bf4-fe37-5b37-934d-9c7f81542f8b,100,first_task,badge,2026-07-13T09:30:00+00:00
3662,54561bf4-fe37-5b37-934d-9c7f81542f8b,60,milestone_complete,milestone:255,2026-07-13T09:30:00+00:00
3663,54561bf4-fe37-5b37-934d-9c7f81542f8b,150,first_milestone,badge,2026-07-13T09:30:00+00:00
3664,6e82bb3e-ede8-5803-ba1a-cc3aa8766199,150,first_milestone,badge,2026-07-13T09:30:00+00:00
3665,6e82bb3e-ede8-5803-ba1a-cc3aa8766199,40,project_join,project_join:187,2026-07-13T12:30:00+00:00
3666,d5dc7189-89df-5fd7-983f-1124b6de3d68,40,project_join,project_join:187,2026-07-13T16:30:00+00:00
3667,d5dc7189-89df-5fd7-983f-1124b6de3d68,200,level_5,badge,2026-07-13T16:30:00+00:00
3668,f22a7317-9c2b-5d13-99b9-1a1622094bb3,15,task_complete,task:380,2026-07-13T18:30:00+00:00
3669,f2561442-8439-5138-9a3b-8bcf96f16609,5,daily_login,2026-07-14,2026-07-14T07:10:00+00:00
3670,af808cd8-ab34-515f-a8a0-a1b0719a537b,5,daily_login,2026-07-14,2026-07-14T07:10:00+00:00
3671,4c2177ab-592a-5e4a-b25b-8bb3f8090555,5,daily_login,2026-07-14,2026-07-14T07:11:00+00:00
3672,37b7aed3-d207-54f7-b4ec-0e05c50eaeb2,5,daily_login,2026-07-14,2026-07-14T07:11:00+00:00
3673,8ae0340a-8eaf-5e9d-9db0-ac449334023d,5,daily_login,2026-07-14,2026-07-14T07:12:00+00:00
3674,50de23a6-cd45-55ac-adb0-06d14b4ed8ce,5,daily_login,2026-07-14,2026-07-14T07:12:00+00:00
3675,3d016498-e16a-5ad9-95c7-b633dfc6a142,5,daily_login,2026-07-14,2026-07-14T07:13:00+00:00
3676,20b63262-d3e6-555a-95b2-84fc87694a19,5,daily_login,2026-07-14,2026-07-14T07:15:00+00:00
3677,d6b81cb4-a299-5894-baa5-463cb63679a3,5,daily_login,2026-07-14,2026-07-14T07:15:00+00:00
3678,693ebb02-ab3f-5d60-b798-d4d4df4900d2,5,daily_login,2026-07-14,2026-07-14T07:16:00+00:00
3679,52ab3a8f-ec5c-5e66-bcd5-efc304512118,5,daily_login,2026-07-14,2026-07-14T07:18:00+00:00
3680,96dbbdad-601e-5bc2-9d1a-78f9f6349a39,5,daily_login,2026-07-14,2026-07-14T07:18:00+00:00
3681,64609795-d498-5ea7-ad33-a3bcecf9d962,5,daily_login,2026-07-14,2026-07-14T07:18:00+00:00
3682,9047d24d-0775-5f10-bf17-6e8fc62c5884,5,daily_login,2026-07-14,2026-07-14T07:20:00+00:00
3683,7bdf8ad6-1318-5f74-9112-e2b655e215a2,5,daily_login,2026-07-14,2026-07-14T07:21:00+00:00
3684,1b1e4344-fde4-5cc2-b82c-4fb458696522,5,daily_login,2026-07-14,2026-07-14T07:21:00+00:00
3685,8819cb55-67e6-5a55-98c8-d80446975a9e,5,daily_login,2026-07-14,2026-07-14T07:22:00+00:00
3686,484e243b-afd7-5767-bb0f-4262c0334aea,5,daily_login,2026-07-14,2026-07-14T07:22:00+00:00
3687,d16e3cdc-2868-563d-867d-62fa9b8b24ea,5,daily_login,2026-07-14,2026-07-14T07:22:00+00:00
3688,4c310820-12d3-5128-9a45-973db446b59e,5,daily_login,2026-07-14,2026-07-14T07:23:00+00:00
3689,02bf8d95-eee4-5287-b363-0551cc4a6d51,5,daily_login,2026-07-14,2026-07-14T07:23:00+00:00
3690,61347d09-09eb-5f04-a4ec-fe830319799f,5,daily_login,2026-07-14,2026-07-14T07:24:00+00:00
3691,a2cc3818-be31-5aeb-828c-e23f579431aa,5,daily_login,2026-07-14,2026-07-14T07:25:00+00:00
3692,1bf86e3f-0e6e-5241-b319-71005237945f,5,daily_login,2026-07-14,2026-07-14T07:25:00+00:00
3693,baa8ef70-5b01-5a49-84cb-71c353290705,5,daily_login,2026-07-14,2026-07-14T07:26:00+00:00
3694,4307ee18-2e16-50be-abbc-db160bb8e8fd,5,daily_login,2026-07-14,2026-07-14T07:26:00+00:00
3695,e502b694-466f-5e1f-9293-146b264ae20c,5,daily_login,2026-07-14,2026-07-14T07:27:00+00:00
3696,458287c3-1628-5e26-8930-0d88ae11ce1a,5,daily_login,2026-07-14,2026-07-14T07:27:00+00:00
3697,e7dd6cb0-626e-510a-9e98-0498c534b04d,5,daily_login,2026-07-14,2026-07-14T07:28:00+00:00
3698,0e49007f-82be-5238-a956-37d8f7b40d4c,5,daily_login,2026-07-14,2026-07-14T07:29:00+00:00
3699,f0ca4141-ccff-5472-ba76-f4b194108c7b,5,daily_login,2026-07-14,2026-07-14T07:29:00+00:00
3700,774fd1d7-ca6b-5177-9d91-fc7b24739425,5,daily_login,2026-07-14,2026-07-14T07:30:00+00:00
3701,54561bf4-fe37-5b37-934d-9c7f81542f8b,5,daily_login,2026-07-14,2026-07-14T07:30:00+00:00
3702,da462241-608b-5422-bdbd-0d98184a433d,5,daily_login,2026-07-14,2026-07-14T07:30:00+00:00
3703,0947c4b9-50d6-50e2-9043-84a15b80e8c7,5,daily_login,2026-07-14,2026-07-14T07:30:00+00:00
3704,082b47e7-5a06-5a34-bd49-595c82b2b196,5,daily_login,2026-07-14,2026-07-14T07:31:00+00:00
3705,45cee65b-db52-5dff-b09d-0ee1ac2be20f,5,daily_login,2026-07-14,2026-07-14T07:31:00+00:00
3706,f8f213c7-3d61-567e-9735-5e3e9498b892,5,daily_login,2026-07-14,2026-07-14T07:31:00+00:00
3707,82a5c89c-0b3a-58b9-9259-837a5348a5c2,5,daily_login,2026-07-14,2026-07-14T07:31:00+00:00
3708,95927b04-f214-5c26-878d-fb55176e41bc,5,daily_login,2026-07-14,2026-07-14T07:32:00+00:00
3709,44f09dba-7a20-5f46-840b-4670e6c7eb92,5,daily_login,2026-07-14,2026-07-14T07:33:00+00:00
3710,88820056-e901-59a1-b2ca-c4e813b34f7b,5,daily_login,2026-07-14,2026-07-14T07:33:00+00:00
3711,bc38029f-d1c5-5b8f-8055-d446a522cb91,5,daily_login,2026-07-14,2026-07-14T07:34:00+00:00
3712,e747fee0-a84b-5f51-98a3-7481903c9023,5,daily_login,2026-07-14,2026-07-14T07:34:00+00:00
3713,9a026691-28ff-5880-9da3-006735af19d3,5,daily_login,2026-07-14,2026-07-14T07:35:00+00:00
3714,5421f79d-ed60-5eed-852b-01b379adab9e,5,daily_login,2026-07-14,2026-07-14T07:36:00+00:00
3715,ab45f9eb-3fee-5ea5-bccb-faffc50f3e76,5,daily_login,2026-07-14,2026-07-14T07:37:00+00:00
3716,5ce94e6e-a987-5fd1-90b2-94a1174f9376,5,daily_login,2026-07-14,2026-07-14T07:37:00+00:00
3717,bdc5faf6-386d-5338-99a0-32d156bcbd68,5,daily_login,2026-07-14,2026-07-14T07:38:00+00:00
3718,508d03e7-de84-523a-8242-f48abc9451d7,5,daily_login,2026-07-14,2026-07-14T07:39:00+00:00
3719,508d03e7-de84-523a-8242-f48abc9451d7,5,streak_week_bonus,2026-07-14,2026-07-14T07:39:00+00:00
3720,508d03e7-de84-523a-8242-f48abc9451d7,200,streak_7,badge,2026-07-14T07:39:00+00:00
3721,c6286e16-5e03-594c-aa67-861b8ba91b33,5,daily_login,2026-07-14,2026-07-14T07:39:00+00:00
3722,7b48b183-5d87-500f-9cec-2e003c19efac,5,daily_login,2026-07-14,2026-07-14T07:40:00+00:00
3723,bb4b0d34-59a4-5948-a9be-a1aa6caece55,5,daily_login,2026-07-14,2026-07-14T07:40:00+00:00
3724,7624f38b-fbca-546f-af04-c9dda9318f82,5,daily_login,2026-07-14,2026-07-14T07:41:00+00:00
3725,e5b7ccce-2cb7-5b6e-95a5-32ffacbca87f,5,daily_login,2026-07-14,2026-07-14T07:42:00+00:00
3726,f223e569-d735-5980-b77b-25d459e64a37,5,daily_login,2026-07-14,2026-07-14T07:42:00+00:00
3727,77c684c4-9514-5edc-85ff-1052c8544c14,5,daily_login,2026-07-14,2026-07-14T07:42:00+00:00
3728,b5be680a-732e-55e0-bc5d-b80e831ff33a,5,daily_login,2026-07-14,2026-07-14T07:42:00+00:00
3729,3b932376-f549-5a1c-a24b-664b4bc338e3,5,daily_login,2026-07-14,2026-07-14T07:43:00+00:00
3730,36016ab9-3cc9-5f6a-8bc7-1d138ad9cb43,5,daily_login,2026-07-14,2026-07-14T07:44:00+00:00
3731,a5526e82-ef69-522b-b3ad-df818658bde0,5,daily_login,2026-07-14,2026-07-14T07:44:00+00:00
3732,e137404e-9196-525c-b17a-44dc96d29f29,5,daily_login,2026-07-14,2026-07-14T07:44:00+00:00
3733,6ab0c42d-0ad5-5b3d-9c6c-4ab9eaa47586,5,daily_login,2026-07-14,2026-07-14T07:45:00+00:00
3734,d2a70bca-a25c-522f-9b7e-c967b69503cc,5,daily_login,2026-07-14,2026-07-14T07:45:00+00:00
3735,3bc3e38a-5ff7-5330-ab2d-8add18e85d57,5,daily_login,2026-07-14,2026-07-14T07:45:00+00:00
3736,6ac5a7a4-ae0d-5e31-8a7c-d85b63a96c46,5,daily_login,2026-07-14,2026-07-14T07:45:00+00:00
3737,5ccdaadc-80b2-50e1-a0c1-bad0246a7cf2,5,daily_login,2026-07-14,2026-07-14T07:46:00+00:00
3738,f22a7317-9c2b-5d13-99b9-1a1622094bb3,15,task_complete,task:507,2026-07-14T10:30:00+00:00
3739,90cced0e-f2c7-528c-bd28-38c44ead6c98,15,task_complete,task:463,2026-07-14T12:30:00+00:00
3740,001e944b-e64e-5742-afb7-5e04327e41ee,75,project_create,project:191,2026-07-14T14:30:00+00:00
3741,90cced0e-f2c7-528c-bd28-38c44ead6c98,40,project_join,project_join:191,2026-07-14T18:30:00+00:00
3742,cd8c4c60-ab9b-5cf3-996e-d4fbb990f4c6,15,task_complete,task:381,2026-07-14T19:30:00+00:00
3743,a60d0128-bffa-5d2d-9915-36693e6bc3ba,15,task_complete,task:464,2026-07-14T19:30:00+00:00
3744,a60d0128-bffa-5d2d-9915-36693e6bc3ba,100,first_task,badge,2026-07-14T19:30:00+00:00
3745,a60d0128-bffa-5d2d-9915-36693e6bc3ba,60,milestone_complete,milestone:241,2026-07-14T19:30:00+00:00
3746,a60d0128-bffa-5d2d-9915-36693e6bc3ba,150,first_milestone,badge,2026-07-14T19:30:00+00:00
3747,605985c4-d18d-54b0-829f-2a199ea5c81d,150,first_milestone,badge,2026-07-14T19:30:00+00:00
3748,85df6dcd-e42a-581f-802b-eb93568b74eb,150,first_milestone,badge,2026-07-14T19:30:00+00:00
3749,e7dd6cb0-626e-510a-9e98-0498c534b04d,150,first_milestone,badge,2026-07-14T19:30:00+00:00
3750,8819cb55-67e6-5a55-98c8-d80446975a9e,150,first_milestone,badge,2026-07-14T19:30:00+00:00
3751,001e944b-e64e-5742-afb7-5e04327e41ee,75,project_create,project:113,2026-07-14T22:30:00+00:00
3752,3425797b-5c54-5f3a-9a34-9cedb0dc5b84,40,project_join,project_join:191,2026-07-14T22:30:00+00:00
3753,7bdf8ad6-1318-5f74-9112-e2b655e215a2,15,task_complete,task:472,2026-07-15T00:30:00+00:00
3754,7bdf8ad6-1318-5f74-9112-e2b655e215a2,100,first_task,badge,2026-07-15T00:30:00+00:00
3755,7bdf8ad6-1318-5f74-9112-e2b655e215a2,60,milestone_complete,milestone:243,2026-07-15T00:30:00+00:00
3756,7bdf8ad6-1318-5f74-9112-e2b655e215a2,200,level_5,badge,2026-07-15T00:30:00+00:00
3757,7bdf8ad6-1318-5f74-9112-e2b655e215a2,150,first_milestone,badge,2026-07-15T00:30:00+00:00
3758,6988340a-a3c1-5fda-a996-711f1723c649,150,first_milestone,badge,2026-07-15T00:30:00+00:00
3759,518ae987-15f7-5b22-8bcc-df59623dbdce,40,project_join,project_join:113,2026-07-15T02:30:00+00:00
3760,518ae987-15f7-5b22-8bcc-df59623dbdce,100,first_project,badge,2026-07-15T02:30:00+00:00
3761,f3744506-cae3-5f81-8a4f-506a60395be8,40,project_join,project_join:191,2026-07-15T02:30:00+00:00
3762,f3744506-cae3-5f81-8a4f-506a60395be8,100,first_project,badge,2026-07-15T02:30:00+00:00
3763,1bc15434-bc22-56cc-a890-336efd2a11e5,300,project_completed,badge,2026-07-15T03:30:00+00:00
3764,1bc15434-bc22-56cc-a890-336efd2a11e5,200,level_5,badge,2026-07-15T03:30:00+00:00
3765,96ccee9a-30f2-56cd-b597-a927c84e0f75,300,project_completed,badge,2026-07-15T03:30:00+00:00
3766,96ccee9a-30f2-56cd-b597-a927c84e0f75,200,level_5,badge,2026-07-15T03:30:00+00:00
3767,f4793612-bd5c-52c4-b29e-226fe28a77ca,300,project_completed,badge,2026-07-15T03:30:00+00:00
3768,f4793612-bd5c-52c4-b29e-226fe28a77ca,200,level_5,badge,2026-07-15T03:30:00+00:00
3769,d48cab4b-e48b-59ae-88d6-41d5d463569d,300,project_completed,badge,2026-07-15T03:30:00+00:00
3770,d48cab4b-e48b-59ae-88d6-41d5d463569d,200,level_5,badge,2026-07-15T03:30:00+00:00
3771,1bc15434-bc22-56cc-a890-336efd2a11e5,60,milestone_complete,milestone:220,2026-07-15T03:30:00+00:00
3772,3b932376-f549-5a1c-a24b-664b4bc338e3,40,project_join,project_join:191,2026-07-15T06:30:00+00:00
3773,3b932376-f549-5a1c-a24b-664b4bc338e3,100,first_project,badge,2026-07-15T06:30:00+00:00
3774,f2561442-8439-5138-9a3b-8bcf96f16609,5,daily_login,2026-07-15,2026-07-15T07:10:00+00:00
3775,610e9654-06d6-5e55-959b-377b8749b8f9,5,daily_login,2026-07-15,2026-07-15T07:10:00+00:00
3776,518ae987-15f7-5b22-8bcc-df59623dbdce,5,daily_login,2026-07-15,2026-07-15T07:10:00+00:00
3777,f21481e8-5bf3-5aa6-a7e0-fe6e26920e28,5,daily_login,2026-07-15,2026-07-15T07:13:00+00:00
3778,20b63262-d3e6-555a-95b2-84fc87694a19,5,daily_login,2026-07-15,2026-07-15T07:15:00+00:00
3779,90cced0e-f2c7-528c-bd28-38c44ead6c98,5,daily_login,2026-07-15,2026-07-15T07:15:00+00:00
3780,50d6350f-ffd4-59ad-a1ff-65a49a77a913,5,daily_login,2026-07-15,2026-07-15T07:16:00+00:00
3781,64b591cd-4cbe-577a-aba9-ee6912328a58,5,daily_login,2026-07-15,2026-07-15T07:16:00+00:00
3782,06657aeb-b604-5b0d-9281-d2e5afb78a9d,5,daily_login,2026-07-15,2026-07-15T07:16:00+00:00
3783,96dbbdad-601e-5bc2-9d1a-78f9f6349a39,5,daily_login,2026-07-15,2026-07-15T07:18:00+00:00
3784,96dbbdad-601e-5bc2-9d1a-78f9f6349a39,5,streak_week_bonus,2026-07-15,2026-07-15T07:18:00+00:00
3785,64609795-d498-5ea7-ad33-a3bcecf9d962,5,daily_login,2026-07-15,2026-07-15T07:18:00+00:00
3786,b55b4f74-ded6-5cf1-aae0-9ad89c03c10c,5,daily_login,2026-07-15,2026-07-15T07:19:00+00:00
3787,9c9c228f-3bd5-5da4-b666-fbfab93b4b7e,5,daily_login,2026-07-15,2026-07-15T07:21:00+00:00
3788,7bdf8ad6-1318-5f74-9112-e2b655e215a2,5,daily_login,2026-07-15,2026-07-15T07:21:00+00:00
3789,4ec67eb8-4fda-5cbc-bbd1-a6afc7ce8130,5,daily_login,2026-07-15,2026-07-15T07:21:00+00:00
3790,d16e3cdc-2868-563d-867d-62fa9b8b24ea,5,daily_login,2026-07-15,2026-07-15T07:22:00+00:00
3791,4c310820-12d3-5128-9a45-973db446b59e,5,daily_login,2026-07-15,2026-07-15T07:23:00+00:00
3792,02bf8d95-eee4-5287-b363-0551cc4a6d51,5,daily_login,2026-07-15,2026-07-15T07:23:00+00:00
3793,35e87bcc-650c-5e3f-9741-3f0c54905b6f,5,daily_login,2026-07-15,2026-07-15T07:23:00+00:00
3794,88a268b0-6bca-5583-b041-ffdbc51be7e6,5,daily_login,2026-07-15,2026-07-15T07:24:00+00:00
3795,ffe47fd1-7989-5728-addd-50b504edd889,5,daily_login,2026-07-15,2026-07-15T07:24:00+00:00
3796,a992f17b-79b6-5dcf-aed4-2aebaa5775c7,5,daily_login,2026-07-15,2026-07-15T07:25:00+00:00
3797,a2cc3818-be31-5aeb-828c-e23f579431aa,5,daily_login,2026-07-15,2026-07-15T07:25:00+00:00
3798,ef763ec1-f93c-5744-9640-4ca59adf9347,5,daily_login,2026-07-15,2026-07-15T07:25:00+00:00
3799,a60d0128-bffa-5d2d-9915-36693e6bc3ba,5,daily_login,2026-07-15,2026-07-15T07:26:00+00:00
3800,20b4182c-90f7-51da-99e8-97ade4d19a92,5,daily_login,2026-07-15,2026-07-15T07:26:00+00:00
3801,e502b694-466f-5e1f-9293-146b264ae20c,5,daily_login,2026-07-15,2026-07-15T07:27:00+00:00
3802,2e2e8079-6c9e-51c9-bc7e-1475045fd514,5,daily_login,2026-07-15,2026-07-15T07:27:00+00:00
3803,e7dd6cb0-626e-510a-9e98-0498c534b04d,5,daily_login,2026-07-15,2026-07-15T07:28:00+00:00
3804,b897da16-1a55-5740-8129-7d502e6f44b8,5,daily_login,2026-07-15,2026-07-15T07:29:00+00:00
3805,774fd1d7-ca6b-5177-9d91-fc7b24739425,5,daily_login,2026-07-15,2026-07-15T07:30:00+00:00
3806,82a5c89c-0b3a-58b9-9259-837a5348a5c2,5,daily_login,2026-07-15,2026-07-15T07:31:00+00:00
3807,ee289908-380a-5bb3-8fdc-0990b203929b,5,daily_login,2026-07-15,2026-07-15T07:32:00+00:00
3808,1062abbb-4fcd-51a9-95fc-5474e4af7640,5,daily_login,2026-07-15,2026-07-15T07:32:00+00:00
3809,84047d01-74e6-5a08-a20e-b5c25e3eff3e,5,daily_login,2026-07-15,2026-07-15T07:33:00+00:00
3810,44f09dba-7a20-5f46-840b-4670e6c7eb92,5,daily_login,2026-07-15,2026-07-15T07:33:00+00:00
3811,88820056-e901-59a1-b2ca-c4e813b34f7b,5,daily_login,2026-07-15,2026-07-15T07:33:00+00:00
3812,88820056-e901-59a1-b2ca-c4e813b34f7b,5,streak_week_bonus,2026-07-15,2026-07-15T07:33:00+00:00
3813,88820056-e901-59a1-b2ca-c4e813b34f7b,200,streak_7,badge,2026-07-15T07:33:00+00:00
3814,88820056-e901-59a1-b2ca-c4e813b34f7b,200,level_5,badge,2026-07-15T07:33:00+00:00
3815,6720265f-9f2b-5485-bf24-54e1784991b6,5,daily_login,2026-07-15,2026-07-15T07:34:00+00:00
3816,01c00e49-c4d6-5d4b-bbc1-8aa3fe21ba2a,5,daily_login,2026-07-15,2026-07-15T07:34:00+00:00
3817,9a026691-28ff-5880-9da3-006735af19d3,5,daily_login,2026-07-15,2026-07-15T07:35:00+00:00
3818,7e6a1243-34f5-52e6-862f-e5f3b2ebe640,5,daily_login,2026-07-15,2026-07-15T07:36:00+00:00
3819,ab45f9eb-3fee-5ea5-bccb-faffc50f3e76,5,daily_login,2026-07-15,2026-07-15T07:37:00+00:00
3820,6988340a-a3c1-5fda-a996-711f1723c649,5,daily_login,2026-07-15,2026-07-15T07:37:00+00:00
3821,0bd9c807-50b6-567b-befe-96c80ed2fc9d,5,daily_login,2026-07-15,2026-07-15T07:38:00+00:00
3822,508d03e7-de84-523a-8242-f48abc9451d7,5,daily_login,2026-07-15,2026-07-15T07:39:00+00:00
3823,c6286e16-5e03-594c-aa67-861b8ba91b33,5,daily_login,2026-07-15,2026-07-15T07:39:00+00:00
3824,7b48b183-5d87-500f-9cec-2e003c19efac,5,daily_login,2026-07-15,2026-07-15T07:40:00+00:00
3825,fb400c3e-ecd0-522e-8b8e-1323946be71a,5,daily_login,2026-07-15,2026-07-15T07:40:00+00:00
3826,0b532307-3033-5baf-b61c-915d1213c01f,5,daily_login,2026-07-15,2026-07-15T07:41:00+00:00
3827,b5be680a-732e-55e0-bc5d-b80e831ff33a,5,daily_login,2026-07-15,2026-07-15T07:42:00+00:00
3828,daa36188-60fd-56a2-938b-70b1b51084b0,5,daily_login,2026-07-15,2026-07-15T07:43:00+00:00
3829,a070c6d0-c23b-5036-b352-f16db0d6ec8e,5,daily_login,2026-07-15,2026-07-15T07:43:00+00:00
3830,5ccdaadc-80b2-50e1-a0c1-bad0246a7cf2,5,daily_login,2026-07-15,2026-07-15T07:46:00+00:00
3831,6e82bb3e-ede8-5803-ba1a-cc3aa8766199,15,task_complete,task:508,2026-07-15T11:30:00+00:00
3832,6e82bb3e-ede8-5803-ba1a-cc3aa8766199,100,first_task,badge,2026-07-15T11:30:00+00:00
3833,ae96d203-7a11-52ed-9e02-cd93c3dda603,15,task_complete,task:439,2026-07-15T17:30:00+00:00
3834,ae96d203-7a11-52ed-9e02-cd93c3dda603,100,first_task,badge,2026-07-15T17:30:00+00:00
3835,ae96d203-7a11-52ed-9e02-cd93c3dda603,60,milestone_complete,milestone:231,2026-07-15T17:30:00+00:00
3836,ae96d203-7a11-52ed-9e02-cd93c3dda603,150,first_milestone,badge,2026-07-15T17:30:00+00:00
3837,a53c485b-a35c-51fb-84a5-364207ce0adb,150,first_milestone,badge,2026-07-15T17:30:00+00:00
3838,f22a7317-9c2b-5d13-99b9-1a1622094bb3,15,task_complete,task:382,2026-07-15T20:30:00+00:00
3839,605985c4-d18d-54b0-829f-2a199ea5c81d,15,task_complete,task:465,2026-07-15T20:30:00+00:00
3840,605985c4-d18d-54b0-829f-2a199ea5c81d,100,first_task,badge,2026-07-15T20:30:00+00:00
3841,95927b04-f214-5c26-878d-fb55176e41bc,75,project_create,project:126,2026-07-15T23:30:00+00:00
3842,95927b04-f214-5c26-878d-fb55176e41bc,100,first_project,badge,2026-07-15T23:30:00+00:00
3843,518ae987-15f7-5b22-8bcc-df59623dbdce,40,project_join,project_join:126,2026-07-16T03:30:00+00:00
3844,af808cd8-ab34-515f-a8a0-a1b0719a537b,5,daily_login,2026-07-16,2026-07-16T07:10:00+00:00
3845,610e9654-06d6-5e55-959b-377b8749b8f9,5,daily_login,2026-07-16,2026-07-16T07:10:00+00:00
3846,8ae0340a-8eaf-5e9d-9db0-ac449334023d,5,daily_login,2026-07-16,2026-07-16T07:12:00+00:00
3847,3d016498-e16a-5ad9-95c7-b633dfc6a142,5,daily_login,2026-07-16,2026-07-16T07:13:00+00:00
3848,7ef6d8e7-132e-5da5-a653-16dd2e5719c4,5,daily_login,2026-07-16,2026-07-16T07:13:00+00:00
3849,ea7edc0e-b64d-545f-b311-b4ee943f2935,5,daily_login,2026-07-16,2026-07-16T07:14:00+00:00
3850,20b63262-d3e6-555a-95b2-84fc87694a19,5,daily_login,2026-07-16,2026-07-16T07:15:00+00:00
3851,90cced0e-f2c7-528c-bd28-38c44ead6c98,5,daily_login,2026-07-16,2026-07-16T07:15:00+00:00
3852,50d6350f-ffd4-59ad-a1ff-65a49a77a913,5,daily_login,2026-07-16,2026-07-16T07:16:00+00:00
3853,eb3717c1-cd92-5eeb-af40-9df7f3132426,5,daily_login,2026-07-16,2026-07-16T07:16:00+00:00
3854,a6b8342c-310b-5b88-9c07-602dbd646488,5,daily_login,2026-07-16,2026-07-16T07:17:00+00:00
3855,b7f1d97d-9f3c-5885-b9ef-48d67a16a686,5,daily_login,2026-07-16,2026-07-16T07:17:00+00:00
3856,52ab3a8f-ec5c-5e66-bcd5-efc304512118,5,daily_login,2026-07-16,2026-07-16T07:18:00+00:00
3857,96dbbdad-601e-5bc2-9d1a-78f9f6349a39,5,daily_login,2026-07-16,2026-07-16T07:18:00+00:00
3858,9d1c460b-bd0b-57ff-ac14-f2b10f73edd3,5,daily_login,2026-07-16,2026-07-16T07:19:00+00:00
3859,9047d24d-0775-5f10-bf17-6e8fc62c5884,5,daily_login,2026-07-16,2026-07-16T07:20:00+00:00
3860,9c9c228f-3bd5-5da4-b666-fbfab93b4b7e,5,daily_login,2026-07-16,2026-07-16T07:21:00+00:00
3861,4845dc43-0c9d-5f09-aa4a-62e68abb5d12,5,daily_login,2026-07-16,2026-07-16T07:21:00+00:00
3862,7bdf8ad6-1318-5f74-9112-e2b655e215a2,5,daily_login,2026-07-16,2026-07-16T07:21:00+00:00
3863,4ec67eb8-4fda-5cbc-bbd1-a6afc7ce8130,5,daily_login,2026-07-16,2026-07-16T07:21:00+00:00
3864,85df6dcd-e42a-581f-802b-eb93568b74eb,5,daily_login,2026-07-16,2026-07-16T07:21:00+00:00
3865,368442e7-2dfe-5df4-9ab7-a468b984050a,5,daily_login,2026-07-16,2026-07-16T07:22:00+00:00
3866,44a33563-638c-52da-ae01-285f43dfcb99,5,daily_login,2026-07-16,2026-07-16T07:22:00+00:00
3867,d16e3cdc-2868-563d-867d-62fa9b8b24ea,5,daily_login,2026-07-16,2026-07-16T07:22:00+00:00
3868,3a376c3a-3e46-5c8c-815c-232b66ca9bc8,5,daily_login,2026-07-16,2026-07-16T07:23:00+00:00
3869,4c310820-12d3-5128-9a45-973db446b59e,5,daily_login,2026-07-16,2026-07-16T07:23:00+00:00
3870,02bf8d95-eee4-5287-b363-0551cc4a6d51,5,daily_login,2026-07-16,2026-07-16T07:23:00+00:00
3871,35e87bcc-650c-5e3f-9741-3f0c54905b6f,5,daily_login,2026-07-16,2026-07-16T07:23:00+00:00
3872,ae96d203-7a11-52ed-9e02-cd93c3dda603,5,daily_login,2026-07-16,2026-07-16T07:24:00+00:00
3873,651ce25b-8132-52d9-8f74-889f22c3bb5c,5,daily_login,2026-07-16,2026-07-16T07:24:00+00:00
3874,ffe47fd1-7989-5728-addd-50b504edd889,5,daily_login,2026-07-16,2026-07-16T07:24:00+00:00
3875,61347d09-09eb-5f04-a4ec-fe830319799f,5,daily_login,2026-07-16,2026-07-16T07:24:00+00:00
3876,a2cc3818-be31-5aeb-828c-e23f579431aa,5,daily_login,2026-07-16,2026-07-16T07:25:00+00:00
3877,53f78f7e-e2df-586b-b483-5748c92d0f9f,5,daily_login,2026-07-16,2026-07-16T07:25:00+00:00
3878,1bf86e3f-0e6e-5241-b319-71005237945f,5,daily_login,2026-07-16,2026-07-16T07:25:00+00:00
3879,baa8ef70-5b01-5a49-84cb-71c353290705,5,daily_login,2026-07-16,2026-07-16T07:26:00+00:00
3880,4307ee18-2e16-50be-abbc-db160bb8e8fd,5,daily_login,2026-07-16,2026-07-16T07:26:00+00:00
3881,e502b694-466f-5e1f-9293-146b264ae20c,5,daily_login,2026-07-16,2026-07-16T07:27:00+00:00
3882,e502b694-466f-5e1f-9293-146b264ae20c,5,streak_week_bonus,2026-07-16,2026-07-16T07:27:00+00:00
3883,673e8617-3280-5bfa-85a6-738a6d64aac6,5,daily_login,2026-07-16,2026-07-16T07:28:00+00:00
3884,54561bf4-fe37-5b37-934d-9c7f81542f8b,5,daily_login,2026-07-16,2026-07-16T07:30:00+00:00
3885,f223e569-d735-5980-b77b-25d459e64a37,40,project_join,project_join:126,2026-07-16T07:30:00+00:00
3886,f223e569-d735-5980-b77b-25d459e64a37,100,first_project,badge,2026-07-16T07:30:00+00:00
3887,082b47e7-5a06-5a34-bd49-595c82b2b196,5,daily_login,2026-07-16,2026-07-16T07:31:00+00:00
3888,10feece1-a2cd-532b-8488-21659a3bee22,5,daily_login,2026-07-16,2026-07-16T07:31:00+00:00
3889,95927b04-f214-5c26-878d-fb55176e41bc,5,daily_login,2026-07-16,2026-07-16T07:32:00+00:00
3890,473b12ab-4d0d-5b7f-89b2-c0a1e2405c60,5,daily_login,2026-07-16,2026-07-16T07:32:00+00:00
3891,84047d01-74e6-5a08-a20e-b5c25e3eff3e,5,daily_login,2026-07-16,2026-07-16T07:33:00+00:00
3892,44f09dba-7a20-5f46-840b-4670e6c7eb92,5,daily_login,2026-07-16,2026-07-16T07:33:00+00:00
3893,bc38029f-d1c5-5b8f-8055-d446a522cb91,5,daily_login,2026-07-16,2026-07-16T07:34:00+00:00
3894,6720265f-9f2b-5485-bf24-54e1784991b6,5,daily_login,2026-07-16,2026-07-16T07:34:00+00:00
3895,7e6a1243-34f5-52e6-862f-e5f3b2ebe640,5,daily_login,2026-07-16,2026-07-16T07:36:00+00:00
3896,8ecc0792-3789-53b2-a26e-fc6daa886eb7,5,daily_login,2026-07-16,2026-07-16T07:36:00+00:00
3897,5421f79d-ed60-5eed-852b-01b379adab9e,5,daily_login,2026-07-16,2026-07-16T07:36:00+00:00
3898,8fa5b823-1a70-59f7-9bb2-b3d5f36dc82b,5,daily_login,2026-07-16,2026-07-16T07:36:00+00:00
3899,eb397f92-99ac-5f0f-8f81-3540865f0477,5,daily_login,2026-07-16,2026-07-16T07:38:00+00:00
3900,eeeb9e89-042f-5fdc-8fcf-2c3ad56f9bf1,5,daily_login,2026-07-16,2026-07-16T07:39:00+00:00
3901,508d03e7-de84-523a-8242-f48abc9451d7,5,daily_login,2026-07-16,2026-07-16T07:39:00+00:00
3902,bb4b0d34-59a4-5948-a9be-a1aa6caece55,5,daily_login,2026-07-16,2026-07-16T07:40:00+00:00
3903,d767d4bb-a2aa-587a-90f9-23d0689ae52a,5,daily_login,2026-07-16,2026-07-16T07:40:00+00:00
3904,fb400c3e-ecd0-522e-8b8e-1323946be71a,5,daily_login,2026-07-16,2026-07-16T07:40:00+00:00
3905,77c684c4-9514-5edc-85ff-1052c8544c14,5,daily_login,2026-07-16,2026-07-16T07:42:00+00:00
3906,33d87513-60c2-51ff-9ec5-f0f1389ed27e,5,daily_login,2026-07-16,2026-07-16T07:42:00+00:00
3907,b5be680a-732e-55e0-bc5d-b80e831ff33a,5,daily_login,2026-07-16,2026-07-16T07:42:00+00:00
3908,3b932376-f549-5a1c-a24b-664b4bc338e3,5,daily_login,2026-07-16,2026-07-16T07:43:00+00:00
3909,a5526e82-ef69-522b-b3ad-df818658bde0,5,daily_login,2026-07-16,2026-07-16T07:44:00+00:00
3910,e137404e-9196-525c-b17a-44dc96d29f29,5,daily_login,2026-07-16,2026-07-16T07:44:00+00:00
3911,d2a70bca-a25c-522f-9b7e-c967b69503cc,5,daily_login,2026-07-16,2026-07-16T07:45:00+00:00
3912,6ac5a7a4-ae0d-5e31-8a7c-d85b63a96c46,5,daily_login,2026-07-16,2026-07-16T07:45:00+00:00
3913,54561bf4-fe37-5b37-934d-9c7f81542f8b,15,task_complete,task:509,2026-07-16T12:30:00+00:00
3914,a53c485b-a35c-51fb-84a5-364207ce0adb,15,task_complete,task:440,2026-07-16T18:30:00+00:00
3915,a53c485b-a35c-51fb-84a5-364207ce0adb,100,first_task,badge,2026-07-16T18:30:00+00:00
3916,85df6dcd-e42a-581f-802b-eb93568b74eb,15,task_complete,task:466,2026-07-16T21:30:00+00:00
3917,85df6dcd-e42a-581f-802b-eb93568b74eb,100,first_task,badge,2026-07-16T21:30:00+00:00
3918,d9fbcbde-376a-5f82-9fb5-268a24b02d57,300,project_completed,badge,2026-07-17T02:30:00+00:00
3919,d9fbcbde-376a-5f82-9fb5-268a24b02d57,200,level_5,badge,2026-07-17T02:30:00+00:00
3920,693ebb02-ab3f-5d60-b798-d4d4df4900d2,300,project_completed,badge,2026-07-17T02:30:00+00:00
3921,693ebb02-ab3f-5d60-b798-d4d4df4900d2,200,level_5,badge,2026-07-17T02:30:00+00:00
3922,eeeb9e89-042f-5fdc-8fcf-2c3ad56f9bf1,300,project_completed,badge,2026-07-17T02:30:00+00:00
3923,eeeb9e89-042f-5fdc-8fcf-2c3ad56f9bf1,200,level_5,badge,2026-07-17T02:30:00+00:00
3924,90cced0e-f2c7-528c-bd28-38c44ead6c98,300,project_completed,badge,2026-07-17T02:30:00+00:00
3925,90cced0e-f2c7-528c-bd28-38c44ead6c98,200,level_5,badge,2026-07-17T02:30:00+00:00
3926,d9fbcbde-376a-5f82-9fb5-268a24b02d57,60,milestone_complete,milestone:120,2026-07-17T02:30:00+00:00
3927,f0f4eb8c-a1ed-50a1-bc7d-2863700a31a5,300,project_completed,badge,2026-07-17T02:30:00+00:00
3928,f0f4eb8c-a1ed-50a1-bc7d-2863700a31a5,200,level_5,badge,2026-07-17T02:30:00+00:00
3929,77c684c4-9514-5edc-85ff-1052c8544c14,300,project_completed,badge,2026-07-17T02:30:00+00:00
3930,cb162f3d-006f-544e-bfa6-f9abb8a52026,300,project_completed,badge,2026-07-17T02:30:00+00:00
3931,cb162f3d-006f-544e-bfa6-f9abb8a52026,200,level_5,badge,2026-07-17T02:30:00+00:00
3932,3425797b-5c54-5f3a-9a34-9cedb0dc5b84,300,project_completed,badge,2026-07-17T02:30:00+00:00
3933,f0f4eb8c-a1ed-50a1-bc7d-2863700a31a5,60,milestone_complete,milestone:134,2026-07-17T02:30:00+00:00
3934,d9fbcbde-376a-5f82-9fb5-268a24b02d57,5,daily_login,2026-07-17,2026-07-17T07:10:00+00:00
3935,f2561442-8439-5138-9a3b-8bcf96f16609,5,daily_login,2026-07-17,2026-07-17T07:10:00+00:00
3936,610e9654-06d6-5e55-959b-377b8749b8f9,5,daily_login,2026-07-17,2026-07-17T07:10:00+00:00
3937,f0f4eb8c-a1ed-50a1-bc7d-2863700a31a5,5,daily_login,2026-07-17,2026-07-17T07:11:00+00:00
3938,0da68170-ff38-5dad-9224-770d261f1c8a,5,daily_login,2026-07-17,2026-07-17T07:11:00+00:00
3939,3d016498-e16a-5ad9-95c7-b633dfc6a142,5,daily_login,2026-07-17,2026-07-17T07:13:00+00:00
3940,a36cd93c-2f0c-5956-9a51-8094e39a7bed,5,daily_login,2026-07-17,2026-07-17T07:14:00+00:00
3941,ea7edc0e-b64d-545f-b311-b4ee943f2935,5,daily_login,2026-07-17,2026-07-17T07:14:00+00:00
3942,1767869f-381f-59b9-acac-01da2d539e40,5,daily_login,2026-07-17,2026-07-17T07:15:00+00:00
3943,50d6350f-ffd4-59ad-a1ff-65a49a77a913,5,daily_login,2026-07-17,2026-07-17T07:16:00+00:00
3944,b7f1d97d-9f3c-5885-b9ef-48d67a16a686,5,daily_login,2026-07-17,2026-07-17T07:17:00+00:00
3945,96dbbdad-601e-5bc2-9d1a-78f9f6349a39,5,daily_login,2026-07-17,2026-07-17T07:18:00+00:00
3946,64609795-d498-5ea7-ad33-a3bcecf9d962,5,daily_login,2026-07-17,2026-07-17T07:18:00+00:00
3947,d3175e63-6121-5d55-b429-df91670d9aca,5,daily_login,2026-07-17,2026-07-17T07:18:00+00:00
3948,9d1c460b-bd0b-57ff-ac14-f2b10f73edd3,5,daily_login,2026-07-17,2026-07-17T07:19:00+00:00
3949,7b359533-e634-59eb-a2c3-b5501ff96488,5,daily_login,2026-07-17,2026-07-17T07:19:00+00:00
3950,b0ebc690-efe0-594f-bd55-e4d7ec3454bc,5,daily_login,2026-07-17,2026-07-17T07:20:00+00:00
3951,43a3bb15-e7a6-5c42-a198-3e0d7f080ba1,5,daily_login,2026-07-17,2026-07-17T07:20:00+00:00
3952,341a0cef-f4a9-53ee-8980-229dc154ff4e,5,daily_login,2026-07-17,2026-07-17T07:20:00+00:00
3953,63fdd1e3-9db3-5b05-9799-510eea6abab7,5,daily_login,2026-07-17,2026-07-17T07:20:00+00:00
3954,9047d24d-0775-5f10-bf17-6e8fc62c5884,5,daily_login,2026-07-17,2026-07-17T07:20:00+00:00
3955,4845dc43-0c9d-5f09-aa4a-62e68abb5d12,5,daily_login,2026-07-17,2026-07-17T07:21:00+00:00
3956,7bdf8ad6-1318-5f74-9112-e2b655e215a2,5,daily_login,2026-07-17,2026-07-17T07:21:00+00:00
3957,7bdf8ad6-1318-5f74-9112-e2b655e215a2,5,streak_week_bonus,2026-07-17,2026-07-17T07:21:00+00:00
3958,484e243b-afd7-5767-bb0f-4262c0334aea,5,daily_login,2026-07-17,2026-07-17T07:22:00+00:00
3959,3a376c3a-3e46-5c8c-815c-232b66ca9bc8,5,daily_login,2026-07-17,2026-07-17T07:23:00+00:00
3960,4c310820-12d3-5128-9a45-973db446b59e,5,daily_login,2026-07-17,2026-07-17T07:23:00+00:00
3961,02bf8d95-eee4-5287-b363-0551cc4a6d51,5,daily_login,2026-07-17,2026-07-17T07:23:00+00:00
3962,02bf8d95-eee4-5287-b363-0551cc4a6d51,5,streak_week_bonus,2026-07-17,2026-07-17T07:23:00+00:00
3963,ffe47fd1-7989-5728-addd-50b504edd889,5,daily_login,2026-07-17,2026-07-17T07:24:00+00:00
3964,58074159-53d7-5a52-8436-d84a05af35a9,5,daily_login,2026-07-17,2026-07-17T07:24:00+00:00
3965,61347d09-09eb-5f04-a4ec-fe830319799f,5,daily_login,2026-07-17,2026-07-17T07:24:00+00:00
3966,a2cc3818-be31-5aeb-828c-e23f579431aa,5,daily_login,2026-07-17,2026-07-17T07:25:00+00:00
3967,ef763ec1-f93c-5744-9640-4ca59adf9347,5,daily_login,2026-07-17,2026-07-17T07:25:00+00:00
3968,1bf86e3f-0e6e-5241-b319-71005237945f,5,daily_login,2026-07-17,2026-07-17T07:25:00+00:00
3969,baa8ef70-5b01-5a49-84cb-71c353290705,5,daily_login,2026-07-17,2026-07-17T07:26:00+00:00
3970,a60d0128-bffa-5d2d-9915-36693e6bc3ba,5,daily_login,2026-07-17,2026-07-17T07:26:00+00:00
3971,e502b694-466f-5e1f-9293-146b264ae20c,5,daily_login,2026-07-17,2026-07-17T07:27:00+00:00
3972,458287c3-1628-5e26-8930-0d88ae11ce1a,5,daily_login,2026-07-17,2026-07-17T07:27:00+00:00
3973,2e2e8079-6c9e-51c9-bc7e-1475045fd514,5,daily_login,2026-07-17,2026-07-17T07:27:00+00:00
3974,f3744506-cae3-5f81-8a4f-506a60395be8,5,daily_login,2026-07-17,2026-07-17T07:28:00+00:00
3975,0e49007f-82be-5238-a956-37d8f7b40d4c,5,daily_login,2026-07-17,2026-07-17T07:29:00+00:00
3976,5532dec3-02ae-5ac3-8b57-2e8214a8598b,5,daily_login,2026-07-17,2026-07-17T07:29:00+00:00
3977,e3efd234-c7f9-5957-937f-661b1c3981ef,75,project_create,project:132,2026-07-17T07:30:00+00:00
3978,e3efd234-c7f9-5957-937f-661b1c3981ef,100,first_project,badge,2026-07-17T07:30:00+00:00
3979,82a5c89c-0b3a-58b9-9259-837a5348a5c2,5,daily_login,2026-07-17,2026-07-17T07:31:00+00:00
3980,1062abbb-4fcd-51a9-95fc-5474e4af7640,5,daily_login,2026-07-17,2026-07-17T07:32:00+00:00
3981,84047d01-74e6-5a08-a20e-b5c25e3eff3e,5,daily_login,2026-07-17,2026-07-17T07:33:00+00:00
3982,88820056-e901-59a1-b2ca-c4e813b34f7b,5,daily_login,2026-07-17,2026-07-17T07:33:00+00:00
3983,6720265f-9f2b-5485-bf24-54e1784991b6,5,daily_login,2026-07-17,2026-07-17T07:34:00+00:00
3984,01c00e49-c4d6-5d4b-bbc1-8aa3fe21ba2a,5,daily_login,2026-07-17,2026-07-17T07:34:00+00:00
3985,ac9c9500-b7e4-5bbe-8f4e-a40a6201979a,5,daily_login,2026-07-17,2026-07-17T07:35:00+00:00
3986,9a026691-28ff-5880-9da3-006735af19d3,5,daily_login,2026-07-17,2026-07-17T07:35:00+00:00
3987,7e6a1243-34f5-52e6-862f-e5f3b2ebe640,5,daily_login,2026-07-17,2026-07-17T07:36:00+00:00
3988,9edec740-5de6-5c27-8233-5cf72946b182,5,daily_login,2026-07-17,2026-07-17T07:36:00+00:00
3989,5ce94e6e-a987-5fd1-90b2-94a1174f9376,5,daily_login,2026-07-17,2026-07-17T07:37:00+00:00
3990,6988340a-a3c1-5fda-a996-711f1723c649,5,daily_login,2026-07-17,2026-07-17T07:37:00+00:00
3991,eb397f92-99ac-5f0f-8f81-3540865f0477,5,daily_login,2026-07-17,2026-07-17T07:38:00+00:00
3992,ec6d706d-7dba-534b-8700-e6752dbd06e1,5,daily_login,2026-07-17,2026-07-17T07:38:00+00:00
3993,0bd9c807-50b6-567b-befe-96c80ed2fc9d,5,daily_login,2026-07-17,2026-07-17T07:38:00+00:00
3994,eeeb9e89-042f-5fdc-8fcf-2c3ad56f9bf1,5,daily_login,2026-07-17,2026-07-17T07:39:00+00:00
3995,508d03e7-de84-523a-8242-f48abc9451d7,5,daily_login,2026-07-17,2026-07-17T07:39:00+00:00
3996,fb400c3e-ecd0-522e-8b8e-1323946be71a,5,daily_login,2026-07-17,2026-07-17T07:40:00+00:00
3997,96ccee9a-30f2-56cd-b597-a927c84e0f75,5,daily_login,2026-07-17,2026-07-17T07:41:00+00:00
3998,33ba5d16-c38c-5bcf-9896-ea8ae81d6e7b,5,daily_login,2026-07-17,2026-07-17T07:41:00+00:00
3999,0b532307-3033-5baf-b61c-915d1213c01f,5,daily_login,2026-07-17,2026-07-17T07:41:00+00:00
4000,e5b7ccce-2cb7-5b6e-95a5-32ffacbca87f,5,daily_login,2026-07-17,2026-07-17T07:42:00+00:00
4001,77c684c4-9514-5edc-85ff-1052c8544c14,5,daily_login,2026-07-17,2026-07-17T07:42:00+00:00
4002,3b932376-f549-5a1c-a24b-664b4bc338e3,5,daily_login,2026-07-17,2026-07-17T07:43:00+00:00
4003,a5526e82-ef69-522b-b3ad-df818658bde0,5,daily_login,2026-07-17,2026-07-17T07:44:00+00:00
4004,e137404e-9196-525c-b17a-44dc96d29f29,5,daily_login,2026-07-17,2026-07-17T07:44:00+00:00
4005,d2a70bca-a25c-522f-9b7e-c967b69503cc,5,daily_login,2026-07-17,2026-07-17T07:45:00+00:00
4006,5ccdaadc-80b2-50e1-a0c1-bad0246a7cf2,5,daily_login,2026-07-17,2026-07-17T07:46:00+00:00
4007,878bb7d9-5569-5efb-bbd1-5e39d62d594d,40,project_join,project_join:132,2026-07-17T11:30:00+00:00
4008,878bb7d9-5569-5efb-bbd1-5e39d62d594d,100,first_project,badge,2026-07-17T11:30:00+00:00
4009,f22a7317-9c2b-5d13-99b9-1a1622094bb3,15,task_complete,task:510,2026-07-17T13:30:00+00:00
4010,7bdf8ad6-1318-5f74-9112-e2b655e215a2,40,project_join,project_join:132,2026-07-17T15:30:00+00:00
4011,88820056-e901-59a1-b2ca-c4e813b34f7b,75,project_create,project:143,2026-07-17T17:30:00+00:00
4012,9d1c460b-bd0b-57ff-ac14-f2b10f73edd3,40,project_join,project_join:132,2026-07-17T19:30:00+00:00
4013,9d1c460b-bd0b-57ff-ac14-f2b10f73edd3,100,first_project,badge,2026-07-17T19:30:00+00:00
4014,ae96d203-7a11-52ed-9e02-cd93c3dda603,15,task_complete,task:441,2026-07-17T19:30:00+00:00
4015,eb3717c1-cd92-5eeb-af40-9df7f3132426,40,project_join,project_join:143,2026-07-17T21:30:00+00:00
4016,1767869f-381f-59b9-acac-01da2d539e40,15,task_complete,task:467,2026-07-17T22:30:00+00:00
4017,6e82bb3e-ede8-5803-ba1a-cc3aa8766199,40,project_join,project_join:132,2026-07-17T23:30:00+00:00
4018,d9fbcbde-376a-5f82-9fb5-268a24b02d57,40,project_join,project_join:143,2026-07-18T01:30:00+00:00
4019,fd96bbd1-5601-5c99-a1e2-04b09168b35e,40,project_join,project_join:143,2026-07-18T05:30:00+00:00
4020,fd96bbd1-5601-5c99-a1e2-04b09168b35e,100,first_project,badge,2026-07-18T05:30:00+00:00
4021,f2561442-8439-5138-9a3b-8bcf96f16609,5,daily_login,2026-07-18,2026-07-18T07:10:00+00:00
4022,610e9654-06d6-5e55-959b-377b8749b8f9,5,daily_login,2026-07-18,2026-07-18T07:10:00+00:00
4023,f0f4eb8c-a1ed-50a1-bc7d-2863700a31a5,5,daily_login,2026-07-18,2026-07-18T07:11:00+00:00
4024,37b7aed3-d207-54f7-b4ec-0e05c50eaeb2,5,daily_login,2026-07-18,2026-07-18T07:11:00+00:00
4025,f985b68e-39ae-5c83-8468-2b126802c414,5,daily_login,2026-07-18,2026-07-18T07:12:00+00:00
4026,f1fb49f6-8f16-5086-a3b3-1c5e169f9ad4,5,daily_login,2026-07-18,2026-07-18T07:13:00+00:00
4027,f4793612-bd5c-52c4-b29e-226fe28a77ca,5,daily_login,2026-07-18,2026-07-18T07:13:00+00:00
4028,ea7edc0e-b64d-545f-b311-b4ee943f2935,5,daily_login,2026-07-18,2026-07-18T07:14:00+00:00
4029,d6b81cb4-a299-5894-baa5-463cb63679a3,5,daily_login,2026-07-18,2026-07-18T07:15:00+00:00
4030,50d6350f-ffd4-59ad-a1ff-65a49a77a913,5,daily_login,2026-07-18,2026-07-18T07:16:00+00:00
4031,eb3717c1-cd92-5eeb-af40-9df7f3132426,5,daily_login,2026-07-18,2026-07-18T07:16:00+00:00
4032,a6b8342c-310b-5b88-9c07-602dbd646488,5,daily_login,2026-07-18,2026-07-18T07:17:00+00:00
4033,52ab3a8f-ec5c-5e66-bcd5-efc304512118,5,daily_login,2026-07-18,2026-07-18T07:18:00+00:00
4034,96dbbdad-601e-5bc2-9d1a-78f9f6349a39,5,daily_login,2026-07-18,2026-07-18T07:18:00+00:00
4035,64609795-d498-5ea7-ad33-a3bcecf9d962,5,daily_login,2026-07-18,2026-07-18T07:18:00+00:00
4036,b55b4f74-ded6-5cf1-aae0-9ad89c03c10c,5,daily_login,2026-07-18,2026-07-18T07:19:00+00:00
4037,cb162f3d-006f-544e-bfa6-f9abb8a52026,5,daily_login,2026-07-18,2026-07-18T07:19:00+00:00
4038,9d1c460b-bd0b-57ff-ac14-f2b10f73edd3,5,daily_login,2026-07-18,2026-07-18T07:19:00+00:00
4039,341a0cef-f4a9-53ee-8980-229dc154ff4e,5,daily_login,2026-07-18,2026-07-18T07:20:00+00:00
4040,9047d24d-0775-5f10-bf17-6e8fc62c5884,5,daily_login,2026-07-18,2026-07-18T07:20:00+00:00
4041,9c9c228f-3bd5-5da4-b666-fbfab93b4b7e,5,daily_login,2026-07-18,2026-07-18T07:21:00+00:00
4042,7bdf8ad6-1318-5f74-9112-e2b655e215a2,5,daily_login,2026-07-18,2026-07-18T07:21:00+00:00
4043,368442e7-2dfe-5df4-9ab7-a468b984050a,5,daily_login,2026-07-18,2026-07-18T07:22:00+00:00
4044,d16e3cdc-2868-563d-867d-62fa9b8b24ea,5,daily_login,2026-07-18,2026-07-18T07:22:00+00:00
4045,4c310820-12d3-5128-9a45-973db446b59e,5,daily_login,2026-07-18,2026-07-18T07:23:00+00:00
4046,4c310820-12d3-5128-9a45-973db446b59e,5,streak_week_bonus,2026-07-18,2026-07-18T07:23:00+00:00
4047,d5dc7189-89df-5fd7-983f-1124b6de3d68,5,daily_login,2026-07-18,2026-07-18T07:23:00+00:00
4048,02bf8d95-eee4-5287-b363-0551cc4a6d51,5,daily_login,2026-07-18,2026-07-18T07:23:00+00:00
4049,35e87bcc-650c-5e3f-9741-3f0c54905b6f,5,daily_login,2026-07-18,2026-07-18T07:23:00+00:00
4050,ae96d203-7a11-52ed-9e02-cd93c3dda603,5,daily_login,2026-07-18,2026-07-18T07:24:00+00:00
4051,ffe47fd1-7989-5728-addd-50b504edd889,5,daily_login,2026-07-18,2026-07-18T07:24:00+00:00
4052,58074159-53d7-5a52-8436-d84a05af35a9,5,daily_login,2026-07-18,2026-07-18T07:24:00+00:00
4053,a2cc3818-be31-5aeb-828c-e23f579431aa,5,daily_login,2026-07-18,2026-07-18T07:25:00+00:00
4054,ef763ec1-f93c-5744-9640-4ca59adf9347,5,daily_login,2026-07-18,2026-07-18T07:25:00+00:00
4055,1bf86e3f-0e6e-5241-b319-71005237945f,5,daily_login,2026-07-18,2026-07-18T07:25:00+00:00
4056,6b9b6012-cdb4-50eb-8ad0-01c36516df23,5,daily_login,2026-07-18,2026-07-18T07:26:00+00:00
4057,20b4182c-90f7-51da-99e8-97ade4d19a92,5,daily_login,2026-07-18,2026-07-18T07:26:00+00:00
4058,4307ee18-2e16-50be-abbc-db160bb8e8fd,5,daily_login,2026-07-18,2026-07-18T07:26:00+00:00
4059,2e2e8079-6c9e-51c9-bc7e-1475045fd514,5,daily_login,2026-07-18,2026-07-18T07:27:00+00:00
4060,da462241-608b-5422-bdbd-0d98184a433d,5,daily_login,2026-07-18,2026-07-18T07:30:00+00:00
4061,0947c4b9-50d6-50e2-9043-84a15b80e8c7,5,daily_login,2026-07-18,2026-07-18T07:30:00+00:00
4062,082b47e7-5a06-5a34-bd49-595c82b2b196,5,daily_login,2026-07-18,2026-07-18T07:31:00+00:00
4063,45cee65b-db52-5dff-b09d-0ee1ac2be20f,5,daily_login,2026-07-18,2026-07-18T07:31:00+00:00
4064,f8f213c7-3d61-567e-9735-5e3e9498b892,5,daily_login,2026-07-18,2026-07-18T07:31:00+00:00
4065,82a5c89c-0b3a-58b9-9259-837a5348a5c2,5,daily_login,2026-07-18,2026-07-18T07:31:00+00:00
4066,ee289908-380a-5bb3-8fdc-0990b203929b,5,daily_login,2026-07-18,2026-07-18T07:32:00+00:00
4067,95927b04-f214-5c26-878d-fb55176e41bc,5,daily_login,2026-07-18,2026-07-18T07:32:00+00:00
4068,1062abbb-4fcd-51a9-95fc-5474e4af7640,5,daily_login,2026-07-18,2026-07-18T07:32:00+00:00
4069,88820056-e901-59a1-b2ca-c4e813b34f7b,5,daily_login,2026-07-18,2026-07-18T07:33:00+00:00
4070,19e81afb-74c1-5b4a-9af3-469f3b610235,5,daily_login,2026-07-18,2026-07-18T07:34:00+00:00
4071,5d857806-7d61-533b-bc12-af2d7b775d29,5,daily_login,2026-07-18,2026-07-18T07:35:00+00:00
4072,7e6a1243-34f5-52e6-862f-e5f3b2ebe640,5,daily_login,2026-07-18,2026-07-18T07:36:00+00:00
4073,6988340a-a3c1-5fda-a996-711f1723c649,5,daily_login,2026-07-18,2026-07-18T07:37:00+00:00
4074,eb397f92-99ac-5f0f-8f81-3540865f0477,5,daily_login,2026-07-18,2026-07-18T07:38:00+00:00
4075,bdc5faf6-386d-5338-99a0-32d156bcbd68,5,daily_login,2026-07-18,2026-07-18T07:38:00+00:00
4076,302b84f9-9053-5cf7-bed0-305678227875,5,daily_login,2026-07-18,2026-07-18T07:39:00+00:00
4077,25797954-b022-582e-8349-e1e2c141368c,5,daily_login,2026-07-18,2026-07-18T07:39:00+00:00
4078,eeeb9e89-042f-5fdc-8fcf-2c3ad56f9bf1,5,daily_login,2026-07-18,2026-07-18T07:39:00+00:00
4079,c6286e16-5e03-594c-aa67-861b8ba91b33,5,daily_login,2026-07-18,2026-07-18T07:39:00+00:00
4080,dfe9e449-d177-56af-a679-d3e1c78c5c02,5,daily_login,2026-07-18,2026-07-18T07:43:00+00:00
4081,3b932376-f549-5a1c-a24b-664b4bc338e3,5,daily_login,2026-07-18,2026-07-18T07:43:00+00:00
4082,36016ab9-3cc9-5f6a-8bc7-1d138ad9cb43,5,daily_login,2026-07-18,2026-07-18T07:44:00+00:00
4083,a5526e82-ef69-522b-b3ad-df818658bde0,5,daily_login,2026-07-18,2026-07-18T07:44:00+00:00
4084,e137404e-9196-525c-b17a-44dc96d29f29,5,daily_login,2026-07-18,2026-07-18T07:44:00+00:00
4085,6ab0c42d-0ad5-5b3d-9c6c-4ab9eaa47586,5,daily_login,2026-07-18,2026-07-18T07:45:00+00:00
4086,cd8c4c60-ab9b-5cf3-996e-d4fbb990f4c6,60,milestone_complete,milestone:269,2026-07-18T08:30:00+00:00
4087,6e82bb3e-ede8-5803-ba1a-cc3aa8766199,15,task_complete,task:511,2026-07-18T14:30:00+00:00
4088,e7dd6cb0-626e-510a-9e98-0498c534b04d,15,task_complete,task:468,2026-07-18T23:30:00+00:00
4089,e7dd6cb0-626e-510a-9e98-0498c534b04d,100,first_task,badge,2026-07-18T23:30:00+00:00
4090,2e2e8079-6c9e-51c9-bc7e-1475045fd514,300,project_completed,badge,2026-07-19T04:30:00+00:00
4091,5ccdaadc-80b2-50e1-a0c1-bad0246a7cf2,300,project_completed,badge,2026-07-19T04:30:00+00:00
4092,5ccdaadc-80b2-50e1-a0c1-bad0246a7cf2,200,level_5,badge,2026-07-19T04:30:00+00:00
4093,001e944b-e64e-5742-afb7-5e04327e41ee,300,project_completed,badge,2026-07-19T04:30:00+00:00
4094,001e944b-e64e-5742-afb7-5e04327e41ee,200,level_5,badge,2026-07-19T04:30:00+00:00
4095,35e87bcc-650c-5e3f-9741-3f0c54905b6f,300,project_completed,badge,2026-07-19T04:30:00+00:00
4096,35e87bcc-650c-5e3f-9741-3f0c54905b6f,200,level_5,badge,2026-07-19T04:30:00+00:00
4097,2e2e8079-6c9e-51c9-bc7e-1475045fd514,60,milestone_complete,milestone:264,2026-07-19T04:30:00+00:00
4098,f2561442-8439-5138-9a3b-8bcf96f16609,5,daily_login,2026-07-19,2026-07-19T07:10:00+00:00
4099,af808cd8-ab34-515f-a8a0-a1b0719a537b,5,daily_login,2026-07-19,2026-07-19T07:10:00+00:00
4100,610e9654-06d6-5e55-959b-377b8749b8f9,5,daily_login,2026-07-19,2026-07-19T07:10:00+00:00
4101,f0f4eb8c-a1ed-50a1-bc7d-2863700a31a5,5,daily_login,2026-07-19,2026-07-19T07:11:00+00:00
4102,3d016498-e16a-5ad9-95c7-b633dfc6a142,5,daily_login,2026-07-19,2026-07-19T07:13:00+00:00
4103,7ef6d8e7-132e-5da5-a653-16dd2e5719c4,5,daily_login,2026-07-19,2026-07-19T07:13:00+00:00
4104,f21481e8-5bf3-5aa6-a7e0-fe6e26920e28,5,daily_login,2026-07-19,2026-07-19T07:13:00+00:00
4105,ea7edc0e-b64d-545f-b311-b4ee943f2935,5,daily_login,2026-07-19,2026-07-19T07:14:00+00:00
4106,20b63262-d3e6-555a-95b2-84fc87694a19,5,daily_login,2026-07-19,2026-07-19T07:15:00+00:00
4107,d6b81cb4-a299-5894-baa5-463cb63679a3,5,daily_login,2026-07-19,2026-07-19T07:15:00+00:00
4108,50d6350f-ffd4-59ad-a1ff-65a49a77a913,5,daily_login,2026-07-19,2026-07-19T07:16:00+00:00
4109,693ebb02-ab3f-5d60-b798-d4d4df4900d2,5,daily_login,2026-07-19,2026-07-19T07:16:00+00:00
4110,52ab3a8f-ec5c-5e66-bcd5-efc304512118,5,daily_login,2026-07-19,2026-07-19T07:18:00+00:00
4111,96dbbdad-601e-5bc2-9d1a-78f9f6349a39,5,daily_login,2026-07-19,2026-07-19T07:18:00+00:00
4112,64609795-d498-5ea7-ad33-a3bcecf9d962,5,daily_login,2026-07-19,2026-07-19T07:18:00+00:00
4113,d3175e63-6121-5d55-b429-df91670d9aca,5,daily_login,2026-07-19,2026-07-19T07:18:00+00:00
4114,5a4b137d-2ebb-5c75-8cdd-bf77406b4b9f,5,daily_login,2026-07-19,2026-07-19T07:19:00+00:00
4115,e1f9b739-b2d3-51e6-9609-05805a6d151c,5,daily_login,2026-07-19,2026-07-19T07:19:00+00:00
4116,9d1c460b-bd0b-57ff-ac14-f2b10f73edd3,5,daily_login,2026-07-19,2026-07-19T07:19:00+00:00
4117,7b359533-e634-59eb-a2c3-b5501ff96488,5,daily_login,2026-07-19,2026-07-19T07:19:00+00:00
4118,63fdd1e3-9db3-5b05-9799-510eea6abab7,5,daily_login,2026-07-19,2026-07-19T07:20:00+00:00
4119,9047d24d-0775-5f10-bf17-6e8fc62c5884,5,daily_login,2026-07-19,2026-07-19T07:20:00+00:00
4120,7bdf8ad6-1318-5f74-9112-e2b655e215a2,5,daily_login,2026-07-19,2026-07-19T07:21:00+00:00
4121,85df6dcd-e42a-581f-802b-eb93568b74eb,5,daily_login,2026-07-19,2026-07-19T07:21:00+00:00
4122,8819cb55-67e6-5a55-98c8-d80446975a9e,5,daily_login,2026-07-19,2026-07-19T07:22:00+00:00
4123,3a376c3a-3e46-5c8c-815c-232b66ca9bc8,5,daily_login,2026-07-19,2026-07-19T07:23:00+00:00
4124,4c310820-12d3-5128-9a45-973db446b59e,5,daily_login,2026-07-19,2026-07-19T07:23:00+00:00
4125,02bf8d95-eee4-5287-b363-0551cc4a6d51,5,daily_login,2026-07-19,2026-07-19T07:23:00+00:00
4126,a2cc3818-be31-5aeb-828c-e23f579431aa,5,daily_login,2026-07-19,2026-07-19T07:25:00+00:00
4127,a60d0128-bffa-5d2d-9915-36693e6bc3ba,5,daily_login,2026-07-19,2026-07-19T07:26:00+00:00
4128,20b4182c-90f7-51da-99e8-97ade4d19a92,5,daily_login,2026-07-19,2026-07-19T07:26:00+00:00
4129,e502b694-466f-5e1f-9293-146b264ae20c,5,daily_login,2026-07-19,2026-07-19T07:27:00+00:00
4130,e7dd6cb0-626e-510a-9e98-0498c534b04d,5,daily_login,2026-07-19,2026-07-19T07:28:00+00:00
4131,f0ca4141-ccff-5472-ba76-f4b194108c7b,5,daily_login,2026-07-19,2026-07-19T07:29:00+00:00
4132,5532dec3-02ae-5ac3-8b57-2e8214a8598b,5,daily_login,2026-07-19,2026-07-19T07:29:00+00:00
4133,96373821-4bf4-53b8-bd24-bb64bbb3b84e,5,daily_login,2026-07-19,2026-07-19T07:30:00+00:00
4134,54561bf4-fe37-5b37-934d-9c7f81542f8b,5,daily_login,2026-07-19,2026-07-19T07:30:00+00:00
4135,3d016498-e16a-5ad9-95c7-b633dfc6a142,75,project_create,project:156,2026-07-19T07:30:00+00:00
4136,3d016498-e16a-5ad9-95c7-b633dfc6a142,100,first_project,badge,2026-07-19T07:30:00+00:00
4137,f8f213c7-3d61-567e-9735-5e3e9498b892,5,daily_login,2026-07-19,2026-07-19T07:31:00+00:00
4138,82a5c89c-0b3a-58b9-9259-837a5348a5c2,5,daily_login,2026-07-19,2026-07-19T07:31:00+00:00
4139,ee289908-380a-5bb3-8fdc-0990b203929b,5,daily_login,2026-07-19,2026-07-19T07:32:00+00:00
4140,95927b04-f214-5c26-878d-fb55176e41bc,5,daily_login,2026-07-19,2026-07-19T07:32:00+00:00
4141,9cba29b2-e169-54f3-9d61-1d5013f80312,5,daily_login,2026-07-19,2026-07-19T07:32:00+00:00
4142,1062abbb-4fcd-51a9-95fc-5474e4af7640,5,daily_login,2026-07-19,2026-07-19T07:32:00+00:00
4143,44f09dba-7a20-5f46-840b-4670e6c7eb92,5,daily_login,2026-07-19,2026-07-19T07:33:00+00:00
4144,88820056-e901-59a1-b2ca-c4e813b34f7b,5,daily_login,2026-07-19,2026-07-19T07:33:00+00:00
4145,01c00e49-c4d6-5d4b-bbc1-8aa3fe21ba2a,5,daily_login,2026-07-19,2026-07-19T07:34:00+00:00
4146,ac9c9500-b7e4-5bbe-8f4e-a40a6201979a,5,daily_login,2026-07-19,2026-07-19T07:35:00+00:00
4147,9a026691-28ff-5880-9da3-006735af19d3,5,daily_login,2026-07-19,2026-07-19T07:35:00+00:00
4148,9edec740-5de6-5c27-8233-5cf72946b182,5,daily_login,2026-07-19,2026-07-19T07:36:00+00:00
4149,5ce94e6e-a987-5fd1-90b2-94a1174f9376,5,daily_login,2026-07-19,2026-07-19T07:37:00+00:00
4150,eb397f92-99ac-5f0f-8f81-3540865f0477,5,daily_login,2026-07-19,2026-07-19T07:38:00+00:00
4151,783491ec-2857-52e8-a102-766d7abba6d2,5,daily_login,2026-07-19,2026-07-19T07:38:00+00:00
4152,eeeb9e89-042f-5fdc-8fcf-2c3ad56f9bf1,5,daily_login,2026-07-19,2026-07-19T07:39:00+00:00
4153,508d03e7-de84-523a-8242-f48abc9451d7,5,daily_login,2026-07-19,2026-07-19T07:39:00+00:00
4154,c6286e16-5e03-594c-aa67-861b8ba91b33,5,daily_login,2026-07-19,2026-07-19T07:39:00+00:00
4155,d767d4bb-a2aa-587a-90f9-23d0689ae52a,5,daily_login,2026-07-19,2026-07-19T07:40:00+00:00
4156,fb400c3e-ecd0-522e-8b8e-1323946be71a,5,daily_login,2026-07-19,2026-07-19T07:40:00+00:00
4157,7624f38b-fbca-546f-af04-c9dda9318f82,5,daily_login,2026-07-19,2026-07-19T07:41:00+00:00
4158,77c684c4-9514-5edc-85ff-1052c8544c14,5,daily_login,2026-07-19,2026-07-19T07:42:00+00:00
4159,b5be680a-732e-55e0-bc5d-b80e831ff33a,5,daily_login,2026-07-19,2026-07-19T07:42:00+00:00
4160,a070c6d0-c23b-5036-b352-f16db0d6ec8e,5,daily_login,2026-07-19,2026-07-19T07:43:00+00:00
4161,3b932376-f549-5a1c-a24b-664b4bc338e3,5,daily_login,2026-07-19,2026-07-19T07:43:00+00:00
4162,36016ab9-3cc9-5f6a-8bc7-1d138ad9cb43,5,daily_login,2026-07-19,2026-07-19T07:44:00+00:00
4163,a5526e82-ef69-522b-b3ad-df818658bde0,5,daily_login,2026-07-19,2026-07-19T07:44:00+00:00
4164,405fd522-6b0d-52fc-b397-dc3ce2e4a2ea,5,daily_login,2026-07-19,2026-07-19T07:44:00+00:00
4165,e137404e-9196-525c-b17a-44dc96d29f29,5,daily_login,2026-07-19,2026-07-19T07:44:00+00:00
4166,5ccdaadc-80b2-50e1-a0c1-bad0246a7cf2,5,daily_login,2026-07-19,2026-07-19T07:46:00+00:00
4167,bf54d417-d834-5d3e-a7f9-106377fe05a5,5,daily_login,2026-07-19,2026-07-19T07:46:00+00:00
4168,cac67f41-f5af-5268-9e2d-34feac0dc9fa,5,daily_login,2026-07-19,2026-07-19T07:46:00+00:00
4169,cb162f3d-006f-544e-bfa6-f9abb8a52026,40,project_join,project_join:156,2026-07-19T11:30:00+00:00
4170,001e944b-e64e-5742-afb7-5e04327e41ee,60,milestone_complete,milestone:277,2026-07-19T14:30:00+00:00
4171,f3744506-cae3-5f81-8a4f-506a60395be8,150,first_milestone,badge,2026-07-19T14:30:00+00:00
4172,3b932376-f549-5a1c-a24b-664b4bc338e3,150,first_milestone,badge,2026-07-19T14:30:00+00:00
4173,54561bf4-fe37-5b37-934d-9c7f81542f8b,15,task_complete,task:512,2026-07-19T15:30:00+00:00
4174,40120057-c43a-5745-9d3a-d9b0c6b1e84e,75,project_create,project:186,2026-07-19T22:30:00+00:00
4175,40120057-c43a-5745-9d3a-d9b0c6b1e84e,100,first_project,badge,2026-07-19T22:30:00+00:00
4176,8819cb55-67e6-5a55-98c8-d80446975a9e,15,task_complete,task:469,2026-07-20T00:30:00+00:00
4177,8819cb55-67e6-5a55-98c8-d80446975a9e,100,first_task,badge,2026-07-20T00:30:00+00:00
4178,1bc15434-bc22-56cc-a890-336efd2a11e5,40,project_join,project_join:186,2026-07-20T02:30:00+00:00
4179,fb400c3e-ecd0-522e-8b8e-1323946be71a,40,project_join,project_join:186,2026-07-20T06:30:00+00:00
4180,f2561442-8439-5138-9a3b-8bcf96f16609,5,daily_login,2026-07-20,2026-07-20T07:10:00+00:00
4181,37b7aed3-d207-54f7-b4ec-0e05c50eaeb2,5,daily_login,2026-07-20,2026-07-20T07:11:00+00:00
4182,f985b68e-39ae-5c83-8468-2b126802c414,5,daily_login,2026-07-20,2026-07-20T07:12:00+00:00
4183,7ef6d8e7-132e-5da5-a653-16dd2e5719c4,5,daily_login,2026-07-20,2026-07-20T07:13:00+00:00
4184,ea7edc0e-b64d-545f-b311-b4ee943f2935,5,daily_login,2026-07-20,2026-07-20T07:14:00+00:00
4185,20b63262-d3e6-555a-95b2-84fc87694a19,5,daily_login,2026-07-20,2026-07-20T07:15:00+00:00
4186,90cced0e-f2c7-528c-bd28-38c44ead6c98,5,daily_login,2026-07-20,2026-07-20T07:15:00+00:00
4187,50d6350f-ffd4-59ad-a1ff-65a49a77a913,5,daily_login,2026-07-20,2026-07-20T07:16:00+00:00
4188,605985c4-d18d-54b0-829f-2a199ea5c81d,5,daily_login,2026-07-20,2026-07-20T07:16:00+00:00
4189,693ebb02-ab3f-5d60-b798-d4d4df4900d2,5,daily_login,2026-07-20,2026-07-20T07:16:00+00:00
4190,096499d2-73d6-5063-9dd4-a7c1aebac61d,5,daily_login,2026-07-20,2026-07-20T07:17:00+00:00
4191,52ab3a8f-ec5c-5e66-bcd5-efc304512118,5,daily_login,2026-07-20,2026-07-20T07:18:00+00:00
4192,96dbbdad-601e-5bc2-9d1a-78f9f6349a39,5,daily_login,2026-07-20,2026-07-20T07:18:00+00:00
4193,64609795-d498-5ea7-ad33-a3bcecf9d962,5,daily_login,2026-07-20,2026-07-20T07:18:00+00:00
4194,7bdf8ad6-1318-5f74-9112-e2b655e215a2,5,daily_login,2026-07-20,2026-07-20T07:21:00+00:00
4195,1b1e4344-fde4-5cc2-b82c-4fb458696522,5,daily_login,2026-07-20,2026-07-20T07:21:00+00:00
4196,4ec67eb8-4fda-5cbc-bbd1-a6afc7ce8130,5,daily_login,2026-07-20,2026-07-20T07:21:00+00:00
4197,4966bb54-4d4f-5992-8586-1bd44991d17f,5,daily_login,2026-07-20,2026-07-20T07:22:00+00:00
4198,8819cb55-67e6-5a55-98c8-d80446975a9e,5,daily_login,2026-07-20,2026-07-20T07:22:00+00:00
4199,4c310820-12d3-5128-9a45-973db446b59e,5,daily_login,2026-07-20,2026-07-20T07:23:00+00:00
4200,4c310820-12d3-5128-9a45-973db446b59e,350,streak_30,badge,2026-07-20T07:23:00+00:00
4201,4c310820-12d3-5128-9a45-973db446b59e,200,level_5,badge,2026-07-20T07:23:00+00:00
4202,d5dc7189-89df-5fd7-983f-1124b6de3d68,5,daily_login,2026-07-20,2026-07-20T07:23:00+00:00
4203,02bf8d95-eee4-5287-b363-0551cc4a6d51,5,daily_login,2026-07-20,2026-07-20T07:23:00+00:00
4204,ffe47fd1-7989-5728-addd-50b504edd889,5,daily_login,2026-07-20,2026-07-20T07:24:00+00:00
4205,58074159-53d7-5a52-8436-d84a05af35a9,5,daily_login,2026-07-20,2026-07-20T07:24:00+00:00
4206,61347d09-09eb-5f04-a4ec-fe830319799f,5,daily_login,2026-07-20,2026-07-20T07:24:00+00:00
4207,a2cc3818-be31-5aeb-828c-e23f579431aa,5,daily_login,2026-07-20,2026-07-20T07:25:00+00:00
4208,a2cc3818-be31-5aeb-828c-e23f579431aa,5,streak_week_bonus,2026-07-20,2026-07-20T07:25:00+00:00
4209,e502b694-466f-5e1f-9293-146b264ae20c,5,daily_login,2026-07-20,2026-07-20T07:27:00+00:00
4210,d0c58825-6ead-50f6-9a07-f2f95dbb51ea,5,daily_login,2026-07-20,2026-07-20T07:27:00+00:00
4211,49a9d8f7-08ea-5972-af3a-0ca0a6c06e59,5,daily_login,2026-07-20,2026-07-20T07:27:00+00:00
4212,5c465a9a-bc36-5d7b-b5a2-0f18d9dab68a,5,daily_login,2026-07-20,2026-07-20T07:27:00+00:00
4213,0e49007f-82be-5238-a956-37d8f7b40d4c,5,daily_login,2026-07-20,2026-07-20T07:29:00+00:00
4214,5532dec3-02ae-5ac3-8b57-2e8214a8598b,5,daily_login,2026-07-20,2026-07-20T07:29:00+00:00
4215,96373821-4bf4-53b8-bd24-bb64bbb3b84e,5,daily_login,2026-07-20,2026-07-20T07:30:00+00:00
4216,082b47e7-5a06-5a34-bd49-595c82b2b196,5,daily_login,2026-07-20,2026-07-20T07:31:00+00:00
4217,f8f213c7-3d61-567e-9735-5e3e9498b892,5,daily_login,2026-07-20,2026-07-20T07:31:00+00:00
4218,10feece1-a2cd-532b-8488-21659a3bee22,5,daily_login,2026-07-20,2026-07-20T07:31:00+00:00
4219,0e992dba-f631-52d1-b7e3-76faec77c33f,5,daily_login,2026-07-20,2026-07-20T07:31:00+00:00
4220,82a5c89c-0b3a-58b9-9259-837a5348a5c2,5,daily_login,2026-07-20,2026-07-20T07:31:00+00:00
4221,ee289908-380a-5bb3-8fdc-0990b203929b,5,daily_login,2026-07-20,2026-07-20T07:32:00+00:00
4222,729fe171-fa0d-547e-b374-39bd19f4c645,5,daily_login,2026-07-20,2026-07-20T07:32:00+00:00
4223,88820056-e901-59a1-b2ca-c4e813b34f7b,5,daily_login,2026-07-20,2026-07-20T07:33:00+00:00
4224,01c00e49-c4d6-5d4b-bbc1-8aa3fe21ba2a,5,daily_login,2026-07-20,2026-07-20T07:34:00+00:00
4225,9a026691-28ff-5880-9da3-006735af19d3,5,daily_login,2026-07-20,2026-07-20T07:35:00+00:00
4226,8ecc0792-3789-53b2-a26e-fc6daa886eb7,5,daily_login,2026-07-20,2026-07-20T07:36:00+00:00
4227,9edec740-5de6-5c27-8233-5cf72946b182,5,daily_login,2026-07-20,2026-07-20T07:36:00+00:00
4228,5ce94e6e-a987-5fd1-90b2-94a1174f9376,5,daily_login,2026-07-20,2026-07-20T07:37:00+00:00
4229,45abfe15-6e8d-57cf-bda3-b7ae2b5c0bc7,5,daily_login,2026-07-20,2026-07-20T07:37:00+00:00
4230,f22a7317-9c2b-5d13-99b9-1a1622094bb3,5,daily_login,2026-07-20,2026-07-20T07:38:00+00:00
4231,eb397f92-99ac-5f0f-8f81-3540865f0477,5,daily_login,2026-07-20,2026-07-20T07:38:00+00:00
4232,ec6d706d-7dba-534b-8700-e6752dbd06e1,5,daily_login,2026-07-20,2026-07-20T07:38:00+00:00
4233,bdc5faf6-386d-5338-99a0-32d156bcbd68,5,daily_login,2026-07-20,2026-07-20T07:38:00+00:00
4234,302b84f9-9053-5cf7-bed0-305678227875,5,daily_login,2026-07-20,2026-07-20T07:39:00+00:00
4235,508d03e7-de84-523a-8242-f48abc9451d7,5,daily_login,2026-07-20,2026-07-20T07:39:00+00:00
4236,c6286e16-5e03-594c-aa67-861b8ba91b33,5,daily_login,2026-07-20,2026-07-20T07:39:00+00:00
4237,d767d4bb-a2aa-587a-90f9-23d0689ae52a,5,daily_login,2026-07-20,2026-07-20T07:40:00+00:00
4238,33ba5d16-c38c-5bcf-9896-ea8ae81d6e7b,5,daily_login,2026-07-20,2026-07-20T07:41:00+00:00
4239,33d87513-60c2-51ff-9ec5-f0f1389ed27e,5,daily_login,2026-07-20,2026-07-20T07:42:00+00:00
4240,daa36188-60fd-56a2-938b-70b1b51084b0,5,daily_login,2026-07-20,2026-07-20T07:43:00+00:00
4241,e137404e-9196-525c-b17a-44dc96d29f29,5,daily_login,2026-07-20,2026-07-20T07:44:00+00:00
4242,3bc3e38a-5ff7-5330-ab2d-8add18e85d57,5,daily_login,2026-07-20,2026-07-20T07:45:00+00:00
4243,b39a9d3d-f3eb-5d31-9cc7-15e278969b70,5,daily_login,2026-07-20,2026-07-20T07:46:00+00:00
4244,eeeb9e89-042f-5fdc-8fcf-2c3ad56f9bf1,40,project_join,project_join:186,2026-07-20T10:30:00+00:00
4245,f22a7317-9c2b-5d13-99b9-1a1622094bb3,15,task_complete,task:513,2026-07-20T16:30:00+00:00
4246,6ab0c42d-0ad5-5b3d-9c6c-4ab9eaa47586,75,project_create,project:163,2026-07-20T20:30:00+00:00
4247,95927b04-f214-5c26-878d-fb55176e41bc,15,task_complete,task:215,2026-07-20T23:30:00+00:00
4248,95927b04-f214-5c26-878d-fb55176e41bc,100,first_task,badge,2026-07-20T23:30:00+00:00
4249,95927b04-f214-5c26-878d-fb55176e41bc,60,milestone_complete,milestone:147,2026-07-20T23:30:00+00:00
4250,95927b04-f214-5c26-878d-fb55176e41bc,150,first_milestone,badge,2026-07-20T23:30:00+00:00
4251,518ae987-15f7-5b22-8bcc-df59623dbdce,150,first_milestone,badge,2026-07-20T23:30:00+00:00
4252,f223e569-d735-5980-b77b-25d459e64a37,150,first_milestone,badge,2026-07-20T23:30:00+00:00
4253,8819cb55-67e6-5a55-98c8-d80446975a9e,40,project_join,project_join:163,2026-07-21T00:30:00+00:00
4254,a60d0128-bffa-5d2d-9915-36693e6bc3ba,15,task_complete,task:470,2026-07-21T01:30:00+00:00
4255,3425797b-5c54-5f3a-9a34-9cedb0dc5b84,40,project_join,project_join:163,2026-07-21T04:30:00+00:00
4256,610e9654-06d6-5e55-959b-377b8749b8f9,5,daily_login,2026-07-21,2026-07-21T07:10:00+00:00
4257,518ae987-15f7-5b22-8bcc-df59623dbdce,5,daily_login,2026-07-21,2026-07-21T07:10:00+00:00
4258,4c2177ab-592a-5e4a-b25b-8bb3f8090555,5,daily_login,2026-07-21,2026-07-21T07:11:00+00:00
4259,f0f4eb8c-a1ed-50a1-bc7d-2863700a31a5,5,daily_login,2026-07-21,2026-07-21T07:11:00+00:00
4260,f1fb49f6-8f16-5086-a3b3-1c5e169f9ad4,5,daily_login,2026-07-21,2026-07-21T07:13:00+00:00
4261,ea7edc0e-b64d-545f-b311-b4ee943f2935,5,daily_login,2026-07-21,2026-07-21T07:14:00+00:00
4262,3d5b480d-3962-5c76-96ca-5459d65372aa,5,daily_login,2026-07-21,2026-07-21T07:14:00+00:00
4263,90cced0e-f2c7-528c-bd28-38c44ead6c98,5,daily_login,2026-07-21,2026-07-21T07:15:00+00:00
4264,d6b81cb4-a299-5894-baa5-463cb63679a3,5,daily_login,2026-07-21,2026-07-21T07:15:00+00:00
4265,50d6350f-ffd4-59ad-a1ff-65a49a77a913,5,daily_login,2026-07-21,2026-07-21T07:16:00+00:00
4266,50d6350f-ffd4-59ad-a1ff-65a49a77a913,5,streak_week_bonus,2026-07-21,2026-07-21T07:16:00+00:00
4267,eb3717c1-cd92-5eeb-af40-9df7f3132426,5,daily_login,2026-07-21,2026-07-21T07:16:00+00:00
4268,a6b8342c-310b-5b88-9c07-602dbd646488,5,daily_login,2026-07-21,2026-07-21T07:17:00+00:00
4269,96dbbdad-601e-5bc2-9d1a-78f9f6349a39,5,daily_login,2026-07-21,2026-07-21T07:18:00+00:00
4270,64609795-d498-5ea7-ad33-a3bcecf9d962,5,daily_login,2026-07-21,2026-07-21T07:18:00+00:00
4271,5a4b137d-2ebb-5c75-8cdd-bf77406b4b9f,5,daily_login,2026-07-21,2026-07-21T07:19:00+00:00
4272,7b359533-e634-59eb-a2c3-b5501ff96488,5,daily_login,2026-07-21,2026-07-21T07:19:00+00:00
4273,43a3bb15-e7a6-5c42-a198-3e0d7f080ba1,5,daily_login,2026-07-21,2026-07-21T07:20:00+00:00
4274,63fdd1e3-9db3-5b05-9799-510eea6abab7,5,daily_login,2026-07-21,2026-07-21T07:20:00+00:00
4275,9047d24d-0775-5f10-bf17-6e8fc62c5884,5,daily_login,2026-07-21,2026-07-21T07:20:00+00:00
4276,4845dc43-0c9d-5f09-aa4a-62e68abb5d12,5,daily_login,2026-07-21,2026-07-21T07:21:00+00:00
4277,7bdf8ad6-1318-5f74-9112-e2b655e215a2,5,daily_login,2026-07-21,2026-07-21T07:21:00+00:00
4278,1b1e4344-fde4-5cc2-b82c-4fb458696522,5,daily_login,2026-07-21,2026-07-21T07:21:00+00:00
4279,85df6dcd-e42a-581f-802b-eb93568b74eb,5,daily_login,2026-07-21,2026-07-21T07:21:00+00:00
4280,368442e7-2dfe-5df4-9ab7-a468b984050a,5,daily_login,2026-07-21,2026-07-21T07:22:00+00:00
4281,484e243b-afd7-5767-bb0f-4262c0334aea,5,daily_login,2026-07-21,2026-07-21T07:22:00+00:00
4282,44a33563-638c-52da-ae01-285f43dfcb99,5,daily_login,2026-07-21,2026-07-21T07:22:00+00:00
4283,d16e3cdc-2868-563d-867d-62fa9b8b24ea,5,daily_login,2026-07-21,2026-07-21T07:22:00+00:00
4284,3a376c3a-3e46-5c8c-815c-232b66ca9bc8,5,daily_login,2026-07-21,2026-07-21T07:23:00+00:00
4285,4c310820-12d3-5128-9a45-973db446b59e,5,daily_login,2026-07-21,2026-07-21T07:23:00+00:00
4286,35e87bcc-650c-5e3f-9741-3f0c54905b6f,5,daily_login,2026-07-21,2026-07-21T07:23:00+00:00
4287,ffe47fd1-7989-5728-addd-50b504edd889,5,daily_login,2026-07-21,2026-07-21T07:24:00+00:00
4288,61347d09-09eb-5f04-a4ec-fe830319799f,5,daily_login,2026-07-21,2026-07-21T07:24:00+00:00
4289,a992f17b-79b6-5dcf-aed4-2aebaa5775c7,5,daily_login,2026-07-21,2026-07-21T07:25:00+00:00
4290,a2cc3818-be31-5aeb-828c-e23f579431aa,5,daily_login,2026-07-21,2026-07-21T07:25:00+00:00
4291,baa8ef70-5b01-5a49-84cb-71c353290705,5,daily_login,2026-07-21,2026-07-21T07:26:00+00:00
4292,7298015b-9105-595a-b879-3013c08053f7,5,daily_login,2026-07-21,2026-07-21T07:26:00+00:00
4293,e502b694-466f-5e1f-9293-146b264ae20c,5,daily_login,2026-07-21,2026-07-21T07:27:00+00:00
4294,d0c58825-6ead-50f6-9a07-f2f95dbb51ea,5,daily_login,2026-07-21,2026-07-21T07:27:00+00:00
4295,2e2e8079-6c9e-51c9-bc7e-1475045fd514,5,daily_login,2026-07-21,2026-07-21T07:27:00+00:00
4296,49a9d8f7-08ea-5972-af3a-0ca0a6c06e59,5,daily_login,2026-07-21,2026-07-21T07:27:00+00:00
4297,e3efd234-c7f9-5957-937f-661b1c3981ef,5,daily_login,2026-07-21,2026-07-21T07:28:00+00:00
4298,e7dd6cb0-626e-510a-9e98-0498c534b04d,5,daily_login,2026-07-21,2026-07-21T07:28:00+00:00
4299,7f0221a7-4703-52e7-8b26-fa2cd7303c90,5,daily_login,2026-07-21,2026-07-21T07:29:00+00:00
4300,5532dec3-02ae-5ac3-8b57-2e8214a8598b,5,daily_login,2026-07-21,2026-07-21T07:29:00+00:00
4301,96373821-4bf4-53b8-bd24-bb64bbb3b84e,5,daily_login,2026-07-21,2026-07-21T07:30:00+00:00
4302,54561bf4-fe37-5b37-934d-9c7f81542f8b,5,daily_login,2026-07-21,2026-07-21T07:30:00+00:00
4303,082b47e7-5a06-5a34-bd49-595c82b2b196,5,daily_login,2026-07-21,2026-07-21T07:31:00+00:00
4304,45cee65b-db52-5dff-b09d-0ee1ac2be20f,5,daily_login,2026-07-21,2026-07-21T07:31:00+00:00
4305,10feece1-a2cd-532b-8488-21659a3bee22,5,daily_login,2026-07-21,2026-07-21T07:31:00+00:00
4306,82a5c89c-0b3a-58b9-9259-837a5348a5c2,5,daily_login,2026-07-21,2026-07-21T07:31:00+00:00
4307,95927b04-f214-5c26-878d-fb55176e41bc,5,daily_login,2026-07-21,2026-07-21T07:32:00+00:00
4308,9cba29b2-e169-54f3-9d61-1d5013f80312,5,daily_login,2026-07-21,2026-07-21T07:32:00+00:00
4309,88820056-e901-59a1-b2ca-c4e813b34f7b,5,daily_login,2026-07-21,2026-07-21T07:33:00+00:00
4310,6720265f-9f2b-5485-bf24-54e1784991b6,5,daily_login,2026-07-21,2026-07-21T07:34:00+00:00
4311,01c00e49-c4d6-5d4b-bbc1-8aa3fe21ba2a,5,daily_login,2026-07-21,2026-07-21T07:34:00+00:00
4312,9a026691-28ff-5880-9da3-006735af19d3,5,daily_login,2026-07-21,2026-07-21T07:35:00+00:00
4313,fbdfefdb-ca2d-5a0e-87ed-62021c1c11d4,5,daily_login,2026-07-21,2026-07-21T07:35:00+00:00
4314,1873645b-b54c-51dc-a41a-7131e831a64f,5,daily_login,2026-07-21,2026-07-21T07:35:00+00:00
4315,7e6a1243-34f5-52e6-862f-e5f3b2ebe640,5,daily_login,2026-07-21,2026-07-21T07:36:00+00:00
4316,ab45f9eb-3fee-5ea5-bccb-faffc50f3e76,5,daily_login,2026-07-21,2026-07-21T07:37:00+00:00
4317,eb397f92-99ac-5f0f-8f81-3540865f0477,5,daily_login,2026-07-21,2026-07-21T07:38:00+00:00
4318,eeeb9e89-042f-5fdc-8fcf-2c3ad56f9bf1,5,daily_login,2026-07-21,2026-07-21T07:39:00+00:00
4319,508d03e7-de84-523a-8242-f48abc9451d7,5,daily_login,2026-07-21,2026-07-21T07:39:00+00:00
4320,c6286e16-5e03-594c-aa67-861b8ba91b33,5,daily_login,2026-07-21,2026-07-21T07:39:00+00:00
4321,7b48b183-5d87-500f-9cec-2e003c19efac,5,daily_login,2026-07-21,2026-07-21T07:40:00+00:00
4322,bb4b0d34-59a4-5948-a9be-a1aa6caece55,5,daily_login,2026-07-21,2026-07-21T07:40:00+00:00
4323,fb400c3e-ecd0-522e-8b8e-1323946be71a,5,daily_login,2026-07-21,2026-07-21T07:40:00+00:00
4324,96ccee9a-30f2-56cd-b597-a927c84e0f75,5,daily_login,2026-07-21,2026-07-21T07:41:00+00:00
4325,0b532307-3033-5baf-b61c-915d1213c01f,5,daily_login,2026-07-21,2026-07-21T07:41:00+00:00
4326,77c684c4-9514-5edc-85ff-1052c8544c14,5,daily_login,2026-07-21,2026-07-21T07:42:00+00:00
4327,33d87513-60c2-51ff-9ec5-f0f1389ed27e,5,daily_login,2026-07-21,2026-07-21T07:42:00+00:00
4328,b5be680a-732e-55e0-bc5d-b80e831ff33a,5,daily_login,2026-07-21,2026-07-21T07:42:00+00:00
4329,a070c6d0-c23b-5036-b352-f16db0d6ec8e,5,daily_login,2026-07-21,2026-07-21T07:43:00+00:00
4330,3b932376-f549-5a1c-a24b-664b4bc338e3,5,daily_login,2026-07-21,2026-07-21T07:43:00+00:00
4331,e137404e-9196-525c-b17a-44dc96d29f29,5,daily_login,2026-07-21,2026-07-21T07:44:00+00:00
4332,5ccdaadc-80b2-50e1-a0c1-bad0246a7cf2,5,daily_login,2026-07-21,2026-07-21T07:46:00+00:00
4333,878bb7d9-5569-5efb-bbd1-5e39d62d594d,40,project_join,project_join:163,2026-07-21T08:30:00+00:00
4334,518ae987-15f7-5b22-8bcc-df59623dbdce,15,task_complete,task:216,2026-07-22T00:30:00+00:00
4335,518ae987-15f7-5b22-8bcc-df59623dbdce,100,first_task,badge,2026-07-22T00:30:00+00:00
4336,605985c4-d18d-54b0-829f-2a199ea5c81d,15,task_complete,task:471,2026-07-22T02:30:00+00:00
4337,d9fbcbde-376a-5f82-9fb5-268a24b02d57,5,daily_login,2026-07-22,2026-07-22T07:10:00+00:00
4338,610e9654-06d6-5e55-959b-377b8749b8f9,5,daily_login,2026-07-22,2026-07-22T07:10:00+00:00
4339,7ef6d8e7-132e-5da5-a653-16dd2e5719c4,5,daily_login,2026-07-22,2026-07-22T07:13:00+00:00
4340,3d5b480d-3962-5c76-96ca-5459d65372aa,5,daily_login,2026-07-22,2026-07-22T07:14:00+00:00
4341,20b63262-d3e6-555a-95b2-84fc87694a19,5,daily_login,2026-07-22,2026-07-22T07:15:00+00:00
4342,6ecf180b-be59-594c-a33b-31bd0120f01f,5,daily_login,2026-07-22,2026-07-22T07:15:00+00:00
4343,50d6350f-ffd4-59ad-a1ff-65a49a77a913,5,daily_login,2026-07-22,2026-07-22T07:16:00+00:00
4344,06657aeb-b604-5b0d-9281-d2e5afb78a9d,5,daily_login,2026-07-22,2026-07-22T07:16:00+00:00
4345,a6b8342c-310b-5b88-9c07-602dbd646488,5,daily_login,2026-07-22,2026-07-22T07:17:00+00:00
4346,52ab3a8f-ec5c-5e66-bcd5-efc304512118,5,daily_login,2026-07-22,2026-07-22T07:18:00+00:00
4347,96dbbdad-601e-5bc2-9d1a-78f9f6349a39,5,daily_login,2026-07-22,2026-07-22T07:18:00+00:00
4348,96dbbdad-601e-5bc2-9d1a-78f9f6349a39,5,streak_week_bonus,2026-07-22,2026-07-22T07:18:00+00:00
4349,64609795-d498-5ea7-ad33-a3bcecf9d962,5,daily_login,2026-07-22,2026-07-22T07:18:00+00:00
4350,5a4b137d-2ebb-5c75-8cdd-bf77406b4b9f,5,daily_login,2026-07-22,2026-07-22T07:19:00+00:00
4351,9d1c460b-bd0b-57ff-ac14-f2b10f73edd3,5,daily_login,2026-07-22,2026-07-22T07:19:00+00:00
4352,7b359533-e634-59eb-a2c3-b5501ff96488,5,daily_login,2026-07-22,2026-07-22T07:19:00+00:00
4353,341a0cef-f4a9-53ee-8980-229dc154ff4e,5,daily_login,2026-07-22,2026-07-22T07:20:00+00:00
4354,7bdf8ad6-1318-5f74-9112-e2b655e215a2,5,daily_login,2026-07-22,2026-07-22T07:21:00+00:00
4355,4ec67eb8-4fda-5cbc-bbd1-a6afc7ce8130,5,daily_login,2026-07-22,2026-07-22T07:21:00+00:00
4356,d16e3cdc-2868-563d-867d-62fa9b8b24ea,5,daily_login,2026-07-22,2026-07-22T07:22:00+00:00
4357,3a376c3a-3e46-5c8c-815c-232b66ca9bc8,5,daily_login,2026-07-22,2026-07-22T07:23:00+00:00
4358,4c310820-12d3-5128-9a45-973db446b59e,5,daily_login,2026-07-22,2026-07-22T07:23:00+00:00
4359,d5dc7189-89df-5fd7-983f-1124b6de3d68,5,daily_login,2026-07-22,2026-07-22T07:23:00+00:00
4360,02bf8d95-eee4-5287-b363-0551cc4a6d51,5,daily_login,2026-07-22,2026-07-22T07:23:00+00:00
4361,ffe47fd1-7989-5728-addd-50b504edd889,5,daily_login,2026-07-22,2026-07-22T07:24:00+00:00
4362,58074159-53d7-5a52-8436-d84a05af35a9,5,daily_login,2026-07-22,2026-07-22T07:24:00+00:00
4363,a992f17b-79b6-5dcf-aed4-2aebaa5775c7,5,daily_login,2026-07-22,2026-07-22T07:25:00+00:00
4364,a2cc3818-be31-5aeb-828c-e23f579431aa,5,daily_login,2026-07-22,2026-07-22T07:25:00+00:00
4365,4307ee18-2e16-50be-abbc-db160bb8e8fd,5,daily_login,2026-07-22,2026-07-22T07:26:00+00:00
4366,e502b694-466f-5e1f-9293-146b264ae20c,5,daily_login,2026-07-22,2026-07-22T07:27:00+00:00
4367,2e2e8079-6c9e-51c9-bc7e-1475045fd514,5,daily_login,2026-07-22,2026-07-22T07:27:00+00:00
4368,673e8617-3280-5bfa-85a6-738a6d64aac6,5,daily_login,2026-07-22,2026-07-22T07:28:00+00:00
4369,0e49007f-82be-5238-a956-37d8f7b40d4c,5,daily_login,2026-07-22,2026-07-22T07:29:00+00:00
4370,5532dec3-02ae-5ac3-8b57-2e8214a8598b,5,daily_login,2026-07-22,2026-07-22T07:29:00+00:00
4371,774fd1d7-ca6b-5177-9d91-fc7b24739425,5,daily_login,2026-07-22,2026-07-22T07:30:00+00:00
4372,54561bf4-fe37-5b37-934d-9c7f81542f8b,5,daily_login,2026-07-22,2026-07-22T07:30:00+00:00
4373,e3efd234-c7f9-5957-937f-661b1c3981ef,60,milestone_complete,milestone:159,2026-07-22T07:30:00+00:00
4374,e3efd234-c7f9-5957-937f-661b1c3981ef,150,first_milestone,badge,2026-07-22T07:30:00+00:00
4375,878bb7d9-5569-5efb-bbd1-5e39d62d594d,150,first_milestone,badge,2026-07-22T07:30:00+00:00
4376,9d1c460b-bd0b-57ff-ac14-f2b10f73edd3,150,first_milestone,badge,2026-07-22T07:30:00+00:00
4377,082b47e7-5a06-5a34-bd49-595c82b2b196,5,daily_login,2026-07-22,2026-07-22T07:31:00+00:00
4378,82a5c89c-0b3a-58b9-9259-837a5348a5c2,5,daily_login,2026-07-22,2026-07-22T07:31:00+00:00
4379,1062abbb-4fcd-51a9-95fc-5474e4af7640,5,daily_login,2026-07-22,2026-07-22T07:32:00+00:00
4380,473b12ab-4d0d-5b7f-89b2-c0a1e2405c60,5,daily_login,2026-07-22,2026-07-22T07:32:00+00:00
4381,729fe171-fa0d-547e-b374-39bd19f4c645,5,daily_login,2026-07-22,2026-07-22T07:32:00+00:00
4382,88820056-e901-59a1-b2ca-c4e813b34f7b,5,daily_login,2026-07-22,2026-07-22T07:33:00+00:00
4383,19e81afb-74c1-5b4a-9af3-469f3b610235,5,daily_login,2026-07-22,2026-07-22T07:34:00+00:00
4384,01c00e49-c4d6-5d4b-bbc1-8aa3fe21ba2a,5,daily_login,2026-07-22,2026-07-22T07:34:00+00:00
4385,5d857806-7d61-533b-bc12-af2d7b775d29,5,daily_login,2026-07-22,2026-07-22T07:35:00+00:00
4386,ac9c9500-b7e4-5bbe-8f4e-a40a6201979a,5,daily_login,2026-07-22,2026-07-22T07:35:00+00:00
4387,8ecc0792-3789-53b2-a26e-fc6daa886eb7,5,daily_login,2026-07-22,2026-07-22T07:36:00+00:00
4388,ab45f9eb-3fee-5ea5-bccb-faffc50f3e76,5,daily_login,2026-07-22,2026-07-22T07:37:00+00:00
4389,5ce94e6e-a987-5fd1-90b2-94a1174f9376,5,daily_login,2026-07-22,2026-07-22T07:37:00+00:00
4390,6988340a-a3c1-5fda-a996-711f1723c649,5,daily_login,2026-07-22,2026-07-22T07:37:00+00:00
4391,eb397f92-99ac-5f0f-8f81-3540865f0477,5,daily_login,2026-07-22,2026-07-22T07:38:00+00:00
4392,eb397f92-99ac-5f0f-8f81-3540865f0477,5,streak_week_bonus,2026-07-22,2026-07-22T07:38:00+00:00
4393,bdc5faf6-386d-5338-99a0-32d156bcbd68,5,daily_login,2026-07-22,2026-07-22T07:38:00+00:00
4394,783491ec-2857-52e8-a102-766d7abba6d2,5,daily_login,2026-07-22,2026-07-22T07:38:00+00:00
4395,302b84f9-9053-5cf7-bed0-305678227875,5,daily_login,2026-07-22,2026-07-22T07:39:00+00:00
4396,508d03e7-de84-523a-8242-f48abc9451d7,5,daily_login,2026-07-22,2026-07-22T07:39:00+00:00
4397,c6286e16-5e03-594c-aa67-861b8ba91b33,5,daily_login,2026-07-22,2026-07-22T07:39:00+00:00
4398,7b48b183-5d87-500f-9cec-2e003c19efac,5,daily_login,2026-07-22,2026-07-22T07:40:00+00:00
4399,0b532307-3033-5baf-b61c-915d1213c01f,5,daily_login,2026-07-22,2026-07-22T07:41:00+00:00
4400,33d87513-60c2-51ff-9ec5-f0f1389ed27e,5,daily_login,2026-07-22,2026-07-22T07:42:00+00:00
4401,dfe9e449-d177-56af-a679-d3e1c78c5c02,5,daily_login,2026-07-22,2026-07-22T07:43:00+00:00
4402,3b932376-f549-5a1c-a24b-664b4bc338e3,5,daily_login,2026-07-22,2026-07-22T07:43:00+00:00
4403,36016ab9-3cc9-5f6a-8bc7-1d138ad9cb43,5,daily_login,2026-07-22,2026-07-22T07:44:00+00:00
4404,405fd522-6b0d-52fc-b397-dc3ce2e4a2ea,5,daily_login,2026-07-22,2026-07-22T07:44:00+00:00
4405,6ab0c42d-0ad5-5b3d-9c6c-4ab9eaa47586,5,daily_login,2026-07-22,2026-07-22T07:45:00+00:00
4406,ae7ac442-d880-5cd8-bc30-8d21c5f7dc54,5,daily_login,2026-07-22,2026-07-22T07:45:00+00:00
4407,6ac5a7a4-ae0d-5e31-8a7c-d85b63a96c46,5,daily_login,2026-07-22,2026-07-22T07:45:00+00:00
4408,daa36188-60fd-56a2-938b-70b1b51084b0,20,thread_create,thread:123,2026-07-22T09:30:00+00:00
4409,daa36188-60fd-56a2-938b-70b1b51084b0,150,first_thread,badge,2026-07-22T09:30:00+00:00
4410,88820056-e901-59a1-b2ca-c4e813b34f7b,15,task_complete,task:310,2026-07-22T17:30:00+00:00
4411,88820056-e901-59a1-b2ca-c4e813b34f7b,60,milestone_complete,milestone:181,2026-07-22T17:30:00+00:00
4412,eb3717c1-cd92-5eeb-af40-9df7f3132426,150,first_milestone,badge,2026-07-22T17:30:00+00:00
4413,fd96bbd1-5601-5c99-a1e2-04b09168b35e,150,first_milestone,badge,2026-07-22T17:30:00+00:00
4414,f223e569-d735-5980-b77b-25d459e64a37,15,task_complete,task:217,2026-07-23T01:30:00+00:00
4415,f223e569-d735-5980-b77b-25d459e64a37,100,first_task,badge,2026-07-23T01:30:00+00:00
4416,4c2177ab-592a-5e4a-b25b-8bb3f8090555,20,thread_create,thread:169,2026-07-23T04:30:00+00:00
4417,4c2177ab-592a-5e4a-b25b-8bb3f8090555,150,first_thread,badge,2026-07-23T04:30:00+00:00
4418,d9fbcbde-376a-5f82-9fb5-268a24b02d57,5,daily_login,2026-07-23,2026-07-23T07:10:00+00:00
4419,f2561442-8439-5138-9a3b-8bcf96f16609,5,daily_login,2026-07-23,2026-07-23T07:10:00+00:00
4420,610e9654-06d6-5e55-959b-377b8749b8f9,5,daily_login,2026-07-23,2026-07-23T07:10:00+00:00
4421,518ae987-15f7-5b22-8bcc-df59623dbdce,5,daily_login,2026-07-23,2026-07-23T07:10:00+00:00
4422,4c2177ab-592a-5e4a-b25b-8bb3f8090555,5,daily_login,2026-07-23,2026-07-23T07:11:00+00:00
4423,6cf4bb40-4d81-5eb3-b9d9-5841cd55724e,5,daily_login,2026-07-23,2026-07-23T07:11:00+00:00
4424,1dd6da2f-292d-52b5-8e0e-a84885e81ba1,5,daily_login,2026-07-23,2026-07-23T07:12:00+00:00
4425,3d016498-e16a-5ad9-95c7-b633dfc6a142,5,daily_login,2026-07-23,2026-07-23T07:13:00+00:00
4426,20b63262-d3e6-555a-95b2-84fc87694a19,5,daily_login,2026-07-23,2026-07-23T07:15:00+00:00
4427,50d6350f-ffd4-59ad-a1ff-65a49a77a913,5,daily_login,2026-07-23,2026-07-23T07:16:00+00:00
4428,693ebb02-ab3f-5d60-b798-d4d4df4900d2,5,daily_login,2026-07-23,2026-07-23T07:16:00+00:00
4429,52ab3a8f-ec5c-5e66-bcd5-efc304512118,5,daily_login,2026-07-23,2026-07-23T07:18:00+00:00
4430,96dbbdad-601e-5bc2-9d1a-78f9f6349a39,5,daily_login,2026-07-23,2026-07-23T07:18:00+00:00
4431,5a4b137d-2ebb-5c75-8cdd-bf77406b4b9f,5,daily_login,2026-07-23,2026-07-23T07:19:00+00:00
4432,9d1c460b-bd0b-57ff-ac14-f2b10f73edd3,5,daily_login,2026-07-23,2026-07-23T07:19:00+00:00
4433,43a3bb15-e7a6-5c42-a198-3e0d7f080ba1,5,daily_login,2026-07-23,2026-07-23T07:20:00+00:00
4434,9047d24d-0775-5f10-bf17-6e8fc62c5884,5,daily_login,2026-07-23,2026-07-23T07:20:00+00:00
4435,4845dc43-0c9d-5f09-aa4a-62e68abb5d12,5,daily_login,2026-07-23,2026-07-23T07:21:00+00:00
4436,7bdf8ad6-1318-5f74-9112-e2b655e215a2,5,daily_login,2026-07-23,2026-07-23T07:21:00+00:00
4437,4ec67eb8-4fda-5cbc-bbd1-a6afc7ce8130,5,daily_login,2026-07-23,2026-07-23T07:21:00+00:00
4438,85df6dcd-e42a-581f-802b-eb93568b74eb,5,daily_login,2026-07-23,2026-07-23T07:21:00+00:00
4439,44a33563-638c-52da-ae01-285f43dfcb99,5,daily_login,2026-07-23,2026-07-23T07:22:00+00:00
4440,4c310820-12d3-5128-9a45-973db446b59e,5,daily_login,2026-07-23,2026-07-23T07:23:00+00:00
4441,d5dc7189-89df-5fd7-983f-1124b6de3d68,5,daily_login,2026-07-23,2026-07-23T07:23:00+00:00
4442,02bf8d95-eee4-5287-b363-0551cc4a6d51,5,daily_login,2026-07-23,2026-07-23T07:23:00+00:00
4443,ffe47fd1-7989-5728-addd-50b504edd889,5,daily_login,2026-07-23,2026-07-23T07:24:00+00:00
4444,58074159-53d7-5a52-8436-d84a05af35a9,5,daily_login,2026-07-23,2026-07-23T07:24:00+00:00
4445,a2cc3818-be31-5aeb-828c-e23f579431aa,5,daily_login,2026-07-23,2026-07-23T07:25:00+00:00
4446,1bf86e3f-0e6e-5241-b319-71005237945f,5,daily_login,2026-07-23,2026-07-23T07:25:00+00:00
4447,6b9b6012-cdb4-50eb-8ad0-01c36516df23,5,daily_login,2026-07-23,2026-07-23T07:26:00+00:00
4448,4307ee18-2e16-50be-abbc-db160bb8e8fd,5,daily_login,2026-07-23,2026-07-23T07:26:00+00:00
4449,e502b694-466f-5e1f-9293-146b264ae20c,5,daily_login,2026-07-23,2026-07-23T07:27:00+00:00
4450,d0c58825-6ead-50f6-9a07-f2f95dbb51ea,5,daily_login,2026-07-23,2026-07-23T07:27:00+00:00
4451,84da666c-c47c-572e-b2c9-3b6f35881596,5,daily_login,2026-07-23,2026-07-23T07:28:00+00:00
4452,e7dd6cb0-626e-510a-9e98-0498c534b04d,5,daily_login,2026-07-23,2026-07-23T07:28:00+00:00
4453,0e49007f-82be-5238-a956-37d8f7b40d4c,5,daily_login,2026-07-23,2026-07-23T07:29:00+00:00
4454,54561bf4-fe37-5b37-934d-9c7f81542f8b,5,daily_login,2026-07-23,2026-07-23T07:30:00+00:00
4455,da462241-608b-5422-bdbd-0d98184a433d,5,daily_login,2026-07-23,2026-07-23T07:30:00+00:00
4456,9cba29b2-e169-54f3-9d61-1d5013f80312,5,daily_login,2026-07-23,2026-07-23T07:32:00+00:00
4457,729fe171-fa0d-547e-b374-39bd19f4c645,5,daily_login,2026-07-23,2026-07-23T07:32:00+00:00
4458,84047d01-74e6-5a08-a20e-b5c25e3eff3e,5,daily_login,2026-07-23,2026-07-23T07:33:00+00:00
4459,44f09dba-7a20-5f46-840b-4670e6c7eb92,5,daily_login,2026-07-23,2026-07-23T07:33:00+00:00
4460,6720265f-9f2b-5485-bf24-54e1784991b6,5,daily_login,2026-07-23,2026-07-23T07:34:00+00:00
4461,9a026691-28ff-5880-9da3-006735af19d3,5,daily_login,2026-07-23,2026-07-23T07:35:00+00:00
4462,7e6a1243-34f5-52e6-862f-e5f3b2ebe640,5,daily_login,2026-07-23,2026-07-23T07:36:00+00:00
4463,eb397f92-99ac-5f0f-8f81-3540865f0477,5,daily_login,2026-07-23,2026-07-23T07:38:00+00:00
4464,ec6d706d-7dba-534b-8700-e6752dbd06e1,5,daily_login,2026-07-23,2026-07-23T07:38:00+00:00
4465,302b84f9-9053-5cf7-bed0-305678227875,5,daily_login,2026-07-23,2026-07-23T07:39:00+00:00
4466,eeeb9e89-042f-5fdc-8fcf-2c3ad56f9bf1,5,daily_login,2026-07-23,2026-07-23T07:39:00+00:00
4467,508d03e7-de84-523a-8242-f48abc9451d7,5,daily_login,2026-07-23,2026-07-23T07:39:00+00:00
4468,c6286e16-5e03-594c-aa67-861b8ba91b33,5,daily_login,2026-07-23,2026-07-23T07:39:00+00:00
4469,d767d4bb-a2aa-587a-90f9-23d0689ae52a,5,daily_login,2026-07-23,2026-07-23T07:40:00+00:00
4470,96ccee9a-30f2-56cd-b597-a927c84e0f75,5,daily_login,2026-07-23,2026-07-23T07:41:00+00:00
4471,77c684c4-9514-5edc-85ff-1052c8544c14,5,daily_login,2026-07-23,2026-07-23T07:42:00+00:00
4472,33d87513-60c2-51ff-9ec5-f0f1389ed27e,5,daily_login,2026-07-23,2026-07-23T07:42:00+00:00
4473,b5be680a-732e-55e0-bc5d-b80e831ff33a,5,daily_login,2026-07-23,2026-07-23T07:42:00+00:00
4474,dfe9e449-d177-56af-a679-d3e1c78c5c02,5,daily_login,2026-07-23,2026-07-23T07:43:00+00:00
4475,36016ab9-3cc9-5f6a-8bc7-1d138ad9cb43,5,daily_login,2026-07-23,2026-07-23T07:44:00+00:00
4476,e137404e-9196-525c-b17a-44dc96d29f29,5,daily_login,2026-07-23,2026-07-23T07:44:00+00:00
4477,ae7ac442-d880-5cd8-bc30-8d21c5f7dc54,5,daily_login,2026-07-23,2026-07-23T07:45:00+00:00
4478,6ac5a7a4-ae0d-5e31-8a7c-d85b63a96c46,5,daily_login,2026-07-23,2026-07-23T07:45:00+00:00
4479,5ccdaadc-80b2-50e1-a0c1-bad0246a7cf2,5,daily_login,2026-07-23,2026-07-23T07:46:00+00:00
4480,6690668c-e73d-51ff-9ca4-36bec9b8c175,5,daily_login,2026-07-23,2026-07-23T07:46:00+00:00
4481,1767869f-381f-59b9-acac-01da2d539e40,300,project_completed,badge,2026-07-23T19:30:00+00:00
4482,1767869f-381f-59b9-acac-01da2d539e40,200,level_5,badge,2026-07-23T19:30:00+00:00
4483,88820056-e901-59a1-b2ca-c4e813b34f7b,300,project_completed,badge,2026-07-23T19:30:00+00:00
4484,b7f1d97d-9f3c-5885-b9ef-48d67a16a686,300,project_completed,badge,2026-07-23T19:30:00+00:00
4485,b7f1d97d-9f3c-5885-b9ef-48d67a16a686,200,level_5,badge,2026-07-23T19:30:00+00:00
4486,61347d09-09eb-5f04-a4ec-fe830319799f,300,project_completed,badge,2026-07-23T19:30:00+00:00
4487,61347d09-09eb-5f04-a4ec-fe830319799f,200,level_5,badge,2026-07-23T19:30:00+00:00
4488,4ec67eb8-4fda-5cbc-bbd1-a6afc7ce8130,300,project_completed,badge,2026-07-23T19:30:00+00:00
4489,4ec67eb8-4fda-5cbc-bbd1-a6afc7ce8130,200,level_5,badge,2026-07-23T19:30:00+00:00
4490,1767869f-381f-59b9-acac-01da2d539e40,60,milestone_complete,milestone:214,2026-07-23T19:30:00+00:00
4491,95927b04-f214-5c26-878d-fb55176e41bc,15,task_complete,task:218,2026-07-24T02:30:00+00:00
4492,f2561442-8439-5138-9a3b-8bcf96f16609,5,daily_login,2026-07-24,2026-07-24T07:10:00+00:00
4493,610e9654-06d6-5e55-959b-377b8749b8f9,5,daily_login,2026-07-24,2026-07-24T07:10:00+00:00
4494,518ae987-15f7-5b22-8bcc-df59623dbdce,5,daily_login,2026-07-24,2026-07-24T07:10:00+00:00
4495,37b7aed3-d207-54f7-b4ec-0e05c50eaeb2,5,daily_login,2026-07-24,2026-07-24T07:11:00+00:00
4496,ea7edc0e-b64d-545f-b311-b4ee943f2935,5,daily_login,2026-07-24,2026-07-24T07:14:00+00:00
4497,90cced0e-f2c7-528c-bd28-38c44ead6c98,5,daily_login,2026-07-24,2026-07-24T07:15:00+00:00
4498,6ecf180b-be59-594c-a33b-31bd0120f01f,5,daily_login,2026-07-24,2026-07-24T07:15:00+00:00
4499,d6b81cb4-a299-5894-baa5-463cb63679a3,5,daily_login,2026-07-24,2026-07-24T07:15:00+00:00
4500,50d6350f-ffd4-59ad-a1ff-65a49a77a913,5,daily_login,2026-07-24,2026-07-24T07:16:00+00:00
4501,64b591cd-4cbe-577a-aba9-ee6912328a58,5,daily_login,2026-07-24,2026-07-24T07:16:00+00:00
4502,605985c4-d18d-54b0-829f-2a199ea5c81d,5,daily_login,2026-07-24,2026-07-24T07:16:00+00:00
4503,eb3717c1-cd92-5eeb-af40-9df7f3132426,5,daily_login,2026-07-24,2026-07-24T07:16:00+00:00
4504,693ebb02-ab3f-5d60-b798-d4d4df4900d2,5,daily_login,2026-07-24,2026-07-24T07:16:00+00:00
4505,1bc15434-bc22-56cc-a890-336efd2a11e5,5,daily_login,2026-07-24,2026-07-24T07:17:00+00:00
4506,a6b8342c-310b-5b88-9c07-602dbd646488,5,daily_login,2026-07-24,2026-07-24T07:17:00+00:00
4507,52ab3a8f-ec5c-5e66-bcd5-efc304512118,5,daily_login,2026-07-24,2026-07-24T07:18:00+00:00
4508,96dbbdad-601e-5bc2-9d1a-78f9f6349a39,5,daily_login,2026-07-24,2026-07-24T07:18:00+00:00
4509,64609795-d498-5ea7-ad33-a3bcecf9d962,5,daily_login,2026-07-24,2026-07-24T07:18:00+00:00
4510,d3175e63-6121-5d55-b429-df91670d9aca,5,daily_login,2026-07-24,2026-07-24T07:18:00+00:00
4511,cb162f3d-006f-544e-bfa6-f9abb8a52026,5,daily_login,2026-07-24,2026-07-24T07:19:00+00:00
4512,43a3bb15-e7a6-5c42-a198-3e0d7f080ba1,5,daily_login,2026-07-24,2026-07-24T07:20:00+00:00
4513,63fdd1e3-9db3-5b05-9799-510eea6abab7,5,daily_login,2026-07-24,2026-07-24T07:20:00+00:00
4514,9047d24d-0775-5f10-bf17-6e8fc62c5884,5,daily_login,2026-07-24,2026-07-24T07:20:00+00:00
4515,9c9c228f-3bd5-5da4-b666-fbfab93b4b7e,5,daily_login,2026-07-24,2026-07-24T07:21:00+00:00
4516,4845dc43-0c9d-5f09-aa4a-62e68abb5d12,5,daily_login,2026-07-24,2026-07-24T07:21:00+00:00
4517,7bdf8ad6-1318-5f74-9112-e2b655e215a2,5,daily_login,2026-07-24,2026-07-24T07:21:00+00:00
4518,7bdf8ad6-1318-5f74-9112-e2b655e215a2,5,streak_week_bonus,2026-07-24,2026-07-24T07:21:00+00:00
4519,1b1e4344-fde4-5cc2-b82c-4fb458696522,5,daily_login,2026-07-24,2026-07-24T07:21:00+00:00
4520,4ec67eb8-4fda-5cbc-bbd1-a6afc7ce8130,5,daily_login,2026-07-24,2026-07-24T07:21:00+00:00
4521,85df6dcd-e42a-581f-802b-eb93568b74eb,5,daily_login,2026-07-24,2026-07-24T07:21:00+00:00
4522,8819cb55-67e6-5a55-98c8-d80446975a9e,5,daily_login,2026-07-24,2026-07-24T07:22:00+00:00
4523,4c310820-12d3-5128-9a45-973db446b59e,5,daily_login,2026-07-24,2026-07-24T07:23:00+00:00
4524,d5dc7189-89df-5fd7-983f-1124b6de3d68,5,daily_login,2026-07-24,2026-07-24T07:23:00+00:00
4525,02bf8d95-eee4-5287-b363-0551cc4a6d51,5,daily_login,2026-07-24,2026-07-24T07:23:00+00:00
4526,88a268b0-6bca-5583-b041-ffdbc51be7e6,5,daily_login,2026-07-24,2026-07-24T07:24:00+00:00
4527,ffe47fd1-7989-5728-addd-50b504edd889,5,daily_login,2026-07-24,2026-07-24T07:24:00+00:00
4528,a2cc3818-be31-5aeb-828c-e23f579431aa,5,daily_login,2026-07-24,2026-07-24T07:25:00+00:00
4529,baa8ef70-5b01-5a49-84cb-71c353290705,5,daily_login,2026-07-24,2026-07-24T07:26:00+00:00
4530,20b4182c-90f7-51da-99e8-97ade4d19a92,5,daily_login,2026-07-24,2026-07-24T07:26:00+00:00
4531,2e2e8079-6c9e-51c9-bc7e-1475045fd514,5,daily_login,2026-07-24,2026-07-24T07:27:00+00:00
4532,49a9d8f7-08ea-5972-af3a-0ca0a6c06e59,5,daily_login,2026-07-24,2026-07-24T07:27:00+00:00
4533,e7dd6cb0-626e-510a-9e98-0498c534b04d,5,daily_login,2026-07-24,2026-07-24T07:28:00+00:00
4534,5532dec3-02ae-5ac3-8b57-2e8214a8598b,5,daily_login,2026-07-24,2026-07-24T07:29:00+00:00
4535,774fd1d7-ca6b-5177-9d91-fc7b24739425,5,daily_login,2026-07-24,2026-07-24T07:30:00+00:00
4536,54561bf4-fe37-5b37-934d-9c7f81542f8b,5,daily_login,2026-07-24,2026-07-24T07:30:00+00:00
4537,da462241-608b-5422-bdbd-0d98184a433d,5,daily_login,2026-07-24,2026-07-24T07:30:00+00:00
4538,3d016498-e16a-5ad9-95c7-b633dfc6a142,15,task_complete,task:370,2026-07-24T07:30:00+00:00
4539,3d016498-e16a-5ad9-95c7-b633dfc6a142,100,first_task,badge,2026-07-24T07:30:00+00:00
4540,3d016498-e16a-5ad9-95c7-b633dfc6a142,60,milestone_complete,milestone:207,2026-07-24T07:30:00+00:00
4541,3d016498-e16a-5ad9-95c7-b633dfc6a142,150,first_milestone,badge,2026-07-24T07:30:00+00:00
4542,082b47e7-5a06-5a34-bd49-595c82b2b196,5,daily_login,2026-07-24,2026-07-24T07:31:00+00:00
4543,45cee65b-db52-5dff-b09d-0ee1ac2be20f,5,daily_login,2026-07-24,2026-07-24T07:31:00+00:00
4544,f8f213c7-3d61-567e-9735-5e3e9498b892,5,daily_login,2026-07-24,2026-07-24T07:31:00+00:00
4545,82a5c89c-0b3a-58b9-9259-837a5348a5c2,5,daily_login,2026-07-24,2026-07-24T07:31:00+00:00
4546,ee289908-380a-5bb3-8fdc-0990b203929b,5,daily_login,2026-07-24,2026-07-24T07:32:00+00:00
4547,729fe171-fa0d-547e-b374-39bd19f4c645,5,daily_login,2026-07-24,2026-07-24T07:32:00+00:00
4548,84047d01-74e6-5a08-a20e-b5c25e3eff3e,5,daily_login,2026-07-24,2026-07-24T07:33:00+00:00
4549,6720265f-9f2b-5485-bf24-54e1784991b6,5,daily_login,2026-07-24,2026-07-24T07:34:00+00:00
4550,01c00e49-c4d6-5d4b-bbc1-8aa3fe21ba2a,5,daily_login,2026-07-24,2026-07-24T07:34:00+00:00
4551,5d857806-7d61-533b-bc12-af2d7b775d29,5,daily_login,2026-07-24,2026-07-24T07:35:00+00:00
4552,d48cab4b-e48b-59ae-88d6-41d5d463569d,5,daily_login,2026-07-24,2026-07-24T07:35:00+00:00
4553,fbdfefdb-ca2d-5a0e-87ed-62021c1c11d4,5,daily_login,2026-07-24,2026-07-24T07:35:00+00:00
4554,9edec740-5de6-5c27-8233-5cf72946b182,5,daily_login,2026-07-24,2026-07-24T07:36:00+00:00
4555,5ce94e6e-a987-5fd1-90b2-94a1174f9376,5,daily_login,2026-07-24,2026-07-24T07:37:00+00:00
4556,0bd9c807-50b6-567b-befe-96c80ed2fc9d,5,daily_login,2026-07-24,2026-07-24T07:38:00+00:00
4557,302b84f9-9053-5cf7-bed0-305678227875,5,daily_login,2026-07-24,2026-07-24T07:39:00+00:00
4558,508d03e7-de84-523a-8242-f48abc9451d7,5,daily_login,2026-07-24,2026-07-24T07:39:00+00:00
4559,c6286e16-5e03-594c-aa67-861b8ba91b33,5,daily_login,2026-07-24,2026-07-24T07:39:00+00:00
4560,c6286e16-5e03-594c-aa67-861b8ba91b33,5,streak_week_bonus,2026-07-24,2026-07-24T07:39:00+00:00
4561,e21dfd78-ea9f-5754-a3b2-3b3b66dd30b5,5,daily_login,2026-07-24,2026-07-24T07:39:00+00:00
4562,bb4b0d34-59a4-5948-a9be-a1aa6caece55,5,daily_login,2026-07-24,2026-07-24T07:40:00+00:00
4563,96ccee9a-30f2-56cd-b597-a927c84e0f75,5,daily_login,2026-07-24,2026-07-24T07:41:00+00:00
4564,7624f38b-fbca-546f-af04-c9dda9318f82,5,daily_login,2026-07-24,2026-07-24T07:41:00+00:00
4565,77c684c4-9514-5edc-85ff-1052c8544c14,5,daily_login,2026-07-24,2026-07-24T07:42:00+00:00
4566,3b932376-f549-5a1c-a24b-664b4bc338e3,5,daily_login,2026-07-24,2026-07-24T07:43:00+00:00
4567,e137404e-9196-525c-b17a-44dc96d29f29,5,daily_login,2026-07-24,2026-07-24T07:44:00+00:00
4568,6ab0c42d-0ad5-5b3d-9c6c-4ab9eaa47586,5,daily_login,2026-07-24,2026-07-24T07:45:00+00:00
4569,d2a70bca-a25c-522f-9b7e-c967b69503cc,5,daily_login,2026-07-24,2026-07-24T07:45:00+00:00
4570,bf54d417-d834-5d3e-a7f9-106377fe05a5,5,daily_login,2026-07-24,2026-07-24T07:46:00+00:00
4571,cac67f41-f5af-5268-9e2d-34feac0dc9fa,5,daily_login,2026-07-24,2026-07-24T07:46:00+00:00
4572,f0f4eb8c-a1ed-50a1-bc7d-2863700a31a5,20,thread_create,thread:145,2026-07-24T08:30:00+00:00
4573,f0f4eb8c-a1ed-50a1-bc7d-2863700a31a5,150,first_thread,badge,2026-07-24T08:30:00+00:00
4574,8ecc0792-3789-53b2-a26e-fc6daa886eb7,250,helpful_5,badge,2026-07-24T13:40:00+00:00
4575,8ecc0792-3789-53b2-a26e-fc6daa886eb7,25,helpful_comment,comment:280,2026-07-24T13:40:00+00:00
4576,f22a7317-9c2b-5d13-99b9-1a1622094bb3,75,project_create,project:115,2026-07-24T19:30:00+00:00
4577,d9fbcbde-376a-5f82-9fb5-268a24b02d57,15,task_complete,task:312,2026-07-24T19:30:00+00:00
4578,40120057-c43a-5745-9d3a-d9b0c6b1e84e,15,task_complete,task:543,2026-07-24T22:30:00+00:00
4579,40120057-c43a-5745-9d3a-d9b0c6b1e84e,100,first_task,badge,2026-07-24T22:30:00+00:00
4580,40120057-c43a-5745-9d3a-d9b0c6b1e84e,60,milestone_complete,milestone:267,2026-07-24T22:30:00+00:00
4581,40120057-c43a-5745-9d3a-d9b0c6b1e84e,150,first_milestone,badge,2026-07-24T22:30:00+00:00
4582,1dd6da2f-292d-52b5-8e0e-a84885e81ba1,40,project_join,project_join:115,2026-07-24T23:30:00+00:00
4583,1dd6da2f-292d-52b5-8e0e-a84885e81ba1,100,first_project,badge,2026-07-24T23:30:00+00:00
4584,518ae987-15f7-5b22-8bcc-df59623dbdce,15,task_complete,task:219,2026-07-25T03:30:00+00:00
4585,ffe47fd1-7989-5728-addd-50b504edd889,75,project_create,project:135,2026-07-25T03:30:00+00:00
4586,ffe47fd1-7989-5728-addd-50b504edd889,100,first_project,badge,2026-07-25T03:30:00+00:00
4587,d0c58825-6ead-50f6-9a07-f2f95dbb51ea,75,project_create,project:170,2026-07-25T03:30:00+00:00
4588,d0c58825-6ead-50f6-9a07-f2f95dbb51ea,100,first_project,badge,2026-07-25T03:30:00+00:00
4589,373cd20e-25d5-5a46-a0ae-18157cf68a55,75,project_create,project:148,2026-07-25T04:30:00+00:00
4590,373cd20e-25d5-5a46-a0ae-18157cf68a55,100,first_project,badge,2026-07-25T04:30:00+00:00
4591,d9fbcbde-376a-5f82-9fb5-268a24b02d57,5,daily_login,2026-07-25,2026-07-25T07:10:00+00:00
4592,f2561442-8439-5138-9a3b-8bcf96f16609,5,daily_login,2026-07-25,2026-07-25T07:10:00+00:00
4593,610e9654-06d6-5e55-959b-377b8749b8f9,5,daily_login,2026-07-25,2026-07-25T07:10:00+00:00
4594,f0f4eb8c-a1ed-50a1-bc7d-2863700a31a5,5,daily_login,2026-07-25,2026-07-25T07:11:00+00:00
4595,3d0f3e54-413b-5a89-bc88-8cb0e7246b97,5,daily_login,2026-07-25,2026-07-25T07:12:00+00:00
4596,ea7edc0e-b64d-545f-b311-b4ee943f2935,5,daily_login,2026-07-25,2026-07-25T07:14:00+00:00
4597,6e82bb3e-ede8-5803-ba1a-cc3aa8766199,5,daily_login,2026-07-25,2026-07-25T07:15:00+00:00
4598,693ebb02-ab3f-5d60-b798-d4d4df4900d2,5,daily_login,2026-07-25,2026-07-25T07:16:00+00:00
4599,9355c2cf-38db-5118-9b77-3d5b5b3870df,5,daily_login,2026-07-25,2026-07-25T07:17:00+00:00
4600,b7f1d97d-9f3c-5885-b9ef-48d67a16a686,5,daily_login,2026-07-25,2026-07-25T07:17:00+00:00
4601,96dbbdad-601e-5bc2-9d1a-78f9f6349a39,5,daily_login,2026-07-25,2026-07-25T07:18:00+00:00
4602,64609795-d498-5ea7-ad33-a3bcecf9d962,5,daily_login,2026-07-25,2026-07-25T07:18:00+00:00
4603,cb162f3d-006f-544e-bfa6-f9abb8a52026,5,daily_login,2026-07-25,2026-07-25T07:19:00+00:00
4604,9d1c460b-bd0b-57ff-ac14-f2b10f73edd3,5,daily_login,2026-07-25,2026-07-25T07:19:00+00:00
4605,7b359533-e634-59eb-a2c3-b5501ff96488,5,daily_login,2026-07-25,2026-07-25T07:19:00+00:00
4606,9047d24d-0775-5f10-bf17-6e8fc62c5884,5,daily_login,2026-07-25,2026-07-25T07:20:00+00:00
4607,4845dc43-0c9d-5f09-aa4a-62e68abb5d12,5,daily_login,2026-07-25,2026-07-25T07:21:00+00:00
4608,1b1e4344-fde4-5cc2-b82c-4fb458696522,5,daily_login,2026-07-25,2026-07-25T07:21:00+00:00
4609,e0b64119-ecb0-52a5-852d-39c211ce337a,5,daily_login,2026-07-25,2026-07-25T07:23:00+00:00
4610,4c310820-12d3-5128-9a45-973db446b59e,5,daily_login,2026-07-25,2026-07-25T07:23:00+00:00
4611,4c310820-12d3-5128-9a45-973db446b59e,5,streak_week_bonus,2026-07-25,2026-07-25T07:23:00+00:00
4612,02bf8d95-eee4-5287-b363-0551cc4a6d51,5,daily_login,2026-07-25,2026-07-25T07:23:00+00:00
4613,88a268b0-6bca-5583-b041-ffdbc51be7e6,5,daily_login,2026-07-25,2026-07-25T07:24:00+00:00
4614,651ce25b-8132-52d9-8f74-889f22c3bb5c,5,daily_login,2026-07-25,2026-07-25T07:24:00+00:00
4615,61347d09-09eb-5f04-a4ec-fe830319799f,5,daily_login,2026-07-25,2026-07-25T07:24:00+00:00
4616,a992f17b-79b6-5dcf-aed4-2aebaa5775c7,5,daily_login,2026-07-25,2026-07-25T07:25:00+00:00
4617,a2cc3818-be31-5aeb-828c-e23f579431aa,5,daily_login,2026-07-25,2026-07-25T07:25:00+00:00
4618,ef763ec1-f93c-5744-9640-4ca59adf9347,5,daily_login,2026-07-25,2026-07-25T07:25:00+00:00
4619,6b9b6012-cdb4-50eb-8ad0-01c36516df23,5,daily_login,2026-07-25,2026-07-25T07:26:00+00:00
4620,a60d0128-bffa-5d2d-9915-36693e6bc3ba,5,daily_login,2026-07-25,2026-07-25T07:26:00+00:00
4621,d0c58825-6ead-50f6-9a07-f2f95dbb51ea,5,daily_login,2026-07-25,2026-07-25T07:27:00+00:00
4622,2e2e8079-6c9e-51c9-bc7e-1475045fd514,5,daily_login,2026-07-25,2026-07-25T07:27:00+00:00
4623,e3efd234-c7f9-5957-937f-661b1c3981ef,5,daily_login,2026-07-25,2026-07-25T07:28:00+00:00
4624,54561bf4-fe37-5b37-934d-9c7f81542f8b,5,daily_login,2026-07-25,2026-07-25T07:30:00+00:00
4625,729fe171-fa0d-547e-b374-39bd19f4c645,40,project_join,project_join:135,2026-07-25T07:30:00+00:00
4626,729fe171-fa0d-547e-b374-39bd19f4c645,100,first_project,badge,2026-07-25T07:30:00+00:00
4627,0b532307-3033-5baf-b61c-915d1213c01f,40,project_join,project_join:170,2026-07-25T07:30:00+00:00
4628,0b532307-3033-5baf-b61c-915d1213c01f,100,first_project,badge,2026-07-25T07:30:00+00:00
4629,45cee65b-db52-5dff-b09d-0ee1ac2be20f,5,daily_login,2026-07-25,2026-07-25T07:31:00+00:00
4630,f8f213c7-3d61-567e-9735-5e3e9498b892,5,daily_login,2026-07-25,2026-07-25T07:31:00+00:00
4631,ee289908-380a-5bb3-8fdc-0990b203929b,5,daily_login,2026-07-25,2026-07-25T07:32:00+00:00
4632,95927b04-f214-5c26-878d-fb55176e41bc,5,daily_login,2026-07-25,2026-07-25T07:32:00+00:00
4633,84047d01-74e6-5a08-a20e-b5c25e3eff3e,5,daily_login,2026-07-25,2026-07-25T07:33:00+00:00
4634,44f09dba-7a20-5f46-840b-4670e6c7eb92,5,daily_login,2026-07-25,2026-07-25T07:33:00+00:00
4635,88820056-e901-59a1-b2ca-c4e813b34f7b,5,daily_login,2026-07-25,2026-07-25T07:33:00+00:00
4636,67357d35-e727-50a5-9114-d5f2da172374,5,daily_login,2026-07-25,2026-07-25T07:33:00+00:00
4637,01c00e49-c4d6-5d4b-bbc1-8aa3fe21ba2a,5,daily_login,2026-07-25,2026-07-25T07:34:00+00:00
4638,d48cab4b-e48b-59ae-88d6-41d5d463569d,5,daily_login,2026-07-25,2026-07-25T07:35:00+00:00
4639,9edec740-5de6-5c27-8233-5cf72946b182,5,daily_login,2026-07-25,2026-07-25T07:36:00+00:00
4640,5ce94e6e-a987-5fd1-90b2-94a1174f9376,5,daily_login,2026-07-25,2026-07-25T07:37:00+00:00
4641,f6e8344b-87f4-5461-93fc-b01ff1ae4265,5,daily_login,2026-07-25,2026-07-25T07:37:00+00:00
4642,0bd9c807-50b6-567b-befe-96c80ed2fc9d,5,daily_login,2026-07-25,2026-07-25T07:38:00+00:00
4643,302b84f9-9053-5cf7-bed0-305678227875,5,daily_login,2026-07-25,2026-07-25T07:39:00+00:00
4644,508d03e7-de84-523a-8242-f48abc9451d7,5,daily_login,2026-07-25,2026-07-25T07:39:00+00:00
4645,508d03e7-de84-523a-8242-f48abc9451d7,5,streak_week_bonus,2026-07-25,2026-07-25T07:39:00+00:00
4646,c6286e16-5e03-594c-aa67-861b8ba91b33,5,daily_login,2026-07-25,2026-07-25T07:39:00+00:00
4647,bb4b0d34-59a4-5948-a9be-a1aa6caece55,5,daily_login,2026-07-25,2026-07-25T07:40:00+00:00
4648,d767d4bb-a2aa-587a-90f9-23d0689ae52a,5,daily_login,2026-07-25,2026-07-25T07:40:00+00:00
4649,51420309-4688-52d6-84b9-51c0dc3a900e,5,daily_login,2026-07-25,2026-07-25T07:40:00+00:00
4650,fb400c3e-ecd0-522e-8b8e-1323946be71a,5,daily_login,2026-07-25,2026-07-25T07:40:00+00:00
4651,96ccee9a-30f2-56cd-b597-a927c84e0f75,5,daily_login,2026-07-25,2026-07-25T07:41:00+00:00
4652,77c684c4-9514-5edc-85ff-1052c8544c14,5,daily_login,2026-07-25,2026-07-25T07:42:00+00:00
4653,b5be680a-732e-55e0-bc5d-b80e831ff33a,5,daily_login,2026-07-25,2026-07-25T07:42:00+00:00
4654,a070c6d0-c23b-5036-b352-f16db0d6ec8e,5,daily_login,2026-07-25,2026-07-25T07:43:00+00:00
4655,e137404e-9196-525c-b17a-44dc96d29f29,5,daily_login,2026-07-25,2026-07-25T07:44:00+00:00
4656,6ab0c42d-0ad5-5b3d-9c6c-4ab9eaa47586,5,daily_login,2026-07-25,2026-07-25T07:45:00+00:00
4657,3bc3e38a-5ff7-5330-ab2d-8add18e85d57,5,daily_login,2026-07-25,2026-07-25T07:45:00+00:00
4658,6ac5a7a4-ae0d-5e31-8a7c-d85b63a96c46,5,daily_login,2026-07-25,2026-07-25T07:45:00+00:00
4659,b7f1d97d-9f3c-5885-b9ef-48d67a16a686,40,project_join,project_join:148,2026-07-25T08:30:00+00:00
4660,cb162f3d-006f-544e-bfa6-f9abb8a52026,15,task_complete,task:371,2026-07-25T08:30:00+00:00
4661,f22a7317-9c2b-5d13-99b9-1a1622094bb3,40,project_join,project_join:135,2026-07-25T11:30:00+00:00
4662,f22a7317-9c2b-5d13-99b9-1a1622094bb3,200,level_5,badge,2026-07-25T11:30:00+00:00
4663,4307ee18-2e16-50be-abbc-db160bb8e8fd,40,project_join,project_join:170,2026-07-25T11:30:00+00:00
4664,4307ee18-2e16-50be-abbc-db160bb8e8fd,100,first_project,badge,2026-07-25T11:30:00+00:00
4665,f985b68e-39ae-5c83-8468-2b126802c414,40,project_join,project_join:148,2026-07-25T12:30:00+00:00
4666,37b7aed3-d207-54f7-b4ec-0e05c50eaeb2,40,project_join,project_join:135,2026-07-25T15:30:00+00:00
4667,37b7aed3-d207-54f7-b4ec-0e05c50eaeb2,100,first_project,badge,2026-07-25T15:30:00+00:00
4668,1bc15434-bc22-56cc-a890-336efd2a11e5,40,project_join,project_join:170,2026-07-25T15:30:00+00:00
4669,4966bb54-4d4f-5992-8586-1bd44991d17f,40,project_join,project_join:148,2026-07-25T16:30:00+00:00
4670,4966bb54-4d4f-5992-8586-1bd44991d17f,100,first_project,badge,2026-07-25T16:30:00+00:00
4671,4c2177ab-592a-5e4a-b25b-8bb3f8090555,40,project_join,project_join:135,2026-07-25T19:30:00+00:00
4672,4c2177ab-592a-5e4a-b25b-8bb3f8090555,100,first_project,badge,2026-07-25T19:30:00+00:00
4673,8819cb55-67e6-5a55-98c8-d80446975a9e,40,project_join,project_join:170,2026-07-25T19:30:00+00:00
4674,1bc15434-bc22-56cc-a890-336efd2a11e5,15,task_complete,task:544,2026-07-25T23:30:00+00:00
4675,f1fb49f6-8f16-5086-a3b3-1c5e169f9ad4,20,thread_create,thread:167,2026-07-26T01:30:00+00:00
4676,f1fb49f6-8f16-5086-a3b3-1c5e169f9ad4,150,first_thread,badge,2026-07-26T01:30:00+00:00
4677,96ccee9a-30f2-56cd-b597-a927c84e0f75,20,thread_create,thread:175,2026-07-26T01:30:00+00:00
4678,96ccee9a-30f2-56cd-b597-a927c84e0f75,150,first_thread,badge,2026-07-26T01:30:00+00:00
4679,0947c4b9-50d6-50e2-9043-84a15b80e8c7,20,thread_create,thread:160,2026-07-26T02:30:00+00:00
4680,0947c4b9-50d6-50e2-9043-84a15b80e8c7,150,first_thread,badge,2026-07-26T02:30:00+00:00
4681,f223e569-d735-5980-b77b-25d459e64a37,15,task_complete,task:220,2026-07-26T04:30:00+00:00
4682,5ccdaadc-80b2-50e1-a0c1-bad0246a7cf2,250,helpful_5,badge,2026-07-26T06:40:00+00:00
4683,5ccdaadc-80b2-50e1-a0c1-bad0246a7cf2,25,helpful_comment,comment:329,2026-07-26T06:40:00+00:00
4684,af808cd8-ab34-515f-a8a0-a1b0719a537b,5,daily_login,2026-07-26,2026-07-26T07:10:00+00:00
4685,f0f4eb8c-a1ed-50a1-bc7d-2863700a31a5,5,daily_login,2026-07-26,2026-07-26T07:11:00+00:00
4686,cd8c4c60-ab9b-5cf3-996e-d4fbb990f4c6,5,daily_login,2026-07-26,2026-07-26T07:12:00+00:00
4687,3d016498-e16a-5ad9-95c7-b633dfc6a142,5,daily_login,2026-07-26,2026-07-26T07:13:00+00:00
4688,7ef6d8e7-132e-5da5-a653-16dd2e5719c4,5,daily_login,2026-07-26,2026-07-26T07:13:00+00:00
4689,90cced0e-f2c7-528c-bd28-38c44ead6c98,5,daily_login,2026-07-26,2026-07-26T07:15:00+00:00
4690,50d6350f-ffd4-59ad-a1ff-65a49a77a913,5,daily_login,2026-07-26,2026-07-26T07:16:00+00:00
4691,9355c2cf-38db-5118-9b77-3d5b5b3870df,5,daily_login,2026-07-26,2026-07-26T07:17:00+00:00
4692,b7f1d97d-9f3c-5885-b9ef-48d67a16a686,5,daily_login,2026-07-26,2026-07-26T07:17:00+00:00
4693,3425797b-5c54-5f3a-9a34-9cedb0dc5b84,5,daily_login,2026-07-26,2026-07-26T07:18:00+00:00
4694,52ab3a8f-ec5c-5e66-bcd5-efc304512118,5,daily_login,2026-07-26,2026-07-26T07:18:00+00:00
4695,96dbbdad-601e-5bc2-9d1a-78f9f6349a39,5,daily_login,2026-07-26,2026-07-26T07:18:00+00:00
4696,64609795-d498-5ea7-ad33-a3bcecf9d962,5,daily_login,2026-07-26,2026-07-26T07:18:00+00:00
4697,5a4b137d-2ebb-5c75-8cdd-bf77406b4b9f,5,daily_login,2026-07-26,2026-07-26T07:19:00+00:00
4698,b0ebc690-efe0-594f-bd55-e4d7ec3454bc,5,daily_login,2026-07-26,2026-07-26T07:20:00+00:00
4699,9047d24d-0775-5f10-bf17-6e8fc62c5884,5,daily_login,2026-07-26,2026-07-26T07:20:00+00:00
4700,9c9c228f-3bd5-5da4-b666-fbfab93b4b7e,5,daily_login,2026-07-26,2026-07-26T07:21:00+00:00
4701,7bdf8ad6-1318-5f74-9112-e2b655e215a2,5,daily_login,2026-07-26,2026-07-26T07:21:00+00:00
4702,4966bb54-4d4f-5992-8586-1bd44991d17f,5,daily_login,2026-07-26,2026-07-26T07:22:00+00:00
4703,484e243b-afd7-5767-bb0f-4262c0334aea,5,daily_login,2026-07-26,2026-07-26T07:22:00+00:00
4704,d16e3cdc-2868-563d-867d-62fa9b8b24ea,5,daily_login,2026-07-26,2026-07-26T07:22:00+00:00
4705,4c310820-12d3-5128-9a45-973db446b59e,5,daily_login,2026-07-26,2026-07-26T07:23:00+00:00
4706,d5dc7189-89df-5fd7-983f-1124b6de3d68,5,daily_login,2026-07-26,2026-07-26T07:23:00+00:00
4707,02bf8d95-eee4-5287-b363-0551cc4a6d51,5,daily_login,2026-07-26,2026-07-26T07:23:00+00:00
4708,ae96d203-7a11-52ed-9e02-cd93c3dda603,5,daily_login,2026-07-26,2026-07-26T07:24:00+00:00
4709,d9aaa9eb-5304-587b-b0f4-42a2d5930f54,5,daily_login,2026-07-26,2026-07-26T07:25:00+00:00
4710,4307ee18-2e16-50be-abbc-db160bb8e8fd,5,daily_login,2026-07-26,2026-07-26T07:26:00+00:00
4711,e502b694-466f-5e1f-9293-146b264ae20c,5,daily_login,2026-07-26,2026-07-26T07:27:00+00:00
4712,2e2e8079-6c9e-51c9-bc7e-1475045fd514,5,daily_login,2026-07-26,2026-07-26T07:27:00+00:00
4713,49a9d8f7-08ea-5972-af3a-0ca0a6c06e59,5,daily_login,2026-07-26,2026-07-26T07:27:00+00:00
4714,84da666c-c47c-572e-b2c9-3b6f35881596,5,daily_login,2026-07-26,2026-07-26T07:28:00+00:00
4715,e7dd6cb0-626e-510a-9e98-0498c534b04d,5,daily_login,2026-07-26,2026-07-26T07:28:00+00:00
4716,f0ca4141-ccff-5472-ba76-f4b194108c7b,5,daily_login,2026-07-26,2026-07-26T07:29:00+00:00
4717,54561bf4-fe37-5b37-934d-9c7f81542f8b,5,daily_login,2026-07-26,2026-07-26T07:30:00+00:00
4718,da462241-608b-5422-bdbd-0d98184a433d,5,daily_login,2026-07-26,2026-07-26T07:30:00+00:00
4719,082b47e7-5a06-5a34-bd49-595c82b2b196,5,daily_login,2026-07-26,2026-07-26T07:31:00+00:00
4720,ee289908-380a-5bb3-8fdc-0990b203929b,5,daily_login,2026-07-26,2026-07-26T07:32:00+00:00
4721,1062abbb-4fcd-51a9-95fc-5474e4af7640,5,daily_login,2026-07-26,2026-07-26T07:32:00+00:00
4722,6467241a-6abd-5888-8e87-40e0e86cbc55,5,daily_login,2026-07-26,2026-07-26T07:33:00+00:00
4723,44f09dba-7a20-5f46-840b-4670e6c7eb92,5,daily_login,2026-07-26,2026-07-26T07:33:00+00:00
4724,88820056-e901-59a1-b2ca-c4e813b34f7b,5,daily_login,2026-07-26,2026-07-26T07:33:00+00:00
4725,7e6a1243-34f5-52e6-862f-e5f3b2ebe640,5,daily_login,2026-07-26,2026-07-26T07:36:00+00:00
4726,8ecc0792-3789-53b2-a26e-fc6daa886eb7,5,daily_login,2026-07-26,2026-07-26T07:36:00+00:00
4727,5421f79d-ed60-5eed-852b-01b379adab9e,5,daily_login,2026-07-26,2026-07-26T07:36:00+00:00
4728,eb397f92-99ac-5f0f-8f81-3540865f0477,5,daily_login,2026-07-26,2026-07-26T07:38:00+00:00
4729,508d03e7-de84-523a-8242-f48abc9451d7,5,daily_login,2026-07-26,2026-07-26T07:39:00+00:00
4730,7b48b183-5d87-500f-9cec-2e003c19efac,5,daily_login,2026-07-26,2026-07-26T07:40:00+00:00
4731,51420309-4688-52d6-84b9-51c0dc3a900e,5,daily_login,2026-07-26,2026-07-26T07:40:00+00:00
4732,96ccee9a-30f2-56cd-b597-a927c84e0f75,5,daily_login,2026-07-26,2026-07-26T07:41:00+00:00
4733,77c684c4-9514-5edc-85ff-1052c8544c14,5,daily_login,2026-07-26,2026-07-26T07:42:00+00:00
4734,36016ab9-3cc9-5f6a-8bc7-1d138ad9cb43,5,daily_login,2026-07-26,2026-07-26T07:44:00+00:00
4735,a5526e82-ef69-522b-b3ad-df818658bde0,5,daily_login,2026-07-26,2026-07-26T07:44:00+00:00
4736,e137404e-9196-525c-b17a-44dc96d29f29,5,daily_login,2026-07-26,2026-07-26T07:44:00+00:00
4737,6ab0c42d-0ad5-5b3d-9c6c-4ab9eaa47586,5,daily_login,2026-07-26,2026-07-26T07:45:00+00:00
4738,ae7ac442-d880-5cd8-bc30-8d21c5f7dc54,5,daily_login,2026-07-26,2026-07-26T07:45:00+00:00
4739,5ccdaadc-80b2-50e1-a0c1-bad0246a7cf2,5,daily_login,2026-07-26,2026-07-26T07:46:00+00:00
4740,bf54d417-d834-5d3e-a7f9-106377fe05a5,5,daily_login,2026-07-26,2026-07-26T07:46:00+00:00
4741,3d016498-e16a-5ad9-95c7-b633dfc6a142,15,task_complete,task:372,2026-07-26T09:30:00+00:00
4742,518ae987-15f7-5b22-8bcc-df59623dbdce,20,thread_create,thread:148,2026-07-26T09:30:00+00:00
4743,518ae987-15f7-5b22-8bcc-df59623dbdce,150,first_thread,badge,2026-07-26T09:30:00+00:00
4744,f22a7317-9c2b-5d13-99b9-1a1622094bb3,300,project_completed,badge,2026-07-26T14:30:00+00:00
4745,cd8c4c60-ab9b-5cf3-996e-d4fbb990f4c6,300,project_completed,badge,2026-07-26T14:30:00+00:00
4746,cd8c4c60-ab9b-5cf3-996e-d4fbb990f4c6,200,level_5,badge,2026-07-26T14:30:00+00:00
4747,f22a7317-9c2b-5d13-99b9-1a1622094bb3,60,milestone_complete,milestone:210,2026-07-26T14:30:00+00:00
4748,1062abbb-4fcd-51a9-95fc-5474e4af7640,250,helpful_5,badge,2026-07-26T14:40:00+00:00
4749,1062abbb-4fcd-51a9-95fc-5474e4af7640,25,helpful_comment,comment:282,2026-07-26T14:40:00+00:00
4750,693ebb02-ab3f-5d60-b798-d4d4df4900d2,75,project_create,project:142,2026-07-26T16:30:00+00:00
4751,f4793612-bd5c-52c4-b29e-226fe28a77ca,40,project_join,project_join:142,2026-07-26T20:30:00+00:00
4752,d9fbcbde-376a-5f82-9fb5-268a24b02d57,40,project_join,project_join:142,2026-07-27T00:30:00+00:00
4753,f2561442-8439-5138-9a3b-8bcf96f16609,5,daily_login,2026-07-27,2026-07-27T07:10:00+00:00
4754,610e9654-06d6-5e55-959b-377b8749b8f9,5,daily_login,2026-07-27,2026-07-27T07:10:00+00:00
4755,f0f4eb8c-a1ed-50a1-bc7d-2863700a31a5,5,daily_login,2026-07-27,2026-07-27T07:11:00+00:00
4756,37b7aed3-d207-54f7-b4ec-0e05c50eaeb2,5,daily_login,2026-07-27,2026-07-27T07:11:00+00:00
4757,b7180518-4b5b-54ef-9060-958212d05ab7,5,daily_login,2026-07-27,2026-07-27T07:11:00+00:00
4758,50de23a6-cd45-55ac-adb0-06d14b4ed8ce,5,daily_login,2026-07-27,2026-07-27T07:12:00+00:00
4759,f21481e8-5bf3-5aa6-a7e0-fe6e26920e28,5,daily_login,2026-07-27,2026-07-27T07:13:00+00:00
4760,ea7edc0e-b64d-545f-b311-b4ee943f2935,5,daily_login,2026-07-27,2026-07-27T07:14:00+00:00
4761,50d6350f-ffd4-59ad-a1ff-65a49a77a913,5,daily_login,2026-07-27,2026-07-27T07:16:00+00:00
4762,693ebb02-ab3f-5d60-b798-d4d4df4900d2,5,daily_login,2026-07-27,2026-07-27T07:16:00+00:00
4763,9355c2cf-38db-5118-9b77-3d5b5b3870df,5,daily_login,2026-07-27,2026-07-27T07:17:00+00:00
4764,52ab3a8f-ec5c-5e66-bcd5-efc304512118,5,daily_login,2026-07-27,2026-07-27T07:18:00+00:00
4765,9d1c460b-bd0b-57ff-ac14-f2b10f73edd3,5,daily_login,2026-07-27,2026-07-27T07:19:00+00:00
4766,43a3bb15-e7a6-5c42-a198-3e0d7f080ba1,5,daily_login,2026-07-27,2026-07-27T07:20:00+00:00
4767,341a0cef-f4a9-53ee-8980-229dc154ff4e,5,daily_login,2026-07-27,2026-07-27T07:20:00+00:00
4768,63fdd1e3-9db3-5b05-9799-510eea6abab7,5,daily_login,2026-07-27,2026-07-27T07:20:00+00:00
4769,9047d24d-0775-5f10-bf17-6e8fc62c5884,5,daily_login,2026-07-27,2026-07-27T07:20:00+00:00
4770,9c9c228f-3bd5-5da4-b666-fbfab93b4b7e,5,daily_login,2026-07-27,2026-07-27T07:21:00+00:00
4771,7bdf8ad6-1318-5f74-9112-e2b655e215a2,5,daily_login,2026-07-27,2026-07-27T07:21:00+00:00
4772,4ec67eb8-4fda-5cbc-bbd1-a6afc7ce8130,5,daily_login,2026-07-27,2026-07-27T07:21:00+00:00
4773,8819cb55-67e6-5a55-98c8-d80446975a9e,5,daily_login,2026-07-27,2026-07-27T07:22:00+00:00
4774,368442e7-2dfe-5df4-9ab7-a468b984050a,5,daily_login,2026-07-27,2026-07-27T07:22:00+00:00
4775,484e243b-afd7-5767-bb0f-4262c0334aea,5,daily_login,2026-07-27,2026-07-27T07:22:00+00:00
4776,d16e3cdc-2868-563d-867d-62fa9b8b24ea,5,daily_login,2026-07-27,2026-07-27T07:22:00+00:00
4777,4c310820-12d3-5128-9a45-973db446b59e,5,daily_login,2026-07-27,2026-07-27T07:23:00+00:00
4778,35e87bcc-650c-5e3f-9741-3f0c54905b6f,5,daily_login,2026-07-27,2026-07-27T07:23:00+00:00
4779,58074159-53d7-5a52-8436-d84a05af35a9,5,daily_login,2026-07-27,2026-07-27T07:24:00+00:00
4780,a2cc3818-be31-5aeb-828c-e23f579431aa,5,daily_login,2026-07-27,2026-07-27T07:25:00+00:00
4781,1bf86e3f-0e6e-5241-b319-71005237945f,5,daily_login,2026-07-27,2026-07-27T07:25:00+00:00
4782,baa8ef70-5b01-5a49-84cb-71c353290705,5,daily_login,2026-07-27,2026-07-27T07:26:00+00:00
4783,20b4182c-90f7-51da-99e8-97ade4d19a92,5,daily_login,2026-07-27,2026-07-27T07:26:00+00:00
4784,4307ee18-2e16-50be-abbc-db160bb8e8fd,5,daily_login,2026-07-27,2026-07-27T07:26:00+00:00
4785,e502b694-466f-5e1f-9293-146b264ae20c,5,daily_login,2026-07-27,2026-07-27T07:27:00+00:00
4786,d0c58825-6ead-50f6-9a07-f2f95dbb51ea,5,daily_login,2026-07-27,2026-07-27T07:27:00+00:00
4787,2e2e8079-6c9e-51c9-bc7e-1475045fd514,5,daily_login,2026-07-27,2026-07-27T07:27:00+00:00
4788,e7dd6cb0-626e-510a-9e98-0498c534b04d,5,daily_login,2026-07-27,2026-07-27T07:28:00+00:00
4789,7f0221a7-4703-52e7-8b26-fa2cd7303c90,5,daily_login,2026-07-27,2026-07-27T07:29:00+00:00
4790,082b47e7-5a06-5a34-bd49-595c82b2b196,5,daily_login,2026-07-27,2026-07-27T07:31:00+00:00
4791,82a5c89c-0b3a-58b9-9259-837a5348a5c2,5,daily_login,2026-07-27,2026-07-27T07:31:00+00:00
4792,ee289908-380a-5bb3-8fdc-0990b203929b,5,daily_login,2026-07-27,2026-07-27T07:32:00+00:00
4793,473b12ab-4d0d-5b7f-89b2-c0a1e2405c60,5,daily_login,2026-07-27,2026-07-27T07:32:00+00:00
4794,88820056-e901-59a1-b2ca-c4e813b34f7b,5,daily_login,2026-07-27,2026-07-27T07:33:00+00:00
4795,67357d35-e727-50a5-9114-d5f2da172374,5,daily_login,2026-07-27,2026-07-27T07:33:00+00:00
4796,19e81afb-74c1-5b4a-9af3-469f3b610235,5,daily_login,2026-07-27,2026-07-27T07:34:00+00:00
4797,01c00e49-c4d6-5d4b-bbc1-8aa3fe21ba2a,5,daily_login,2026-07-27,2026-07-27T07:34:00+00:00
4798,ac9c9500-b7e4-5bbe-8f4e-a40a6201979a,5,daily_login,2026-07-27,2026-07-27T07:35:00+00:00
4799,9a026691-28ff-5880-9da3-006735af19d3,5,daily_login,2026-07-27,2026-07-27T07:35:00+00:00
4800,9edec740-5de6-5c27-8233-5cf72946b182,5,daily_login,2026-07-27,2026-07-27T07:36:00+00:00
4801,ab45f9eb-3fee-5ea5-bccb-faffc50f3e76,5,daily_login,2026-07-27,2026-07-27T07:37:00+00:00
4802,f6e8344b-87f4-5461-93fc-b01ff1ae4265,5,daily_login,2026-07-27,2026-07-27T07:37:00+00:00
4803,bdc5faf6-386d-5338-99a0-32d156bcbd68,5,daily_login,2026-07-27,2026-07-27T07:38:00+00:00
4804,302b84f9-9053-5cf7-bed0-305678227875,5,daily_login,2026-07-27,2026-07-27T07:39:00+00:00
4805,508d03e7-de84-523a-8242-f48abc9451d7,5,daily_login,2026-07-27,2026-07-27T07:39:00+00:00
4806,c6286e16-5e03-594c-aa67-861b8ba91b33,5,daily_login,2026-07-27,2026-07-27T07:39:00+00:00
4807,bb4b0d34-59a4-5948-a9be-a1aa6caece55,5,daily_login,2026-07-27,2026-07-27T07:40:00+00:00
4808,96ccee9a-30f2-56cd-b597-a927c84e0f75,5,daily_login,2026-07-27,2026-07-27T07:41:00+00:00
4809,373cd20e-25d5-5a46-a0ae-18157cf68a55,5,daily_login,2026-07-27,2026-07-27T07:41:00+00:00
4810,f223e569-d735-5980-b77b-25d459e64a37,5,daily_login,2026-07-27,2026-07-27T07:42:00+00:00
4811,77c684c4-9514-5edc-85ff-1052c8544c14,5,daily_login,2026-07-27,2026-07-27T07:42:00+00:00
4812,b5be680a-732e-55e0-bc5d-b80e831ff33a,5,daily_login,2026-07-27,2026-07-27T07:42:00+00:00
4813,a5526e82-ef69-522b-b3ad-df818658bde0,5,daily_login,2026-07-27,2026-07-27T07:44:00+00:00
4814,e137404e-9196-525c-b17a-44dc96d29f29,5,daily_login,2026-07-27,2026-07-27T07:44:00+00:00
4815,6ab0c42d-0ad5-5b3d-9c6c-4ab9eaa47586,5,daily_login,2026-07-27,2026-07-27T07:45:00+00:00
4816,6ac5a7a4-ae0d-5e31-8a7c-d85b63a96c46,5,daily_login,2026-07-27,2026-07-27T07:45:00+00:00
4817,5ccdaadc-80b2-50e1-a0c1-bad0246a7cf2,5,daily_login,2026-07-27,2026-07-27T07:46:00+00:00
4818,cac67f41-f5af-5268-9e2d-34feac0dc9fa,5,daily_login,2026-07-27,2026-07-27T07:46:00+00:00
4819,cb162f3d-006f-544e-bfa6-f9abb8a52026,15,task_complete,task:373,2026-07-27T10:30:00+00:00
4820,878bb7d9-5569-5efb-bbd1-5e39d62d594d,75,project_create,project:144,2026-07-27T16:30:00+00:00
4821,eeeb9e89-042f-5fdc-8fcf-2c3ad56f9bf1,40,project_join,project_join:144,2026-07-27T20:30:00+00:00
4822,b39a9d3d-f3eb-5d31-9cc7-15e278969b70,40,project_join,project_join:144,2026-07-28T00:30:00+00:00
4823,9edec740-5de6-5c27-8233-5cf72946b182,75,project_create,project:151,2026-07-28T00:30:00+00:00
4824,9edec740-5de6-5c27-8233-5cf72946b182,100,first_project,badge,2026-07-28T00:30:00+00:00
4825,67357d35-e727-50a5-9114-d5f2da172374,40,project_join,project_join:151,2026-07-28T04:30:00+00:00
4826,67357d35-e727-50a5-9114-d5f2da172374,100,first_project,badge,2026-07-28T04:30:00+00:00
4827,95ff45a0-9b28-55cb-bba6-22a608a4e30d,5,daily_login,2026-07-28,2026-07-28T07:10:00+00:00
4828,f2561442-8439-5138-9a3b-8bcf96f16609,5,daily_login,2026-07-28,2026-07-28T07:10:00+00:00
4829,610e9654-06d6-5e55-959b-377b8749b8f9,5,daily_login,2026-07-28,2026-07-28T07:10:00+00:00
4830,37b7aed3-d207-54f7-b4ec-0e05c50eaeb2,5,daily_login,2026-07-28,2026-07-28T07:11:00+00:00
4831,3d016498-e16a-5ad9-95c7-b633dfc6a142,5,daily_login,2026-07-28,2026-07-28T07:13:00+00:00
4832,f1fb49f6-8f16-5086-a3b3-1c5e169f9ad4,5,daily_login,2026-07-28,2026-07-28T07:13:00+00:00
4833,f21481e8-5bf3-5aa6-a7e0-fe6e26920e28,5,daily_login,2026-07-28,2026-07-28T07:13:00+00:00
4834,f4793612-bd5c-52c4-b29e-226fe28a77ca,5,daily_login,2026-07-28,2026-07-28T07:13:00+00:00
4835,1767869f-381f-59b9-acac-01da2d539e40,5,daily_login,2026-07-28,2026-07-28T07:15:00+00:00
4836,20b63262-d3e6-555a-95b2-84fc87694a19,5,daily_login,2026-07-28,2026-07-28T07:15:00+00:00
4837,d6b81cb4-a299-5894-baa5-463cb63679a3,5,daily_login,2026-07-28,2026-07-28T07:15:00+00:00
4838,50d6350f-ffd4-59ad-a1ff-65a49a77a913,5,daily_login,2026-07-28,2026-07-28T07:16:00+00:00
4839,eb3717c1-cd92-5eeb-af40-9df7f3132426,5,daily_login,2026-07-28,2026-07-28T07:16:00+00:00
4840,693ebb02-ab3f-5d60-b798-d4d4df4900d2,5,daily_login,2026-07-28,2026-07-28T07:16:00+00:00
4841,9355c2cf-38db-5118-9b77-3d5b5b3870df,5,daily_login,2026-07-28,2026-07-28T07:17:00+00:00
4842,52ab3a8f-ec5c-5e66-bcd5-efc304512118,5,daily_login,2026-07-28,2026-07-28T07:18:00+00:00
4843,96dbbdad-601e-5bc2-9d1a-78f9f6349a39,5,daily_login,2026-07-28,2026-07-28T07:18:00+00:00
4844,64609795-d498-5ea7-ad33-a3bcecf9d962,5,daily_login,2026-07-28,2026-07-28T07:18:00+00:00
4845,e1f9b739-b2d3-51e6-9609-05805a6d151c,5,daily_login,2026-07-28,2026-07-28T07:19:00+00:00
4846,9d1c460b-bd0b-57ff-ac14-f2b10f73edd3,5,daily_login,2026-07-28,2026-07-28T07:19:00+00:00
4847,7bdf8ad6-1318-5f74-9112-e2b655e215a2,5,daily_login,2026-07-28,2026-07-28T07:21:00+00:00
4848,85df6dcd-e42a-581f-802b-eb93568b74eb,5,daily_login,2026-07-28,2026-07-28T07:21:00+00:00
4849,4966bb54-4d4f-5992-8586-1bd44991d17f,5,daily_login,2026-07-28,2026-07-28T07:22:00+00:00
4850,8819cb55-67e6-5a55-98c8-d80446975a9e,5,daily_login,2026-07-28,2026-07-28T07:22:00+00:00
4851,4c310820-12d3-5128-9a45-973db446b59e,5,daily_login,2026-07-28,2026-07-28T07:23:00+00:00
4852,02bf8d95-eee4-5287-b363-0551cc4a6d51,5,daily_login,2026-07-28,2026-07-28T07:23:00+00:00
4853,88a268b0-6bca-5583-b041-ffdbc51be7e6,5,daily_login,2026-07-28,2026-07-28T07:24:00+00:00
4854,58074159-53d7-5a52-8436-d84a05af35a9,5,daily_login,2026-07-28,2026-07-28T07:24:00+00:00
4855,a2cc3818-be31-5aeb-828c-e23f579431aa,5,daily_login,2026-07-28,2026-07-28T07:25:00+00:00
4856,ef763ec1-f93c-5744-9640-4ca59adf9347,5,daily_login,2026-07-28,2026-07-28T07:25:00+00:00
4857,1bf86e3f-0e6e-5241-b319-71005237945f,5,daily_login,2026-07-28,2026-07-28T07:25:00+00:00
4858,6b9b6012-cdb4-50eb-8ad0-01c36516df23,5,daily_login,2026-07-28,2026-07-28T07:26:00+00:00
4859,e502b694-466f-5e1f-9293-146b264ae20c,5,daily_login,2026-07-28,2026-07-28T07:27:00+00:00
4860,d0c58825-6ead-50f6-9a07-f2f95dbb51ea,5,daily_login,2026-07-28,2026-07-28T07:27:00+00:00
4861,f3744506-cae3-5f81-8a4f-506a60395be8,5,daily_login,2026-07-28,2026-07-28T07:28:00+00:00
4862,e7dd6cb0-626e-510a-9e98-0498c534b04d,5,daily_login,2026-07-28,2026-07-28T07:28:00+00:00
4863,5532dec3-02ae-5ac3-8b57-2e8214a8598b,5,daily_login,2026-07-28,2026-07-28T07:29:00+00:00
4864,54561bf4-fe37-5b37-934d-9c7f81542f8b,5,daily_login,2026-07-28,2026-07-28T07:30:00+00:00
4865,da462241-608b-5422-bdbd-0d98184a433d,5,daily_login,2026-07-28,2026-07-28T07:30:00+00:00
4866,f8f213c7-3d61-567e-9735-5e3e9498b892,5,daily_login,2026-07-28,2026-07-28T07:31:00+00:00
4867,9cba29b2-e169-54f3-9d61-1d5013f80312,5,daily_login,2026-07-28,2026-07-28T07:32:00+00:00
4868,1062abbb-4fcd-51a9-95fc-5474e4af7640,5,daily_login,2026-07-28,2026-07-28T07:32:00+00:00
4869,44f09dba-7a20-5f46-840b-4670e6c7eb92,5,daily_login,2026-07-28,2026-07-28T07:33:00+00:00
4870,88820056-e901-59a1-b2ca-c4e813b34f7b,5,daily_login,2026-07-28,2026-07-28T07:33:00+00:00
4871,e747fee0-a84b-5f51-98a3-7481903c9023,5,daily_login,2026-07-28,2026-07-28T07:34:00+00:00
4872,6720265f-9f2b-5485-bf24-54e1784991b6,5,daily_login,2026-07-28,2026-07-28T07:34:00+00:00
4873,01c00e49-c4d6-5d4b-bbc1-8aa3fe21ba2a,5,daily_login,2026-07-28,2026-07-28T07:34:00+00:00
4874,d48cab4b-e48b-59ae-88d6-41d5d463569d,5,daily_login,2026-07-28,2026-07-28T07:35:00+00:00
4875,7e6a1243-34f5-52e6-862f-e5f3b2ebe640,5,daily_login,2026-07-28,2026-07-28T07:36:00+00:00
4876,8fa5b823-1a70-59f7-9bb2-b3d5f36dc82b,5,daily_login,2026-07-28,2026-07-28T07:36:00+00:00
4877,9edec740-5de6-5c27-8233-5cf72946b182,5,daily_login,2026-07-28,2026-07-28T07:36:00+00:00
4878,5ce94e6e-a987-5fd1-90b2-94a1174f9376,5,daily_login,2026-07-28,2026-07-28T07:37:00+00:00
4879,6988340a-a3c1-5fda-a996-711f1723c649,5,daily_login,2026-07-28,2026-07-28T07:37:00+00:00
4880,eb397f92-99ac-5f0f-8f81-3540865f0477,5,daily_login,2026-07-28,2026-07-28T07:38:00+00:00
4881,bdc5faf6-386d-5338-99a0-32d156bcbd68,5,daily_login,2026-07-28,2026-07-28T07:38:00+00:00
4882,0bd9c807-50b6-567b-befe-96c80ed2fc9d,5,daily_login,2026-07-28,2026-07-28T07:38:00+00:00
4883,302b84f9-9053-5cf7-bed0-305678227875,5,daily_login,2026-07-28,2026-07-28T07:39:00+00:00
4884,eeeb9e89-042f-5fdc-8fcf-2c3ad56f9bf1,5,daily_login,2026-07-28,2026-07-28T07:39:00+00:00
4885,508d03e7-de84-523a-8242-f48abc9451d7,5,daily_login,2026-07-28,2026-07-28T07:39:00+00:00
4886,c6286e16-5e03-594c-aa67-861b8ba91b33,5,daily_login,2026-07-28,2026-07-28T07:39:00+00:00
4887,e21dfd78-ea9f-5754-a3b2-3b3b66dd30b5,5,daily_login,2026-07-28,2026-07-28T07:39:00+00:00
4888,bb4b0d34-59a4-5948-a9be-a1aa6caece55,5,daily_login,2026-07-28,2026-07-28T07:40:00+00:00
4889,96ccee9a-30f2-56cd-b597-a927c84e0f75,5,daily_login,2026-07-28,2026-07-28T07:41:00+00:00
4890,33ba5d16-c38c-5bcf-9896-ea8ae81d6e7b,5,daily_login,2026-07-28,2026-07-28T07:41:00+00:00
4891,7624f38b-fbca-546f-af04-c9dda9318f82,5,daily_login,2026-07-28,2026-07-28T07:41:00+00:00
4892,373cd20e-25d5-5a46-a0ae-18157cf68a55,5,daily_login,2026-07-28,2026-07-28T07:41:00+00:00
4893,e5b7ccce-2cb7-5b6e-95a5-32ffacbca87f,5,daily_login,2026-07-28,2026-07-28T07:42:00+00:00
4894,b5be680a-732e-55e0-bc5d-b80e831ff33a,5,daily_login,2026-07-28,2026-07-28T07:42:00+00:00
4895,dfe9e449-d177-56af-a679-d3e1c78c5c02,5,daily_login,2026-07-28,2026-07-28T07:43:00+00:00
4896,405fd522-6b0d-52fc-b397-dc3ce2e4a2ea,5,daily_login,2026-07-28,2026-07-28T07:44:00+00:00
4897,6ab0c42d-0ad5-5b3d-9c6c-4ab9eaa47586,5,daily_login,2026-07-28,2026-07-28T07:45:00+00:00
4898,d2a70bca-a25c-522f-9b7e-c967b69503cc,5,daily_login,2026-07-28,2026-07-28T07:45:00+00:00
4899,6ac5a7a4-ae0d-5e31-8a7c-d85b63a96c46,5,daily_login,2026-07-28,2026-07-28T07:45:00+00:00
4900,bf54d417-d834-5d3e-a7f9-106377fe05a5,5,daily_login,2026-07-28,2026-07-28T07:46:00+00:00
4901,b39a9d3d-f3eb-5d31-9cc7-15e278969b70,5,daily_login,2026-07-28,2026-07-28T07:46:00+00:00
4902,cac67f41-f5af-5268-9e2d-34feac0dc9fa,5,daily_login,2026-07-28,2026-07-28T07:46:00+00:00
4903,ef763ec1-f93c-5744-9640-4ca59adf9347,40,project_join,project_join:151,2026-07-28T08:30:00+00:00
4904,ef763ec1-f93c-5744-9640-4ca59adf9347,100,first_project,badge,2026-07-28T08:30:00+00:00
4905,54561bf4-fe37-5b37-934d-9c7f81542f8b,300,project_completed,badge,2026-07-28T09:30:00+00:00
4906,54561bf4-fe37-5b37-934d-9c7f81542f8b,200,level_5,badge,2026-07-28T09:30:00+00:00
4907,6e82bb3e-ede8-5803-ba1a-cc3aa8766199,300,project_completed,badge,2026-07-28T09:30:00+00:00
4908,6e82bb3e-ede8-5803-ba1a-cc3aa8766199,200,level_5,badge,2026-07-28T09:30:00+00:00
4909,54561bf4-fe37-5b37-934d-9c7f81542f8b,60,milestone_complete,milestone:256,2026-07-28T09:30:00+00:00
4910,3d016498-e16a-5ad9-95c7-b633dfc6a142,15,task_complete,task:374,2026-07-28T11:30:00+00:00
4911,8fa5b823-1a70-59f7-9bb2-b3d5f36dc82b,40,project_join,project_join:151,2026-07-28T12:30:00+00:00
4912,8fa5b823-1a70-59f7-9bb2-b3d5f36dc82b,100,first_project,badge,2026-07-28T12:30:00+00:00
4913,20b63262-d3e6-555a-95b2-84fc87694a19,40,project_join,project_join:151,2026-07-28T16:30:00+00:00
4914,20b63262-d3e6-555a-95b2-84fc87694a19,200,level_5,badge,2026-07-28T16:30:00+00:00
4915,20b4182c-90f7-51da-99e8-97ade4d19a92,75,project_create,project:137,2026-07-28T20:30:00+00:00
4916,20b4182c-90f7-51da-99e8-97ade4d19a92,100,first_project,badge,2026-07-28T20:30:00+00:00
4917,95927b04-f214-5c26-878d-fb55176e41bc,300,project_completed,badge,2026-07-28T23:30:00+00:00
4918,95927b04-f214-5c26-878d-fb55176e41bc,200,level_5,badge,2026-07-28T23:30:00+00:00
4919,518ae987-15f7-5b22-8bcc-df59623dbdce,300,project_completed,badge,2026-07-28T23:30:00+00:00
4920,518ae987-15f7-5b22-8bcc-df59623dbdce,200,level_5,badge,2026-07-28T23:30:00+00:00
4921,f223e569-d735-5980-b77b-25d459e64a37,300,project_completed,badge,2026-07-28T23:30:00+00:00
4922,f223e569-d735-5980-b77b-25d459e64a37,200,level_5,badge,2026-07-28T23:30:00+00:00
4923,95927b04-f214-5c26-878d-fb55176e41bc,60,milestone_complete,milestone:148,2026-07-28T23:30:00+00:00
4924,5421f79d-ed60-5eed-852b-01b379adab9e,40,project_join,project_join:137,2026-07-29T00:30:00+00:00
4925,5421f79d-ed60-5eed-852b-01b379adab9e,100,first_project,badge,2026-07-29T00:30:00+00:00
4926,a36cd93c-2f0c-5956-9a51-8094e39a7bed,75,project_create,project:122,2026-07-29T01:30:00+00:00
4927,a36cd93c-2f0c-5956-9a51-8094e39a7bed,100,first_project,badge,2026-07-29T01:30:00+00:00
4928,4307ee18-2e16-50be-abbc-db160bb8e8fd,40,project_join,project_join:137,2026-07-29T04:30:00+00:00
4929,693ebb02-ab3f-5d60-b798-d4d4df4900d2,40,project_join,project_join:122,2026-07-29T05:30:00+00:00
4930,783491ec-2857-52e8-a102-766d7abba6d2,75,project_create,project:155,2026-07-29T06:30:00+00:00
4931,783491ec-2857-52e8-a102-766d7abba6d2,100,first_project,badge,2026-07-29T06:30:00+00:00
4932,af808cd8-ab34-515f-a8a0-a1b0719a537b,5,daily_login,2026-07-29,2026-07-29T07:10:00+00:00
4933,610e9654-06d6-5e55-959b-377b8749b8f9,5,daily_login,2026-07-29,2026-07-29T07:10:00+00:00
4934,518ae987-15f7-5b22-8bcc-df59623dbdce,5,daily_login,2026-07-29,2026-07-29T07:10:00+00:00
4935,4c2177ab-592a-5e4a-b25b-8bb3f8090555,5,daily_login,2026-07-29,2026-07-29T07:11:00+00:00
4936,f0f4eb8c-a1ed-50a1-bc7d-2863700a31a5,5,daily_login,2026-07-29,2026-07-29T07:11:00+00:00
4937,cd8c4c60-ab9b-5cf3-996e-d4fbb990f4c6,5,daily_login,2026-07-29,2026-07-29T07:12:00+00:00
4938,f1fb49f6-8f16-5086-a3b3-1c5e169f9ad4,5,daily_login,2026-07-29,2026-07-29T07:13:00+00:00
4939,3d5b480d-3962-5c76-96ca-5459d65372aa,5,daily_login,2026-07-29,2026-07-29T07:14:00+00:00
4940,d6b81cb4-a299-5894-baa5-463cb63679a3,5,daily_login,2026-07-29,2026-07-29T07:15:00+00:00
4941,50d6350f-ffd4-59ad-a1ff-65a49a77a913,5,daily_login,2026-07-29,2026-07-29T07:16:00+00:00
4942,a6b8342c-310b-5b88-9c07-602dbd646488,5,daily_login,2026-07-29,2026-07-29T07:17:00+00:00
4943,b7f1d97d-9f3c-5885-b9ef-48d67a16a686,5,daily_login,2026-07-29,2026-07-29T07:17:00+00:00
4944,96dbbdad-601e-5bc2-9d1a-78f9f6349a39,5,daily_login,2026-07-29,2026-07-29T07:18:00+00:00
4945,64609795-d498-5ea7-ad33-a3bcecf9d962,5,daily_login,2026-07-29,2026-07-29T07:18:00+00:00
4946,b0ebc690-efe0-594f-bd55-e4d7ec3454bc,5,daily_login,2026-07-29,2026-07-29T07:20:00+00:00
4947,43a3bb15-e7a6-5c42-a198-3e0d7f080ba1,5,daily_login,2026-07-29,2026-07-29T07:20:00+00:00
4948,9047d24d-0775-5f10-bf17-6e8fc62c5884,5,daily_login,2026-07-29,2026-07-29T07:20:00+00:00
4949,9c9c228f-3bd5-5da4-b666-fbfab93b4b7e,5,daily_login,2026-07-29,2026-07-29T07:21:00+00:00
4950,7bdf8ad6-1318-5f74-9112-e2b655e215a2,5,daily_login,2026-07-29,2026-07-29T07:21:00+00:00
4951,1b1e4344-fde4-5cc2-b82c-4fb458696522,5,daily_login,2026-07-29,2026-07-29T07:21:00+00:00
4952,85df6dcd-e42a-581f-802b-eb93568b74eb,5,daily_login,2026-07-29,2026-07-29T07:21:00+00:00
4953,d16e3cdc-2868-563d-867d-62fa9b8b24ea,5,daily_login,2026-07-29,2026-07-29T07:22:00+00:00
4954,4c310820-12d3-5128-9a45-973db446b59e,5,daily_login,2026-07-29,2026-07-29T07:23:00+00:00
4955,02bf8d95-eee4-5287-b363-0551cc4a6d51,5,daily_login,2026-07-29,2026-07-29T07:23:00+00:00
4956,35e87bcc-650c-5e3f-9741-3f0c54905b6f,5,daily_login,2026-07-29,2026-07-29T07:23:00+00:00
4957,58074159-53d7-5a52-8436-d84a05af35a9,5,daily_login,2026-07-29,2026-07-29T07:24:00+00:00
4958,a2cc3818-be31-5aeb-828c-e23f579431aa,5,daily_login,2026-07-29,2026-07-29T07:25:00+00:00
4959,53f78f7e-e2df-586b-b483-5748c92d0f9f,5,daily_login,2026-07-29,2026-07-29T07:25:00+00:00
4960,baa8ef70-5b01-5a49-84cb-71c353290705,5,daily_login,2026-07-29,2026-07-29T07:26:00+00:00
4961,4307ee18-2e16-50be-abbc-db160bb8e8fd,5,daily_login,2026-07-29,2026-07-29T07:26:00+00:00
4962,e502b694-466f-5e1f-9293-146b264ae20c,5,daily_login,2026-07-29,2026-07-29T07:27:00+00:00
4963,458287c3-1628-5e26-8930-0d88ae11ce1a,5,daily_login,2026-07-29,2026-07-29T07:27:00+00:00
4964,2e2e8079-6c9e-51c9-bc7e-1475045fd514,5,daily_login,2026-07-29,2026-07-29T07:27:00+00:00
4965,49a9d8f7-08ea-5972-af3a-0ca0a6c06e59,5,daily_login,2026-07-29,2026-07-29T07:27:00+00:00
4966,e7dd6cb0-626e-510a-9e98-0498c534b04d,5,daily_login,2026-07-29,2026-07-29T07:28:00+00:00
4967,0e49007f-82be-5238-a956-37d8f7b40d4c,5,daily_login,2026-07-29,2026-07-29T07:29:00+00:00
4968,5532dec3-02ae-5ac3-8b57-2e8214a8598b,5,daily_login,2026-07-29,2026-07-29T07:29:00+00:00
4969,54561bf4-fe37-5b37-934d-9c7f81542f8b,5,daily_login,2026-07-29,2026-07-29T07:30:00+00:00
4970,da462241-608b-5422-bdbd-0d98184a433d,5,daily_login,2026-07-29,2026-07-29T07:30:00+00:00
4971,0947c4b9-50d6-50e2-9043-84a15b80e8c7,5,daily_login,2026-07-29,2026-07-29T07:30:00+00:00
4972,082b47e7-5a06-5a34-bd49-595c82b2b196,5,daily_login,2026-07-29,2026-07-29T07:31:00+00:00
4973,f8f213c7-3d61-567e-9735-5e3e9498b892,5,daily_login,2026-07-29,2026-07-29T07:31:00+00:00
4974,ee289908-380a-5bb3-8fdc-0990b203929b,5,daily_login,2026-07-29,2026-07-29T07:32:00+00:00
4975,9cba29b2-e169-54f3-9d61-1d5013f80312,5,daily_login,2026-07-29,2026-07-29T07:32:00+00:00
4976,84047d01-74e6-5a08-a20e-b5c25e3eff3e,5,daily_login,2026-07-29,2026-07-29T07:33:00+00:00
4977,9a026691-28ff-5880-9da3-006735af19d3,5,daily_login,2026-07-29,2026-07-29T07:35:00+00:00
4978,9edec740-5de6-5c27-8233-5cf72946b182,5,daily_login,2026-07-29,2026-07-29T07:36:00+00:00
4979,bdc5faf6-386d-5338-99a0-32d156bcbd68,5,daily_login,2026-07-29,2026-07-29T07:38:00+00:00
4980,783491ec-2857-52e8-a102-766d7abba6d2,5,daily_login,2026-07-29,2026-07-29T07:38:00+00:00
4981,508d03e7-de84-523a-8242-f48abc9451d7,5,daily_login,2026-07-29,2026-07-29T07:39:00+00:00
4982,c6286e16-5e03-594c-aa67-861b8ba91b33,5,daily_login,2026-07-29,2026-07-29T07:39:00+00:00
4983,7b48b183-5d87-500f-9cec-2e003c19efac,5,daily_login,2026-07-29,2026-07-29T07:40:00+00:00
4984,7624f38b-fbca-546f-af04-c9dda9318f82,5,daily_login,2026-07-29,2026-07-29T07:41:00+00:00
4985,373cd20e-25d5-5a46-a0ae-18157cf68a55,5,daily_login,2026-07-29,2026-07-29T07:41:00+00:00
4986,b5be680a-732e-55e0-bc5d-b80e831ff33a,5,daily_login,2026-07-29,2026-07-29T07:42:00+00:00
4987,a070c6d0-c23b-5036-b352-f16db0d6ec8e,5,daily_login,2026-07-29,2026-07-29T07:43:00+00:00
4988,a5526e82-ef69-522b-b3ad-df818658bde0,5,daily_login,2026-07-29,2026-07-29T07:44:00+00:00
4989,405fd522-6b0d-52fc-b397-dc3ce2e4a2ea,5,daily_login,2026-07-29,2026-07-29T07:44:00+00:00
4990,e137404e-9196-525c-b17a-44dc96d29f29,5,daily_login,2026-07-29,2026-07-29T07:44:00+00:00
4991,3bc3e38a-5ff7-5330-ab2d-8add18e85d57,5,daily_login,2026-07-29,2026-07-29T07:45:00+00:00
4992,6ac5a7a4-ae0d-5e31-8a7c-d85b63a96c46,5,daily_login,2026-07-29,2026-07-29T07:45:00+00:00
4993,cac67f41-f5af-5268-9e2d-34feac0dc9fa,5,daily_login,2026-07-29,2026-07-29T07:46:00+00:00
4994,f3744506-cae3-5f81-8a4f-506a60395be8,40,project_join,project_join:137,2026-07-29T08:30:00+00:00
4995,4845dc43-0c9d-5f09-aa4a-62e68abb5d12,40,project_join,project_join:122,2026-07-29T09:30:00+00:00
4996,4845dc43-0c9d-5f09-aa4a-62e68abb5d12,100,first_project,badge,2026-07-29T09:30:00+00:00
4997,0e992dba-f631-52d1-b7e3-76faec77c33f,40,project_join,project_join:155,2026-07-29T10:30:00+00:00
4998,0e992dba-f631-52d1-b7e3-76faec77c33f,100,first_project,badge,2026-07-29T10:30:00+00:00
4999,37b7aed3-d207-54f7-b4ec-0e05c50eaeb2,40,project_join,project_join:137,2026-07-29T12:30:00+00:00
5000,cb162f3d-006f-544e-bfa6-f9abb8a52026,15,task_complete,task:375,2026-07-29T12:30:00+00:00
5001,f22a7317-9c2b-5d13-99b9-1a1622094bb3,15,task_complete,task:156,2026-07-29T19:30:00+00:00
5002,f22a7317-9c2b-5d13-99b9-1a1622094bb3,60,milestone_complete,milestone:125,2026-07-29T19:30:00+00:00
5003,1dd6da2f-292d-52b5-8e0e-a84885e81ba1,150,first_milestone,badge,2026-07-29T19:30:00+00:00
5004,ffe47fd1-7989-5728-addd-50b504edd889,60,milestone_complete,milestone:165,2026-07-30T03:30:00+00:00
5005,ffe47fd1-7989-5728-addd-50b504edd889,150,first_milestone,badge,2026-07-30T03:30:00+00:00
5006,729fe171-fa0d-547e-b374-39bd19f4c645,150,first_milestone,badge,2026-07-30T03:30:00+00:00
5007,37b7aed3-d207-54f7-b4ec-0e05c50eaeb2,150,first_milestone,badge,2026-07-30T03:30:00+00:00
5008,4c2177ab-592a-5e4a-b25b-8bb3f8090555,150,first_milestone,badge,2026-07-30T03:30:00+00:00
5009,d0c58825-6ead-50f6-9a07-f2f95dbb51ea,60,milestone_complete,milestone:235,2026-07-30T03:30:00+00:00
5010,d0c58825-6ead-50f6-9a07-f2f95dbb51ea,150,first_milestone,badge,2026-07-30T03:30:00+00:00
5011,0b532307-3033-5baf-b61c-915d1213c01f,150,first_milestone,badge,2026-07-30T03:30:00+00:00
5012,4307ee18-2e16-50be-abbc-db160bb8e8fd,150,first_milestone,badge,2026-07-30T03:30:00+00:00
5013,77c684c4-9514-5edc-85ff-1052c8544c14,20,thread_create,thread:168,2026-07-30T03:30:00+00:00
5014,77c684c4-9514-5edc-85ff-1052c8544c14,150,first_thread,badge,2026-07-30T03:30:00+00:00
5015,f2561442-8439-5138-9a3b-8bcf96f16609,5,daily_login,2026-07-30,2026-07-30T07:10:00+00:00
5016,4c2177ab-592a-5e4a-b25b-8bb3f8090555,5,daily_login,2026-07-30,2026-07-30T07:11:00+00:00
5017,f0f4eb8c-a1ed-50a1-bc7d-2863700a31a5,5,daily_login,2026-07-30,2026-07-30T07:11:00+00:00
5018,37b7aed3-d207-54f7-b4ec-0e05c50eaeb2,5,daily_login,2026-07-30,2026-07-30T07:11:00+00:00
5019,cd8c4c60-ab9b-5cf3-996e-d4fbb990f4c6,5,daily_login,2026-07-30,2026-07-30T07:12:00+00:00
5020,7ef6d8e7-132e-5da5-a653-16dd2e5719c4,5,daily_login,2026-07-30,2026-07-30T07:13:00+00:00
5021,001e944b-e64e-5742-afb7-5e04327e41ee,5,daily_login,2026-07-30,2026-07-30T07:14:00+00:00
5022,ea7edc0e-b64d-545f-b311-b4ee943f2935,5,daily_login,2026-07-30,2026-07-30T07:14:00+00:00
5023,6e82bb3e-ede8-5803-ba1a-cc3aa8766199,5,daily_login,2026-07-30,2026-07-30T07:15:00+00:00
5024,90cced0e-f2c7-528c-bd28-38c44ead6c98,5,daily_login,2026-07-30,2026-07-30T07:15:00+00:00
5025,50d6350f-ffd4-59ad-a1ff-65a49a77a913,5,daily_login,2026-07-30,2026-07-30T07:16:00+00:00
5026,a6b8342c-310b-5b88-9c07-602dbd646488,5,daily_login,2026-07-30,2026-07-30T07:17:00+00:00
5027,9355c2cf-38db-5118-9b77-3d5b5b3870df,5,daily_login,2026-07-30,2026-07-30T07:17:00+00:00
5028,096499d2-73d6-5063-9dd4-a7c1aebac61d,5,daily_login,2026-07-30,2026-07-30T07:17:00+00:00
5029,52ab3a8f-ec5c-5e66-bcd5-efc304512118,5,daily_login,2026-07-30,2026-07-30T07:18:00+00:00
5030,64609795-d498-5ea7-ad33-a3bcecf9d962,5,daily_login,2026-07-30,2026-07-30T07:18:00+00:00
5031,d3175e63-6121-5d55-b429-df91670d9aca,5,daily_login,2026-07-30,2026-07-30T07:18:00+00:00
5032,5a4b137d-2ebb-5c75-8cdd-bf77406b4b9f,5,daily_login,2026-07-30,2026-07-30T07:19:00+00:00
5033,9d1c460b-bd0b-57ff-ac14-f2b10f73edd3,5,daily_login,2026-07-30,2026-07-30T07:19:00+00:00
5034,63fdd1e3-9db3-5b05-9799-510eea6abab7,5,daily_login,2026-07-30,2026-07-30T07:20:00+00:00
5035,9047d24d-0775-5f10-bf17-6e8fc62c5884,5,daily_login,2026-07-30,2026-07-30T07:20:00+00:00
5036,85df6dcd-e42a-581f-802b-eb93568b74eb,5,daily_login,2026-07-30,2026-07-30T07:21:00+00:00
5037,d16e3cdc-2868-563d-867d-62fa9b8b24ea,5,daily_login,2026-07-30,2026-07-30T07:22:00+00:00
5038,4c310820-12d3-5128-9a45-973db446b59e,5,daily_login,2026-07-30,2026-07-30T07:23:00+00:00
5039,02bf8d95-eee4-5287-b363-0551cc4a6d51,5,daily_login,2026-07-30,2026-07-30T07:23:00+00:00
5040,35e87bcc-650c-5e3f-9741-3f0c54905b6f,5,daily_login,2026-07-30,2026-07-30T07:23:00+00:00
5041,a992f17b-79b6-5dcf-aed4-2aebaa5775c7,5,daily_login,2026-07-30,2026-07-30T07:25:00+00:00
5042,a2cc3818-be31-5aeb-828c-e23f579431aa,5,daily_login,2026-07-30,2026-07-30T07:25:00+00:00
5043,1bf86e3f-0e6e-5241-b319-71005237945f,5,daily_login,2026-07-30,2026-07-30T07:25:00+00:00
5044,e502b694-466f-5e1f-9293-146b264ae20c,5,daily_login,2026-07-30,2026-07-30T07:27:00+00:00
5045,f3744506-cae3-5f81-8a4f-506a60395be8,5,daily_login,2026-07-30,2026-07-30T07:28:00+00:00
5046,e3efd234-c7f9-5957-937f-661b1c3981ef,5,daily_login,2026-07-30,2026-07-30T07:28:00+00:00
5047,774fd1d7-ca6b-5177-9d91-fc7b24739425,5,daily_login,2026-07-30,2026-07-30T07:30:00+00:00
5048,082b47e7-5a06-5a34-bd49-595c82b2b196,5,daily_login,2026-07-30,2026-07-30T07:31:00+00:00
5049,f8f213c7-3d61-567e-9735-5e3e9498b892,5,daily_login,2026-07-30,2026-07-30T07:31:00+00:00
5050,10feece1-a2cd-532b-8488-21659a3bee22,5,daily_login,2026-07-30,2026-07-30T07:31:00+00:00
5051,ee289908-380a-5bb3-8fdc-0990b203929b,5,daily_login,2026-07-30,2026-07-30T07:32:00+00:00
5052,9cba29b2-e169-54f3-9d61-1d5013f80312,5,daily_login,2026-07-30,2026-07-30T07:32:00+00:00
5053,1062abbb-4fcd-51a9-95fc-5474e4af7640,5,daily_login,2026-07-30,2026-07-30T07:32:00+00:00
5054,6720265f-9f2b-5485-bf24-54e1784991b6,5,daily_login,2026-07-30,2026-07-30T07:34:00+00:00
5055,9a026691-28ff-5880-9da3-006735af19d3,5,daily_login,2026-07-30,2026-07-30T07:35:00+00:00
5056,fbdfefdb-ca2d-5a0e-87ed-62021c1c11d4,5,daily_login,2026-07-30,2026-07-30T07:35:00+00:00
5057,9edec740-5de6-5c27-8233-5cf72946b182,5,daily_login,2026-07-30,2026-07-30T07:36:00+00:00
5058,4cf03b5a-e2ca-57f2-95b8-16a3b92247e6,5,daily_login,2026-07-30,2026-07-30T07:37:00+00:00
5059,5ce94e6e-a987-5fd1-90b2-94a1174f9376,5,daily_login,2026-07-30,2026-07-30T07:37:00+00:00
5060,bdc5faf6-386d-5338-99a0-32d156bcbd68,5,daily_login,2026-07-30,2026-07-30T07:38:00+00:00
5061,302b84f9-9053-5cf7-bed0-305678227875,5,daily_login,2026-07-30,2026-07-30T07:39:00+00:00
5062,508d03e7-de84-523a-8242-f48abc9451d7,5,daily_login,2026-07-30,2026-07-30T07:39:00+00:00
5063,c6286e16-5e03-594c-aa67-861b8ba91b33,5,daily_login,2026-07-30,2026-07-30T07:39:00+00:00
5064,7b48b183-5d87-500f-9cec-2e003c19efac,5,daily_login,2026-07-30,2026-07-30T07:40:00+00:00
5065,bb4b0d34-59a4-5948-a9be-a1aa6caece55,5,daily_login,2026-07-30,2026-07-30T07:40:00+00:00
5066,fb400c3e-ecd0-522e-8b8e-1323946be71a,5,daily_login,2026-07-30,2026-07-30T07:40:00+00:00
5067,96ccee9a-30f2-56cd-b597-a927c84e0f75,5,daily_login,2026-07-30,2026-07-30T07:41:00+00:00
5068,33ba5d16-c38c-5bcf-9896-ea8ae81d6e7b,5,daily_login,2026-07-30,2026-07-30T07:41:00+00:00
5069,7624f38b-fbca-546f-af04-c9dda9318f82,5,daily_login,2026-07-30,2026-07-30T07:41:00+00:00
5070,77c684c4-9514-5edc-85ff-1052c8544c14,5,daily_login,2026-07-30,2026-07-30T07:42:00+00:00
5071,b5be680a-732e-55e0-bc5d-b80e831ff33a,5,daily_login,2026-07-30,2026-07-30T07:42:00+00:00
5072,daa36188-60fd-56a2-938b-70b1b51084b0,5,daily_login,2026-07-30,2026-07-30T07:43:00+00:00
5073,e137404e-9196-525c-b17a-44dc96d29f29,5,daily_login,2026-07-30,2026-07-30T07:44:00+00:00
5074,20b63262-d3e6-555a-95b2-84fc87694a19,300,project_completed,badge,2026-07-30T22:30:00+00:00
5075,d5dc7189-89df-5fd7-983f-1124b6de3d68,300,project_completed,badge,2026-07-30T22:30:00+00:00
5076,20b63262-d3e6-555a-95b2-84fc87694a19,60,milestone_complete,milestone:152,2026-07-30T22:30:00+00:00
5077,20b63262-d3e6-555a-95b2-84fc87694a19,20,thread_create,thread:159,2026-07-31T01:30:00+00:00
5078,20b63262-d3e6-555a-95b2-84fc87694a19,150,first_thread,badge,2026-07-31T01:30:00+00:00
5079,729fe171-fa0d-547e-b374-39bd19f4c645,15,task_complete,task:261,2026-07-31T04:30:00+00:00
5080,729fe171-fa0d-547e-b374-39bd19f4c645,100,first_task,badge,2026-07-31T04:30:00+00:00
5081,0b532307-3033-5baf-b61c-915d1213c01f,15,task_complete,task:448,2026-07-31T04:30:00+00:00
5082,0b532307-3033-5baf-b61c-915d1213c01f,100,first_task,badge,2026-07-31T04:30:00+00:00
5083,610e9654-06d6-5e55-959b-377b8749b8f9,5,daily_login,2026-07-31,2026-07-31T07:10:00+00:00
5084,f0f4eb8c-a1ed-50a1-bc7d-2863700a31a5,5,daily_login,2026-07-31,2026-07-31T07:11:00+00:00
5085,37b7aed3-d207-54f7-b4ec-0e05c50eaeb2,5,daily_login,2026-07-31,2026-07-31T07:11:00+00:00
5086,7ef6d8e7-132e-5da5-a653-16dd2e5719c4,5,daily_login,2026-07-31,2026-07-31T07:13:00+00:00
5087,f4793612-bd5c-52c4-b29e-226fe28a77ca,5,daily_login,2026-07-31,2026-07-31T07:13:00+00:00
5088,ea7edc0e-b64d-545f-b311-b4ee943f2935,5,daily_login,2026-07-31,2026-07-31T07:14:00+00:00
5089,6e82bb3e-ede8-5803-ba1a-cc3aa8766199,5,daily_login,2026-07-31,2026-07-31T07:15:00+00:00
5090,90cced0e-f2c7-528c-bd28-38c44ead6c98,5,daily_login,2026-07-31,2026-07-31T07:15:00+00:00
5091,d6b81cb4-a299-5894-baa5-463cb63679a3,5,daily_login,2026-07-31,2026-07-31T07:15:00+00:00
5092,50d6350f-ffd4-59ad-a1ff-65a49a77a913,5,daily_login,2026-07-31,2026-07-31T07:16:00+00:00
5093,eb3717c1-cd92-5eeb-af40-9df7f3132426,5,daily_login,2026-07-31,2026-07-31T07:16:00+00:00
5094,52ab3a8f-ec5c-5e66-bcd5-efc304512118,5,daily_login,2026-07-31,2026-07-31T07:18:00+00:00
5095,96dbbdad-601e-5bc2-9d1a-78f9f6349a39,5,daily_login,2026-07-31,2026-07-31T07:18:00+00:00
5096,64609795-d498-5ea7-ad33-a3bcecf9d962,5,daily_login,2026-07-31,2026-07-31T07:18:00+00:00
5097,cb162f3d-006f-544e-bfa6-f9abb8a52026,5,daily_login,2026-07-31,2026-07-31T07:19:00+00:00
5098,e1f9b739-b2d3-51e6-9609-05805a6d151c,5,daily_login,2026-07-31,2026-07-31T07:19:00+00:00
5099,9047d24d-0775-5f10-bf17-6e8fc62c5884,5,daily_login,2026-07-31,2026-07-31T07:20:00+00:00
5100,4ec67eb8-4fda-5cbc-bbd1-a6afc7ce8130,5,daily_login,2026-07-31,2026-07-31T07:21:00+00:00
5101,4966bb54-4d4f-5992-8586-1bd44991d17f,5,daily_login,2026-07-31,2026-07-31T07:22:00+00:00
5102,02bf8d95-eee4-5287-b363-0551cc4a6d51,5,daily_login,2026-07-31,2026-07-31T07:23:00+00:00
5103,ffe47fd1-7989-5728-addd-50b504edd889,5,daily_login,2026-07-31,2026-07-31T07:24:00+00:00
5104,58074159-53d7-5a52-8436-d84a05af35a9,5,daily_login,2026-07-31,2026-07-31T07:24:00+00:00
5105,61347d09-09eb-5f04-a4ec-fe830319799f,5,daily_login,2026-07-31,2026-07-31T07:24:00+00:00
5106,a2cc3818-be31-5aeb-828c-e23f579431aa,5,daily_login,2026-07-31,2026-07-31T07:25:00+00:00
5107,53f78f7e-e2df-586b-b483-5748c92d0f9f,5,daily_login,2026-07-31,2026-07-31T07:25:00+00:00
5108,baa8ef70-5b01-5a49-84cb-71c353290705,5,daily_login,2026-07-31,2026-07-31T07:26:00+00:00
5109,20b4182c-90f7-51da-99e8-97ade4d19a92,5,daily_login,2026-07-31,2026-07-31T07:26:00+00:00
5110,e502b694-466f-5e1f-9293-146b264ae20c,5,daily_login,2026-07-31,2026-07-31T07:27:00+00:00
5111,2e2e8079-6c9e-51c9-bc7e-1475045fd514,5,daily_login,2026-07-31,2026-07-31T07:27:00+00:00
5112,84da666c-c47c-572e-b2c9-3b6f35881596,5,daily_login,2026-07-31,2026-07-31T07:28:00+00:00
5113,5532dec3-02ae-5ac3-8b57-2e8214a8598b,5,daily_login,2026-07-31,2026-07-31T07:29:00+00:00
5114,96373821-4bf4-53b8-bd24-bb64bbb3b84e,5,daily_login,2026-07-31,2026-07-31T07:30:00+00:00
5115,facb4557-eabe-5f8b-89cc-f223b91c89b7,5,daily_login,2026-07-31,2026-07-31T07:30:00+00:00
5116,f8f213c7-3d61-567e-9735-5e3e9498b892,5,daily_login,2026-07-31,2026-07-31T07:31:00+00:00
5117,10feece1-a2cd-532b-8488-21659a3bee22,5,daily_login,2026-07-31,2026-07-31T07:31:00+00:00
5118,82a5c89c-0b3a-58b9-9259-837a5348a5c2,5,daily_login,2026-07-31,2026-07-31T07:31:00+00:00
5119,95927b04-f214-5c26-878d-fb55176e41bc,5,daily_login,2026-07-31,2026-07-31T07:32:00+00:00
5120,1062abbb-4fcd-51a9-95fc-5474e4af7640,5,daily_login,2026-07-31,2026-07-31T07:32:00+00:00
5121,84047d01-74e6-5a08-a20e-b5c25e3eff3e,5,daily_login,2026-07-31,2026-07-31T07:33:00+00:00
5122,88820056-e901-59a1-b2ca-c4e813b34f7b,5,daily_login,2026-07-31,2026-07-31T07:33:00+00:00
5123,6720265f-9f2b-5485-bf24-54e1784991b6,5,daily_login,2026-07-31,2026-07-31T07:34:00+00:00
5124,fbdfefdb-ca2d-5a0e-87ed-62021c1c11d4,5,daily_login,2026-07-31,2026-07-31T07:35:00+00:00
5125,9edec740-5de6-5c27-8233-5cf72946b182,5,daily_login,2026-07-31,2026-07-31T07:36:00+00:00
5126,eb397f92-99ac-5f0f-8f81-3540865f0477,5,daily_login,2026-07-31,2026-07-31T07:38:00+00:00
5127,eb397f92-99ac-5f0f-8f81-3540865f0477,200,level_5,badge,2026-07-31T07:38:00+00:00
5128,783491ec-2857-52e8-a102-766d7abba6d2,5,daily_login,2026-07-31,2026-07-31T07:38:00+00:00
5129,302b84f9-9053-5cf7-bed0-305678227875,5,daily_login,2026-07-31,2026-07-31T07:39:00+00:00
5130,eeeb9e89-042f-5fdc-8fcf-2c3ad56f9bf1,5,daily_login,2026-07-31,2026-07-31T07:39:00+00:00
5131,508d03e7-de84-523a-8242-f48abc9451d7,5,daily_login,2026-07-31,2026-07-31T07:39:00+00:00
5132,c6286e16-5e03-594c-aa67-861b8ba91b33,5,daily_login,2026-07-31,2026-07-31T07:39:00+00:00
5133,7b48b183-5d87-500f-9cec-2e003c19efac,5,daily_login,2026-07-31,2026-07-31T07:40:00+00:00
5134,fb400c3e-ecd0-522e-8b8e-1323946be71a,5,daily_login,2026-07-31,2026-07-31T07:40:00+00:00
5135,33ba5d16-c38c-5bcf-9896-ea8ae81d6e7b,5,daily_login,2026-07-31,2026-07-31T07:41:00+00:00
5136,0b532307-3033-5baf-b61c-915d1213c01f,5,daily_login,2026-07-31,2026-07-31T07:41:00+00:00
5137,7624f38b-fbca-546f-af04-c9dda9318f82,5,daily_login,2026-07-31,2026-07-31T07:41:00+00:00
5138,373cd20e-25d5-5a46-a0ae-18157cf68a55,5,daily_login,2026-07-31,2026-07-31T07:41:00+00:00
5139,33d87513-60c2-51ff-9ec5-f0f1389ed27e,5,daily_login,2026-07-31,2026-07-31T07:42:00+00:00
5140,b5be680a-732e-55e0-bc5d-b80e831ff33a,5,daily_login,2026-07-31,2026-07-31T07:42:00+00:00
5141,dfe9e449-d177-56af-a679-d3e1c78c5c02,5,daily_login,2026-07-31,2026-07-31T07:43:00+00:00
5142,a070c6d0-c23b-5036-b352-f16db0d6ec8e,5,daily_login,2026-07-31,2026-07-31T07:43:00+00:00
5143,a5526e82-ef69-522b-b3ad-df818658bde0,5,daily_login,2026-07-31,2026-07-31T07:44:00+00:00
5144,e137404e-9196-525c-b17a-44dc96d29f29,5,daily_login,2026-07-31,2026-07-31T07:44:00+00:00
5145,6ab0c42d-0ad5-5b3d-9c6c-4ab9eaa47586,5,daily_login,2026-07-31,2026-07-31T07:45:00+00:00
5146,d2a70bca-a25c-522f-9b7e-c967b69503cc,5,daily_login,2026-07-31,2026-07-31T07:45:00+00:00
5147,6ac5a7a4-ae0d-5e31-8a7c-d85b63a96c46,5,daily_login,2026-07-31,2026-07-31T07:45:00+00:00
5148,bf54d417-d834-5d3e-a7f9-106377fe05a5,5,daily_login,2026-07-31,2026-07-31T07:46:00+00:00
5149,7624f38b-fbca-546f-af04-c9dda9318f82,75,project_create,project:175,2026-07-31T22:30:00+00:00
5150,7624f38b-fbca-546f-af04-c9dda9318f82,100,first_project,badge,2026-07-31T22:30:00+00:00
5151,f0f4eb8c-a1ed-50a1-bc7d-2863700a31a5,20,thread_create,thread:119,2026-08-01T00:30:00+00:00
5152,508d03e7-de84-523a-8242-f48abc9451d7,40,project_join,project_join:175,2026-08-01T02:30:00+00:00
5153,508d03e7-de84-523a-8242-f48abc9451d7,100,first_project,badge,2026-08-01T02:30:00+00:00
5154,4307ee18-2e16-50be-abbc-db160bb8e8fd,15,task_complete,task:449,2026-08-01T05:30:00+00:00
5155,4307ee18-2e16-50be-abbc-db160bb8e8fd,100,first_task,badge,2026-08-01T05:30:00+00:00
5156,eeeb9e89-042f-5fdc-8fcf-2c3ad56f9bf1,15,task_complete,task:550,2026-08-01T05:30:00+00:00
5157,eeeb9e89-042f-5fdc-8fcf-2c3ad56f9bf1,20,thread_create,thread:172,2026-08-01T05:30:00+00:00
5158,eeeb9e89-042f-5fdc-8fcf-2c3ad56f9bf1,150,first_thread,badge,2026-08-01T05:30:00+00:00
5159,f2561442-8439-5138-9a3b-8bcf96f16609,5,daily_login,2026-08-01,2026-08-01T07:10:00+00:00
5160,af808cd8-ab34-515f-a8a0-a1b0719a537b,5,daily_login,2026-08-01,2026-08-01T07:10:00+00:00
5161,610e9654-06d6-5e55-959b-377b8749b8f9,5,daily_login,2026-08-01,2026-08-01T07:10:00+00:00
5162,518ae987-15f7-5b22-8bcc-df59623dbdce,5,daily_login,2026-08-01,2026-08-01T07:10:00+00:00
5163,37b7aed3-d207-54f7-b4ec-0e05c50eaeb2,5,daily_login,2026-08-01,2026-08-01T07:11:00+00:00
5164,0da68170-ff38-5dad-9224-770d261f1c8a,5,daily_login,2026-08-01,2026-08-01T07:11:00+00:00
5165,3d016498-e16a-5ad9-95c7-b633dfc6a142,5,daily_login,2026-08-01,2026-08-01T07:13:00+00:00
5166,f21481e8-5bf3-5aa6-a7e0-fe6e26920e28,5,daily_login,2026-08-01,2026-08-01T07:13:00+00:00
5167,ea7edc0e-b64d-545f-b311-b4ee943f2935,5,daily_login,2026-08-01,2026-08-01T07:14:00+00:00
5168,90cced0e-f2c7-528c-bd28-38c44ead6c98,5,daily_login,2026-08-01,2026-08-01T07:15:00+00:00
5169,d6b81cb4-a299-5894-baa5-463cb63679a3,5,daily_login,2026-08-01,2026-08-01T07:15:00+00:00
5170,50d6350f-ffd4-59ad-a1ff-65a49a77a913,5,daily_login,2026-08-01,2026-08-01T07:16:00+00:00
5171,50d6350f-ffd4-59ad-a1ff-65a49a77a913,5,streak_week_bonus,2026-08-01,2026-08-01T07:16:00+00:00
5172,64b591cd-4cbe-577a-aba9-ee6912328a58,5,daily_login,2026-08-01,2026-08-01T07:16:00+00:00
5173,eb3717c1-cd92-5eeb-af40-9df7f3132426,5,daily_login,2026-08-01,2026-08-01T07:16:00+00:00
5174,693ebb02-ab3f-5d60-b798-d4d4df4900d2,5,daily_login,2026-08-01,2026-08-01T07:16:00+00:00
5175,96dbbdad-601e-5bc2-9d1a-78f9f6349a39,5,daily_login,2026-08-01,2026-08-01T07:18:00+00:00
5176,9d1c460b-bd0b-57ff-ac14-f2b10f73edd3,5,daily_login,2026-08-01,2026-08-01T07:19:00+00:00
5177,43a3bb15-e7a6-5c42-a198-3e0d7f080ba1,5,daily_login,2026-08-01,2026-08-01T07:20:00+00:00
5178,9047d24d-0775-5f10-bf17-6e8fc62c5884,5,daily_login,2026-08-01,2026-08-01T07:20:00+00:00
5179,7bdf8ad6-1318-5f74-9112-e2b655e215a2,5,daily_login,2026-08-01,2026-08-01T07:21:00+00:00
5180,1b1e4344-fde4-5cc2-b82c-4fb458696522,5,daily_login,2026-08-01,2026-08-01T07:21:00+00:00
5181,85df6dcd-e42a-581f-802b-eb93568b74eb,5,daily_login,2026-08-01,2026-08-01T07:21:00+00:00
5182,368442e7-2dfe-5df4-9ab7-a468b984050a,5,daily_login,2026-08-01,2026-08-01T07:22:00+00:00
5183,44a33563-638c-52da-ae01-285f43dfcb99,5,daily_login,2026-08-01,2026-08-01T07:22:00+00:00
5184,d16e3cdc-2868-563d-867d-62fa9b8b24ea,5,daily_login,2026-08-01,2026-08-01T07:22:00+00:00
5185,4c310820-12d3-5128-9a45-973db446b59e,5,daily_login,2026-08-01,2026-08-01T07:23:00+00:00
5186,d5dc7189-89df-5fd7-983f-1124b6de3d68,5,daily_login,2026-08-01,2026-08-01T07:23:00+00:00
5187,02bf8d95-eee4-5287-b363-0551cc4a6d51,5,daily_login,2026-08-01,2026-08-01T07:23:00+00:00
5188,88a268b0-6bca-5583-b041-ffdbc51be7e6,5,daily_login,2026-08-01,2026-08-01T07:24:00+00:00
5189,651ce25b-8132-52d9-8f74-889f22c3bb5c,5,daily_login,2026-08-01,2026-08-01T07:24:00+00:00
5190,ffe47fd1-7989-5728-addd-50b504edd889,5,daily_login,2026-08-01,2026-08-01T07:24:00+00:00
5191,a992f17b-79b6-5dcf-aed4-2aebaa5775c7,5,daily_login,2026-08-01,2026-08-01T07:25:00+00:00
5192,a2cc3818-be31-5aeb-828c-e23f579431aa,5,daily_login,2026-08-01,2026-08-01T07:25:00+00:00
5193,6b9b6012-cdb4-50eb-8ad0-01c36516df23,5,daily_login,2026-08-01,2026-08-01T07:26:00+00:00
5194,baa8ef70-5b01-5a49-84cb-71c353290705,5,daily_login,2026-08-01,2026-08-01T07:26:00+00:00
5195,4307ee18-2e16-50be-abbc-db160bb8e8fd,5,daily_login,2026-08-01,2026-08-01T07:26:00+00:00
5196,e502b694-466f-5e1f-9293-146b264ae20c,5,daily_login,2026-08-01,2026-08-01T07:27:00+00:00
5197,e502b694-466f-5e1f-9293-146b264ae20c,5,streak_week_bonus,2026-08-01,2026-08-01T07:27:00+00:00
5198,2e2e8079-6c9e-51c9-bc7e-1475045fd514,5,daily_login,2026-08-01,2026-08-01T07:27:00+00:00
5199,49a9d8f7-08ea-5972-af3a-0ca0a6c06e59,5,daily_login,2026-08-01,2026-08-01T07:27:00+00:00
5200,e7dd6cb0-626e-510a-9e98-0498c534b04d,5,daily_login,2026-08-01,2026-08-01T07:28:00+00:00
5201,96373821-4bf4-53b8-bd24-bb64bbb3b84e,5,daily_login,2026-08-01,2026-08-01T07:30:00+00:00
5202,54561bf4-fe37-5b37-934d-9c7f81542f8b,5,daily_login,2026-08-01,2026-08-01T07:30:00+00:00
5203,da462241-608b-5422-bdbd-0d98184a433d,5,daily_login,2026-08-01,2026-08-01T07:30:00+00:00
5204,082b47e7-5a06-5a34-bd49-595c82b2b196,5,daily_login,2026-08-01,2026-08-01T07:31:00+00:00
5205,f8f213c7-3d61-567e-9735-5e3e9498b892,5,daily_login,2026-08-01,2026-08-01T07:31:00+00:00
5206,0e992dba-f631-52d1-b7e3-76faec77c33f,5,daily_login,2026-08-01,2026-08-01T07:31:00+00:00
5207,ee289908-380a-5bb3-8fdc-0990b203929b,5,daily_login,2026-08-01,2026-08-01T07:32:00+00:00
5208,1062abbb-4fcd-51a9-95fc-5474e4af7640,5,daily_login,2026-08-01,2026-08-01T07:32:00+00:00
5209,729fe171-fa0d-547e-b374-39bd19f4c645,5,daily_login,2026-08-01,2026-08-01T07:32:00+00:00
5210,44f09dba-7a20-5f46-840b-4670e6c7eb92,5,daily_login,2026-08-01,2026-08-01T07:33:00+00:00
5211,88820056-e901-59a1-b2ca-c4e813b34f7b,5,daily_login,2026-08-01,2026-08-01T07:33:00+00:00
5212,19e81afb-74c1-5b4a-9af3-469f3b610235,5,daily_login,2026-08-01,2026-08-01T07:34:00+00:00
5213,a0a53b38-722a-56e6-a52c-fe0e06169a59,5,daily_login,2026-08-01,2026-08-01T07:34:00+00:00
5214,9a026691-28ff-5880-9da3-006735af19d3,5,daily_login,2026-08-01,2026-08-01T07:35:00+00:00
5215,fbdfefdb-ca2d-5a0e-87ed-62021c1c11d4,5,daily_login,2026-08-01,2026-08-01T07:35:00+00:00
5216,9edec740-5de6-5c27-8233-5cf72946b182,5,daily_login,2026-08-01,2026-08-01T07:36:00+00:00
5217,ab45f9eb-3fee-5ea5-bccb-faffc50f3e76,5,daily_login,2026-08-01,2026-08-01T07:37:00+00:00
5218,6988340a-a3c1-5fda-a996-711f1723c649,5,daily_login,2026-08-01,2026-08-01T07:37:00+00:00
5219,f22a7317-9c2b-5d13-99b9-1a1622094bb3,5,daily_login,2026-08-01,2026-08-01T07:38:00+00:00
5220,25797954-b022-582e-8349-e1e2c141368c,5,daily_login,2026-08-01,2026-08-01T07:39:00+00:00
5221,bb4b0d34-59a4-5948-a9be-a1aa6caece55,5,daily_login,2026-08-01,2026-08-01T07:40:00+00:00
5222,96ccee9a-30f2-56cd-b597-a927c84e0f75,5,daily_login,2026-08-01,2026-08-01T07:41:00+00:00
5223,33ba5d16-c38c-5bcf-9896-ea8ae81d6e7b,5,daily_login,2026-08-01,2026-08-01T07:41:00+00:00
5224,0b532307-3033-5baf-b61c-915d1213c01f,5,daily_login,2026-08-01,2026-08-01T07:41:00+00:00
5225,b5be680a-732e-55e0-bc5d-b80e831ff33a,5,daily_login,2026-08-01,2026-08-01T07:42:00+00:00
5226,40120057-c43a-5745-9d3a-d9b0c6b1e84e,5,daily_login,2026-08-01,2026-08-01T07:43:00+00:00
5227,e137404e-9196-525c-b17a-44dc96d29f29,5,daily_login,2026-08-01,2026-08-01T07:44:00+00:00
5228,6d9d0917-bda8-5863-abe4-92d14b0cc926,5,daily_login,2026-08-01,2026-08-01T07:44:00+00:00
5229,6ac5a7a4-ae0d-5e31-8a7c-d85b63a96c46,5,daily_login,2026-08-01,2026-08-01T07:45:00+00:00
5230,878bb7d9-5569-5efb-bbd1-5e39d62d594d,15,task_complete,task:313,2026-08-01T16:30:00+00:00
5231,878bb7d9-5569-5efb-bbd1-5e39d62d594d,100,first_task,badge,2026-08-01T16:30:00+00:00
5232,878bb7d9-5569-5efb-bbd1-5e39d62d594d,60,milestone_complete,milestone:183,2026-08-01T16:30:00+00:00
5233,b39a9d3d-f3eb-5d31-9cc7-15e278969b70,150,first_milestone,badge,2026-08-01T16:30:00+00:00
5234,9edec740-5de6-5c27-8233-5cf72946b182,60,milestone_complete,milestone:197,2026-08-02T00:30:00+00:00
5235,9edec740-5de6-5c27-8233-5cf72946b182,150,first_milestone,badge,2026-08-02T00:30:00+00:00
5236,67357d35-e727-50a5-9114-d5f2da172374,150,first_milestone,badge,2026-08-02T00:30:00+00:00
5237,ef763ec1-f93c-5744-9640-4ca59adf9347,150,first_milestone,badge,2026-08-02T00:30:00+00:00
5238,8fa5b823-1a70-59f7-9bb2-b3d5f36dc82b,150,first_milestone,badge,2026-08-02T00:30:00+00:00
5239,d9fbcbde-376a-5f82-9fb5-268a24b02d57,20,thread_create,thread:114,2026-08-02T04:30:00+00:00
5240,d9fbcbde-376a-5f82-9fb5-268a24b02d57,150,first_thread,badge,2026-08-02T04:30:00+00:00
5241,6988340a-a3c1-5fda-a996-711f1723c649,20,thread_create,thread:151,2026-08-02T06:30:00+00:00
5242,6988340a-a3c1-5fda-a996-711f1723c649,150,first_thread,badge,2026-08-02T06:30:00+00:00
5243,610e9654-06d6-5e55-959b-377b8749b8f9,5,daily_login,2026-08-02,2026-08-02T07:10:00+00:00
5244,518ae987-15f7-5b22-8bcc-df59623dbdce,5,daily_login,2026-08-02,2026-08-02T07:10:00+00:00
5245,3d016498-e16a-5ad9-95c7-b633dfc6a142,5,daily_login,2026-08-02,2026-08-02T07:13:00+00:00
5246,f21481e8-5bf3-5aa6-a7e0-fe6e26920e28,5,daily_login,2026-08-02,2026-08-02T07:13:00+00:00
5247,adfbbf3c-5175-5e0a-bf98-b8854f2081c2,5,daily_login,2026-08-02,2026-08-02T07:14:00+00:00
5248,ea7edc0e-b64d-545f-b311-b4ee943f2935,5,daily_login,2026-08-02,2026-08-02T07:14:00+00:00
5249,20b63262-d3e6-555a-95b2-84fc87694a19,5,daily_login,2026-08-02,2026-08-02T07:15:00+00:00
5250,6ecf180b-be59-594c-a33b-31bd0120f01f,5,daily_login,2026-08-02,2026-08-02T07:15:00+00:00
5251,d6b81cb4-a299-5894-baa5-463cb63679a3,5,daily_login,2026-08-02,2026-08-02T07:15:00+00:00
5252,50d6350f-ffd4-59ad-a1ff-65a49a77a913,5,daily_login,2026-08-02,2026-08-02T07:16:00+00:00
5253,52ab3a8f-ec5c-5e66-bcd5-efc304512118,5,daily_login,2026-08-02,2026-08-02T07:18:00+00:00
5254,fd96bbd1-5601-5c99-a1e2-04b09168b35e,5,daily_login,2026-08-02,2026-08-02T07:18:00+00:00
5255,96dbbdad-601e-5bc2-9d1a-78f9f6349a39,5,daily_login,2026-08-02,2026-08-02T07:18:00+00:00
5256,64609795-d498-5ea7-ad33-a3bcecf9d962,5,daily_login,2026-08-02,2026-08-02T07:18:00+00:00
5257,d3175e63-6121-5d55-b429-df91670d9aca,5,daily_login,2026-08-02,2026-08-02T07:18:00+00:00
5258,5a4b137d-2ebb-5c75-8cdd-bf77406b4b9f,5,daily_login,2026-08-02,2026-08-02T07:19:00+00:00
5259,9d1c460b-bd0b-57ff-ac14-f2b10f73edd3,5,daily_login,2026-08-02,2026-08-02T07:19:00+00:00
5260,1b1e4344-fde4-5cc2-b82c-4fb458696522,5,daily_login,2026-08-02,2026-08-02T07:21:00+00:00
5261,4ec67eb8-4fda-5cbc-bbd1-a6afc7ce8130,5,daily_login,2026-08-02,2026-08-02T07:21:00+00:00
5262,4966bb54-4d4f-5992-8586-1bd44991d17f,5,daily_login,2026-08-02,2026-08-02T07:22:00+00:00
5263,44a33563-638c-52da-ae01-285f43dfcb99,5,daily_login,2026-08-02,2026-08-02T07:22:00+00:00
5264,d16e3cdc-2868-563d-867d-62fa9b8b24ea,5,daily_login,2026-08-02,2026-08-02T07:22:00+00:00
5265,4c310820-12d3-5128-9a45-973db446b59e,5,daily_login,2026-08-02,2026-08-02T07:23:00+00:00
5266,02bf8d95-eee4-5287-b363-0551cc4a6d51,5,daily_login,2026-08-02,2026-08-02T07:23:00+00:00
5267,88a268b0-6bca-5583-b041-ffdbc51be7e6,5,daily_login,2026-08-02,2026-08-02T07:24:00+00:00
5268,651ce25b-8132-52d9-8f74-889f22c3bb5c,5,daily_login,2026-08-02,2026-08-02T07:24:00+00:00
5269,58074159-53d7-5a52-8436-d84a05af35a9,5,daily_login,2026-08-02,2026-08-02T07:24:00+00:00
5270,61347d09-09eb-5f04-a4ec-fe830319799f,5,daily_login,2026-08-02,2026-08-02T07:24:00+00:00
5271,a2cc3818-be31-5aeb-828c-e23f579431aa,5,daily_login,2026-08-02,2026-08-02T07:25:00+00:00
5272,a2cc3818-be31-5aeb-828c-e23f579431aa,5,streak_week_bonus,2026-08-02,2026-08-02T07:25:00+00:00
5273,baa8ef70-5b01-5a49-84cb-71c353290705,5,daily_login,2026-08-02,2026-08-02T07:26:00+00:00
5274,e502b694-466f-5e1f-9293-146b264ae20c,5,daily_login,2026-08-02,2026-08-02T07:27:00+00:00
5275,d0c58825-6ead-50f6-9a07-f2f95dbb51ea,5,daily_login,2026-08-02,2026-08-02T07:27:00+00:00
5276,2e2e8079-6c9e-51c9-bc7e-1475045fd514,5,daily_login,2026-08-02,2026-08-02T07:27:00+00:00
5277,5532dec3-02ae-5ac3-8b57-2e8214a8598b,5,daily_login,2026-08-02,2026-08-02T07:29:00+00:00
5278,774fd1d7-ca6b-5177-9d91-fc7b24739425,5,daily_login,2026-08-02,2026-08-02T07:30:00+00:00
5279,96373821-4bf4-53b8-bd24-bb64bbb3b84e,5,daily_login,2026-08-02,2026-08-02T07:30:00+00:00
5280,54561bf4-fe37-5b37-934d-9c7f81542f8b,5,daily_login,2026-08-02,2026-08-02T07:30:00+00:00
5281,45cee65b-db52-5dff-b09d-0ee1ac2be20f,5,daily_login,2026-08-02,2026-08-02T07:31:00+00:00
5282,82a5c89c-0b3a-58b9-9259-837a5348a5c2,5,daily_login,2026-08-02,2026-08-02T07:31:00+00:00
5283,729fe171-fa0d-547e-b374-39bd19f4c645,5,daily_login,2026-08-02,2026-08-02T07:32:00+00:00
5284,88820056-e901-59a1-b2ca-c4e813b34f7b,5,daily_login,2026-08-02,2026-08-02T07:33:00+00:00
5285,bc38029f-d1c5-5b8f-8055-d446a522cb91,5,daily_login,2026-08-02,2026-08-02T07:34:00+00:00
5286,01c00e49-c4d6-5d4b-bbc1-8aa3fe21ba2a,5,daily_login,2026-08-02,2026-08-02T07:34:00+00:00
5287,9a026691-28ff-5880-9da3-006735af19d3,5,daily_login,2026-08-02,2026-08-02T07:35:00+00:00
5288,fbdfefdb-ca2d-5a0e-87ed-62021c1c11d4,5,daily_login,2026-08-02,2026-08-02T07:35:00+00:00
5289,5421f79d-ed60-5eed-852b-01b379adab9e,5,daily_login,2026-08-02,2026-08-02T07:36:00+00:00
5290,bdc5faf6-386d-5338-99a0-32d156bcbd68,5,daily_login,2026-08-02,2026-08-02T07:38:00+00:00
5291,302b84f9-9053-5cf7-bed0-305678227875,5,daily_login,2026-08-02,2026-08-02T07:39:00+00:00
5292,25797954-b022-582e-8349-e1e2c141368c,5,daily_login,2026-08-02,2026-08-02T07:39:00+00:00
5293,eeeb9e89-042f-5fdc-8fcf-2c3ad56f9bf1,5,daily_login,2026-08-02,2026-08-02T07:39:00+00:00
5294,508d03e7-de84-523a-8242-f48abc9451d7,5,daily_login,2026-08-02,2026-08-02T07:39:00+00:00
5295,c6286e16-5e03-594c-aa67-861b8ba91b33,5,daily_login,2026-08-02,2026-08-02T07:39:00+00:00
5296,bb4b0d34-59a4-5948-a9be-a1aa6caece55,5,daily_login,2026-08-02,2026-08-02T07:40:00+00:00
5297,d767d4bb-a2aa-587a-90f9-23d0689ae52a,5,daily_login,2026-08-02,2026-08-02T07:40:00+00:00
5298,51420309-4688-52d6-84b9-51c0dc3a900e,5,daily_login,2026-08-02,2026-08-02T07:40:00+00:00
5299,fb400c3e-ecd0-522e-8b8e-1323946be71a,5,daily_login,2026-08-02,2026-08-02T07:40:00+00:00
5300,e5b7ccce-2cb7-5b6e-95a5-32ffacbca87f,5,daily_login,2026-08-02,2026-08-02T07:42:00+00:00
5301,33d87513-60c2-51ff-9ec5-f0f1389ed27e,5,daily_login,2026-08-02,2026-08-02T07:42:00+00:00
5302,b5be680a-732e-55e0-bc5d-b80e831ff33a,5,daily_login,2026-08-02,2026-08-02T07:42:00+00:00
5303,b5be680a-732e-55e0-bc5d-b80e831ff33a,5,streak_week_bonus,2026-08-02,2026-08-02T07:42:00+00:00
5304,b5be680a-732e-55e0-bc5d-b80e831ff33a,200,streak_7,badge,2026-08-02T07:42:00+00:00
5305,3b932376-f549-5a1c-a24b-664b4bc338e3,5,daily_login,2026-08-02,2026-08-02T07:43:00+00:00
5306,36016ab9-3cc9-5f6a-8bc7-1d138ad9cb43,5,daily_login,2026-08-02,2026-08-02T07:44:00+00:00
5307,e137404e-9196-525c-b17a-44dc96d29f29,5,daily_login,2026-08-02,2026-08-02T07:44:00+00:00
5308,6d9d0917-bda8-5863-abe4-92d14b0cc926,5,daily_login,2026-08-02,2026-08-02T07:44:00+00:00
5309,6ab0c42d-0ad5-5b3d-9c6c-4ab9eaa47586,5,daily_login,2026-08-02,2026-08-02T07:45:00+00:00
5310,6ac5a7a4-ae0d-5e31-8a7c-d85b63a96c46,5,daily_login,2026-08-02,2026-08-02T07:45:00+00:00
5311,eeeb9e89-042f-5fdc-8fcf-2c3ad56f9bf1,15,task_complete,task:314,2026-08-02T17:30:00+00:00
5312,ae7ac442-d880-5cd8-bc30-8d21c5f7dc54,20,thread_create,thread:150,2026-08-03T00:30:00+00:00
5313,ae7ac442-d880-5cd8-bc30-8d21c5f7dc54,150,first_thread,badge,2026-08-03T00:30:00+00:00
5314,a36cd93c-2f0c-5956-9a51-8094e39a7bed,60,milestone_complete,milestone:139,2026-08-03T01:30:00+00:00
5315,a36cd93c-2f0c-5956-9a51-8094e39a7bed,150,first_milestone,badge,2026-08-03T01:30:00+00:00
5316,4845dc43-0c9d-5f09-aa4a-62e68abb5d12,150,first_milestone,badge,2026-08-03T01:30:00+00:00
5317,693ebb02-ab3f-5d60-b798-d4d4df4900d2,20,thread_create,thread:139,2026-08-03T02:30:00+00:00
5318,693ebb02-ab3f-5d60-b798-d4d4df4900d2,150,first_thread,badge,2026-08-03T02:30:00+00:00
5319,33ba5d16-c38c-5bcf-9896-ea8ae81d6e7b,250,helpful_5,badge,2026-08-03T05:40:00+00:00
5320,33ba5d16-c38c-5bcf-9896-ea8ae81d6e7b,25,helpful_comment,comment:289,2026-08-03T05:40:00+00:00
5321,783491ec-2857-52e8-a102-766d7abba6d2,60,milestone_complete,milestone:205,2026-08-03T06:30:00+00:00
5322,783491ec-2857-52e8-a102-766d7abba6d2,150,first_milestone,badge,2026-08-03T06:30:00+00:00
5323,0e992dba-f631-52d1-b7e3-76faec77c33f,150,first_milestone,badge,2026-08-03T06:30:00+00:00
5324,f2561442-8439-5138-9a3b-8bcf96f16609,5,daily_login,2026-08-03,2026-08-03T07:10:00+00:00
5325,610e9654-06d6-5e55-959b-377b8749b8f9,5,daily_login,2026-08-03,2026-08-03T07:10:00+00:00
5326,6cf4bb40-4d81-5eb3-b9d9-5841cd55724e,5,daily_login,2026-08-03,2026-08-03T07:11:00+00:00
5327,3d016498-e16a-5ad9-95c7-b633dfc6a142,5,daily_login,2026-08-03,2026-08-03T07:13:00+00:00
5328,001e944b-e64e-5742-afb7-5e04327e41ee,5,daily_login,2026-08-03,2026-08-03T07:14:00+00:00
5329,6ecf180b-be59-594c-a33b-31bd0120f01f,5,daily_login,2026-08-03,2026-08-03T07:15:00+00:00
5330,50d6350f-ffd4-59ad-a1ff-65a49a77a913,5,daily_login,2026-08-03,2026-08-03T07:16:00+00:00
5331,eb3717c1-cd92-5eeb-af40-9df7f3132426,5,daily_login,2026-08-03,2026-08-03T07:16:00+00:00
5332,693ebb02-ab3f-5d60-b798-d4d4df4900d2,5,daily_login,2026-08-03,2026-08-03T07:16:00+00:00
5333,a6b8342c-310b-5b88-9c07-602dbd646488,5,daily_login,2026-08-03,2026-08-03T07:17:00+00:00
5334,9355c2cf-38db-5118-9b77-3d5b5b3870df,5,daily_login,2026-08-03,2026-08-03T07:17:00+00:00
5335,96dbbdad-601e-5bc2-9d1a-78f9f6349a39,5,daily_login,2026-08-03,2026-08-03T07:18:00+00:00
5336,64609795-d498-5ea7-ad33-a3bcecf9d962,5,daily_login,2026-08-03,2026-08-03T07:18:00+00:00
5337,7b359533-e634-59eb-a2c3-b5501ff96488,5,daily_login,2026-08-03,2026-08-03T07:19:00+00:00
5338,43a3bb15-e7a6-5c42-a198-3e0d7f080ba1,5,daily_login,2026-08-03,2026-08-03T07:20:00+00:00
5339,63fdd1e3-9db3-5b05-9799-510eea6abab7,5,daily_login,2026-08-03,2026-08-03T07:20:00+00:00
5340,9047d24d-0775-5f10-bf17-6e8fc62c5884,5,daily_login,2026-08-03,2026-08-03T07:20:00+00:00
5341,4845dc43-0c9d-5f09-aa4a-62e68abb5d12,5,daily_login,2026-08-03,2026-08-03T07:21:00+00:00
5342,1b1e4344-fde4-5cc2-b82c-4fb458696522,5,daily_login,2026-08-03,2026-08-03T07:21:00+00:00
5343,d16e3cdc-2868-563d-867d-62fa9b8b24ea,5,daily_login,2026-08-03,2026-08-03T07:22:00+00:00
5344,3a376c3a-3e46-5c8c-815c-232b66ca9bc8,5,daily_login,2026-08-03,2026-08-03T07:23:00+00:00
5345,4c310820-12d3-5128-9a45-973db446b59e,5,daily_login,2026-08-03,2026-08-03T07:23:00+00:00
5346,02bf8d95-eee4-5287-b363-0551cc4a6d51,5,daily_login,2026-08-03,2026-08-03T07:23:00+00:00
5347,02bf8d95-eee4-5287-b363-0551cc4a6d51,5,streak_week_bonus,2026-08-03,2026-08-03T07:23:00+00:00
5348,ae96d203-7a11-52ed-9e02-cd93c3dda603,5,daily_login,2026-08-03,2026-08-03T07:24:00+00:00
5349,58074159-53d7-5a52-8436-d84a05af35a9,5,daily_login,2026-08-03,2026-08-03T07:24:00+00:00
5350,61347d09-09eb-5f04-a4ec-fe830319799f,5,daily_login,2026-08-03,2026-08-03T07:24:00+00:00
5351,a992f17b-79b6-5dcf-aed4-2aebaa5775c7,5,daily_login,2026-08-03,2026-08-03T07:25:00+00:00
5352,a2cc3818-be31-5aeb-828c-e23f579431aa,5,daily_login,2026-08-03,2026-08-03T07:25:00+00:00
5353,53f78f7e-e2df-586b-b483-5748c92d0f9f,5,daily_login,2026-08-03,2026-08-03T07:25:00+00:00
5354,1bf86e3f-0e6e-5241-b319-71005237945f,5,daily_login,2026-08-03,2026-08-03T07:25:00+00:00
5355,2e2e8079-6c9e-51c9-bc7e-1475045fd514,5,daily_login,2026-08-03,2026-08-03T07:27:00+00:00
5356,673e8617-3280-5bfa-85a6-738a6d64aac6,5,daily_login,2026-08-03,2026-08-03T07:28:00+00:00
5357,5532dec3-02ae-5ac3-8b57-2e8214a8598b,5,daily_login,2026-08-03,2026-08-03T07:29:00+00:00
5358,45cee65b-db52-5dff-b09d-0ee1ac2be20f,5,daily_login,2026-08-03,2026-08-03T07:31:00+00:00
5359,10feece1-a2cd-532b-8488-21659a3bee22,5,daily_login,2026-08-03,2026-08-03T07:31:00+00:00
5360,82a5c89c-0b3a-58b9-9259-837a5348a5c2,5,daily_login,2026-08-03,2026-08-03T07:31:00+00:00
5361,ee289908-380a-5bb3-8fdc-0990b203929b,5,daily_login,2026-08-03,2026-08-03T07:32:00+00:00
5362,95927b04-f214-5c26-878d-fb55176e41bc,5,daily_login,2026-08-03,2026-08-03T07:32:00+00:00
5363,9cba29b2-e169-54f3-9d61-1d5013f80312,5,daily_login,2026-08-03,2026-08-03T07:32:00+00:00
5364,1062abbb-4fcd-51a9-95fc-5474e4af7640,5,daily_login,2026-08-03,2026-08-03T07:32:00+00:00
5365,44f09dba-7a20-5f46-840b-4670e6c7eb92,5,daily_login,2026-08-03,2026-08-03T07:33:00+00:00
5366,bc38029f-d1c5-5b8f-8055-d446a522cb91,5,daily_login,2026-08-03,2026-08-03T07:34:00+00:00
5367,e747fee0-a84b-5f51-98a3-7481903c9023,5,daily_login,2026-08-03,2026-08-03T07:34:00+00:00
5368,6720265f-9f2b-5485-bf24-54e1784991b6,5,daily_login,2026-08-03,2026-08-03T07:34:00+00:00
5369,01c00e49-c4d6-5d4b-bbc1-8aa3fe21ba2a,5,daily_login,2026-08-03,2026-08-03T07:34:00+00:00
5370,9a026691-28ff-5880-9da3-006735af19d3,5,daily_login,2026-08-03,2026-08-03T07:35:00+00:00
5371,8fa5b823-1a70-59f7-9bb2-b3d5f36dc82b,5,daily_login,2026-08-03,2026-08-03T07:36:00+00:00
5372,5ce94e6e-a987-5fd1-90b2-94a1174f9376,5,daily_login,2026-08-03,2026-08-03T07:37:00+00:00
5373,0bd9c807-50b6-567b-befe-96c80ed2fc9d,5,daily_login,2026-08-03,2026-08-03T07:38:00+00:00
5374,302b84f9-9053-5cf7-bed0-305678227875,5,daily_login,2026-08-03,2026-08-03T07:39:00+00:00
5375,508d03e7-de84-523a-8242-f48abc9451d7,5,daily_login,2026-08-03,2026-08-03T07:39:00+00:00
5376,c6286e16-5e03-594c-aa67-861b8ba91b33,5,daily_login,2026-08-03,2026-08-03T07:39:00+00:00
5377,d767d4bb-a2aa-587a-90f9-23d0689ae52a,5,daily_login,2026-08-03,2026-08-03T07:40:00+00:00
5378,e5b7ccce-2cb7-5b6e-95a5-32ffacbca87f,5,daily_login,2026-08-03,2026-08-03T07:42:00+00:00
5379,77c684c4-9514-5edc-85ff-1052c8544c14,5,daily_login,2026-08-03,2026-08-03T07:42:00+00:00
5380,b5be680a-732e-55e0-bc5d-b80e831ff33a,5,daily_login,2026-08-03,2026-08-03T07:42:00+00:00
5381,dfe9e449-d177-56af-a679-d3e1c78c5c02,5,daily_login,2026-08-03,2026-08-03T07:43:00+00:00
5382,3b932376-f549-5a1c-a24b-664b4bc338e3,5,daily_login,2026-08-03,2026-08-03T07:43:00+00:00
5383,36016ab9-3cc9-5f6a-8bc7-1d138ad9cb43,5,daily_login,2026-08-03,2026-08-03T07:44:00+00:00
5384,405fd522-6b0d-52fc-b397-dc3ce2e4a2ea,5,daily_login,2026-08-03,2026-08-03T07:44:00+00:00
5385,e137404e-9196-525c-b17a-44dc96d29f29,5,daily_login,2026-08-03,2026-08-03T07:44:00+00:00
5386,6ab0c42d-0ad5-5b3d-9c6c-4ab9eaa47586,5,daily_login,2026-08-03,2026-08-03T07:45:00+00:00
5387,d2a70bca-a25c-522f-9b7e-c967b69503cc,5,daily_login,2026-08-03,2026-08-03T07:45:00+00:00
5388,6ac5a7a4-ae0d-5e31-8a7c-d85b63a96c46,5,daily_login,2026-08-03,2026-08-03T07:45:00+00:00
5389,5ccdaadc-80b2-50e1-a0c1-bad0246a7cf2,5,daily_login,2026-08-03,2026-08-03T07:46:00+00:00
5390,b39a9d3d-f3eb-5d31-9cc7-15e278969b70,15,task_complete,task:315,2026-08-03T18:30:00+00:00
5391,b39a9d3d-f3eb-5d31-9cc7-15e278969b70,100,first_task,badge,2026-08-03T18:30:00+00:00
5392,693ebb02-ab3f-5d60-b798-d4d4df4900d2,15,task_complete,task:197,2026-08-04T02:30:00+00:00
5393,ef763ec1-f93c-5744-9640-4ca59adf9347,15,task_complete,task:347,2026-08-04T02:30:00+00:00
5394,ef763ec1-f93c-5744-9640-4ca59adf9347,100,first_task,badge,2026-08-04T02:30:00+00:00
5395,f2561442-8439-5138-9a3b-8bcf96f16609,5,daily_login,2026-08-04,2026-08-04T07:10:00+00:00
5396,f0f4eb8c-a1ed-50a1-bc7d-2863700a31a5,5,daily_login,2026-08-04,2026-08-04T07:11:00+00:00
5397,3d016498-e16a-5ad9-95c7-b633dfc6a142,5,daily_login,2026-08-04,2026-08-04T07:13:00+00:00
5398,7ef6d8e7-132e-5da5-a653-16dd2e5719c4,5,daily_login,2026-08-04,2026-08-04T07:13:00+00:00
5399,f21481e8-5bf3-5aa6-a7e0-fe6e26920e28,5,daily_login,2026-08-04,2026-08-04T07:13:00+00:00
5400,f4793612-bd5c-52c4-b29e-226fe28a77ca,5,daily_login,2026-08-04,2026-08-04T07:13:00+00:00
5401,34046d1a-c67e-5a81-b9d5-47dd4840c4fe,5,daily_login,2026-08-04,2026-08-04T07:14:00+00:00
5402,ea7edc0e-b64d-545f-b311-b4ee943f2935,5,daily_login,2026-08-04,2026-08-04T07:14:00+00:00
5403,20b63262-d3e6-555a-95b2-84fc87694a19,5,daily_login,2026-08-04,2026-08-04T07:15:00+00:00
5404,90cced0e-f2c7-528c-bd28-38c44ead6c98,5,daily_login,2026-08-04,2026-08-04T07:15:00+00:00
5405,50d6350f-ffd4-59ad-a1ff-65a49a77a913,5,daily_login,2026-08-04,2026-08-04T07:16:00+00:00
5406,693ebb02-ab3f-5d60-b798-d4d4df4900d2,5,daily_login,2026-08-04,2026-08-04T07:16:00+00:00
5407,3425797b-5c54-5f3a-9a34-9cedb0dc5b84,5,daily_login,2026-08-04,2026-08-04T07:18:00+00:00
5408,52ab3a8f-ec5c-5e66-bcd5-efc304512118,5,daily_login,2026-08-04,2026-08-04T07:18:00+00:00
5409,96dbbdad-601e-5bc2-9d1a-78f9f6349a39,5,daily_login,2026-08-04,2026-08-04T07:18:00+00:00
5410,64609795-d498-5ea7-ad33-a3bcecf9d962,5,daily_login,2026-08-04,2026-08-04T07:18:00+00:00
5411,7bdf8ad6-1318-5f74-9112-e2b655e215a2,5,daily_login,2026-08-04,2026-08-04T07:21:00+00:00
5412,4ec67eb8-4fda-5cbc-bbd1-a6afc7ce8130,5,daily_login,2026-08-04,2026-08-04T07:21:00+00:00
5413,85df6dcd-e42a-581f-802b-eb93568b74eb,5,daily_login,2026-08-04,2026-08-04T07:21:00+00:00
5414,484e243b-afd7-5767-bb0f-4262c0334aea,5,daily_login,2026-08-04,2026-08-04T07:22:00+00:00
5415,44a33563-638c-52da-ae01-285f43dfcb99,5,daily_login,2026-08-04,2026-08-04T07:22:00+00:00
5416,4c310820-12d3-5128-9a45-973db446b59e,5,daily_login,2026-08-04,2026-08-04T07:23:00+00:00
5417,02bf8d95-eee4-5287-b363-0551cc4a6d51,5,daily_login,2026-08-04,2026-08-04T07:23:00+00:00
5418,58074159-53d7-5a52-8436-d84a05af35a9,5,daily_login,2026-08-04,2026-08-04T07:24:00+00:00
5419,a992f17b-79b6-5dcf-aed4-2aebaa5775c7,5,daily_login,2026-08-04,2026-08-04T07:25:00+00:00
5420,a2cc3818-be31-5aeb-828c-e23f579431aa,5,daily_login,2026-08-04,2026-08-04T07:25:00+00:00
5421,ef763ec1-f93c-5744-9640-4ca59adf9347,5,daily_login,2026-08-04,2026-08-04T07:25:00+00:00
5422,1bf86e3f-0e6e-5241-b319-71005237945f,5,daily_login,2026-08-04,2026-08-04T07:25:00+00:00
5423,baa8ef70-5b01-5a49-84cb-71c353290705,5,daily_login,2026-08-04,2026-08-04T07:26:00+00:00
5424,7298015b-9105-595a-b879-3013c08053f7,5,daily_login,2026-08-04,2026-08-04T07:26:00+00:00
5425,e502b694-466f-5e1f-9293-146b264ae20c,5,daily_login,2026-08-04,2026-08-04T07:27:00+00:00
5426,2e2e8079-6c9e-51c9-bc7e-1475045fd514,5,daily_login,2026-08-04,2026-08-04T07:27:00+00:00
5427,e7dd6cb0-626e-510a-9e98-0498c534b04d,5,daily_login,2026-08-04,2026-08-04T07:28:00+00:00
5428,5532dec3-02ae-5ac3-8b57-2e8214a8598b,5,daily_login,2026-08-04,2026-08-04T07:29:00+00:00
5429,774fd1d7-ca6b-5177-9d91-fc7b24739425,5,daily_login,2026-08-04,2026-08-04T07:30:00+00:00
5430,da462241-608b-5422-bdbd-0d98184a433d,5,daily_login,2026-08-04,2026-08-04T07:30:00+00:00
5431,45cee65b-db52-5dff-b09d-0ee1ac2be20f,5,daily_login,2026-08-04,2026-08-04T07:31:00+00:00
5432,f8f213c7-3d61-567e-9735-5e3e9498b892,5,daily_login,2026-08-04,2026-08-04T07:31:00+00:00
5433,ee289908-380a-5bb3-8fdc-0990b203929b,5,daily_login,2026-08-04,2026-08-04T07:32:00+00:00
5434,95927b04-f214-5c26-878d-fb55176e41bc,5,daily_login,2026-08-04,2026-08-04T07:32:00+00:00
5435,9cba29b2-e169-54f3-9d61-1d5013f80312,5,daily_login,2026-08-04,2026-08-04T07:32:00+00:00
5436,1062abbb-4fcd-51a9-95fc-5474e4af7640,5,daily_login,2026-08-04,2026-08-04T07:32:00+00:00
5437,84047d01-74e6-5a08-a20e-b5c25e3eff3e,5,daily_login,2026-08-04,2026-08-04T07:33:00+00:00
5438,88820056-e901-59a1-b2ca-c4e813b34f7b,5,daily_login,2026-08-04,2026-08-04T07:33:00+00:00
5439,e747fee0-a84b-5f51-98a3-7481903c9023,5,daily_login,2026-08-04,2026-08-04T07:34:00+00:00
5440,6720265f-9f2b-5485-bf24-54e1784991b6,5,daily_login,2026-08-04,2026-08-04T07:34:00+00:00
5441,01c00e49-c4d6-5d4b-bbc1-8aa3fe21ba2a,5,daily_login,2026-08-04,2026-08-04T07:34:00+00:00
5442,5d857806-7d61-533b-bc12-af2d7b775d29,5,daily_login,2026-08-04,2026-08-04T07:35:00+00:00
5443,d48cab4b-e48b-59ae-88d6-41d5d463569d,5,daily_login,2026-08-04,2026-08-04T07:35:00+00:00
5444,7e6a1243-34f5-52e6-862f-e5f3b2ebe640,5,daily_login,2026-08-04,2026-08-04T07:36:00+00:00
5445,6988340a-a3c1-5fda-a996-711f1723c649,5,daily_login,2026-08-04,2026-08-04T07:37:00+00:00
5446,783491ec-2857-52e8-a102-766d7abba6d2,5,daily_login,2026-08-04,2026-08-04T07:38:00+00:00
5447,302b84f9-9053-5cf7-bed0-305678227875,5,daily_login,2026-08-04,2026-08-04T07:39:00+00:00
5448,c6286e16-5e03-594c-aa67-861b8ba91b33,5,daily_login,2026-08-04,2026-08-04T07:39:00+00:00
5449,d767d4bb-a2aa-587a-90f9-23d0689ae52a,5,daily_login,2026-08-04,2026-08-04T07:40:00+00:00
5450,51420309-4688-52d6-84b9-51c0dc3a900e,5,daily_login,2026-08-04,2026-08-04T07:40:00+00:00
5451,fb400c3e-ecd0-522e-8b8e-1323946be71a,5,daily_login,2026-08-04,2026-08-04T07:40:00+00:00
5452,96ccee9a-30f2-56cd-b597-a927c84e0f75,5,daily_login,2026-08-04,2026-08-04T07:41:00+00:00
5453,0b532307-3033-5baf-b61c-915d1213c01f,5,daily_login,2026-08-04,2026-08-04T07:41:00+00:00
5454,f223e569-d735-5980-b77b-25d459e64a37,5,daily_login,2026-08-04,2026-08-04T07:42:00+00:00
5455,77c684c4-9514-5edc-85ff-1052c8544c14,5,daily_login,2026-08-04,2026-08-04T07:42:00+00:00
5456,3b932376-f549-5a1c-a24b-664b4bc338e3,5,daily_login,2026-08-04,2026-08-04T07:43:00+00:00
5457,40120057-c43a-5745-9d3a-d9b0c6b1e84e,5,daily_login,2026-08-04,2026-08-04T07:43:00+00:00
5458,36016ab9-3cc9-5f6a-8bc7-1d138ad9cb43,5,daily_login,2026-08-04,2026-08-04T07:44:00+00:00
5459,a5526e82-ef69-522b-b3ad-df818658bde0,5,daily_login,2026-08-04,2026-08-04T07:44:00+00:00
5460,405fd522-6b0d-52fc-b397-dc3ce2e4a2ea,5,daily_login,2026-08-04,2026-08-04T07:44:00+00:00
5461,e137404e-9196-525c-b17a-44dc96d29f29,5,daily_login,2026-08-04,2026-08-04T07:44:00+00:00
5462,e137404e-9196-525c-b17a-44dc96d29f29,5,streak_week_bonus,2026-08-04,2026-08-04T07:44:00+00:00
5463,ae7ac442-d880-5cd8-bc30-8d21c5f7dc54,5,daily_login,2026-08-04,2026-08-04T07:45:00+00:00
5464,5ccdaadc-80b2-50e1-a0c1-bad0246a7cf2,5,daily_login,2026-08-04,2026-08-04T07:46:00+00:00
5465,cac67f41-f5af-5268-9e2d-34feac0dc9fa,5,daily_login,2026-08-04,2026-08-04T07:46:00+00:00
5466,ae96d203-7a11-52ed-9e02-cd93c3dda603,300,project_completed,badge,2026-08-04T17:30:00+00:00
5467,ae96d203-7a11-52ed-9e02-cd93c3dda603,200,level_5,badge,2026-08-04T17:30:00+00:00
5468,a53c485b-a35c-51fb-84a5-364207ce0adb,300,project_completed,badge,2026-08-04T17:30:00+00:00
5469,ae96d203-7a11-52ed-9e02-cd93c3dda603,60,milestone_complete,milestone:232,2026-08-04T17:30:00+00:00
5470,878bb7d9-5569-5efb-bbd1-5e39d62d594d,15,task_complete,task:316,2026-08-04T19:30:00+00:00
5471,a60d0128-bffa-5d2d-9915-36693e6bc3ba,300,project_completed,badge,2026-08-04T19:30:00+00:00
5472,a60d0128-bffa-5d2d-9915-36693e6bc3ba,200,level_5,badge,2026-08-04T19:30:00+00:00
5473,605985c4-d18d-54b0-829f-2a199ea5c81d,300,project_completed,badge,2026-08-04T19:30:00+00:00
5474,605985c4-d18d-54b0-829f-2a199ea5c81d,200,level_5,badge,2026-08-04T19:30:00+00:00
5475,85df6dcd-e42a-581f-802b-eb93568b74eb,300,project_completed,badge,2026-08-04T19:30:00+00:00
5476,85df6dcd-e42a-581f-802b-eb93568b74eb,200,level_5,badge,2026-08-04T19:30:00+00:00
5477,e7dd6cb0-626e-510a-9e98-0498c534b04d,300,project_completed,badge,2026-08-04T19:30:00+00:00
5478,e7dd6cb0-626e-510a-9e98-0498c534b04d,200,level_5,badge,2026-08-04T19:30:00+00:00
5479,8819cb55-67e6-5a55-98c8-d80446975a9e,300,project_completed,badge,2026-08-04T19:30:00+00:00
5480,8819cb55-67e6-5a55-98c8-d80446975a9e,200,level_5,badge,2026-08-04T19:30:00+00:00
5481,a60d0128-bffa-5d2d-9915-36693e6bc3ba,60,milestone_complete,milestone:242,2026-08-04T19:30:00+00:00
5482,5421f79d-ed60-5eed-852b-01b379adab9e,75,project_create,project:178,2026-08-04T19:30:00+00:00
5483,4307ee18-2e16-50be-abbc-db160bb8e8fd,40,project_join,project_join:178,2026-08-04T23:30:00+00:00
5484,3d016498-e16a-5ad9-95c7-b633dfc6a142,20,thread_create,thread:156,2026-08-05T01:30:00+00:00
5485,3d016498-e16a-5ad9-95c7-b633dfc6a142,150,first_thread,badge,2026-08-05T01:30:00+00:00
5486,3d016498-e16a-5ad9-95c7-b633dfc6a142,200,level_5,badge,2026-08-05T01:30:00+00:00
5487,4845dc43-0c9d-5f09-aa4a-62e68abb5d12,15,task_complete,task:198,2026-08-05T03:30:00+00:00
5488,4845dc43-0c9d-5f09-aa4a-62e68abb5d12,100,first_task,badge,2026-08-05T03:30:00+00:00
5489,af808cd8-ab34-515f-a8a0-a1b0719a537b,5,daily_login,2026-08-05,2026-08-05T07:10:00+00:00
5490,4c2177ab-592a-5e4a-b25b-8bb3f8090555,5,daily_login,2026-08-05,2026-08-05T07:11:00+00:00
5491,37b7aed3-d207-54f7-b4ec-0e05c50eaeb2,5,daily_login,2026-08-05,2026-08-05T07:11:00+00:00
5492,cd8c4c60-ab9b-5cf3-996e-d4fbb990f4c6,5,daily_login,2026-08-05,2026-08-05T07:12:00+00:00
5493,3d016498-e16a-5ad9-95c7-b633dfc6a142,5,daily_login,2026-08-05,2026-08-05T07:13:00+00:00
5494,20b63262-d3e6-555a-95b2-84fc87694a19,5,daily_login,2026-08-05,2026-08-05T07:15:00+00:00
5495,90cced0e-f2c7-528c-bd28-38c44ead6c98,5,daily_login,2026-08-05,2026-08-05T07:15:00+00:00
5496,50d6350f-ffd4-59ad-a1ff-65a49a77a913,5,daily_login,2026-08-05,2026-08-05T07:16:00+00:00
5497,693ebb02-ab3f-5d60-b798-d4d4df4900d2,5,daily_login,2026-08-05,2026-08-05T07:16:00+00:00
5498,a6b8342c-310b-5b88-9c07-602dbd646488,5,daily_login,2026-08-05,2026-08-05T07:17:00+00:00
5499,096499d2-73d6-5063-9dd4-a7c1aebac61d,5,daily_login,2026-08-05,2026-08-05T07:17:00+00:00
5500,64609795-d498-5ea7-ad33-a3bcecf9d962,5,daily_login,2026-08-05,2026-08-05T07:18:00+00:00
5501,5a4b137d-2ebb-5c75-8cdd-bf77406b4b9f,5,daily_login,2026-08-05,2026-08-05T07:19:00+00:00
5502,7b359533-e634-59eb-a2c3-b5501ff96488,5,daily_login,2026-08-05,2026-08-05T07:19:00+00:00
5503,9c9c228f-3bd5-5da4-b666-fbfab93b4b7e,5,daily_login,2026-08-05,2026-08-05T07:21:00+00:00
5504,4845dc43-0c9d-5f09-aa4a-62e68abb5d12,5,daily_login,2026-08-05,2026-08-05T07:21:00+00:00
5505,1b1e4344-fde4-5cc2-b82c-4fb458696522,5,daily_login,2026-08-05,2026-08-05T07:21:00+00:00
5506,85df6dcd-e42a-581f-802b-eb93568b74eb,5,daily_login,2026-08-05,2026-08-05T07:21:00+00:00
5507,8819cb55-67e6-5a55-98c8-d80446975a9e,5,daily_login,2026-08-05,2026-08-05T07:22:00+00:00
5508,484e243b-afd7-5767-bb0f-4262c0334aea,5,daily_login,2026-08-05,2026-08-05T07:22:00+00:00
5509,d16e3cdc-2868-563d-867d-62fa9b8b24ea,5,daily_login,2026-08-05,2026-08-05T07:22:00+00:00
5510,4c310820-12d3-5128-9a45-973db446b59e,5,daily_login,2026-08-05,2026-08-05T07:23:00+00:00
5511,d5dc7189-89df-5fd7-983f-1124b6de3d68,5,daily_login,2026-08-05,2026-08-05T07:23:00+00:00
5512,02bf8d95-eee4-5287-b363-0551cc4a6d51,5,daily_login,2026-08-05,2026-08-05T07:23:00+00:00
5513,35e87bcc-650c-5e3f-9741-3f0c54905b6f,5,daily_login,2026-08-05,2026-08-05T07:23:00+00:00
5514,ae96d203-7a11-52ed-9e02-cd93c3dda603,5,daily_login,2026-08-05,2026-08-05T07:24:00+00:00
5515,ffe47fd1-7989-5728-addd-50b504edd889,5,daily_login,2026-08-05,2026-08-05T07:24:00+00:00
5516,58074159-53d7-5a52-8436-d84a05af35a9,5,daily_login,2026-08-05,2026-08-05T07:24:00+00:00
5517,61347d09-09eb-5f04-a4ec-fe830319799f,5,daily_login,2026-08-05,2026-08-05T07:24:00+00:00
5518,a2cc3818-be31-5aeb-828c-e23f579431aa,5,daily_login,2026-08-05,2026-08-05T07:25:00+00:00
5519,baa8ef70-5b01-5a49-84cb-71c353290705,5,daily_login,2026-08-05,2026-08-05T07:26:00+00:00
5520,20b4182c-90f7-51da-99e8-97ade4d19a92,5,daily_login,2026-08-05,2026-08-05T07:26:00+00:00
5521,e502b694-466f-5e1f-9293-146b264ae20c,5,daily_login,2026-08-05,2026-08-05T07:27:00+00:00
5522,d0c58825-6ead-50f6-9a07-f2f95dbb51ea,5,daily_login,2026-08-05,2026-08-05T07:27:00+00:00
5523,673e8617-3280-5bfa-85a6-738a6d64aac6,5,daily_login,2026-08-05,2026-08-05T07:28:00+00:00
5524,0e49007f-82be-5238-a956-37d8f7b40d4c,5,daily_login,2026-08-05,2026-08-05T07:29:00+00:00
5525,54561bf4-fe37-5b37-934d-9c7f81542f8b,5,daily_login,2026-08-05,2026-08-05T07:30:00+00:00
5526,da462241-608b-5422-bdbd-0d98184a433d,5,daily_login,2026-08-05,2026-08-05T07:30:00+00:00
5527,082b47e7-5a06-5a34-bd49-595c82b2b196,5,daily_login,2026-08-05,2026-08-05T07:31:00+00:00
5528,10feece1-a2cd-532b-8488-21659a3bee22,5,daily_login,2026-08-05,2026-08-05T07:31:00+00:00
5529,82a5c89c-0b3a-58b9-9259-837a5348a5c2,5,daily_login,2026-08-05,2026-08-05T07:31:00+00:00
5530,9cba29b2-e169-54f3-9d61-1d5013f80312,5,daily_login,2026-08-05,2026-08-05T07:32:00+00:00
5531,8300625d-d3f5-5264-8503-98a2bfbf60d8,5,daily_login,2026-08-05,2026-08-05T07:33:00+00:00
5532,bc38029f-d1c5-5b8f-8055-d446a522cb91,5,daily_login,2026-08-05,2026-08-05T07:34:00+00:00
5533,6720265f-9f2b-5485-bf24-54e1784991b6,5,daily_login,2026-08-05,2026-08-05T07:34:00+00:00
5534,9a026691-28ff-5880-9da3-006735af19d3,5,daily_login,2026-08-05,2026-08-05T07:35:00+00:00
5535,fbdfefdb-ca2d-5a0e-87ed-62021c1c11d4,5,daily_login,2026-08-05,2026-08-05T07:35:00+00:00
5536,5421f79d-ed60-5eed-852b-01b379adab9e,5,daily_login,2026-08-05,2026-08-05T07:36:00+00:00
5537,4cf03b5a-e2ca-57f2-95b8-16a3b92247e6,5,daily_login,2026-08-05,2026-08-05T07:37:00+00:00
5538,6988340a-a3c1-5fda-a996-711f1723c649,5,daily_login,2026-08-05,2026-08-05T07:37:00+00:00
5539,508d03e7-de84-523a-8242-f48abc9451d7,5,daily_login,2026-08-05,2026-08-05T07:39:00+00:00
5540,c6286e16-5e03-594c-aa67-861b8ba91b33,5,daily_login,2026-08-05,2026-08-05T07:39:00+00:00
5541,bb4b0d34-59a4-5948-a9be-a1aa6caece55,5,daily_login,2026-08-05,2026-08-05T07:40:00+00:00
5542,d767d4bb-a2aa-587a-90f9-23d0689ae52a,5,daily_login,2026-08-05,2026-08-05T07:40:00+00:00
5543,51420309-4688-52d6-84b9-51c0dc3a900e,5,daily_login,2026-08-05,2026-08-05T07:40:00+00:00
5544,dfe9e449-d177-56af-a679-d3e1c78c5c02,5,daily_login,2026-08-05,2026-08-05T07:43:00+00:00
5545,3b932376-f549-5a1c-a24b-664b4bc338e3,5,daily_login,2026-08-05,2026-08-05T07:43:00+00:00
5546,a5526e82-ef69-522b-b3ad-df818658bde0,5,daily_login,2026-08-05,2026-08-05T07:44:00+00:00
5547,e137404e-9196-525c-b17a-44dc96d29f29,5,daily_login,2026-08-05,2026-08-05T07:44:00+00:00
5548,6ab0c42d-0ad5-5b3d-9c6c-4ab9eaa47586,5,daily_login,2026-08-05,2026-08-05T07:45:00+00:00
5549,d2a70bca-a25c-522f-9b7e-c967b69503cc,5,daily_login,2026-08-05,2026-08-05T07:45:00+00:00
5550,6ac5a7a4-ae0d-5e31-8a7c-d85b63a96c46,5,daily_login,2026-08-05,2026-08-05T07:45:00+00:00
5551,783491ec-2857-52e8-a102-766d7abba6d2,15,task_complete,task:364,2026-08-05T08:30:00+00:00
5552,783491ec-2857-52e8-a102-766d7abba6d2,100,first_task,badge,2026-08-05T08:30:00+00:00
5553,4307ee18-2e16-50be-abbc-db160bb8e8fd,20,thread_create,thread:133,2026-08-05T08:30:00+00:00
5554,4307ee18-2e16-50be-abbc-db160bb8e8fd,150,first_thread,badge,2026-08-05T08:30:00+00:00
5555,d3175e63-6121-5d55-b429-df91670d9aca,250,helpful_5,badge,2026-08-05T13:40:00+00:00
5556,d3175e63-6121-5d55-b429-df91670d9aca,25,helpful_comment,comment:249,2026-08-05T13:40:00+00:00
5557,eeeb9e89-042f-5fdc-8fcf-2c3ad56f9bf1,15,task_complete,task:317,2026-08-05T20:30:00+00:00
5558,82a5c89c-0b3a-58b9-9259-837a5348a5c2,250,helpful_5,badge,2026-08-05T20:40:00+00:00
5559,82a5c89c-0b3a-58b9-9259-837a5348a5c2,25,helpful_comment,comment:250,2026-08-05T20:40:00+00:00
5560,7624f38b-fbca-546f-af04-c9dda9318f82,60,milestone_complete,milestone:245,2026-08-05T22:30:00+00:00
5561,7624f38b-fbca-546f-af04-c9dda9318f82,150,first_milestone,badge,2026-08-05T22:30:00+00:00
5562,508d03e7-de84-523a-8242-f48abc9451d7,150,first_milestone,badge,2026-08-05T22:30:00+00:00
5563,f22a7317-9c2b-5d13-99b9-1a1622094bb3,250,helpful_5,badge,2026-08-06T02:20:00+00:00
5564,4307ee18-2e16-50be-abbc-db160bb8e8fd,20,thread_create,thread:153,2026-08-06T04:30:00+00:00
5565,4307ee18-2e16-50be-abbc-db160bb8e8fd,200,level_5,badge,2026-08-06T04:30:00+00:00
5566,95ff45a0-9b28-55cb-bba6-22a608a4e30d,5,daily_login,2026-08-06,2026-08-06T07:10:00+00:00
5567,f2561442-8439-5138-9a3b-8bcf96f16609,5,daily_login,2026-08-06,2026-08-06T07:10:00+00:00
5568,610e9654-06d6-5e55-959b-377b8749b8f9,5,daily_login,2026-08-06,2026-08-06T07:10:00+00:00
5569,4c2177ab-592a-5e4a-b25b-8bb3f8090555,5,daily_login,2026-08-06,2026-08-06T07:11:00+00:00
5570,37b7aed3-d207-54f7-b4ec-0e05c50eaeb2,5,daily_login,2026-08-06,2026-08-06T07:11:00+00:00
5571,8ae0340a-8eaf-5e9d-9db0-ac449334023d,5,daily_login,2026-08-06,2026-08-06T07:12:00+00:00
5572,ea7edc0e-b64d-545f-b311-b4ee943f2935,5,daily_login,2026-08-06,2026-08-06T07:14:00+00:00
5573,20b63262-d3e6-555a-95b2-84fc87694a19,5,daily_login,2026-08-06,2026-08-06T07:15:00+00:00
5574,90cced0e-f2c7-528c-bd28-38c44ead6c98,5,daily_login,2026-08-06,2026-08-06T07:15:00+00:00
5575,50d6350f-ffd4-59ad-a1ff-65a49a77a913,5,daily_login,2026-08-06,2026-08-06T07:16:00+00:00
5576,693ebb02-ab3f-5d60-b798-d4d4df4900d2,5,daily_login,2026-08-06,2026-08-06T07:16:00+00:00
5577,06657aeb-b604-5b0d-9281-d2e5afb78a9d,5,daily_login,2026-08-06,2026-08-06T07:16:00+00:00
5578,52ab3a8f-ec5c-5e66-bcd5-efc304512118,5,daily_login,2026-08-06,2026-08-06T07:18:00+00:00
5579,96dbbdad-601e-5bc2-9d1a-78f9f6349a39,5,daily_login,2026-08-06,2026-08-06T07:18:00+00:00
5580,64609795-d498-5ea7-ad33-a3bcecf9d962,5,daily_login,2026-08-06,2026-08-06T07:18:00+00:00
5581,9047d24d-0775-5f10-bf17-6e8fc62c5884,5,daily_login,2026-08-06,2026-08-06T07:20:00+00:00
5582,9c9c228f-3bd5-5da4-b666-fbfab93b4b7e,5,daily_login,2026-08-06,2026-08-06T07:21:00+00:00
5583,7bdf8ad6-1318-5f74-9112-e2b655e215a2,5,daily_login,2026-08-06,2026-08-06T07:21:00+00:00
5584,4ec67eb8-4fda-5cbc-bbd1-a6afc7ce8130,5,daily_login,2026-08-06,2026-08-06T07:21:00+00:00
5585,d16e3cdc-2868-563d-867d-62fa9b8b24ea,5,daily_login,2026-08-06,2026-08-06T07:22:00+00:00
5586,4c310820-12d3-5128-9a45-973db446b59e,5,daily_login,2026-08-06,2026-08-06T07:23:00+00:00
5587,02bf8d95-eee4-5287-b363-0551cc4a6d51,5,daily_login,2026-08-06,2026-08-06T07:23:00+00:00
5588,35e87bcc-650c-5e3f-9741-3f0c54905b6f,5,daily_login,2026-08-06,2026-08-06T07:23:00+00:00
5589,88a268b0-6bca-5583-b041-ffdbc51be7e6,5,daily_login,2026-08-06,2026-08-06T07:24:00+00:00
5590,651ce25b-8132-52d9-8f74-889f22c3bb5c,5,daily_login,2026-08-06,2026-08-06T07:24:00+00:00
5591,58074159-53d7-5a52-8436-d84a05af35a9,5,daily_login,2026-08-06,2026-08-06T07:24:00+00:00
5592,a2cc3818-be31-5aeb-828c-e23f579431aa,5,daily_login,2026-08-06,2026-08-06T07:25:00+00:00
5593,ef763ec1-f93c-5744-9640-4ca59adf9347,5,daily_login,2026-08-06,2026-08-06T07:25:00+00:00
5594,1bf86e3f-0e6e-5241-b319-71005237945f,5,daily_login,2026-08-06,2026-08-06T07:25:00+00:00
5595,a60d0128-bffa-5d2d-9915-36693e6bc3ba,5,daily_login,2026-08-06,2026-08-06T07:26:00+00:00
5596,e502b694-466f-5e1f-9293-146b264ae20c,5,daily_login,2026-08-06,2026-08-06T07:27:00+00:00
5597,d0c58825-6ead-50f6-9a07-f2f95dbb51ea,5,daily_login,2026-08-06,2026-08-06T07:27:00+00:00
5598,2e2e8079-6c9e-51c9-bc7e-1475045fd514,5,daily_login,2026-08-06,2026-08-06T07:27:00+00:00
5599,49a9d8f7-08ea-5972-af3a-0ca0a6c06e59,5,daily_login,2026-08-06,2026-08-06T07:27:00+00:00
5600,e7dd6cb0-626e-510a-9e98-0498c534b04d,5,daily_login,2026-08-06,2026-08-06T07:28:00+00:00
5601,0e49007f-82be-5238-a956-37d8f7b40d4c,5,daily_login,2026-08-06,2026-08-06T07:29:00+00:00
5602,54561bf4-fe37-5b37-934d-9c7f81542f8b,5,daily_login,2026-08-06,2026-08-06T07:30:00+00:00
5603,da462241-608b-5422-bdbd-0d98184a433d,5,daily_login,2026-08-06,2026-08-06T07:30:00+00:00
5604,f8f213c7-3d61-567e-9735-5e3e9498b892,5,daily_login,2026-08-06,2026-08-06T07:31:00+00:00
5605,10feece1-a2cd-532b-8488-21659a3bee22,5,daily_login,2026-08-06,2026-08-06T07:31:00+00:00
5606,82a5c89c-0b3a-58b9-9259-837a5348a5c2,5,daily_login,2026-08-06,2026-08-06T07:31:00+00:00
5607,729fe171-fa0d-547e-b374-39bd19f4c645,5,daily_login,2026-08-06,2026-08-06T07:32:00+00:00
5608,84047d01-74e6-5a08-a20e-b5c25e3eff3e,5,daily_login,2026-08-06,2026-08-06T07:33:00+00:00
5609,88820056-e901-59a1-b2ca-c4e813b34f7b,5,daily_login,2026-08-06,2026-08-06T07:33:00+00:00
5610,bc38029f-d1c5-5b8f-8055-d446a522cb91,5,daily_login,2026-08-06,2026-08-06T07:34:00+00:00
5611,d48cab4b-e48b-59ae-88d6-41d5d463569d,5,daily_login,2026-08-06,2026-08-06T07:35:00+00:00
5612,8ecc0792-3789-53b2-a26e-fc6daa886eb7,5,daily_login,2026-08-06,2026-08-06T07:36:00+00:00
5613,ab45f9eb-3fee-5ea5-bccb-faffc50f3e76,5,daily_login,2026-08-06,2026-08-06T07:37:00+00:00
5614,6988340a-a3c1-5fda-a996-711f1723c649,5,daily_login,2026-08-06,2026-08-06T07:37:00+00:00
5615,302b84f9-9053-5cf7-bed0-305678227875,5,daily_login,2026-08-06,2026-08-06T07:39:00+00:00
5616,eeeb9e89-042f-5fdc-8fcf-2c3ad56f9bf1,5,daily_login,2026-08-06,2026-08-06T07:39:00+00:00
5617,508d03e7-de84-523a-8242-f48abc9451d7,5,daily_login,2026-08-06,2026-08-06T07:39:00+00:00
5618,c6286e16-5e03-594c-aa67-861b8ba91b33,5,daily_login,2026-08-06,2026-08-06T07:39:00+00:00
5619,d767d4bb-a2aa-587a-90f9-23d0689ae52a,5,daily_login,2026-08-06,2026-08-06T07:40:00+00:00
5620,fb400c3e-ecd0-522e-8b8e-1323946be71a,5,daily_login,2026-08-06,2026-08-06T07:40:00+00:00
5621,0b532307-3033-5baf-b61c-915d1213c01f,5,daily_login,2026-08-06,2026-08-06T07:41:00+00:00
5622,77c684c4-9514-5edc-85ff-1052c8544c14,5,daily_login,2026-08-06,2026-08-06T07:42:00+00:00
5623,b5be680a-732e-55e0-bc5d-b80e831ff33a,5,daily_login,2026-08-06,2026-08-06T07:42:00+00:00
5624,36016ab9-3cc9-5f6a-8bc7-1d138ad9cb43,5,daily_login,2026-08-06,2026-08-06T07:44:00+00:00
5625,a5526e82-ef69-522b-b3ad-df818658bde0,5,daily_login,2026-08-06,2026-08-06T07:44:00+00:00
5626,e137404e-9196-525c-b17a-44dc96d29f29,5,daily_login,2026-08-06,2026-08-06T07:44:00+00:00
5627,3bc3e38a-5ff7-5330-ab2d-8add18e85d57,5,daily_login,2026-08-06,2026-08-06T07:45:00+00:00
5628,cac67f41-f5af-5268-9e2d-34feac0dc9fa,5,daily_login,2026-08-06,2026-08-06T07:46:00+00:00
5629,8300625d-d3f5-5264-8503-98a2bfbf60d8,250,helpful_5,badge,2026-08-06T10:40:00+00:00
5630,8300625d-d3f5-5264-8503-98a2bfbf60d8,25,helpful_comment,comment:252,2026-08-06T10:40:00+00:00
5631,f4793612-bd5c-52c4-b29e-226fe28a77ca,75,project_create,project:149,2026-08-06T15:30:00+00:00
5632,88a268b0-6bca-5583-b041-ffdbc51be7e6,40,project_join,project_join:149,2026-08-06T19:30:00+00:00
5633,b39a9d3d-f3eb-5d31-9cc7-15e278969b70,15,task_complete,task:318,2026-08-06T21:30:00+00:00
5634,508d03e7-de84-523a-8242-f48abc9451d7,15,task_complete,task:476,2026-08-06T23:30:00+00:00
5635,508d03e7-de84-523a-8242-f48abc9451d7,100,first_task,badge,2026-08-06T23:30:00+00:00
5636,508d03e7-de84-523a-8242-f48abc9451d7,200,level_5,badge,2026-08-06T23:30:00+00:00
5637,f2561442-8439-5138-9a3b-8bcf96f16609,5,daily_login,2026-08-07,2026-08-07T07:10:00+00:00
5638,37b7aed3-d207-54f7-b4ec-0e05c50eaeb2,5,daily_login,2026-08-07,2026-08-07T07:11:00+00:00
5639,0da68170-ff38-5dad-9224-770d261f1c8a,5,daily_login,2026-08-07,2026-08-07T07:11:00+00:00
5640,6cf4bb40-4d81-5eb3-b9d9-5841cd55724e,5,daily_login,2026-08-07,2026-08-07T07:11:00+00:00
5641,adfbbf3c-5175-5e0a-bf98-b8854f2081c2,5,daily_login,2026-08-07,2026-08-07T07:14:00+00:00
5642,ea7edc0e-b64d-545f-b311-b4ee943f2935,5,daily_login,2026-08-07,2026-08-07T07:14:00+00:00
5643,6e82bb3e-ede8-5803-ba1a-cc3aa8766199,5,daily_login,2026-08-07,2026-08-07T07:15:00+00:00
5644,20b63262-d3e6-555a-95b2-84fc87694a19,5,daily_login,2026-08-07,2026-08-07T07:15:00+00:00
5645,90cced0e-f2c7-528c-bd28-38c44ead6c98,5,daily_login,2026-08-07,2026-08-07T07:15:00+00:00
5646,50d6350f-ffd4-59ad-a1ff-65a49a77a913,5,daily_login,2026-08-07,2026-08-07T07:16:00+00:00
5647,693ebb02-ab3f-5d60-b798-d4d4df4900d2,5,daily_login,2026-08-07,2026-08-07T07:16:00+00:00
5648,06657aeb-b604-5b0d-9281-d2e5afb78a9d,5,daily_login,2026-08-07,2026-08-07T07:16:00+00:00
5649,9b2e34a9-6722-598e-a857-e346acd294bf,5,daily_login,2026-08-07,2026-08-07T07:17:00+00:00
5650,52ab3a8f-ec5c-5e66-bcd5-efc304512118,5,daily_login,2026-08-07,2026-08-07T07:18:00+00:00
5651,96dbbdad-601e-5bc2-9d1a-78f9f6349a39,5,daily_login,2026-08-07,2026-08-07T07:18:00+00:00
5652,5a4b137d-2ebb-5c75-8cdd-bf77406b4b9f,5,daily_login,2026-08-07,2026-08-07T07:19:00+00:00
5653,43a3bb15-e7a6-5c42-a198-3e0d7f080ba1,5,daily_login,2026-08-07,2026-08-07T07:20:00+00:00
5654,9047d24d-0775-5f10-bf17-6e8fc62c5884,5,daily_login,2026-08-07,2026-08-07T07:20:00+00:00
5655,9c9c228f-3bd5-5da4-b666-fbfab93b4b7e,5,daily_login,2026-08-07,2026-08-07T07:21:00+00:00
5656,7bdf8ad6-1318-5f74-9112-e2b655e215a2,5,daily_login,2026-08-07,2026-08-07T07:21:00+00:00
5657,8819cb55-67e6-5a55-98c8-d80446975a9e,5,daily_login,2026-08-07,2026-08-07T07:22:00+00:00
5658,484e243b-afd7-5767-bb0f-4262c0334aea,5,daily_login,2026-08-07,2026-08-07T07:22:00+00:00
5659,44a33563-638c-52da-ae01-285f43dfcb99,5,daily_login,2026-08-07,2026-08-07T07:22:00+00:00
5660,4c310820-12d3-5128-9a45-973db446b59e,5,daily_login,2026-08-07,2026-08-07T07:23:00+00:00
5661,4c310820-12d3-5128-9a45-973db446b59e,5,streak_week_bonus,2026-08-07,2026-08-07T07:23:00+00:00
5662,651ce25b-8132-52d9-8f74-889f22c3bb5c,5,daily_login,2026-08-07,2026-08-07T07:24:00+00:00
5663,58074159-53d7-5a52-8436-d84a05af35a9,5,daily_login,2026-08-07,2026-08-07T07:24:00+00:00
5664,a2cc3818-be31-5aeb-828c-e23f579431aa,5,daily_login,2026-08-07,2026-08-07T07:25:00+00:00
5665,1bf86e3f-0e6e-5241-b319-71005237945f,5,daily_login,2026-08-07,2026-08-07T07:25:00+00:00
5666,baa8ef70-5b01-5a49-84cb-71c353290705,5,daily_login,2026-08-07,2026-08-07T07:26:00+00:00
5667,a60d0128-bffa-5d2d-9915-36693e6bc3ba,5,daily_login,2026-08-07,2026-08-07T07:26:00+00:00
5668,4307ee18-2e16-50be-abbc-db160bb8e8fd,5,daily_login,2026-08-07,2026-08-07T07:26:00+00:00
5669,e502b694-466f-5e1f-9293-146b264ae20c,5,daily_login,2026-08-07,2026-08-07T07:27:00+00:00
5670,2e2e8079-6c9e-51c9-bc7e-1475045fd514,5,daily_login,2026-08-07,2026-08-07T07:27:00+00:00
5671,49a9d8f7-08ea-5972-af3a-0ca0a6c06e59,5,daily_login,2026-08-07,2026-08-07T07:27:00+00:00
5672,673e8617-3280-5bfa-85a6-738a6d64aac6,5,daily_login,2026-08-07,2026-08-07T07:28:00+00:00
5673,54561bf4-fe37-5b37-934d-9c7f81542f8b,5,daily_login,2026-08-07,2026-08-07T07:30:00+00:00
5674,3d016498-e16a-5ad9-95c7-b633dfc6a142,300,project_completed,badge,2026-08-07T07:30:00+00:00
5675,3d016498-e16a-5ad9-95c7-b633dfc6a142,60,milestone_complete,milestone:208,2026-08-07T07:30:00+00:00
5676,45cee65b-db52-5dff-b09d-0ee1ac2be20f,5,daily_login,2026-08-07,2026-08-07T07:31:00+00:00
5677,95927b04-f214-5c26-878d-fb55176e41bc,5,daily_login,2026-08-07,2026-08-07T07:32:00+00:00
5678,9cba29b2-e169-54f3-9d61-1d5013f80312,5,daily_login,2026-08-07,2026-08-07T07:32:00+00:00
5679,6720265f-9f2b-5485-bf24-54e1784991b6,5,daily_login,2026-08-07,2026-08-07T07:34:00+00:00
5680,01c00e49-c4d6-5d4b-bbc1-8aa3fe21ba2a,5,daily_login,2026-08-07,2026-08-07T07:34:00+00:00
5681,fbdfefdb-ca2d-5a0e-87ed-62021c1c11d4,5,daily_login,2026-08-07,2026-08-07T07:35:00+00:00
5682,7e6a1243-34f5-52e6-862f-e5f3b2ebe640,5,daily_login,2026-08-07,2026-08-07T07:36:00+00:00
5683,8fa5b823-1a70-59f7-9bb2-b3d5f36dc82b,5,daily_login,2026-08-07,2026-08-07T07:36:00+00:00
5684,9edec740-5de6-5c27-8233-5cf72946b182,5,daily_login,2026-08-07,2026-08-07T07:36:00+00:00
5685,eb397f92-99ac-5f0f-8f81-3540865f0477,5,daily_login,2026-08-07,2026-08-07T07:38:00+00:00
5686,bdc5faf6-386d-5338-99a0-32d156bcbd68,5,daily_login,2026-08-07,2026-08-07T07:38:00+00:00
5687,302b84f9-9053-5cf7-bed0-305678227875,5,daily_login,2026-08-07,2026-08-07T07:39:00+00:00
5688,c6286e16-5e03-594c-aa67-861b8ba91b33,5,daily_login,2026-08-07,2026-08-07T07:39:00+00:00
5689,bb4b0d34-59a4-5948-a9be-a1aa6caece55,5,daily_login,2026-08-07,2026-08-07T07:40:00+00:00
5690,d767d4bb-a2aa-587a-90f9-23d0689ae52a,5,daily_login,2026-08-07,2026-08-07T07:40:00+00:00
5691,51420309-4688-52d6-84b9-51c0dc3a900e,5,daily_login,2026-08-07,2026-08-07T07:40:00+00:00
5692,77c684c4-9514-5edc-85ff-1052c8544c14,5,daily_login,2026-08-07,2026-08-07T07:42:00+00:00
5693,dfe9e449-d177-56af-a679-d3e1c78c5c02,5,daily_login,2026-08-07,2026-08-07T07:43:00+00:00
5694,3b932376-f549-5a1c-a24b-664b4bc338e3,5,daily_login,2026-08-07,2026-08-07T07:43:00+00:00
5695,a5526e82-ef69-522b-b3ad-df818658bde0,5,daily_login,2026-08-07,2026-08-07T07:44:00+00:00
5696,e137404e-9196-525c-b17a-44dc96d29f29,5,daily_login,2026-08-07,2026-08-07T07:44:00+00:00
5697,6d9d0917-bda8-5863-abe4-92d14b0cc926,5,daily_login,2026-08-07,2026-08-07T07:44:00+00:00
5698,6ab0c42d-0ad5-5b3d-9c6c-4ab9eaa47586,5,daily_login,2026-08-07,2026-08-07T07:45:00+00:00
5699,3bc3e38a-5ff7-5330-ab2d-8add18e85d57,5,daily_login,2026-08-07,2026-08-07T07:45:00+00:00
5700,cac67f41-f5af-5268-9e2d-34feac0dc9fa,5,daily_login,2026-08-07,2026-08-07T07:46:00+00:00
5701,6ab0c42d-0ad5-5b3d-9c6c-4ab9eaa47586,75,project_create,project:120,2026-08-08T00:30:00+00:00
5702,e747fee0-a84b-5f51-98a3-7481903c9023,75,project_create,project:130,2026-08-08T02:30:00+00:00
5703,e747fee0-a84b-5f51-98a3-7481903c9023,100,first_project,badge,2026-08-08T02:30:00+00:00
5704,082b47e7-5a06-5a34-bd49-595c82b2b196,20,thread_create,thread:170,2026-08-08T03:30:00+00:00
5705,082b47e7-5a06-5a34-bd49-595c82b2b196,150,first_thread,badge,2026-08-08T03:30:00+00:00
5706,508d03e7-de84-523a-8242-f48abc9451d7,20,thread_create,thread:121,2026-08-08T04:30:00+00:00
5707,508d03e7-de84-523a-8242-f48abc9451d7,150,first_thread,badge,2026-08-08T04:30:00+00:00
5708,508d03e7-de84-523a-8242-f48abc9451d7,40,project_join,project_join:130,2026-08-08T06:30:00+00:00
5709,f2561442-8439-5138-9a3b-8bcf96f16609,5,daily_login,2026-08-08,2026-08-08T07:10:00+00:00
5710,af808cd8-ab34-515f-a8a0-a1b0719a537b,5,daily_login,2026-08-08,2026-08-08T07:10:00+00:00
5711,f0f4eb8c-a1ed-50a1-bc7d-2863700a31a5,5,daily_login,2026-08-08,2026-08-08T07:11:00+00:00
5712,0da68170-ff38-5dad-9224-770d261f1c8a,5,daily_login,2026-08-08,2026-08-08T07:11:00+00:00
5713,b7180518-4b5b-54ef-9060-958212d05ab7,5,daily_login,2026-08-08,2026-08-08T07:11:00+00:00
5714,3d016498-e16a-5ad9-95c7-b633dfc6a142,5,daily_login,2026-08-08,2026-08-08T07:13:00+00:00
5715,f21481e8-5bf3-5aa6-a7e0-fe6e26920e28,5,daily_login,2026-08-08,2026-08-08T07:13:00+00:00
5716,6e82bb3e-ede8-5803-ba1a-cc3aa8766199,5,daily_login,2026-08-08,2026-08-08T07:15:00+00:00
5717,90cced0e-f2c7-528c-bd28-38c44ead6c98,5,daily_login,2026-08-08,2026-08-08T07:15:00+00:00
5718,d6b81cb4-a299-5894-baa5-463cb63679a3,5,daily_login,2026-08-08,2026-08-08T07:15:00+00:00
5719,50d6350f-ffd4-59ad-a1ff-65a49a77a913,5,daily_login,2026-08-08,2026-08-08T07:16:00+00:00
5720,50d6350f-ffd4-59ad-a1ff-65a49a77a913,5,streak_week_bonus,2026-08-08,2026-08-08T07:16:00+00:00
5721,693ebb02-ab3f-5d60-b798-d4d4df4900d2,5,daily_login,2026-08-08,2026-08-08T07:16:00+00:00
5722,1bc15434-bc22-56cc-a890-336efd2a11e5,5,daily_login,2026-08-08,2026-08-08T07:17:00+00:00
5723,9355c2cf-38db-5118-9b77-3d5b5b3870df,5,daily_login,2026-08-08,2026-08-08T07:17:00+00:00
5724,096499d2-73d6-5063-9dd4-a7c1aebac61d,5,daily_login,2026-08-08,2026-08-08T07:17:00+00:00
5725,52ab3a8f-ec5c-5e66-bcd5-efc304512118,5,daily_login,2026-08-08,2026-08-08T07:18:00+00:00
5726,96dbbdad-601e-5bc2-9d1a-78f9f6349a39,5,daily_login,2026-08-08,2026-08-08T07:18:00+00:00
5727,64609795-d498-5ea7-ad33-a3bcecf9d962,5,daily_login,2026-08-08,2026-08-08T07:18:00+00:00
5728,b55b4f74-ded6-5cf1-aae0-9ad89c03c10c,5,daily_login,2026-08-08,2026-08-08T07:19:00+00:00
5729,5a4b137d-2ebb-5c75-8cdd-bf77406b4b9f,5,daily_login,2026-08-08,2026-08-08T07:19:00+00:00
5730,7b359533-e634-59eb-a2c3-b5501ff96488,5,daily_login,2026-08-08,2026-08-08T07:19:00+00:00
5731,341a0cef-f4a9-53ee-8980-229dc154ff4e,5,daily_login,2026-08-08,2026-08-08T07:20:00+00:00
5732,63fdd1e3-9db3-5b05-9799-510eea6abab7,5,daily_login,2026-08-08,2026-08-08T07:20:00+00:00
5733,9047d24d-0775-5f10-bf17-6e8fc62c5884,5,daily_login,2026-08-08,2026-08-08T07:20:00+00:00
5734,7bdf8ad6-1318-5f74-9112-e2b655e215a2,5,daily_login,2026-08-08,2026-08-08T07:21:00+00:00
5735,4ec67eb8-4fda-5cbc-bbd1-a6afc7ce8130,5,daily_login,2026-08-08,2026-08-08T07:21:00+00:00
5736,368442e7-2dfe-5df4-9ab7-a468b984050a,5,daily_login,2026-08-08,2026-08-08T07:22:00+00:00
5737,484e243b-afd7-5767-bb0f-4262c0334aea,5,daily_login,2026-08-08,2026-08-08T07:22:00+00:00
5738,d16e3cdc-2868-563d-867d-62fa9b8b24ea,5,daily_login,2026-08-08,2026-08-08T07:22:00+00:00
5739,4c310820-12d3-5128-9a45-973db446b59e,5,daily_login,2026-08-08,2026-08-08T07:23:00+00:00
5740,02bf8d95-eee4-5287-b363-0551cc4a6d51,5,daily_login,2026-08-08,2026-08-08T07:23:00+00:00
5741,35e87bcc-650c-5e3f-9741-3f0c54905b6f,5,daily_login,2026-08-08,2026-08-08T07:23:00+00:00
5742,ae96d203-7a11-52ed-9e02-cd93c3dda603,5,daily_login,2026-08-08,2026-08-08T07:24:00+00:00
5743,651ce25b-8132-52d9-8f74-889f22c3bb5c,5,daily_login,2026-08-08,2026-08-08T07:24:00+00:00
5744,58074159-53d7-5a52-8436-d84a05af35a9,5,daily_login,2026-08-08,2026-08-08T07:24:00+00:00
5745,58074159-53d7-5a52-8436-d84a05af35a9,5,streak_week_bonus,2026-08-08,2026-08-08T07:24:00+00:00
5746,58074159-53d7-5a52-8436-d84a05af35a9,200,streak_7,badge,2026-08-08T07:24:00+00:00
5747,a2cc3818-be31-5aeb-828c-e23f579431aa,5,daily_login,2026-08-08,2026-08-08T07:25:00+00:00
5748,ef763ec1-f93c-5744-9640-4ca59adf9347,5,daily_login,2026-08-08,2026-08-08T07:25:00+00:00
5749,1bf86e3f-0e6e-5241-b319-71005237945f,5,daily_login,2026-08-08,2026-08-08T07:25:00+00:00
5750,4307ee18-2e16-50be-abbc-db160bb8e8fd,5,daily_login,2026-08-08,2026-08-08T07:26:00+00:00
5751,e502b694-466f-5e1f-9293-146b264ae20c,5,daily_login,2026-08-08,2026-08-08T07:27:00+00:00
5752,d0c58825-6ead-50f6-9a07-f2f95dbb51ea,5,daily_login,2026-08-08,2026-08-08T07:27:00+00:00
5753,2e2e8079-6c9e-51c9-bc7e-1475045fd514,5,daily_login,2026-08-08,2026-08-08T07:27:00+00:00
5754,e3efd234-c7f9-5957-937f-661b1c3981ef,5,daily_login,2026-08-08,2026-08-08T07:28:00+00:00
5755,e7c63421-97d2-555e-9731-46cb0f04f637,5,daily_login,2026-08-08,2026-08-08T07:28:00+00:00
5756,e7dd6cb0-626e-510a-9e98-0498c534b04d,5,daily_login,2026-08-08,2026-08-08T07:28:00+00:00
5757,da462241-608b-5422-bdbd-0d98184a433d,5,daily_login,2026-08-08,2026-08-08T07:30:00+00:00
5758,7624f38b-fbca-546f-af04-c9dda9318f82,75,project_create,project:136,2026-08-08T07:30:00+00:00
5759,082b47e7-5a06-5a34-bd49-595c82b2b196,5,daily_login,2026-08-08,2026-08-08T07:31:00+00:00
5760,45cee65b-db52-5dff-b09d-0ee1ac2be20f,5,daily_login,2026-08-08,2026-08-08T07:31:00+00:00
5761,82a5c89c-0b3a-58b9-9259-837a5348a5c2,5,daily_login,2026-08-08,2026-08-08T07:31:00+00:00
5762,ee289908-380a-5bb3-8fdc-0990b203929b,5,daily_login,2026-08-08,2026-08-08T07:32:00+00:00
5763,95927b04-f214-5c26-878d-fb55176e41bc,5,daily_login,2026-08-08,2026-08-08T07:32:00+00:00
5764,473b12ab-4d0d-5b7f-89b2-c0a1e2405c60,5,daily_login,2026-08-08,2026-08-08T07:32:00+00:00
5765,8300625d-d3f5-5264-8503-98a2bfbf60d8,5,daily_login,2026-08-08,2026-08-08T07:33:00+00:00
5766,88820056-e901-59a1-b2ca-c4e813b34f7b,5,daily_login,2026-08-08,2026-08-08T07:33:00+00:00
5767,19e81afb-74c1-5b4a-9af3-469f3b610235,5,daily_login,2026-08-08,2026-08-08T07:34:00+00:00
5768,a0a53b38-722a-56e6-a52c-fe0e06169a59,5,daily_login,2026-08-08,2026-08-08T07:34:00+00:00
5769,01c00e49-c4d6-5d4b-bbc1-8aa3fe21ba2a,5,daily_login,2026-08-08,2026-08-08T07:34:00+00:00
5770,d48cab4b-e48b-59ae-88d6-41d5d463569d,5,daily_login,2026-08-08,2026-08-08T07:35:00+00:00
5771,5ce94e6e-a987-5fd1-90b2-94a1174f9376,5,daily_login,2026-08-08,2026-08-08T07:37:00+00:00
5772,6988340a-a3c1-5fda-a996-711f1723c649,5,daily_login,2026-08-08,2026-08-08T07:37:00+00:00
5773,f22a7317-9c2b-5d13-99b9-1a1622094bb3,5,daily_login,2026-08-08,2026-08-08T07:38:00+00:00
5774,bdc5faf6-386d-5338-99a0-32d156bcbd68,5,daily_login,2026-08-08,2026-08-08T07:38:00+00:00
5775,302b84f9-9053-5cf7-bed0-305678227875,5,daily_login,2026-08-08,2026-08-08T07:39:00+00:00
5776,eeeb9e89-042f-5fdc-8fcf-2c3ad56f9bf1,5,daily_login,2026-08-08,2026-08-08T07:39:00+00:00
5777,508d03e7-de84-523a-8242-f48abc9451d7,5,daily_login,2026-08-08,2026-08-08T07:39:00+00:00
5778,c6286e16-5e03-594c-aa67-861b8ba91b33,5,daily_login,2026-08-08,2026-08-08T07:39:00+00:00
5779,c6286e16-5e03-594c-aa67-861b8ba91b33,5,streak_week_bonus,2026-08-08,2026-08-08T07:39:00+00:00
5780,bb4b0d34-59a4-5948-a9be-a1aa6caece55,5,daily_login,2026-08-08,2026-08-08T07:40:00+00:00
5781,51420309-4688-52d6-84b9-51c0dc3a900e,5,daily_login,2026-08-08,2026-08-08T07:40:00+00:00
5782,96ccee9a-30f2-56cd-b597-a927c84e0f75,5,daily_login,2026-08-08,2026-08-08T07:41:00+00:00
5783,7624f38b-fbca-546f-af04-c9dda9318f82,5,daily_login,2026-08-08,2026-08-08T07:41:00+00:00
5784,e5b7ccce-2cb7-5b6e-95a5-32ffacbca87f,5,daily_login,2026-08-08,2026-08-08T07:42:00+00:00
5785,77c684c4-9514-5edc-85ff-1052c8544c14,5,daily_login,2026-08-08,2026-08-08T07:42:00+00:00
5786,3b932376-f549-5a1c-a24b-664b4bc338e3,5,daily_login,2026-08-08,2026-08-08T07:43:00+00:00
5787,405fd522-6b0d-52fc-b397-dc3ce2e4a2ea,5,daily_login,2026-08-08,2026-08-08T07:44:00+00:00
5788,e137404e-9196-525c-b17a-44dc96d29f29,5,daily_login,2026-08-08,2026-08-08T07:44:00+00:00
5789,6ab0c42d-0ad5-5b3d-9c6c-4ab9eaa47586,5,daily_login,2026-08-08,2026-08-08T07:45:00+00:00
5790,6ab0c42d-0ad5-5b3d-9c6c-4ab9eaa47586,200,level_5,badge,2026-08-08T07:45:00+00:00
5791,ae7ac442-d880-5cd8-bc30-8d21c5f7dc54,5,daily_login,2026-08-08,2026-08-08T07:45:00+00:00
5792,d2a70bca-a25c-522f-9b7e-c967b69503cc,5,daily_login,2026-08-08,2026-08-08T07:45:00+00:00
5793,6ac5a7a4-ae0d-5e31-8a7c-d85b63a96c46,5,daily_login,2026-08-08,2026-08-08T07:45:00+00:00
5794,bf54d417-d834-5d3e-a7f9-106377fe05a5,40,project_join,project_join:130,2026-08-08T10:30:00+00:00
5795,001e944b-e64e-5742-afb7-5e04327e41ee,40,project_join,project_join:136,2026-08-08T11:30:00+00:00
5796,484e243b-afd7-5767-bb0f-4262c0334aea,40,project_join,project_join:130,2026-08-08T14:30:00+00:00
5797,484e243b-afd7-5767-bb0f-4262c0334aea,100,first_project,badge,2026-08-08T14:30:00+00:00
5798,50d6350f-ffd4-59ad-a1ff-65a49a77a913,40,project_join,project_join:130,2026-08-08T18:30:00+00:00
5799,50d6350f-ffd4-59ad-a1ff-65a49a77a913,100,first_project,badge,2026-08-08T18:30:00+00:00
5800,9cba29b2-e169-54f3-9d61-1d5013f80312,40,project_join,project_join:130,2026-08-08T22:30:00+00:00
5801,9cba29b2-e169-54f3-9d61-1d5013f80312,100,first_project,badge,2026-08-08T22:30:00+00:00
5802,d5dc7189-89df-5fd7-983f-1124b6de3d68,75,project_create,project:185,2026-08-08T23:30:00+00:00
5803,508d03e7-de84-523a-8242-f48abc9451d7,15,task_complete,task:478,2026-08-09T01:30:00+00:00
5804,eb3717c1-cd92-5eeb-af40-9df7f3132426,40,project_join,project_join:185,2026-08-09T03:30:00+00:00
5805,f4b545d6-b6c0-54b8-847e-101d68428b48,20,thread_create,thread:155,2026-08-09T06:30:00+00:00
5806,f4b545d6-b6c0-54b8-847e-101d68428b48,150,first_thread,badge,2026-08-09T06:30:00+00:00
5807,37b7aed3-d207-54f7-b4ec-0e05c50eaeb2,5,daily_login,2026-08-09,2026-08-09T07:11:00+00:00
5808,f21481e8-5bf3-5aa6-a7e0-fe6e26920e28,5,daily_login,2026-08-09,2026-08-09T07:13:00+00:00
5809,001e944b-e64e-5742-afb7-5e04327e41ee,5,daily_login,2026-08-09,2026-08-09T07:14:00+00:00
5810,adfbbf3c-5175-5e0a-bf98-b8854f2081c2,5,daily_login,2026-08-09,2026-08-09T07:14:00+00:00
5811,34046d1a-c67e-5a81-b9d5-47dd4840c4fe,5,daily_login,2026-08-09,2026-08-09T07:14:00+00:00
5812,ea7edc0e-b64d-545f-b311-b4ee943f2935,5,daily_login,2026-08-09,2026-08-09T07:14:00+00:00
5813,6e82bb3e-ede8-5803-ba1a-cc3aa8766199,5,daily_login,2026-08-09,2026-08-09T07:15:00+00:00
5814,20b63262-d3e6-555a-95b2-84fc87694a19,5,daily_login,2026-08-09,2026-08-09T07:15:00+00:00
5815,d6b81cb4-a299-5894-baa5-463cb63679a3,5,daily_login,2026-08-09,2026-08-09T07:15:00+00:00
5816,50d6350f-ffd4-59ad-a1ff-65a49a77a913,5,daily_login,2026-08-09,2026-08-09T07:16:00+00:00
5817,06657aeb-b604-5b0d-9281-d2e5afb78a9d,5,daily_login,2026-08-09,2026-08-09T07:16:00+00:00
5818,9355c2cf-38db-5118-9b77-3d5b5b3870df,5,daily_login,2026-08-09,2026-08-09T07:17:00+00:00
5819,096499d2-73d6-5063-9dd4-a7c1aebac61d,5,daily_login,2026-08-09,2026-08-09T07:17:00+00:00
5820,b7f1d97d-9f3c-5885-b9ef-48d67a16a686,5,daily_login,2026-08-09,2026-08-09T07:17:00+00:00
5821,96dbbdad-601e-5bc2-9d1a-78f9f6349a39,5,daily_login,2026-08-09,2026-08-09T07:18:00+00:00
5822,5a4b137d-2ebb-5c75-8cdd-bf77406b4b9f,5,daily_login,2026-08-09,2026-08-09T07:19:00+00:00
5823,7b359533-e634-59eb-a2c3-b5501ff96488,5,daily_login,2026-08-09,2026-08-09T07:19:00+00:00
5824,9047d24d-0775-5f10-bf17-6e8fc62c5884,5,daily_login,2026-08-09,2026-08-09T07:20:00+00:00
5825,7bdf8ad6-1318-5f74-9112-e2b655e215a2,5,daily_login,2026-08-09,2026-08-09T07:21:00+00:00
5826,4ec67eb8-4fda-5cbc-bbd1-a6afc7ce8130,5,daily_login,2026-08-09,2026-08-09T07:21:00+00:00
5827,85df6dcd-e42a-581f-802b-eb93568b74eb,5,daily_login,2026-08-09,2026-08-09T07:21:00+00:00
5828,368442e7-2dfe-5df4-9ab7-a468b984050a,5,daily_login,2026-08-09,2026-08-09T07:22:00+00:00
5829,d16e3cdc-2868-563d-867d-62fa9b8b24ea,5,daily_login,2026-08-09,2026-08-09T07:22:00+00:00
5830,e0b64119-ecb0-52a5-852d-39c211ce337a,5,daily_login,2026-08-09,2026-08-09T07:23:00+00:00
5831,4c310820-12d3-5128-9a45-973db446b59e,5,daily_login,2026-08-09,2026-08-09T07:23:00+00:00
5832,d5dc7189-89df-5fd7-983f-1124b6de3d68,5,daily_login,2026-08-09,2026-08-09T07:23:00+00:00
5833,02bf8d95-eee4-5287-b363-0551cc4a6d51,5,daily_login,2026-08-09,2026-08-09T07:23:00+00:00
5834,35e87bcc-650c-5e3f-9741-3f0c54905b6f,5,daily_login,2026-08-09,2026-08-09T07:23:00+00:00
5835,58074159-53d7-5a52-8436-d84a05af35a9,5,daily_login,2026-08-09,2026-08-09T07:24:00+00:00
5836,61347d09-09eb-5f04-a4ec-fe830319799f,5,daily_login,2026-08-09,2026-08-09T07:24:00+00:00
5837,a2cc3818-be31-5aeb-828c-e23f579431aa,5,daily_login,2026-08-09,2026-08-09T07:25:00+00:00
5838,a2cc3818-be31-5aeb-828c-e23f579431aa,5,streak_week_bonus,2026-08-09,2026-08-09T07:25:00+00:00
5839,1bf86e3f-0e6e-5241-b319-71005237945f,5,daily_login,2026-08-09,2026-08-09T07:25:00+00:00
5840,6b9b6012-cdb4-50eb-8ad0-01c36516df23,5,daily_login,2026-08-09,2026-08-09T07:26:00+00:00
5841,baa8ef70-5b01-5a49-84cb-71c353290705,5,daily_login,2026-08-09,2026-08-09T07:26:00+00:00
5842,a60d0128-bffa-5d2d-9915-36693e6bc3ba,5,daily_login,2026-08-09,2026-08-09T07:26:00+00:00
5843,4307ee18-2e16-50be-abbc-db160bb8e8fd,5,daily_login,2026-08-09,2026-08-09T07:26:00+00:00
5844,e502b694-466f-5e1f-9293-146b264ae20c,5,daily_login,2026-08-09,2026-08-09T07:27:00+00:00
5845,d0c58825-6ead-50f6-9a07-f2f95dbb51ea,5,daily_login,2026-08-09,2026-08-09T07:27:00+00:00
5846,2e2e8079-6c9e-51c9-bc7e-1475045fd514,5,daily_login,2026-08-09,2026-08-09T07:27:00+00:00
5847,49a9d8f7-08ea-5972-af3a-0ca0a6c06e59,5,daily_login,2026-08-09,2026-08-09T07:27:00+00:00
5848,5532dec3-02ae-5ac3-8b57-2e8214a8598b,5,daily_login,2026-08-09,2026-08-09T07:29:00+00:00
5849,54561bf4-fe37-5b37-934d-9c7f81542f8b,5,daily_login,2026-08-09,2026-08-09T07:30:00+00:00
5850,f223e569-d735-5980-b77b-25d459e64a37,20,thread_create,thread:176,2026-08-09T07:30:00+00:00
5851,f223e569-d735-5980-b77b-25d459e64a37,150,first_thread,badge,2026-08-09T07:30:00+00:00
5852,082b47e7-5a06-5a34-bd49-595c82b2b196,5,daily_login,2026-08-09,2026-08-09T07:31:00+00:00
5853,45cee65b-db52-5dff-b09d-0ee1ac2be20f,5,daily_login,2026-08-09,2026-08-09T07:31:00+00:00
5854,f8f213c7-3d61-567e-9735-5e3e9498b892,5,daily_login,2026-08-09,2026-08-09T07:31:00+00:00
5855,1062abbb-4fcd-51a9-95fc-5474e4af7640,5,daily_login,2026-08-09,2026-08-09T07:32:00+00:00
5856,88820056-e901-59a1-b2ca-c4e813b34f7b,5,daily_login,2026-08-09,2026-08-09T07:33:00+00:00
5857,e747fee0-a84b-5f51-98a3-7481903c9023,5,daily_login,2026-08-09,2026-08-09T07:34:00+00:00
5858,d48cab4b-e48b-59ae-88d6-41d5d463569d,5,daily_login,2026-08-09,2026-08-09T07:35:00+00:00
5859,9a026691-28ff-5880-9da3-006735af19d3,5,daily_login,2026-08-09,2026-08-09T07:35:00+00:00
5860,6988340a-a3c1-5fda-a996-711f1723c649,5,daily_login,2026-08-09,2026-08-09T07:37:00+00:00
5861,eb397f92-99ac-5f0f-8f81-3540865f0477,5,daily_login,2026-08-09,2026-08-09T07:38:00+00:00
5862,bdc5faf6-386d-5338-99a0-32d156bcbd68,5,daily_login,2026-08-09,2026-08-09T07:38:00+00:00
5863,302b84f9-9053-5cf7-bed0-305678227875,5,daily_login,2026-08-09,2026-08-09T07:39:00+00:00
5864,25797954-b022-582e-8349-e1e2c141368c,5,daily_login,2026-08-09,2026-08-09T07:39:00+00:00
5865,508d03e7-de84-523a-8242-f48abc9451d7,5,daily_login,2026-08-09,2026-08-09T07:39:00+00:00
5866,c6286e16-5e03-594c-aa67-861b8ba91b33,5,daily_login,2026-08-09,2026-08-09T07:39:00+00:00
5867,7b48b183-5d87-500f-9cec-2e003c19efac,5,daily_login,2026-08-09,2026-08-09T07:40:00+00:00
5868,bb4b0d34-59a4-5948-a9be-a1aa6caece55,5,daily_login,2026-08-09,2026-08-09T07:40:00+00:00
5869,373cd20e-25d5-5a46-a0ae-18157cf68a55,5,daily_login,2026-08-09,2026-08-09T07:41:00+00:00
5870,e5b7ccce-2cb7-5b6e-95a5-32ffacbca87f,5,daily_login,2026-08-09,2026-08-09T07:42:00+00:00
5871,77c684c4-9514-5edc-85ff-1052c8544c14,5,daily_login,2026-08-09,2026-08-09T07:42:00+00:00
5872,33d87513-60c2-51ff-9ec5-f0f1389ed27e,5,daily_login,2026-08-09,2026-08-09T07:42:00+00:00
5873,daa36188-60fd-56a2-938b-70b1b51084b0,5,daily_login,2026-08-09,2026-08-09T07:43:00+00:00
5874,dfe9e449-d177-56af-a679-d3e1c78c5c02,5,daily_login,2026-08-09,2026-08-09T07:43:00+00:00
5875,3b932376-f549-5a1c-a24b-664b4bc338e3,5,daily_login,2026-08-09,2026-08-09T07:43:00+00:00
5876,a5526e82-ef69-522b-b3ad-df818658bde0,5,daily_login,2026-08-09,2026-08-09T07:44:00+00:00
5877,e137404e-9196-525c-b17a-44dc96d29f29,5,daily_login,2026-08-09,2026-08-09T07:44:00+00:00
5878,6ac5a7a4-ae0d-5e31-8a7c-d85b63a96c46,5,daily_login,2026-08-09,2026-08-09T07:45:00+00:00
5879,5ccdaadc-80b2-50e1-a0c1-bad0246a7cf2,5,daily_login,2026-08-09,2026-08-09T07:46:00+00:00
5880,783491ec-2857-52e8-a102-766d7abba6d2,15,task_complete,task:368,2026-08-09T12:30:00+00:00
5881,302b84f9-9053-5cf7-bed0-305678227875,75,project_create,project:165,2026-08-09T19:30:00+00:00
5882,302b84f9-9053-5cf7-bed0-305678227875,100,first_project,badge,2026-08-09T19:30:00+00:00
5883,5421f79d-ed60-5eed-852b-01b379adab9e,15,task_complete,task:492,2026-08-09T19:30:00+00:00
5884,5421f79d-ed60-5eed-852b-01b379adab9e,100,first_task,badge,2026-08-09T19:30:00+00:00
5885,5421f79d-ed60-5eed-852b-01b379adab9e,60,milestone_complete,milestone:251,2026-08-09T19:30:00+00:00
5886,5421f79d-ed60-5eed-852b-01b379adab9e,150,first_milestone,badge,2026-08-09T19:30:00+00:00
5887,d767d4bb-a2aa-587a-90f9-23d0689ae52a,40,project_join,project_join:165,2026-08-09T23:30:00+00:00
5888,d767d4bb-a2aa-587a-90f9-23d0689ae52a,100,first_project,badge,2026-08-09T23:30:00+00:00
5889,4845dc43-0c9d-5f09-aa4a-62e68abb5d12,40,project_join,project_join:165,2026-08-10T03:30:00+00:00
5890,f2561442-8439-5138-9a3b-8bcf96f16609,5,daily_login,2026-08-10,2026-08-10T07:10:00+00:00
5891,610e9654-06d6-5e55-959b-377b8749b8f9,5,daily_login,2026-08-10,2026-08-10T07:10:00+00:00
5892,518ae987-15f7-5b22-8bcc-df59623dbdce,5,daily_login,2026-08-10,2026-08-10T07:10:00+00:00
5893,f0f4eb8c-a1ed-50a1-bc7d-2863700a31a5,5,daily_login,2026-08-10,2026-08-10T07:11:00+00:00
5894,37b7aed3-d207-54f7-b4ec-0e05c50eaeb2,5,daily_login,2026-08-10,2026-08-10T07:11:00+00:00
5895,0da68170-ff38-5dad-9224-770d261f1c8a,5,daily_login,2026-08-10,2026-08-10T07:11:00+00:00
5896,f985b68e-39ae-5c83-8468-2b126802c414,5,daily_login,2026-08-10,2026-08-10T07:12:00+00:00
5897,3d016498-e16a-5ad9-95c7-b633dfc6a142,5,daily_login,2026-08-10,2026-08-10T07:13:00+00:00
5898,7ef6d8e7-132e-5da5-a653-16dd2e5719c4,5,daily_login,2026-08-10,2026-08-10T07:13:00+00:00
5899,001e944b-e64e-5742-afb7-5e04327e41ee,5,daily_login,2026-08-10,2026-08-10T07:14:00+00:00
5900,6e82bb3e-ede8-5803-ba1a-cc3aa8766199,5,daily_login,2026-08-10,2026-08-10T07:15:00+00:00
5901,90cced0e-f2c7-528c-bd28-38c44ead6c98,5,daily_login,2026-08-10,2026-08-10T07:15:00+00:00
5902,50d6350f-ffd4-59ad-a1ff-65a49a77a913,5,daily_login,2026-08-10,2026-08-10T07:16:00+00:00
5903,06657aeb-b604-5b0d-9281-d2e5afb78a9d,5,daily_login,2026-08-10,2026-08-10T07:16:00+00:00
5904,a6b8342c-310b-5b88-9c07-602dbd646488,5,daily_login,2026-08-10,2026-08-10T07:17:00+00:00
5905,52ab3a8f-ec5c-5e66-bcd5-efc304512118,5,daily_login,2026-08-10,2026-08-10T07:18:00+00:00
5906,96dbbdad-601e-5bc2-9d1a-78f9f6349a39,5,daily_login,2026-08-10,2026-08-10T07:18:00+00:00
5907,64609795-d498-5ea7-ad33-a3bcecf9d962,5,daily_login,2026-08-10,2026-08-10T07:18:00+00:00
5908,b55b4f74-ded6-5cf1-aae0-9ad89c03c10c,5,daily_login,2026-08-10,2026-08-10T07:19:00+00:00
5909,cb162f3d-006f-544e-bfa6-f9abb8a52026,5,daily_login,2026-08-10,2026-08-10T07:19:00+00:00
5910,9d1c460b-bd0b-57ff-ac14-f2b10f73edd3,5,daily_login,2026-08-10,2026-08-10T07:19:00+00:00
5911,7b359533-e634-59eb-a2c3-b5501ff96488,5,daily_login,2026-08-10,2026-08-10T07:19:00+00:00
5912,f4b545d6-b6c0-54b8-847e-101d68428b48,5,daily_login,2026-08-10,2026-08-10T07:20:00+00:00
5913,9047d24d-0775-5f10-bf17-6e8fc62c5884,5,daily_login,2026-08-10,2026-08-10T07:20:00+00:00
5914,9c9c228f-3bd5-5da4-b666-fbfab93b4b7e,5,daily_login,2026-08-10,2026-08-10T07:21:00+00:00
5915,7bdf8ad6-1318-5f74-9112-e2b655e215a2,5,daily_login,2026-08-10,2026-08-10T07:21:00+00:00
5916,1b1e4344-fde4-5cc2-b82c-4fb458696522,5,daily_login,2026-08-10,2026-08-10T07:21:00+00:00
5917,4ec67eb8-4fda-5cbc-bbd1-a6afc7ce8130,5,daily_login,2026-08-10,2026-08-10T07:21:00+00:00
5918,8819cb55-67e6-5a55-98c8-d80446975a9e,5,daily_login,2026-08-10,2026-08-10T07:22:00+00:00
5919,368442e7-2dfe-5df4-9ab7-a468b984050a,5,daily_login,2026-08-10,2026-08-10T07:22:00+00:00
5920,44a33563-638c-52da-ae01-285f43dfcb99,5,daily_login,2026-08-10,2026-08-10T07:22:00+00:00
5921,d16e3cdc-2868-563d-867d-62fa9b8b24ea,5,daily_login,2026-08-10,2026-08-10T07:22:00+00:00
5922,3a376c3a-3e46-5c8c-815c-232b66ca9bc8,5,daily_login,2026-08-10,2026-08-10T07:23:00+00:00
5923,4c310820-12d3-5128-9a45-973db446b59e,5,daily_login,2026-08-10,2026-08-10T07:23:00+00:00
5924,02bf8d95-eee4-5287-b363-0551cc4a6d51,5,daily_login,2026-08-10,2026-08-10T07:23:00+00:00
5925,35e87bcc-650c-5e3f-9741-3f0c54905b6f,5,daily_login,2026-08-10,2026-08-10T07:23:00+00:00
5926,58074159-53d7-5a52-8436-d84a05af35a9,5,daily_login,2026-08-10,2026-08-10T07:24:00+00:00
5927,a2cc3818-be31-5aeb-828c-e23f579431aa,5,daily_login,2026-08-10,2026-08-10T07:25:00+00:00
5928,6b9b6012-cdb4-50eb-8ad0-01c36516df23,5,daily_login,2026-08-10,2026-08-10T07:26:00+00:00
5929,4307ee18-2e16-50be-abbc-db160bb8e8fd,5,daily_login,2026-08-10,2026-08-10T07:26:00+00:00
5930,e502b694-466f-5e1f-9293-146b264ae20c,5,daily_login,2026-08-10,2026-08-10T07:27:00+00:00
5931,e502b694-466f-5e1f-9293-146b264ae20c,5,streak_week_bonus,2026-08-10,2026-08-10T07:27:00+00:00
5932,d0c58825-6ead-50f6-9a07-f2f95dbb51ea,5,daily_login,2026-08-10,2026-08-10T07:27:00+00:00
5933,2e2e8079-6c9e-51c9-bc7e-1475045fd514,5,daily_login,2026-08-10,2026-08-10T07:27:00+00:00
5934,0e49007f-82be-5238-a956-37d8f7b40d4c,5,daily_login,2026-08-10,2026-08-10T07:29:00+00:00
5935,f0ca4141-ccff-5472-ba76-f4b194108c7b,5,daily_login,2026-08-10,2026-08-10T07:29:00+00:00
5936,b897da16-1a55-5740-8129-7d502e6f44b8,5,daily_login,2026-08-10,2026-08-10T07:29:00+00:00
5937,5532dec3-02ae-5ac3-8b57-2e8214a8598b,5,daily_login,2026-08-10,2026-08-10T07:29:00+00:00
5938,96373821-4bf4-53b8-bd24-bb64bbb3b84e,5,daily_login,2026-08-10,2026-08-10T07:30:00+00:00
5939,54561bf4-fe37-5b37-934d-9c7f81542f8b,5,daily_login,2026-08-10,2026-08-10T07:30:00+00:00
5940,da462241-608b-5422-bdbd-0d98184a433d,5,daily_login,2026-08-10,2026-08-10T07:30:00+00:00
5941,0947c4b9-50d6-50e2-9043-84a15b80e8c7,5,daily_login,2026-08-10,2026-08-10T07:30:00+00:00
5942,f985b68e-39ae-5c83-8468-2b126802c414,40,project_join,project_join:165,2026-08-10T07:30:00+00:00
5943,84047d01-74e6-5a08-a20e-b5c25e3eff3e,5,daily_login,2026-08-10,2026-08-10T07:33:00+00:00
5944,8300625d-d3f5-5264-8503-98a2bfbf60d8,5,daily_login,2026-08-10,2026-08-10T07:33:00+00:00
5945,44f09dba-7a20-5f46-840b-4670e6c7eb92,5,daily_login,2026-08-10,2026-08-10T07:33:00+00:00
5946,88820056-e901-59a1-b2ca-c4e813b34f7b,5,daily_login,2026-08-10,2026-08-10T07:33:00+00:00
5947,19e81afb-74c1-5b4a-9af3-469f3b610235,5,daily_login,2026-08-10,2026-08-10T07:34:00+00:00
5948,a0a53b38-722a-56e6-a52c-fe0e06169a59,5,daily_login,2026-08-10,2026-08-10T07:34:00+00:00
5949,6720265f-9f2b-5485-bf24-54e1784991b6,5,daily_login,2026-08-10,2026-08-10T07:34:00+00:00
5950,01c00e49-c4d6-5d4b-bbc1-8aa3fe21ba2a,5,daily_login,2026-08-10,2026-08-10T07:34:00+00:00
5951,5d857806-7d61-533b-bc12-af2d7b775d29,5,daily_login,2026-08-10,2026-08-10T07:35:00+00:00
5952,d48cab4b-e48b-59ae-88d6-41d5d463569d,5,daily_login,2026-08-10,2026-08-10T07:35:00+00:00
5953,9a026691-28ff-5880-9da3-006735af19d3,5,daily_login,2026-08-10,2026-08-10T07:35:00+00:00
5954,7e6a1243-34f5-52e6-862f-e5f3b2ebe640,5,daily_login,2026-08-10,2026-08-10T07:36:00+00:00
5955,5ce94e6e-a987-5fd1-90b2-94a1174f9376,5,daily_login,2026-08-10,2026-08-10T07:37:00+00:00
5956,6988340a-a3c1-5fda-a996-711f1723c649,5,daily_login,2026-08-10,2026-08-10T07:37:00+00:00
5957,eb397f92-99ac-5f0f-8f81-3540865f0477,5,daily_login,2026-08-10,2026-08-10T07:38:00+00:00
5958,bdc5faf6-386d-5338-99a0-32d156bcbd68,5,daily_login,2026-08-10,2026-08-10T07:38:00+00:00
5959,302b84f9-9053-5cf7-bed0-305678227875,5,daily_login,2026-08-10,2026-08-10T07:39:00+00:00
5960,25797954-b022-582e-8349-e1e2c141368c,5,daily_login,2026-08-10,2026-08-10T07:39:00+00:00
5961,eeeb9e89-042f-5fdc-8fcf-2c3ad56f9bf1,5,daily_login,2026-08-10,2026-08-10T07:39:00+00:00
5962,508d03e7-de84-523a-8242-f48abc9451d7,5,daily_login,2026-08-10,2026-08-10T07:39:00+00:00
5963,7b48b183-5d87-500f-9cec-2e003c19efac,5,daily_login,2026-08-10,2026-08-10T07:40:00+00:00
5964,bb4b0d34-59a4-5948-a9be-a1aa6caece55,5,daily_login,2026-08-10,2026-08-10T07:40:00+00:00
5965,d767d4bb-a2aa-587a-90f9-23d0689ae52a,5,daily_login,2026-08-10,2026-08-10T07:40:00+00:00
5966,51420309-4688-52d6-84b9-51c0dc3a900e,5,daily_login,2026-08-10,2026-08-10T07:40:00+00:00
5967,96ccee9a-30f2-56cd-b597-a927c84e0f75,5,daily_login,2026-08-10,2026-08-10T07:41:00+00:00
5968,b5be680a-732e-55e0-bc5d-b80e831ff33a,5,daily_login,2026-08-10,2026-08-10T07:42:00+00:00
5969,3b932376-f549-5a1c-a24b-664b4bc338e3,5,daily_login,2026-08-10,2026-08-10T07:43:00+00:00
5970,36016ab9-3cc9-5f6a-8bc7-1d138ad9cb43,5,daily_login,2026-08-10,2026-08-10T07:44:00+00:00
5971,a5526e82-ef69-522b-b3ad-df818658bde0,5,daily_login,2026-08-10,2026-08-10T07:44:00+00:00
5972,e137404e-9196-525c-b17a-44dc96d29f29,5,daily_login,2026-08-10,2026-08-10T07:44:00+00:00
5973,ae7ac442-d880-5cd8-bc30-8d21c5f7dc54,5,daily_login,2026-08-10,2026-08-10T07:45:00+00:00
5974,6ac5a7a4-ae0d-5e31-8a7c-d85b63a96c46,5,daily_login,2026-08-10,2026-08-10T07:45:00+00:00
5975,0947c4b9-50d6-50e2-9043-84a15b80e8c7,20,thread_create,thread:132,2026-08-10T09:30:00+00:00
5976,4966bb54-4d4f-5992-8586-1bd44991d17f,40,project_join,project_join:165,2026-08-10T11:30:00+00:00
5977,1767869f-381f-59b9-acac-01da2d539e40,40,project_join,project_join:165,2026-08-10T15:30:00+00:00
5978,51420309-4688-52d6-84b9-51c0dc3a900e,20,thread_create,thread:134,2026-08-11T01:30:00+00:00
5979,51420309-4688-52d6-84b9-51c0dc3a900e,150,first_thread,badge,2026-08-11T01:30:00+00:00
5980,d5dc7189-89df-5fd7-983f-1124b6de3d68,20,thread_create,thread:152,2026-08-11T02:30:00+00:00
5981,d5dc7189-89df-5fd7-983f-1124b6de3d68,150,first_thread,badge,2026-08-11T02:30:00+00:00
5982,001e944b-e64e-5742-afb7-5e04327e41ee,20,thread_create,thread:166,2026-08-11T02:30:00+00:00
5983,001e944b-e64e-5742-afb7-5e04327e41ee,150,first_thread,badge,2026-08-11T02:30:00+00:00
5984,bdc5faf6-386d-5338-99a0-32d156bcbd68,75,project_create,project:140,2026-08-11T04:30:00+00:00
5985,bdc5faf6-386d-5338-99a0-32d156bcbd68,100,first_project,badge,2026-08-11T04:30:00+00:00
5986,f223e569-d735-5980-b77b-25d459e64a37,250,helpful_5,badge,2026-08-11T06:00:00+00:00
5987,f223e569-d735-5980-b77b-25d459e64a37,25,helpful_comment,comment:361,2026-08-11T06:40:00+00:00
5988,f2561442-8439-5138-9a3b-8bcf96f16609,5,daily_login,2026-08-11,2026-08-11T07:10:00+00:00
5989,610e9654-06d6-5e55-959b-377b8749b8f9,5,daily_login,2026-08-11,2026-08-11T07:10:00+00:00
5990,f0f4eb8c-a1ed-50a1-bc7d-2863700a31a5,5,daily_login,2026-08-11,2026-08-11T07:11:00+00:00
5991,37b7aed3-d207-54f7-b4ec-0e05c50eaeb2,5,daily_login,2026-08-11,2026-08-11T07:11:00+00:00
5992,0da68170-ff38-5dad-9224-770d261f1c8a,5,daily_login,2026-08-11,2026-08-11T07:11:00+00:00
5993,3d0f3e54-413b-5a89-bc88-8cb0e7246b97,5,daily_login,2026-08-11,2026-08-11T07:12:00+00:00
5994,3d016498-e16a-5ad9-95c7-b633dfc6a142,5,daily_login,2026-08-11,2026-08-11T07:13:00+00:00
5995,001e944b-e64e-5742-afb7-5e04327e41ee,5,daily_login,2026-08-11,2026-08-11T07:14:00+00:00
5996,90cced0e-f2c7-528c-bd28-38c44ead6c98,5,daily_login,2026-08-11,2026-08-11T07:15:00+00:00
5997,50d6350f-ffd4-59ad-a1ff-65a49a77a913,5,daily_login,2026-08-11,2026-08-11T07:16:00+00:00
5998,64b591cd-4cbe-577a-aba9-ee6912328a58,5,daily_login,2026-08-11,2026-08-11T07:16:00+00:00
5999,693ebb02-ab3f-5d60-b798-d4d4df4900d2,5,daily_login,2026-08-11,2026-08-11T07:16:00+00:00
6000,9355c2cf-38db-5118-9b77-3d5b5b3870df,5,daily_login,2026-08-11,2026-08-11T07:17:00+00:00
6001,96dbbdad-601e-5bc2-9d1a-78f9f6349a39,5,daily_login,2026-08-11,2026-08-11T07:18:00+00:00
6002,64609795-d498-5ea7-ad33-a3bcecf9d962,5,daily_login,2026-08-11,2026-08-11T07:18:00+00:00
6003,5a4b137d-2ebb-5c75-8cdd-bf77406b4b9f,5,daily_login,2026-08-11,2026-08-11T07:19:00+00:00
6004,9d1c460b-bd0b-57ff-ac14-f2b10f73edd3,5,daily_login,2026-08-11,2026-08-11T07:19:00+00:00
6005,b0ebc690-efe0-594f-bd55-e4d7ec3454bc,5,daily_login,2026-08-11,2026-08-11T07:20:00+00:00
6006,9047d24d-0775-5f10-bf17-6e8fc62c5884,5,daily_login,2026-08-11,2026-08-11T07:20:00+00:00
6007,7bdf8ad6-1318-5f74-9112-e2b655e215a2,5,daily_login,2026-08-11,2026-08-11T07:21:00+00:00
6008,1b1e4344-fde4-5cc2-b82c-4fb458696522,5,daily_login,2026-08-11,2026-08-11T07:21:00+00:00
6009,368442e7-2dfe-5df4-9ab7-a468b984050a,5,daily_login,2026-08-11,2026-08-11T07:22:00+00:00
6010,484e243b-afd7-5767-bb0f-4262c0334aea,5,daily_login,2026-08-11,2026-08-11T07:22:00+00:00
6011,44a33563-638c-52da-ae01-285f43dfcb99,5,daily_login,2026-08-11,2026-08-11T07:22:00+00:00
6012,d16e3cdc-2868-563d-867d-62fa9b8b24ea,5,daily_login,2026-08-11,2026-08-11T07:22:00+00:00
6013,3a376c3a-3e46-5c8c-815c-232b66ca9bc8,5,daily_login,2026-08-11,2026-08-11T07:23:00+00:00
6014,4c310820-12d3-5128-9a45-973db446b59e,5,daily_login,2026-08-11,2026-08-11T07:23:00+00:00
6015,d5dc7189-89df-5fd7-983f-1124b6de3d68,5,daily_login,2026-08-11,2026-08-11T07:23:00+00:00
6016,58074159-53d7-5a52-8436-d84a05af35a9,5,daily_login,2026-08-11,2026-08-11T07:24:00+00:00
6017,a2cc3818-be31-5aeb-828c-e23f579431aa,5,daily_login,2026-08-11,2026-08-11T07:25:00+00:00
6018,1bf86e3f-0e6e-5241-b319-71005237945f,5,daily_login,2026-08-11,2026-08-11T07:25:00+00:00
6019,7298015b-9105-595a-b879-3013c08053f7,5,daily_login,2026-08-11,2026-08-11T07:26:00+00:00
6020,e502b694-466f-5e1f-9293-146b264ae20c,5,daily_login,2026-08-11,2026-08-11T07:27:00+00:00
6021,2e2e8079-6c9e-51c9-bc7e-1475045fd514,5,daily_login,2026-08-11,2026-08-11T07:27:00+00:00
6022,f3744506-cae3-5f81-8a4f-506a60395be8,5,daily_login,2026-08-11,2026-08-11T07:28:00+00:00
6023,0e49007f-82be-5238-a956-37d8f7b40d4c,5,daily_login,2026-08-11,2026-08-11T07:29:00+00:00
6024,5532dec3-02ae-5ac3-8b57-2e8214a8598b,5,daily_login,2026-08-11,2026-08-11T07:29:00+00:00
6025,96373821-4bf4-53b8-bd24-bb64bbb3b84e,5,daily_login,2026-08-11,2026-08-11T07:30:00+00:00
6026,facb4557-eabe-5f8b-89cc-f223b91c89b7,5,daily_login,2026-08-11,2026-08-11T07:30:00+00:00
6027,ee289908-380a-5bb3-8fdc-0990b203929b,5,daily_login,2026-08-11,2026-08-11T07:32:00+00:00
6028,95927b04-f214-5c26-878d-fb55176e41bc,5,daily_login,2026-08-11,2026-08-11T07:32:00+00:00
6029,1062abbb-4fcd-51a9-95fc-5474e4af7640,5,daily_login,2026-08-11,2026-08-11T07:32:00+00:00
6030,473b12ab-4d0d-5b7f-89b2-c0a1e2405c60,5,daily_login,2026-08-11,2026-08-11T07:32:00+00:00
6031,88820056-e901-59a1-b2ca-c4e813b34f7b,5,daily_login,2026-08-11,2026-08-11T07:33:00+00:00
6032,e747fee0-a84b-5f51-98a3-7481903c9023,5,daily_login,2026-08-11,2026-08-11T07:34:00+00:00
6033,5d857806-7d61-533b-bc12-af2d7b775d29,5,daily_login,2026-08-11,2026-08-11T07:35:00+00:00
6034,1873645b-b54c-51dc-a41a-7131e831a64f,5,daily_login,2026-08-11,2026-08-11T07:35:00+00:00
6035,554a90ae-c448-548d-a552-cd8f1c340cbd,5,daily_login,2026-08-11,2026-08-11T07:36:00+00:00
6036,ab45f9eb-3fee-5ea5-bccb-faffc50f3e76,5,daily_login,2026-08-11,2026-08-11T07:37:00+00:00
6037,5ce94e6e-a987-5fd1-90b2-94a1174f9376,5,daily_login,2026-08-11,2026-08-11T07:37:00+00:00
6038,302b84f9-9053-5cf7-bed0-305678227875,5,daily_login,2026-08-11,2026-08-11T07:39:00+00:00
6039,eeeb9e89-042f-5fdc-8fcf-2c3ad56f9bf1,5,daily_login,2026-08-11,2026-08-11T07:39:00+00:00
6040,508d03e7-de84-523a-8242-f48abc9451d7,5,daily_login,2026-08-11,2026-08-11T07:39:00+00:00
6041,c6286e16-5e03-594c-aa67-861b8ba91b33,5,daily_login,2026-08-11,2026-08-11T07:39:00+00:00
6042,fb400c3e-ecd0-522e-8b8e-1323946be71a,5,daily_login,2026-08-11,2026-08-11T07:40:00+00:00
6043,6cf4bb40-4d81-5eb3-b9d9-5841cd55724e,250,helpful_5,badge,2026-08-11T07:40:00+00:00
6044,6cf4bb40-4d81-5eb3-b9d9-5841cd55724e,25,helpful_comment,comment:325,2026-08-11T07:40:00+00:00
6045,96ccee9a-30f2-56cd-b597-a927c84e0f75,5,daily_login,2026-08-11,2026-08-11T07:41:00+00:00
6046,33ba5d16-c38c-5bcf-9896-ea8ae81d6e7b,5,daily_login,2026-08-11,2026-08-11T07:41:00+00:00
6047,7624f38b-fbca-546f-af04-c9dda9318f82,5,daily_login,2026-08-11,2026-08-11T07:41:00+00:00
6048,77c684c4-9514-5edc-85ff-1052c8544c14,5,daily_login,2026-08-11,2026-08-11T07:42:00+00:00
6049,b5be680a-732e-55e0-bc5d-b80e831ff33a,5,daily_login,2026-08-11,2026-08-11T07:42:00+00:00
6050,a070c6d0-c23b-5036-b352-f16db0d6ec8e,5,daily_login,2026-08-11,2026-08-11T07:43:00+00:00
6051,3b932376-f549-5a1c-a24b-664b4bc338e3,5,daily_login,2026-08-11,2026-08-11T07:43:00+00:00
6052,36016ab9-3cc9-5f6a-8bc7-1d138ad9cb43,5,daily_login,2026-08-11,2026-08-11T07:44:00+00:00
6053,a5526e82-ef69-522b-b3ad-df818658bde0,5,daily_login,2026-08-11,2026-08-11T07:44:00+00:00
6054,e137404e-9196-525c-b17a-44dc96d29f29,5,daily_login,2026-08-11,2026-08-11T07:44:00+00:00
6055,e137404e-9196-525c-b17a-44dc96d29f29,5,streak_week_bonus,2026-08-11,2026-08-11T07:44:00+00:00
6056,6d9d0917-bda8-5863-abe4-92d14b0cc926,5,daily_login,2026-08-11,2026-08-11T07:44:00+00:00
6057,6ab0c42d-0ad5-5b3d-9c6c-4ab9eaa47586,5,daily_login,2026-08-11,2026-08-11T07:45:00+00:00
6058,d2a70bca-a25c-522f-9b7e-c967b69503cc,5,daily_login,2026-08-11,2026-08-11T07:45:00+00:00
6059,5ccdaadc-80b2-50e1-a0c1-bad0246a7cf2,5,daily_login,2026-08-11,2026-08-11T07:46:00+00:00
6060,bf54d417-d834-5d3e-a7f9-106377fe05a5,5,daily_login,2026-08-11,2026-08-11T07:46:00+00:00
6061,77c684c4-9514-5edc-85ff-1052c8544c14,40,project_join,project_join:140,2026-08-11T08:30:00+00:00
6062,518ae987-15f7-5b22-8bcc-df59623dbdce,20,thread_create,thread:173,2026-08-11T08:30:00+00:00
6063,4845dc43-0c9d-5f09-aa4a-62e68abb5d12,250,helpful_5,badge,2026-08-11T12:00:00+00:00
6064,4845dc43-0c9d-5f09-aa4a-62e68abb5d12,200,level_5,badge,2026-08-11T12:00:00+00:00
6065,d9fbcbde-376a-5f82-9fb5-268a24b02d57,250,helpful_5,badge,2026-08-11T14:00:00+00:00
6066,f4793612-bd5c-52c4-b29e-226fe28a77ca,60,milestone_complete,milestone:193,2026-08-11T15:30:00+00:00
6067,4cf03b5a-e2ca-57f2-95b8-16a3b92247e6,75,project_create,project:158,2026-08-11T18:30:00+00:00
6068,4cf03b5a-e2ca-57f2-95b8-16a3b92247e6,100,first_project,badge,2026-08-11T18:30:00+00:00
6069,33ba5d16-c38c-5bcf-9896-ea8ae81d6e7b,25,helpful_comment,comment:340,2026-08-11T20:40:00+00:00
6070,1bc15434-bc22-56cc-a890-336efd2a11e5,40,project_join,project_join:158,2026-08-11T22:30:00+00:00
6071,f3744506-cae3-5f81-8a4f-506a60395be8,40,project_join,project_join:158,2026-08-12T02:30:00+00:00
6072,3d5b480d-3962-5c76-96ca-5459d65372aa,75,project_create,project:188,2026-08-12T02:30:00+00:00
6073,3d5b480d-3962-5c76-96ca-5459d65372aa,100,first_project,badge,2026-08-12T02:30:00+00:00
6074,50de23a6-cd45-55ac-adb0-06d14b4ed8ce,250,helpful_5,badge,2026-08-12T03:40:00+00:00
6075,50de23a6-cd45-55ac-adb0-06d14b4ed8ce,25,helpful_comment,comment:341,2026-08-12T03:40:00+00:00
6076,4845dc43-0c9d-5f09-aa4a-62e68abb5d12,40,project_join,project_join:158,2026-08-12T06:30:00+00:00
6077,06657aeb-b604-5b0d-9281-d2e5afb78a9d,40,project_join,project_join:188,2026-08-12T06:30:00+00:00
6078,06657aeb-b604-5b0d-9281-d2e5afb78a9d,100,first_project,badge,2026-08-12T06:30:00+00:00
6079,4c2177ab-592a-5e4a-b25b-8bb3f8090555,5,daily_login,2026-08-12,2026-08-12T07:11:00+00:00
6080,37b7aed3-d207-54f7-b4ec-0e05c50eaeb2,5,daily_login,2026-08-12,2026-08-12T07:11:00+00:00
6081,f985b68e-39ae-5c83-8468-2b126802c414,5,daily_login,2026-08-12,2026-08-12T07:12:00+00:00
6082,cd8c4c60-ab9b-5cf3-996e-d4fbb990f4c6,5,daily_login,2026-08-12,2026-08-12T07:12:00+00:00
6083,f4793612-bd5c-52c4-b29e-226fe28a77ca,5,daily_login,2026-08-12,2026-08-12T07:13:00+00:00
6084,ea7edc0e-b64d-545f-b311-b4ee943f2935,5,daily_login,2026-08-12,2026-08-12T07:14:00+00:00
6085,90cced0e-f2c7-528c-bd28-38c44ead6c98,5,daily_login,2026-08-12,2026-08-12T07:15:00+00:00
6086,50d6350f-ffd4-59ad-a1ff-65a49a77a913,5,daily_login,2026-08-12,2026-08-12T07:16:00+00:00
6087,693ebb02-ab3f-5d60-b798-d4d4df4900d2,5,daily_login,2026-08-12,2026-08-12T07:16:00+00:00
6088,96dbbdad-601e-5bc2-9d1a-78f9f6349a39,5,daily_login,2026-08-12,2026-08-12T07:18:00+00:00
6089,96dbbdad-601e-5bc2-9d1a-78f9f6349a39,5,streak_week_bonus,2026-08-12,2026-08-12T07:18:00+00:00
6090,64609795-d498-5ea7-ad33-a3bcecf9d962,5,daily_login,2026-08-12,2026-08-12T07:18:00+00:00
6091,d3175e63-6121-5d55-b429-df91670d9aca,5,daily_login,2026-08-12,2026-08-12T07:18:00+00:00
6092,9047d24d-0775-5f10-bf17-6e8fc62c5884,5,daily_login,2026-08-12,2026-08-12T07:20:00+00:00
6093,9047d24d-0775-5f10-bf17-6e8fc62c5884,5,streak_week_bonus,2026-08-12,2026-08-12T07:20:00+00:00
6094,9c9c228f-3bd5-5da4-b666-fbfab93b4b7e,5,daily_login,2026-08-12,2026-08-12T07:21:00+00:00
6095,7bdf8ad6-1318-5f74-9112-e2b655e215a2,5,daily_login,2026-08-12,2026-08-12T07:21:00+00:00
6096,7bdf8ad6-1318-5f74-9112-e2b655e215a2,5,streak_week_bonus,2026-08-12,2026-08-12T07:21:00+00:00
6097,85df6dcd-e42a-581f-802b-eb93568b74eb,5,daily_login,2026-08-12,2026-08-12T07:21:00+00:00
6098,368442e7-2dfe-5df4-9ab7-a468b984050a,5,daily_login,2026-08-12,2026-08-12T07:22:00+00:00
6099,d16e3cdc-2868-563d-867d-62fa9b8b24ea,5,daily_login,2026-08-12,2026-08-12T07:22:00+00:00
6100,4c310820-12d3-5128-9a45-973db446b59e,5,daily_login,2026-08-12,2026-08-12T07:23:00+00:00
6101,02bf8d95-eee4-5287-b363-0551cc4a6d51,5,daily_login,2026-08-12,2026-08-12T07:23:00+00:00
6102,35e87bcc-650c-5e3f-9741-3f0c54905b6f,5,daily_login,2026-08-12,2026-08-12T07:23:00+00:00
6103,ae96d203-7a11-52ed-9e02-cd93c3dda603,5,daily_login,2026-08-12,2026-08-12T07:24:00+00:00
6104,ffe47fd1-7989-5728-addd-50b504edd889,5,daily_login,2026-08-12,2026-08-12T07:24:00+00:00
6105,58074159-53d7-5a52-8436-d84a05af35a9,5,daily_login,2026-08-12,2026-08-12T07:24:00+00:00
6106,a2cc3818-be31-5aeb-828c-e23f579431aa,5,daily_login,2026-08-12,2026-08-12T07:25:00+00:00
6107,a60d0128-bffa-5d2d-9915-36693e6bc3ba,5,daily_login,2026-08-12,2026-08-12T07:26:00+00:00
6108,4307ee18-2e16-50be-abbc-db160bb8e8fd,5,daily_login,2026-08-12,2026-08-12T07:26:00+00:00
6109,e502b694-466f-5e1f-9293-146b264ae20c,5,daily_login,2026-08-12,2026-08-12T07:27:00+00:00
6110,d0c58825-6ead-50f6-9a07-f2f95dbb51ea,5,daily_login,2026-08-12,2026-08-12T07:27:00+00:00
6111,49a9d8f7-08ea-5972-af3a-0ca0a6c06e59,5,daily_login,2026-08-12,2026-08-12T07:27:00+00:00
6112,f3744506-cae3-5f81-8a4f-506a60395be8,5,daily_login,2026-08-12,2026-08-12T07:28:00+00:00
6113,673e8617-3280-5bfa-85a6-738a6d64aac6,5,daily_login,2026-08-12,2026-08-12T07:28:00+00:00
6114,96373821-4bf4-53b8-bd24-bb64bbb3b84e,5,daily_login,2026-08-12,2026-08-12T07:30:00+00:00
6115,f8f213c7-3d61-567e-9735-5e3e9498b892,5,daily_login,2026-08-12,2026-08-12T07:31:00+00:00
6116,82a5c89c-0b3a-58b9-9259-837a5348a5c2,5,daily_login,2026-08-12,2026-08-12T07:31:00+00:00
6117,ee289908-380a-5bb3-8fdc-0990b203929b,5,daily_login,2026-08-12,2026-08-12T07:32:00+00:00
6118,473b12ab-4d0d-5b7f-89b2-c0a1e2405c60,5,daily_login,2026-08-12,2026-08-12T07:32:00+00:00
6119,44f09dba-7a20-5f46-840b-4670e6c7eb92,5,daily_login,2026-08-12,2026-08-12T07:33:00+00:00
6120,88820056-e901-59a1-b2ca-c4e813b34f7b,5,daily_login,2026-08-12,2026-08-12T07:33:00+00:00
6121,6720265f-9f2b-5485-bf24-54e1784991b6,5,daily_login,2026-08-12,2026-08-12T07:34:00+00:00
6122,01c00e49-c4d6-5d4b-bbc1-8aa3fe21ba2a,5,daily_login,2026-08-12,2026-08-12T07:34:00+00:00
6123,5d857806-7d61-533b-bc12-af2d7b775d29,5,daily_login,2026-08-12,2026-08-12T07:35:00+00:00
6124,fbdfefdb-ca2d-5a0e-87ed-62021c1c11d4,5,daily_login,2026-08-12,2026-08-12T07:35:00+00:00
6125,5421f79d-ed60-5eed-852b-01b379adab9e,5,daily_login,2026-08-12,2026-08-12T07:36:00+00:00
6126,ab45f9eb-3fee-5ea5-bccb-faffc50f3e76,5,daily_login,2026-08-12,2026-08-12T07:37:00+00:00
6127,6988340a-a3c1-5fda-a996-711f1723c649,5,daily_login,2026-08-12,2026-08-12T07:37:00+00:00
6128,eb397f92-99ac-5f0f-8f81-3540865f0477,5,daily_login,2026-08-12,2026-08-12T07:38:00+00:00
6129,302b84f9-9053-5cf7-bed0-305678227875,5,daily_login,2026-08-12,2026-08-12T07:39:00+00:00
6130,302b84f9-9053-5cf7-bed0-305678227875,5,streak_week_bonus,2026-08-12,2026-08-12T07:39:00+00:00
6131,302b84f9-9053-5cf7-bed0-305678227875,200,streak_7,badge,2026-08-12T07:39:00+00:00
6132,508d03e7-de84-523a-8242-f48abc9451d7,5,daily_login,2026-08-12,2026-08-12T07:39:00+00:00
6133,e21dfd78-ea9f-5754-a3b2-3b3b66dd30b5,5,daily_login,2026-08-12,2026-08-12T07:39:00+00:00
6134,7b48b183-5d87-500f-9cec-2e003c19efac,5,daily_login,2026-08-12,2026-08-12T07:40:00+00:00
6135,bb4b0d34-59a4-5948-a9be-a1aa6caece55,5,daily_login,2026-08-12,2026-08-12T07:40:00+00:00
6136,d767d4bb-a2aa-587a-90f9-23d0689ae52a,5,daily_login,2026-08-12,2026-08-12T07:40:00+00:00
6137,373cd20e-25d5-5a46-a0ae-18157cf68a55,5,daily_login,2026-08-12,2026-08-12T07:41:00+00:00
6138,77c684c4-9514-5edc-85ff-1052c8544c14,5,daily_login,2026-08-12,2026-08-12T07:42:00+00:00
6139,36016ab9-3cc9-5f6a-8bc7-1d138ad9cb43,5,daily_login,2026-08-12,2026-08-12T07:44:00+00:00
6140,e137404e-9196-525c-b17a-44dc96d29f29,5,daily_login,2026-08-12,2026-08-12T07:44:00+00:00
6141,6ab0c42d-0ad5-5b3d-9c6c-4ab9eaa47586,5,daily_login,2026-08-12,2026-08-12T07:45:00+00:00
6142,d2a70bca-a25c-522f-9b7e-c967b69503cc,5,daily_login,2026-08-12,2026-08-12T07:45:00+00:00
6143,b39a9d3d-f3eb-5d31-9cc7-15e278969b70,5,daily_login,2026-08-12,2026-08-12T07:46:00+00:00
6144,35e87bcc-650c-5e3f-9741-3f0c54905b6f,250,helpful_5,badge,2026-08-12T09:20:00+00:00
6145,51420309-4688-52d6-84b9-51c0dc3a900e,40,project_join,project_join:188,2026-08-12T10:30:00+00:00
6146,51420309-4688-52d6-84b9-51c0dc3a900e,100,first_project,badge,2026-08-12T10:30:00+00:00
6147,35e87bcc-650c-5e3f-9741-3f0c54905b6f,25,helpful_comment,comment:342,2026-08-12T10:40:00+00:00
6148,a60d0128-bffa-5d2d-9915-36693e6bc3ba,40,project_join,project_join:188,2026-08-12T14:30:00+00:00
6149,da462241-608b-5422-bdbd-0d98184a433d,40,project_join,project_join:188,2026-08-12T18:30:00+00:00
6150,da462241-608b-5422-bdbd-0d98184a433d,100,first_project,badge,2026-08-12T18:30:00+00:00
6151,6ab0c42d-0ad5-5b3d-9c6c-4ab9eaa47586,60,milestone_complete,milestone:135,2026-08-13T00:30:00+00:00
6152,e747fee0-a84b-5f51-98a3-7481903c9023,15,task_complete,task:236,2026-08-13T02:30:00+00:00
6153,e747fee0-a84b-5f51-98a3-7481903c9023,100,first_task,badge,2026-08-13T02:30:00+00:00
6154,e747fee0-a84b-5f51-98a3-7481903c9023,60,milestone_complete,milestone:155,2026-08-13T02:30:00+00:00
6155,e747fee0-a84b-5f51-98a3-7481903c9023,150,first_milestone,badge,2026-08-13T02:30:00+00:00
6156,bf54d417-d834-5d3e-a7f9-106377fe05a5,150,first_milestone,badge,2026-08-13T02:30:00+00:00
6157,484e243b-afd7-5767-bb0f-4262c0334aea,150,first_milestone,badge,2026-08-13T02:30:00+00:00
6158,50d6350f-ffd4-59ad-a1ff-65a49a77a913,150,first_milestone,badge,2026-08-13T02:30:00+00:00
6159,50d6350f-ffd4-59ad-a1ff-65a49a77a913,200,level_5,badge,2026-08-13T02:30:00+00:00
6160,9cba29b2-e169-54f3-9d61-1d5013f80312,150,first_milestone,badge,2026-08-13T02:30:00+00:00
6161,518ae987-15f7-5b22-8bcc-df59623dbdce,20,thread_create,thread:158,2026-08-13T02:30:00+00:00
6162,f2561442-8439-5138-9a3b-8bcf96f16609,5,daily_login,2026-08-13,2026-08-13T07:10:00+00:00
6163,af808cd8-ab34-515f-a8a0-a1b0719a537b,5,daily_login,2026-08-13,2026-08-13T07:10:00+00:00
6164,610e9654-06d6-5e55-959b-377b8749b8f9,5,daily_login,2026-08-13,2026-08-13T07:10:00+00:00
6165,4c2177ab-592a-5e4a-b25b-8bb3f8090555,5,daily_login,2026-08-13,2026-08-13T07:11:00+00:00
6166,37b7aed3-d207-54f7-b4ec-0e05c50eaeb2,5,daily_login,2026-08-13,2026-08-13T07:11:00+00:00
6167,0da68170-ff38-5dad-9224-770d261f1c8a,5,daily_login,2026-08-13,2026-08-13T07:11:00+00:00
6168,6cf4bb40-4d81-5eb3-b9d9-5841cd55724e,5,daily_login,2026-08-13,2026-08-13T07:11:00+00:00
6169,ea7edc0e-b64d-545f-b311-b4ee943f2935,5,daily_login,2026-08-13,2026-08-13T07:14:00+00:00
6170,20b63262-d3e6-555a-95b2-84fc87694a19,5,daily_login,2026-08-13,2026-08-13T07:15:00+00:00
6171,90cced0e-f2c7-528c-bd28-38c44ead6c98,5,daily_login,2026-08-13,2026-08-13T07:15:00+00:00
6172,50d6350f-ffd4-59ad-a1ff-65a49a77a913,5,daily_login,2026-08-13,2026-08-13T07:16:00+00:00
6173,1bc15434-bc22-56cc-a890-336efd2a11e5,5,daily_login,2026-08-13,2026-08-13T07:17:00+00:00
6174,9355c2cf-38db-5118-9b77-3d5b5b3870df,5,daily_login,2026-08-13,2026-08-13T07:17:00+00:00
6175,96dbbdad-601e-5bc2-9d1a-78f9f6349a39,5,daily_login,2026-08-13,2026-08-13T07:18:00+00:00
6176,d3175e63-6121-5d55-b429-df91670d9aca,5,daily_login,2026-08-13,2026-08-13T07:18:00+00:00
6177,b55b4f74-ded6-5cf1-aae0-9ad89c03c10c,5,daily_login,2026-08-13,2026-08-13T07:19:00+00:00
6178,5a4b137d-2ebb-5c75-8cdd-bf77406b4b9f,5,daily_login,2026-08-13,2026-08-13T07:19:00+00:00
6179,cb162f3d-006f-544e-bfa6-f9abb8a52026,5,daily_login,2026-08-13,2026-08-13T07:19:00+00:00
6180,7b359533-e634-59eb-a2c3-b5501ff96488,5,daily_login,2026-08-13,2026-08-13T07:19:00+00:00
6181,f4b545d6-b6c0-54b8-847e-101d68428b48,5,daily_login,2026-08-13,2026-08-13T07:20:00+00:00
6182,9047d24d-0775-5f10-bf17-6e8fc62c5884,5,daily_login,2026-08-13,2026-08-13T07:20:00+00:00
6183,9c9c228f-3bd5-5da4-b666-fbfab93b4b7e,5,daily_login,2026-08-13,2026-08-13T07:21:00+00:00
6184,7bdf8ad6-1318-5f74-9112-e2b655e215a2,5,daily_login,2026-08-13,2026-08-13T07:21:00+00:00
6185,4ec67eb8-4fda-5cbc-bbd1-a6afc7ce8130,5,daily_login,2026-08-13,2026-08-13T07:21:00+00:00
6186,4966bb54-4d4f-5992-8586-1bd44991d17f,5,daily_login,2026-08-13,2026-08-13T07:22:00+00:00
6187,d16e3cdc-2868-563d-867d-62fa9b8b24ea,5,daily_login,2026-08-13,2026-08-13T07:22:00+00:00
6188,4c310820-12d3-5128-9a45-973db446b59e,5,daily_login,2026-08-13,2026-08-13T07:23:00+00:00
6189,02bf8d95-eee4-5287-b363-0551cc4a6d51,5,daily_login,2026-08-13,2026-08-13T07:23:00+00:00
6190,ae96d203-7a11-52ed-9e02-cd93c3dda603,5,daily_login,2026-08-13,2026-08-13T07:24:00+00:00
6191,a992f17b-79b6-5dcf-aed4-2aebaa5775c7,5,daily_login,2026-08-13,2026-08-13T07:25:00+00:00
6192,a2cc3818-be31-5aeb-828c-e23f579431aa,5,daily_login,2026-08-13,2026-08-13T07:25:00+00:00
6193,53f78f7e-e2df-586b-b483-5748c92d0f9f,5,daily_login,2026-08-13,2026-08-13T07:25:00+00:00
6194,1bf86e3f-0e6e-5241-b319-71005237945f,5,daily_login,2026-08-13,2026-08-13T07:25:00+00:00
6195,4307ee18-2e16-50be-abbc-db160bb8e8fd,5,daily_login,2026-08-13,2026-08-13T07:26:00+00:00
6196,e502b694-466f-5e1f-9293-146b264ae20c,5,daily_login,2026-08-13,2026-08-13T07:27:00+00:00
6197,2e2e8079-6c9e-51c9-bc7e-1475045fd514,5,daily_login,2026-08-13,2026-08-13T07:27:00+00:00
6198,f3744506-cae3-5f81-8a4f-506a60395be8,5,daily_login,2026-08-13,2026-08-13T07:28:00+00:00
6199,e7dd6cb0-626e-510a-9e98-0498c534b04d,5,daily_login,2026-08-13,2026-08-13T07:28:00+00:00
6200,5532dec3-02ae-5ac3-8b57-2e8214a8598b,5,daily_login,2026-08-13,2026-08-13T07:29:00+00:00
6201,da462241-608b-5422-bdbd-0d98184a433d,5,daily_login,2026-08-13,2026-08-13T07:30:00+00:00
6202,7624f38b-fbca-546f-af04-c9dda9318f82,15,task_complete,task:264,2026-08-13T07:30:00+00:00
6203,7624f38b-fbca-546f-af04-c9dda9318f82,100,first_task,badge,2026-08-13T07:30:00+00:00
6204,7624f38b-fbca-546f-af04-c9dda9318f82,60,milestone_complete,milestone:167,2026-08-13T07:30:00+00:00
6205,082b47e7-5a06-5a34-bd49-595c82b2b196,5,daily_login,2026-08-13,2026-08-13T07:31:00+00:00
6206,45cee65b-db52-5dff-b09d-0ee1ac2be20f,5,daily_login,2026-08-13,2026-08-13T07:31:00+00:00
6207,ee289908-380a-5bb3-8fdc-0990b203929b,5,daily_login,2026-08-13,2026-08-13T07:32:00+00:00
6208,95927b04-f214-5c26-878d-fb55176e41bc,5,daily_login,2026-08-13,2026-08-13T07:32:00+00:00
6209,84047d01-74e6-5a08-a20e-b5c25e3eff3e,5,daily_login,2026-08-13,2026-08-13T07:33:00+00:00
6210,88820056-e901-59a1-b2ca-c4e813b34f7b,5,daily_login,2026-08-13,2026-08-13T07:33:00+00:00
6211,bc38029f-d1c5-5b8f-8055-d446a522cb91,5,daily_login,2026-08-13,2026-08-13T07:34:00+00:00
6212,6720265f-9f2b-5485-bf24-54e1784991b6,5,daily_login,2026-08-13,2026-08-13T07:34:00+00:00
6213,01c00e49-c4d6-5d4b-bbc1-8aa3fe21ba2a,5,daily_login,2026-08-13,2026-08-13T07:34:00+00:00
6214,5d857806-7d61-533b-bc12-af2d7b775d29,5,daily_login,2026-08-13,2026-08-13T07:35:00+00:00
6215,d48cab4b-e48b-59ae-88d6-41d5d463569d,5,daily_login,2026-08-13,2026-08-13T07:35:00+00:00
6216,ac9c9500-b7e4-5bbe-8f4e-a40a6201979a,5,daily_login,2026-08-13,2026-08-13T07:35:00+00:00
6217,9a026691-28ff-5880-9da3-006735af19d3,5,daily_login,2026-08-13,2026-08-13T07:35:00+00:00
6218,7e6a1243-34f5-52e6-862f-e5f3b2ebe640,5,daily_login,2026-08-13,2026-08-13T07:36:00+00:00
6219,ab45f9eb-3fee-5ea5-bccb-faffc50f3e76,5,daily_login,2026-08-13,2026-08-13T07:37:00+00:00
6220,5ce94e6e-a987-5fd1-90b2-94a1174f9376,5,daily_login,2026-08-13,2026-08-13T07:37:00+00:00
6221,6988340a-a3c1-5fda-a996-711f1723c649,5,daily_login,2026-08-13,2026-08-13T07:37:00+00:00
6222,783491ec-2857-52e8-a102-766d7abba6d2,5,daily_login,2026-08-13,2026-08-13T07:38:00+00:00
6223,302b84f9-9053-5cf7-bed0-305678227875,5,daily_login,2026-08-13,2026-08-13T07:39:00+00:00
6224,508d03e7-de84-523a-8242-f48abc9451d7,5,daily_login,2026-08-13,2026-08-13T07:39:00+00:00
6225,c6286e16-5e03-594c-aa67-861b8ba91b33,5,daily_login,2026-08-13,2026-08-13T07:39:00+00:00
6226,96ccee9a-30f2-56cd-b597-a927c84e0f75,5,daily_login,2026-08-13,2026-08-13T07:41:00+00:00
6227,373cd20e-25d5-5a46-a0ae-18157cf68a55,5,daily_login,2026-08-13,2026-08-13T07:41:00+00:00
6228,77c684c4-9514-5edc-85ff-1052c8544c14,5,daily_login,2026-08-13,2026-08-13T07:42:00+00:00
6229,dfe9e449-d177-56af-a679-d3e1c78c5c02,5,daily_login,2026-08-13,2026-08-13T07:43:00+00:00
6230,3b932376-f549-5a1c-a24b-664b4bc338e3,5,daily_login,2026-08-13,2026-08-13T07:43:00+00:00
6231,36016ab9-3cc9-5f6a-8bc7-1d138ad9cb43,5,daily_login,2026-08-13,2026-08-13T07:44:00+00:00
6232,a5526e82-ef69-522b-b3ad-df818658bde0,5,daily_login,2026-08-13,2026-08-13T07:44:00+00:00
6233,e137404e-9196-525c-b17a-44dc96d29f29,5,daily_login,2026-08-13,2026-08-13T07:44:00+00:00
6234,6d9d0917-bda8-5863-abe4-92d14b0cc926,5,daily_login,2026-08-13,2026-08-13T07:44:00+00:00
6235,3bc3e38a-5ff7-5330-ab2d-8add18e85d57,5,daily_login,2026-08-13,2026-08-13T07:45:00+00:00
6236,5ccdaadc-80b2-50e1-a0c1-bad0246a7cf2,5,daily_login,2026-08-13,2026-08-13T07:46:00+00:00
6237,f223e569-d735-5980-b77b-25d459e64a37,25,helpful_comment,comment:369,2026-08-13T14:40:00+00:00
6238,e0b64119-ecb0-52a5-852d-39c211ce337a,75,project_create,project:164,2026-08-13T15:30:00+00:00
6239,e0b64119-ecb0-52a5-852d-39c211ce337a,100,first_project,badge,2026-08-13T15:30:00+00:00
6240,1b1e4344-fde4-5cc2-b82c-4fb458696522,40,project_join,project_join:164,2026-08-13T19:30:00+00:00
6241,1b1e4344-fde4-5cc2-b82c-4fb458696522,100,first_project,badge,2026-08-13T19:30:00+00:00
6242,693ebb02-ab3f-5d60-b798-d4d4df4900d2,40,project_join,project_join:164,2026-08-13T23:30:00+00:00
6243,d5dc7189-89df-5fd7-983f-1124b6de3d68,15,task_complete,task:537,2026-08-13T23:30:00+00:00
6244,d5dc7189-89df-5fd7-983f-1124b6de3d68,60,milestone_complete,milestone:265,2026-08-13T23:30:00+00:00
6245,508d03e7-de84-523a-8242-f48abc9451d7,15,task_complete,task:237,2026-08-14T03:30:00+00:00
6246,96dbbdad-601e-5bc2-9d1a-78f9f6349a39,20,thread_create,thread:126,2026-08-14T05:30:00+00:00
6247,96dbbdad-601e-5bc2-9d1a-78f9f6349a39,150,first_thread,badge,2026-08-14T05:30:00+00:00
6248,96dbbdad-601e-5bc2-9d1a-78f9f6349a39,200,level_5,badge,2026-08-14T05:30:00+00:00
6249,f2561442-8439-5138-9a3b-8bcf96f16609,5,daily_login,2026-08-14,2026-08-14T07:10:00+00:00
6250,610e9654-06d6-5e55-959b-377b8749b8f9,5,daily_login,2026-08-14,2026-08-14T07:10:00+00:00
6251,37b7aed3-d207-54f7-b4ec-0e05c50eaeb2,5,daily_login,2026-08-14,2026-08-14T07:11:00+00:00
6252,6e82bb3e-ede8-5803-ba1a-cc3aa8766199,5,daily_login,2026-08-14,2026-08-14T07:15:00+00:00
6253,20b63262-d3e6-555a-95b2-84fc87694a19,5,daily_login,2026-08-14,2026-08-14T07:15:00+00:00
6254,6ecf180b-be59-594c-a33b-31bd0120f01f,5,daily_login,2026-08-14,2026-08-14T07:15:00+00:00
6255,d6b81cb4-a299-5894-baa5-463cb63679a3,5,daily_login,2026-08-14,2026-08-14T07:15:00+00:00
6256,50d6350f-ffd4-59ad-a1ff-65a49a77a913,5,daily_login,2026-08-14,2026-08-14T07:16:00+00:00
6257,64b591cd-4cbe-577a-aba9-ee6912328a58,5,daily_login,2026-08-14,2026-08-14T07:16:00+00:00
6258,eb3717c1-cd92-5eeb-af40-9df7f3132426,5,daily_login,2026-08-14,2026-08-14T07:16:00+00:00
6259,b7f1d97d-9f3c-5885-b9ef-48d67a16a686,5,daily_login,2026-08-14,2026-08-14T07:17:00+00:00
6260,fd96bbd1-5601-5c99-a1e2-04b09168b35e,5,daily_login,2026-08-14,2026-08-14T07:18:00+00:00
6261,96dbbdad-601e-5bc2-9d1a-78f9f6349a39,5,daily_login,2026-08-14,2026-08-14T07:18:00+00:00
6262,64609795-d498-5ea7-ad33-a3bcecf9d962,5,daily_login,2026-08-14,2026-08-14T07:18:00+00:00
6263,5a4b137d-2ebb-5c75-8cdd-bf77406b4b9f,5,daily_login,2026-08-14,2026-08-14T07:19:00+00:00
6264,e1f9b739-b2d3-51e6-9609-05805a6d151c,5,daily_login,2026-08-14,2026-08-14T07:19:00+00:00
6265,9d1c460b-bd0b-57ff-ac14-f2b10f73edd3,5,daily_login,2026-08-14,2026-08-14T07:19:00+00:00
6266,7b359533-e634-59eb-a2c3-b5501ff96488,5,daily_login,2026-08-14,2026-08-14T07:19:00+00:00
6267,43a3bb15-e7a6-5c42-a198-3e0d7f080ba1,5,daily_login,2026-08-14,2026-08-14T07:20:00+00:00
6268,9047d24d-0775-5f10-bf17-6e8fc62c5884,5,daily_login,2026-08-14,2026-08-14T07:20:00+00:00
6269,9c9c228f-3bd5-5da4-b666-fbfab93b4b7e,5,daily_login,2026-08-14,2026-08-14T07:21:00+00:00
6270,7bdf8ad6-1318-5f74-9112-e2b655e215a2,5,daily_login,2026-08-14,2026-08-14T07:21:00+00:00
6271,1b1e4344-fde4-5cc2-b82c-4fb458696522,5,daily_login,2026-08-14,2026-08-14T07:21:00+00:00
6272,4ec67eb8-4fda-5cbc-bbd1-a6afc7ce8130,5,daily_login,2026-08-14,2026-08-14T07:21:00+00:00
6273,85df6dcd-e42a-581f-802b-eb93568b74eb,5,daily_login,2026-08-14,2026-08-14T07:21:00+00:00
6274,4966bb54-4d4f-5992-8586-1bd44991d17f,5,daily_login,2026-08-14,2026-08-14T07:22:00+00:00
6275,484e243b-afd7-5767-bb0f-4262c0334aea,5,daily_login,2026-08-14,2026-08-14T07:22:00+00:00
6276,44a33563-638c-52da-ae01-285f43dfcb99,5,daily_login,2026-08-14,2026-08-14T07:22:00+00:00
6277,4c310820-12d3-5128-9a45-973db446b59e,5,daily_login,2026-08-14,2026-08-14T07:23:00+00:00
6278,4c310820-12d3-5128-9a45-973db446b59e,5,streak_week_bonus,2026-08-14,2026-08-14T07:23:00+00:00
6279,d5dc7189-89df-5fd7-983f-1124b6de3d68,5,daily_login,2026-08-14,2026-08-14T07:23:00+00:00
6280,02bf8d95-eee4-5287-b363-0551cc4a6d51,5,daily_login,2026-08-14,2026-08-14T07:23:00+00:00
6281,35e87bcc-650c-5e3f-9741-3f0c54905b6f,5,daily_login,2026-08-14,2026-08-14T07:23:00+00:00
6282,58074159-53d7-5a52-8436-d84a05af35a9,5,daily_login,2026-08-14,2026-08-14T07:24:00+00:00
6283,a2cc3818-be31-5aeb-828c-e23f579431aa,5,daily_login,2026-08-14,2026-08-14T07:25:00+00:00
6284,1bf86e3f-0e6e-5241-b319-71005237945f,5,daily_login,2026-08-14,2026-08-14T07:25:00+00:00
6285,baa8ef70-5b01-5a49-84cb-71c353290705,5,daily_login,2026-08-14,2026-08-14T07:26:00+00:00
6286,4307ee18-2e16-50be-abbc-db160bb8e8fd,5,daily_login,2026-08-14,2026-08-14T07:26:00+00:00
6287,e502b694-466f-5e1f-9293-146b264ae20c,5,daily_login,2026-08-14,2026-08-14T07:27:00+00:00
6288,d0c58825-6ead-50f6-9a07-f2f95dbb51ea,5,daily_login,2026-08-14,2026-08-14T07:27:00+00:00
6289,2e2e8079-6c9e-51c9-bc7e-1475045fd514,5,daily_login,2026-08-14,2026-08-14T07:27:00+00:00
6290,49a9d8f7-08ea-5972-af3a-0ca0a6c06e59,5,daily_login,2026-08-14,2026-08-14T07:27:00+00:00
6291,e3efd234-c7f9-5957-937f-661b1c3981ef,5,daily_login,2026-08-14,2026-08-14T07:28:00+00:00
6292,e7dd6cb0-626e-510a-9e98-0498c534b04d,5,daily_login,2026-08-14,2026-08-14T07:28:00+00:00
6293,5532dec3-02ae-5ac3-8b57-2e8214a8598b,5,daily_login,2026-08-14,2026-08-14T07:29:00+00:00
6294,0947c4b9-50d6-50e2-9043-84a15b80e8c7,5,daily_login,2026-08-14,2026-08-14T07:30:00+00:00
6295,f8f213c7-3d61-567e-9735-5e3e9498b892,5,daily_login,2026-08-14,2026-08-14T07:31:00+00:00
6296,95927b04-f214-5c26-878d-fb55176e41bc,5,daily_login,2026-08-14,2026-08-14T07:32:00+00:00
6297,1062abbb-4fcd-51a9-95fc-5474e4af7640,5,daily_login,2026-08-14,2026-08-14T07:32:00+00:00
6298,84047d01-74e6-5a08-a20e-b5c25e3eff3e,5,daily_login,2026-08-14,2026-08-14T07:33:00+00:00
6299,88820056-e901-59a1-b2ca-c4e813b34f7b,5,daily_login,2026-08-14,2026-08-14T07:33:00+00:00
6300,88820056-e901-59a1-b2ca-c4e813b34f7b,5,streak_week_bonus,2026-08-14,2026-08-14T07:33:00+00:00
6301,a0a53b38-722a-56e6-a52c-fe0e06169a59,5,daily_login,2026-08-14,2026-08-14T07:34:00+00:00
6302,01c00e49-c4d6-5d4b-bbc1-8aa3fe21ba2a,5,daily_login,2026-08-14,2026-08-14T07:34:00+00:00
6303,5d857806-7d61-533b-bc12-af2d7b775d29,5,daily_login,2026-08-14,2026-08-14T07:35:00+00:00
6304,1873645b-b54c-51dc-a41a-7131e831a64f,5,daily_login,2026-08-14,2026-08-14T07:35:00+00:00
6305,7e6a1243-34f5-52e6-862f-e5f3b2ebe640,5,daily_login,2026-08-14,2026-08-14T07:36:00+00:00
6306,ab45f9eb-3fee-5ea5-bccb-faffc50f3e76,5,daily_login,2026-08-14,2026-08-14T07:37:00+00:00
6307,5ce94e6e-a987-5fd1-90b2-94a1174f9376,5,daily_login,2026-08-14,2026-08-14T07:37:00+00:00
6308,6988340a-a3c1-5fda-a996-711f1723c649,5,daily_login,2026-08-14,2026-08-14T07:37:00+00:00
6309,bdc5faf6-386d-5338-99a0-32d156bcbd68,5,daily_login,2026-08-14,2026-08-14T07:38:00+00:00
6310,302b84f9-9053-5cf7-bed0-305678227875,5,daily_login,2026-08-14,2026-08-14T07:39:00+00:00
6311,eeeb9e89-042f-5fdc-8fcf-2c3ad56f9bf1,5,daily_login,2026-08-14,2026-08-14T07:39:00+00:00
6312,508d03e7-de84-523a-8242-f48abc9451d7,5,daily_login,2026-08-14,2026-08-14T07:39:00+00:00
6313,508d03e7-de84-523a-8242-f48abc9451d7,5,streak_week_bonus,2026-08-14,2026-08-14T07:39:00+00:00
6314,c6286e16-5e03-594c-aa67-861b8ba91b33,5,daily_login,2026-08-14,2026-08-14T07:39:00+00:00
6315,7b48b183-5d87-500f-9cec-2e003c19efac,5,daily_login,2026-08-14,2026-08-14T07:40:00+00:00
6316,bb4b0d34-59a4-5948-a9be-a1aa6caece55,5,daily_login,2026-08-14,2026-08-14T07:40:00+00:00
6317,fb400c3e-ecd0-522e-8b8e-1323946be71a,5,daily_login,2026-08-14,2026-08-14T07:40:00+00:00
6318,96ccee9a-30f2-56cd-b597-a927c84e0f75,5,daily_login,2026-08-14,2026-08-14T07:41:00+00:00
6319,33ba5d16-c38c-5bcf-9896-ea8ae81d6e7b,5,daily_login,2026-08-14,2026-08-14T07:41:00+00:00
6320,7624f38b-fbca-546f-af04-c9dda9318f82,5,daily_login,2026-08-14,2026-08-14T07:41:00+00:00
6321,e5b7ccce-2cb7-5b6e-95a5-32ffacbca87f,5,daily_login,2026-08-14,2026-08-14T07:42:00+00:00
6322,77c684c4-9514-5edc-85ff-1052c8544c14,5,daily_login,2026-08-14,2026-08-14T07:42:00+00:00
6323,b5be680a-732e-55e0-bc5d-b80e831ff33a,5,daily_login,2026-08-14,2026-08-14T07:42:00+00:00
6324,dfe9e449-d177-56af-a679-d3e1c78c5c02,5,daily_login,2026-08-14,2026-08-14T07:43:00+00:00
6325,3b932376-f549-5a1c-a24b-664b4bc338e3,5,daily_login,2026-08-14,2026-08-14T07:43:00+00:00
6326,36016ab9-3cc9-5f6a-8bc7-1d138ad9cb43,5,daily_login,2026-08-14,2026-08-14T07:44:00+00:00
6327,a5526e82-ef69-522b-b3ad-df818658bde0,5,daily_login,2026-08-14,2026-08-14T07:44:00+00:00
6328,e137404e-9196-525c-b17a-44dc96d29f29,5,daily_login,2026-08-14,2026-08-14T07:44:00+00:00
6329,6d9d0917-bda8-5863-abe4-92d14b0cc926,5,daily_login,2026-08-14,2026-08-14T07:44:00+00:00
6330,6ab0c42d-0ad5-5b3d-9c6c-4ab9eaa47586,5,daily_login,2026-08-14,2026-08-14T07:45:00+00:00
6331,d2a70bca-a25c-522f-9b7e-c967b69503cc,5,daily_login,2026-08-14,2026-08-14T07:45:00+00:00
6332,6ac5a7a4-ae0d-5e31-8a7c-d85b63a96c46,5,daily_login,2026-08-14,2026-08-14T07:45:00+00:00
6333,5ccdaadc-80b2-50e1-a0c1-bad0246a7cf2,5,daily_login,2026-08-14,2026-08-14T07:46:00+00:00
6334,b39a9d3d-f3eb-5d31-9cc7-15e278969b70,5,daily_login,2026-08-14,2026-08-14T07:46:00+00:00
6335,001e944b-e64e-5742-afb7-5e04327e41ee,15,task_complete,task:265,2026-08-14T08:30:00+00:00
6336,baa8ef70-5b01-5a49-84cb-71c353290705,75,project_create,project:125,2026-08-14T15:30:00+00:00
6337,baa8ef70-5b01-5a49-84cb-71c353290705,100,first_project,badge,2026-08-14T15:30:00+00:00
6338,5a4b137d-2ebb-5c75-8cdd-bf77406b4b9f,40,project_join,project_join:125,2026-08-14T19:30:00+00:00
6339,5a4b137d-2ebb-5c75-8cdd-bf77406b4b9f,100,first_project,badge,2026-08-14T19:30:00+00:00
6340,7298015b-9105-595a-b879-3013c08053f7,75,project_create,project:152,2026-08-14T20:30:00+00:00
6341,7298015b-9105-595a-b879-3013c08053f7,100,first_project,badge,2026-08-14T20:30:00+00:00
6342,06657aeb-b604-5b0d-9281-d2e5afb78a9d,40,project_join,project_join:125,2026-08-14T23:30:00+00:00
6343,cb162f3d-006f-544e-bfa6-f9abb8a52026,40,project_join,project_join:152,2026-08-15T00:30:00+00:00
6344,0947c4b9-50d6-50e2-9043-84a15b80e8c7,20,thread_create,thread:118,2026-08-15T00:30:00+00:00
6345,4307ee18-2e16-50be-abbc-db160bb8e8fd,250,helpful_5,badge,2026-08-15T00:40:00+00:00
6346,4307ee18-2e16-50be-abbc-db160bb8e8fd,25,helpful_comment,comment:237,2026-08-15T00:40:00+00:00
6347,eb3717c1-cd92-5eeb-af40-9df7f3132426,40,project_join,project_join:125,2026-08-15T03:30:00+00:00
6348,bf54d417-d834-5d3e-a7f9-106377fe05a5,15,task_complete,task:238,2026-08-15T04:30:00+00:00
6349,bf54d417-d834-5d3e-a7f9-106377fe05a5,100,first_task,badge,2026-08-15T04:30:00+00:00
6350,b39a9d3d-f3eb-5d31-9cc7-15e278969b70,40,project_join,project_join:152,2026-08-15T04:30:00+00:00
6351,95ff45a0-9b28-55cb-bba6-22a608a4e30d,5,daily_login,2026-08-15,2026-08-15T07:10:00+00:00
6352,f2561442-8439-5138-9a3b-8bcf96f16609,5,daily_login,2026-08-15,2026-08-15T07:10:00+00:00
6353,610e9654-06d6-5e55-959b-377b8749b8f9,5,daily_login,2026-08-15,2026-08-15T07:10:00+00:00
6354,4c2177ab-592a-5e4a-b25b-8bb3f8090555,5,daily_login,2026-08-15,2026-08-15T07:11:00+00:00
6355,f0f4eb8c-a1ed-50a1-bc7d-2863700a31a5,5,daily_login,2026-08-15,2026-08-15T07:11:00+00:00
6356,f985b68e-39ae-5c83-8468-2b126802c414,5,daily_login,2026-08-15,2026-08-15T07:12:00+00:00
6357,cd8c4c60-ab9b-5cf3-996e-d4fbb990f4c6,5,daily_login,2026-08-15,2026-08-15T07:12:00+00:00
6358,f21481e8-5bf3-5aa6-a7e0-fe6e26920e28,5,daily_login,2026-08-15,2026-08-15T07:13:00+00:00
6359,f4793612-bd5c-52c4-b29e-226fe28a77ca,5,daily_login,2026-08-15,2026-08-15T07:13:00+00:00
6360,50d6350f-ffd4-59ad-a1ff-65a49a77a913,5,daily_login,2026-08-15,2026-08-15T07:16:00+00:00
6361,50d6350f-ffd4-59ad-a1ff-65a49a77a913,5,streak_week_bonus,2026-08-15,2026-08-15T07:16:00+00:00
6362,64b591cd-4cbe-577a-aba9-ee6912328a58,5,daily_login,2026-08-15,2026-08-15T07:16:00+00:00
6363,eb3717c1-cd92-5eeb-af40-9df7f3132426,5,daily_login,2026-08-15,2026-08-15T07:16:00+00:00
6364,52ab3a8f-ec5c-5e66-bcd5-efc304512118,5,daily_login,2026-08-15,2026-08-15T07:18:00+00:00
6365,96dbbdad-601e-5bc2-9d1a-78f9f6349a39,5,daily_login,2026-08-15,2026-08-15T07:18:00+00:00
6366,64609795-d498-5ea7-ad33-a3bcecf9d962,5,daily_login,2026-08-15,2026-08-15T07:18:00+00:00
6367,9d1c460b-bd0b-57ff-ac14-f2b10f73edd3,5,daily_login,2026-08-15,2026-08-15T07:19:00+00:00
6368,b0ebc690-efe0-594f-bd55-e4d7ec3454bc,5,daily_login,2026-08-15,2026-08-15T07:20:00+00:00
6369,9047d24d-0775-5f10-bf17-6e8fc62c5884,5,daily_login,2026-08-15,2026-08-15T07:20:00+00:00
6370,7bdf8ad6-1318-5f74-9112-e2b655e215a2,5,daily_login,2026-08-15,2026-08-15T07:21:00+00:00
6371,4ec67eb8-4fda-5cbc-bbd1-a6afc7ce8130,5,daily_login,2026-08-15,2026-08-15T07:21:00+00:00
6372,d16e3cdc-2868-563d-867d-62fa9b8b24ea,5,daily_login,2026-08-15,2026-08-15T07:22:00+00:00
6373,4c310820-12d3-5128-9a45-973db446b59e,5,daily_login,2026-08-15,2026-08-15T07:23:00+00:00
6374,d5dc7189-89df-5fd7-983f-1124b6de3d68,5,daily_login,2026-08-15,2026-08-15T07:23:00+00:00
6375,02bf8d95-eee4-5287-b363-0551cc4a6d51,5,daily_login,2026-08-15,2026-08-15T07:23:00+00:00
6376,88a268b0-6bca-5583-b041-ffdbc51be7e6,5,daily_login,2026-08-15,2026-08-15T07:24:00+00:00
6377,ffe47fd1-7989-5728-addd-50b504edd889,5,daily_login,2026-08-15,2026-08-15T07:24:00+00:00
6378,a992f17b-79b6-5dcf-aed4-2aebaa5775c7,5,daily_login,2026-08-15,2026-08-15T07:25:00+00:00
6379,ef763ec1-f93c-5744-9640-4ca59adf9347,5,daily_login,2026-08-15,2026-08-15T07:25:00+00:00
6380,4307ee18-2e16-50be-abbc-db160bb8e8fd,5,daily_login,2026-08-15,2026-08-15T07:26:00+00:00
6381,2e2e8079-6c9e-51c9-bc7e-1475045fd514,5,daily_login,2026-08-15,2026-08-15T07:27:00+00:00
6382,49a9d8f7-08ea-5972-af3a-0ca0a6c06e59,5,daily_login,2026-08-15,2026-08-15T07:27:00+00:00
6383,f3744506-cae3-5f81-8a4f-506a60395be8,5,daily_login,2026-08-15,2026-08-15T07:28:00+00:00
6384,0e49007f-82be-5238-a956-37d8f7b40d4c,5,daily_login,2026-08-15,2026-08-15T07:29:00+00:00
6385,5532dec3-02ae-5ac3-8b57-2e8214a8598b,5,daily_login,2026-08-15,2026-08-15T07:29:00+00:00
6386,774fd1d7-ca6b-5177-9d91-fc7b24739425,5,daily_login,2026-08-15,2026-08-15T07:30:00+00:00
6387,54561bf4-fe37-5b37-934d-9c7f81542f8b,5,daily_login,2026-08-15,2026-08-15T07:30:00+00:00
6388,da462241-608b-5422-bdbd-0d98184a433d,5,daily_login,2026-08-15,2026-08-15T07:30:00+00:00
6389,3b932376-f549-5a1c-a24b-664b4bc338e3,40,project_join,project_join:125,2026-08-15T07:30:00+00:00
6390,f8f213c7-3d61-567e-9735-5e3e9498b892,5,daily_login,2026-08-15,2026-08-15T07:31:00+00:00
6391,10feece1-a2cd-532b-8488-21659a3bee22,5,daily_login,2026-08-15,2026-08-15T07:31:00+00:00
6392,ee289908-380a-5bb3-8fdc-0990b203929b,5,daily_login,2026-08-15,2026-08-15T07:32:00+00:00
6393,95927b04-f214-5c26-878d-fb55176e41bc,5,daily_login,2026-08-15,2026-08-15T07:32:00+00:00
6394,44f09dba-7a20-5f46-840b-4670e6c7eb92,5,daily_login,2026-08-15,2026-08-15T07:33:00+00:00
6395,88820056-e901-59a1-b2ca-c4e813b34f7b,5,daily_login,2026-08-15,2026-08-15T07:33:00+00:00
6396,67357d35-e727-50a5-9114-d5f2da172374,5,daily_login,2026-08-15,2026-08-15T07:33:00+00:00
6397,01c00e49-c4d6-5d4b-bbc1-8aa3fe21ba2a,5,daily_login,2026-08-15,2026-08-15T07:34:00+00:00
6398,d48cab4b-e48b-59ae-88d6-41d5d463569d,5,daily_login,2026-08-15,2026-08-15T07:35:00+00:00
6399,9a026691-28ff-5880-9da3-006735af19d3,5,daily_login,2026-08-15,2026-08-15T07:35:00+00:00
6400,5421f79d-ed60-5eed-852b-01b379adab9e,5,daily_login,2026-08-15,2026-08-15T07:36:00+00:00
6401,5ce94e6e-a987-5fd1-90b2-94a1174f9376,5,daily_login,2026-08-15,2026-08-15T07:37:00+00:00
6402,6988340a-a3c1-5fda-a996-711f1723c649,5,daily_login,2026-08-15,2026-08-15T07:37:00+00:00
6403,f22a7317-9c2b-5d13-99b9-1a1622094bb3,5,daily_login,2026-08-15,2026-08-15T07:38:00+00:00
6404,eb397f92-99ac-5f0f-8f81-3540865f0477,5,daily_login,2026-08-15,2026-08-15T07:38:00+00:00
6405,ec6d706d-7dba-534b-8700-e6752dbd06e1,5,daily_login,2026-08-15,2026-08-15T07:38:00+00:00
6406,302b84f9-9053-5cf7-bed0-305678227875,5,daily_login,2026-08-15,2026-08-15T07:39:00+00:00
6407,508d03e7-de84-523a-8242-f48abc9451d7,5,daily_login,2026-08-15,2026-08-15T07:39:00+00:00
6408,c6286e16-5e03-594c-aa67-861b8ba91b33,5,daily_login,2026-08-15,2026-08-15T07:39:00+00:00
6409,e21dfd78-ea9f-5754-a3b2-3b3b66dd30b5,5,daily_login,2026-08-15,2026-08-15T07:39:00+00:00
6410,7b48b183-5d87-500f-9cec-2e003c19efac,5,daily_login,2026-08-15,2026-08-15T07:40:00+00:00
6411,bb4b0d34-59a4-5948-a9be-a1aa6caece55,5,daily_login,2026-08-15,2026-08-15T07:40:00+00:00
6412,d767d4bb-a2aa-587a-90f9-23d0689ae52a,5,daily_login,2026-08-15,2026-08-15T07:40:00+00:00
6413,fb400c3e-ecd0-522e-8b8e-1323946be71a,5,daily_login,2026-08-15,2026-08-15T07:40:00+00:00
6414,96ccee9a-30f2-56cd-b597-a927c84e0f75,5,daily_login,2026-08-15,2026-08-15T07:41:00+00:00
6415,a070c6d0-c23b-5036-b352-f16db0d6ec8e,5,daily_login,2026-08-15,2026-08-15T07:43:00+00:00
6416,a5526e82-ef69-522b-b3ad-df818658bde0,5,daily_login,2026-08-15,2026-08-15T07:44:00+00:00
6417,405fd522-6b0d-52fc-b397-dc3ce2e4a2ea,5,daily_login,2026-08-15,2026-08-15T07:44:00+00:00
6418,e137404e-9196-525c-b17a-44dc96d29f29,5,daily_login,2026-08-15,2026-08-15T07:44:00+00:00
6419,d2a70bca-a25c-522f-9b7e-c967b69503cc,5,daily_login,2026-08-15,2026-08-15T07:45:00+00:00
6420,6ac5a7a4-ae0d-5e31-8a7c-d85b63a96c46,5,daily_login,2026-08-15,2026-08-15T07:45:00+00:00
6421,fb400c3e-ecd0-522e-8b8e-1323946be71a,40,project_join,project_join:152,2026-08-15T08:30:00+00:00
6422,7624f38b-fbca-546f-af04-c9dda9318f82,15,task_complete,task:266,2026-08-15T09:30:00+00:00
6423,f22a7317-9c2b-5d13-99b9-1a1622094bb3,40,project_join,project_join:152,2026-08-15T12:30:00+00:00
6424,1873645b-b54c-51dc-a41a-7131e831a64f,250,helpful_5,badge,2026-08-15T12:40:00+00:00
6425,1873645b-b54c-51dc-a41a-7131e831a64f,25,helpful_comment,comment:218,2026-08-15T12:40:00+00:00
6426,8fa5b823-1a70-59f7-9bb2-b3d5f36dc82b,40,project_join,project_join:152,2026-08-15T16:30:00+00:00
6427,d2a70bca-a25c-522f-9b7e-c967b69503cc,75,project_create,project:176,2026-08-15T18:30:00+00:00
6428,d2a70bca-a25c-522f-9b7e-c967b69503cc,100,first_project,badge,2026-08-15T18:30:00+00:00
6429,f4793612-bd5c-52c4-b29e-226fe28a77ca,40,project_join,project_join:176,2026-08-15T22:30:00+00:00
6430,a992f17b-79b6-5dcf-aed4-2aebaa5775c7,75,project_create,project:114,2026-08-16T00:30:00+00:00
6431,a992f17b-79b6-5dcf-aed4-2aebaa5775c7,100,first_project,badge,2026-08-16T00:30:00+00:00
6432,508d03e7-de84-523a-8242-f48abc9451d7,40,project_join,project_join:176,2026-08-16T02:30:00+00:00
6433,eeeb9e89-042f-5fdc-8fcf-2c3ad56f9bf1,20,thread_create,thread:130,2026-08-16T02:30:00+00:00
6434,eeeb9e89-042f-5fdc-8fcf-2c3ad56f9bf1,40,project_join,project_join:114,2026-08-16T04:30:00+00:00
6435,bdc5faf6-386d-5338-99a0-32d156bcbd68,60,milestone_complete,milestone:175,2026-08-16T04:30:00+00:00
6436,bdc5faf6-386d-5338-99a0-32d156bcbd68,150,first_milestone,badge,2026-08-16T04:30:00+00:00
6437,95927b04-f214-5c26-878d-fb55176e41bc,75,project_create,project:171,2026-08-16T04:30:00+00:00
6438,6690668c-e73d-51ff-9ca4-36bec9b8c175,75,project_create,project:124,2026-08-16T05:30:00+00:00
6439,6690668c-e73d-51ff-9ca4-36bec9b8c175,100,first_project,badge,2026-08-16T05:30:00+00:00
6440,484e243b-afd7-5767-bb0f-4262c0334aea,15,task_complete,task:239,2026-08-16T05:30:00+00:00
6441,484e243b-afd7-5767-bb0f-4262c0334aea,100,first_task,badge,2026-08-16T05:30:00+00:00
6442,88a268b0-6bca-5583-b041-ffdbc51be7e6,40,project_join,project_join:176,2026-08-16T06:30:00+00:00
6443,610e9654-06d6-5e55-959b-377b8749b8f9,5,daily_login,2026-08-16,2026-08-16T07:10:00+00:00
6444,518ae987-15f7-5b22-8bcc-df59623dbdce,5,daily_login,2026-08-16,2026-08-16T07:10:00+00:00
6445,f0f4eb8c-a1ed-50a1-bc7d-2863700a31a5,5,daily_login,2026-08-16,2026-08-16T07:11:00+00:00
6446,37b7aed3-d207-54f7-b4ec-0e05c50eaeb2,5,daily_login,2026-08-16,2026-08-16T07:11:00+00:00
6447,f985b68e-39ae-5c83-8468-2b126802c414,5,daily_login,2026-08-16,2026-08-16T07:12:00+00:00
6448,f1fb49f6-8f16-5086-a3b3-1c5e169f9ad4,5,daily_login,2026-08-16,2026-08-16T07:13:00+00:00
6449,001e944b-e64e-5742-afb7-5e04327e41ee,5,daily_login,2026-08-16,2026-08-16T07:14:00+00:00
6450,ea7edc0e-b64d-545f-b311-b4ee943f2935,5,daily_login,2026-08-16,2026-08-16T07:14:00+00:00
6451,90cced0e-f2c7-528c-bd28-38c44ead6c98,5,daily_login,2026-08-16,2026-08-16T07:15:00+00:00
6452,50d6350f-ffd4-59ad-a1ff-65a49a77a913,5,daily_login,2026-08-16,2026-08-16T07:16:00+00:00
6453,693ebb02-ab3f-5d60-b798-d4d4df4900d2,5,daily_login,2026-08-16,2026-08-16T07:16:00+00:00
6454,096499d2-73d6-5063-9dd4-a7c1aebac61d,5,daily_login,2026-08-16,2026-08-16T07:17:00+00:00
6455,52ab3a8f-ec5c-5e66-bcd5-efc304512118,5,daily_login,2026-08-16,2026-08-16T07:18:00+00:00
6456,96dbbdad-601e-5bc2-9d1a-78f9f6349a39,5,daily_login,2026-08-16,2026-08-16T07:18:00+00:00
6457,64609795-d498-5ea7-ad33-a3bcecf9d962,5,daily_login,2026-08-16,2026-08-16T07:18:00+00:00
6458,d3175e63-6121-5d55-b429-df91670d9aca,5,daily_login,2026-08-16,2026-08-16T07:18:00+00:00
6459,5a4b137d-2ebb-5c75-8cdd-bf77406b4b9f,5,daily_login,2026-08-16,2026-08-16T07:19:00+00:00
6460,9047d24d-0775-5f10-bf17-6e8fc62c5884,5,daily_login,2026-08-16,2026-08-16T07:20:00+00:00
6461,9c9c228f-3bd5-5da4-b666-fbfab93b4b7e,5,daily_login,2026-08-16,2026-08-16T07:21:00+00:00
6462,4845dc43-0c9d-5f09-aa4a-62e68abb5d12,5,daily_login,2026-08-16,2026-08-16T07:21:00+00:00
6463,7bdf8ad6-1318-5f74-9112-e2b655e215a2,5,daily_login,2026-08-16,2026-08-16T07:21:00+00:00
6464,1b1e4344-fde4-5cc2-b82c-4fb458696522,5,daily_login,2026-08-16,2026-08-16T07:21:00+00:00
6465,4ec67eb8-4fda-5cbc-bbd1-a6afc7ce8130,5,daily_login,2026-08-16,2026-08-16T07:21:00+00:00
6466,d16e3cdc-2868-563d-867d-62fa9b8b24ea,5,daily_login,2026-08-16,2026-08-16T07:22:00+00:00
6467,4c310820-12d3-5128-9a45-973db446b59e,5,daily_login,2026-08-16,2026-08-16T07:23:00+00:00
6468,d5dc7189-89df-5fd7-983f-1124b6de3d68,5,daily_login,2026-08-16,2026-08-16T07:23:00+00:00
6469,02bf8d95-eee4-5287-b363-0551cc4a6d51,5,daily_login,2026-08-16,2026-08-16T07:23:00+00:00
6470,651ce25b-8132-52d9-8f74-889f22c3bb5c,5,daily_login,2026-08-16,2026-08-16T07:24:00+00:00
6471,ffe47fd1-7989-5728-addd-50b504edd889,5,daily_login,2026-08-16,2026-08-16T07:24:00+00:00
6472,a2cc3818-be31-5aeb-828c-e23f579431aa,5,daily_login,2026-08-16,2026-08-16T07:25:00+00:00
6473,6b9b6012-cdb4-50eb-8ad0-01c36516df23,5,daily_login,2026-08-16,2026-08-16T07:26:00+00:00
6474,4307ee18-2e16-50be-abbc-db160bb8e8fd,5,daily_login,2026-08-16,2026-08-16T07:26:00+00:00
6475,e502b694-466f-5e1f-9293-146b264ae20c,5,daily_login,2026-08-16,2026-08-16T07:27:00+00:00
6476,2e2e8079-6c9e-51c9-bc7e-1475045fd514,5,daily_login,2026-08-16,2026-08-16T07:27:00+00:00
6477,e7dd6cb0-626e-510a-9e98-0498c534b04d,5,daily_login,2026-08-16,2026-08-16T07:28:00+00:00
6478,f0ca4141-ccff-5472-ba76-f4b194108c7b,5,daily_login,2026-08-16,2026-08-16T07:29:00+00:00
6479,5532dec3-02ae-5ac3-8b57-2e8214a8598b,5,daily_login,2026-08-16,2026-08-16T07:29:00+00:00
6480,774fd1d7-ca6b-5177-9d91-fc7b24739425,5,daily_login,2026-08-16,2026-08-16T07:30:00+00:00
6481,da462241-608b-5422-bdbd-0d98184a433d,5,daily_login,2026-08-16,2026-08-16T07:30:00+00:00
6482,45cee65b-db52-5dff-b09d-0ee1ac2be20f,5,daily_login,2026-08-16,2026-08-16T07:31:00+00:00
6483,f8f213c7-3d61-567e-9735-5e3e9498b892,5,daily_login,2026-08-16,2026-08-16T07:31:00+00:00
6484,95927b04-f214-5c26-878d-fb55176e41bc,5,daily_login,2026-08-16,2026-08-16T07:32:00+00:00
6485,44f09dba-7a20-5f46-840b-4670e6c7eb92,5,daily_login,2026-08-16,2026-08-16T07:33:00+00:00
6486,88820056-e901-59a1-b2ca-c4e813b34f7b,5,daily_login,2026-08-16,2026-08-16T07:33:00+00:00
6487,6720265f-9f2b-5485-bf24-54e1784991b6,5,daily_login,2026-08-16,2026-08-16T07:34:00+00:00
6488,01c00e49-c4d6-5d4b-bbc1-8aa3fe21ba2a,5,daily_login,2026-08-16,2026-08-16T07:34:00+00:00
6489,5d857806-7d61-533b-bc12-af2d7b775d29,5,daily_login,2026-08-16,2026-08-16T07:35:00+00:00
6490,ac9c9500-b7e4-5bbe-8f4e-a40a6201979a,5,daily_login,2026-08-16,2026-08-16T07:35:00+00:00
6491,9a026691-28ff-5880-9da3-006735af19d3,5,daily_login,2026-08-16,2026-08-16T07:35:00+00:00
6492,fbdfefdb-ca2d-5a0e-87ed-62021c1c11d4,5,daily_login,2026-08-16,2026-08-16T07:35:00+00:00
6493,6988340a-a3c1-5fda-a996-711f1723c649,5,daily_login,2026-08-16,2026-08-16T07:37:00+00:00
6494,f22a7317-9c2b-5d13-99b9-1a1622094bb3,5,daily_login,2026-08-16,2026-08-16T07:38:00+00:00
6495,bdc5faf6-386d-5338-99a0-32d156bcbd68,5,daily_login,2026-08-16,2026-08-16T07:38:00+00:00
6496,0bd9c807-50b6-567b-befe-96c80ed2fc9d,5,daily_login,2026-08-16,2026-08-16T07:38:00+00:00
6497,783491ec-2857-52e8-a102-766d7abba6d2,5,daily_login,2026-08-16,2026-08-16T07:38:00+00:00
6498,508d03e7-de84-523a-8242-f48abc9451d7,5,daily_login,2026-08-16,2026-08-16T07:39:00+00:00
6499,c6286e16-5e03-594c-aa67-861b8ba91b33,5,daily_login,2026-08-16,2026-08-16T07:39:00+00:00
6500,fb400c3e-ecd0-522e-8b8e-1323946be71a,5,daily_login,2026-08-16,2026-08-16T07:40:00+00:00
6501,96ccee9a-30f2-56cd-b597-a927c84e0f75,5,daily_login,2026-08-16,2026-08-16T07:41:00+00:00
6502,7624f38b-fbca-546f-af04-c9dda9318f82,5,daily_login,2026-08-16,2026-08-16T07:41:00+00:00
6503,373cd20e-25d5-5a46-a0ae-18157cf68a55,5,daily_login,2026-08-16,2026-08-16T07:41:00+00:00
6504,dfe9e449-d177-56af-a679-d3e1c78c5c02,5,daily_login,2026-08-16,2026-08-16T07:43:00+00:00
6505,3b932376-f549-5a1c-a24b-664b4bc338e3,5,daily_login,2026-08-16,2026-08-16T07:43:00+00:00
6506,40120057-c43a-5745-9d3a-d9b0c6b1e84e,5,daily_login,2026-08-16,2026-08-16T07:43:00+00:00
6507,e137404e-9196-525c-b17a-44dc96d29f29,5,daily_login,2026-08-16,2026-08-16T07:44:00+00:00
6508,6ab0c42d-0ad5-5b3d-9c6c-4ab9eaa47586,5,daily_login,2026-08-16,2026-08-16T07:45:00+00:00
6509,5ccdaadc-80b2-50e1-a0c1-bad0246a7cf2,5,daily_login,2026-08-16,2026-08-16T07:46:00+00:00
6510,53f78f7e-e2df-586b-b483-5748c92d0f9f,40,project_join,project_join:114,2026-08-16T08:30:00+00:00
6511,53f78f7e-e2df-586b-b483-5748c92d0f9f,100,first_project,badge,2026-08-16T08:30:00+00:00
6512,693ebb02-ab3f-5d60-b798-d4d4df4900d2,40,project_join,project_join:171,2026-08-16T08:30:00+00:00
6513,8300625d-d3f5-5264-8503-98a2bfbf60d8,40,project_join,project_join:124,2026-08-16T09:30:00+00:00
6514,8300625d-d3f5-5264-8503-98a2bfbf60d8,100,first_project,badge,2026-08-16T09:30:00+00:00
6515,001e944b-e64e-5742-afb7-5e04327e41ee,15,task_complete,task:267,2026-08-16T10:30:00+00:00
6516,f8f213c7-3d61-567e-9735-5e3e9498b892,40,project_join,project_join:176,2026-08-16T10:30:00+00:00
6517,f8f213c7-3d61-567e-9735-5e3e9498b892,100,first_project,badge,2026-08-16T10:30:00+00:00
6518,0947c4b9-50d6-50e2-9043-84a15b80e8c7,40,project_join,project_join:114,2026-08-16T12:30:00+00:00
6519,0947c4b9-50d6-50e2-9043-84a15b80e8c7,100,first_project,badge,2026-08-16T12:30:00+00:00
6520,53f78f7e-e2df-586b-b483-5748c92d0f9f,40,project_join,project_join:124,2026-08-16T13:30:00+00:00
6521,1873645b-b54c-51dc-a41a-7131e831a64f,75,project_create,project:150,2026-08-16T23:30:00+00:00
6522,1873645b-b54c-51dc-a41a-7131e831a64f,100,first_project,badge,2026-08-16T23:30:00+00:00
6523,082b47e7-5a06-5a34-bd49-595c82b2b196,75,project_create,project:154,2026-08-17T01:30:00+00:00
6524,082b47e7-5a06-5a34-bd49-595c82b2b196,100,first_project,badge,2026-08-17T01:30:00+00:00
6525,3d5b480d-3962-5c76-96ca-5459d65372aa,15,task_complete,task:555,2026-08-17T02:30:00+00:00
6526,3d5b480d-3962-5c76-96ca-5459d65372aa,100,first_task,badge,2026-08-17T02:30:00+00:00
6527,3d5b480d-3962-5c76-96ca-5459d65372aa,60,milestone_complete,milestone:271,2026-08-17T02:30:00+00:00
6528,3d5b480d-3962-5c76-96ca-5459d65372aa,150,first_milestone,badge,2026-08-17T02:30:00+00:00
6529,06657aeb-b604-5b0d-9281-d2e5afb78a9d,150,first_milestone,badge,2026-08-17T02:30:00+00:00
6530,51420309-4688-52d6-84b9-51c0dc3a900e,150,first_milestone,badge,2026-08-17T02:30:00+00:00
6531,da462241-608b-5422-bdbd-0d98184a433d,150,first_milestone,badge,2026-08-17T02:30:00+00:00
6532,63fdd1e3-9db3-5b05-9799-510eea6abab7,40,project_join,project_join:150,2026-08-17T03:30:00+00:00
6533,63fdd1e3-9db3-5b05-9799-510eea6abab7,100,first_project,badge,2026-08-17T03:30:00+00:00
6534,77c684c4-9514-5edc-85ff-1052c8544c14,15,task_complete,task:294,2026-08-17T05:30:00+00:00
6535,f22a7317-9c2b-5d13-99b9-1a1622094bb3,40,project_join,project_join:154,2026-08-17T05:30:00+00:00
6536,d9fbcbde-376a-5f82-9fb5-268a24b02d57,5,daily_login,2026-08-17,2026-08-17T07:10:00+00:00
6537,610e9654-06d6-5e55-959b-377b8749b8f9,5,daily_login,2026-08-17,2026-08-17T07:10:00+00:00
6538,4c2177ab-592a-5e4a-b25b-8bb3f8090555,5,daily_login,2026-08-17,2026-08-17T07:11:00+00:00
6539,f0f4eb8c-a1ed-50a1-bc7d-2863700a31a5,5,daily_login,2026-08-17,2026-08-17T07:11:00+00:00
6540,37b7aed3-d207-54f7-b4ec-0e05c50eaeb2,5,daily_login,2026-08-17,2026-08-17T07:11:00+00:00
6541,1dd6da2f-292d-52b5-8e0e-a84885e81ba1,5,daily_login,2026-08-17,2026-08-17T07:12:00+00:00
6542,f985b68e-39ae-5c83-8468-2b126802c414,5,daily_login,2026-08-17,2026-08-17T07:12:00+00:00
6543,ea7edc0e-b64d-545f-b311-b4ee943f2935,5,daily_login,2026-08-17,2026-08-17T07:14:00+00:00
6544,6e82bb3e-ede8-5803-ba1a-cc3aa8766199,5,daily_login,2026-08-17,2026-08-17T07:15:00+00:00
6545,90cced0e-f2c7-528c-bd28-38c44ead6c98,5,daily_login,2026-08-17,2026-08-17T07:15:00+00:00
6546,50d6350f-ffd4-59ad-a1ff-65a49a77a913,5,daily_login,2026-08-17,2026-08-17T07:16:00+00:00
6547,eb3717c1-cd92-5eeb-af40-9df7f3132426,5,daily_login,2026-08-17,2026-08-17T07:16:00+00:00
6548,693ebb02-ab3f-5d60-b798-d4d4df4900d2,5,daily_login,2026-08-17,2026-08-17T07:16:00+00:00
6549,06657aeb-b604-5b0d-9281-d2e5afb78a9d,5,daily_login,2026-08-17,2026-08-17T07:16:00+00:00
6550,9355c2cf-38db-5118-9b77-3d5b5b3870df,5,daily_login,2026-08-17,2026-08-17T07:17:00+00:00
6551,b7f1d97d-9f3c-5885-b9ef-48d67a16a686,5,daily_login,2026-08-17,2026-08-17T07:17:00+00:00
6552,52ab3a8f-ec5c-5e66-bcd5-efc304512118,5,daily_login,2026-08-17,2026-08-17T07:18:00+00:00
6553,96dbbdad-601e-5bc2-9d1a-78f9f6349a39,5,daily_login,2026-08-17,2026-08-17T07:18:00+00:00
6554,64609795-d498-5ea7-ad33-a3bcecf9d962,5,daily_login,2026-08-17,2026-08-17T07:18:00+00:00
6555,5a4b137d-2ebb-5c75-8cdd-bf77406b4b9f,5,daily_login,2026-08-17,2026-08-17T07:19:00+00:00
6556,cb162f3d-006f-544e-bfa6-f9abb8a52026,5,daily_login,2026-08-17,2026-08-17T07:19:00+00:00
6557,e1f9b739-b2d3-51e6-9609-05805a6d151c,5,daily_login,2026-08-17,2026-08-17T07:19:00+00:00
6558,43a3bb15-e7a6-5c42-a198-3e0d7f080ba1,5,daily_login,2026-08-17,2026-08-17T07:20:00+00:00
6559,4845dc43-0c9d-5f09-aa4a-62e68abb5d12,5,daily_login,2026-08-17,2026-08-17T07:21:00+00:00
6560,1b1e4344-fde4-5cc2-b82c-4fb458696522,5,daily_login,2026-08-17,2026-08-17T07:21:00+00:00
6561,44a33563-638c-52da-ae01-285f43dfcb99,5,daily_login,2026-08-17,2026-08-17T07:22:00+00:00
6562,d16e3cdc-2868-563d-867d-62fa9b8b24ea,5,daily_login,2026-08-17,2026-08-17T07:22:00+00:00
6563,4c310820-12d3-5128-9a45-973db446b59e,5,daily_login,2026-08-17,2026-08-17T07:23:00+00:00
6564,d5dc7189-89df-5fd7-983f-1124b6de3d68,5,daily_login,2026-08-17,2026-08-17T07:23:00+00:00
6565,02bf8d95-eee4-5287-b363-0551cc4a6d51,5,daily_login,2026-08-17,2026-08-17T07:23:00+00:00
6566,35e87bcc-650c-5e3f-9741-3f0c54905b6f,5,daily_login,2026-08-17,2026-08-17T07:23:00+00:00
6567,ffe47fd1-7989-5728-addd-50b504edd889,5,daily_login,2026-08-17,2026-08-17T07:24:00+00:00
6568,58074159-53d7-5a52-8436-d84a05af35a9,5,daily_login,2026-08-17,2026-08-17T07:24:00+00:00
6569,a2cc3818-be31-5aeb-828c-e23f579431aa,5,daily_login,2026-08-17,2026-08-17T07:25:00+00:00
6570,baa8ef70-5b01-5a49-84cb-71c353290705,5,daily_login,2026-08-17,2026-08-17T07:26:00+00:00
6571,20b4182c-90f7-51da-99e8-97ade4d19a92,5,daily_login,2026-08-17,2026-08-17T07:26:00+00:00
6572,4307ee18-2e16-50be-abbc-db160bb8e8fd,5,daily_login,2026-08-17,2026-08-17T07:26:00+00:00
6573,e502b694-466f-5e1f-9293-146b264ae20c,5,daily_login,2026-08-17,2026-08-17T07:27:00+00:00
6574,d0c58825-6ead-50f6-9a07-f2f95dbb51ea,5,daily_login,2026-08-17,2026-08-17T07:27:00+00:00
6575,2e2e8079-6c9e-51c9-bc7e-1475045fd514,5,daily_login,2026-08-17,2026-08-17T07:27:00+00:00
6576,5c465a9a-bc36-5d7b-b5a2-0f18d9dab68a,5,daily_login,2026-08-17,2026-08-17T07:27:00+00:00
6577,f3744506-cae3-5f81-8a4f-506a60395be8,5,daily_login,2026-08-17,2026-08-17T07:28:00+00:00
6578,facb4557-eabe-5f8b-89cc-f223b91c89b7,5,daily_login,2026-08-17,2026-08-17T07:30:00+00:00
6579,001e944b-e64e-5742-afb7-5e04327e41ee,40,project_join,project_join:150,2026-08-17T07:30:00+00:00
6580,ee289908-380a-5bb3-8fdc-0990b203929b,5,daily_login,2026-08-17,2026-08-17T07:32:00+00:00
6581,1062abbb-4fcd-51a9-95fc-5474e4af7640,5,daily_login,2026-08-17,2026-08-17T07:32:00+00:00
6582,44f09dba-7a20-5f46-840b-4670e6c7eb92,5,daily_login,2026-08-17,2026-08-17T07:33:00+00:00
6583,88820056-e901-59a1-b2ca-c4e813b34f7b,5,daily_login,2026-08-17,2026-08-17T07:33:00+00:00
6584,a0a53b38-722a-56e6-a52c-fe0e06169a59,5,daily_login,2026-08-17,2026-08-17T07:34:00+00:00
6585,01c00e49-c4d6-5d4b-bbc1-8aa3fe21ba2a,5,daily_login,2026-08-17,2026-08-17T07:34:00+00:00
6586,9a026691-28ff-5880-9da3-006735af19d3,5,daily_login,2026-08-17,2026-08-17T07:35:00+00:00
6587,7e6a1243-34f5-52e6-862f-e5f3b2ebe640,5,daily_login,2026-08-17,2026-08-17T07:36:00+00:00
6588,9edec740-5de6-5c27-8233-5cf72946b182,5,daily_login,2026-08-17,2026-08-17T07:36:00+00:00
6589,5ce94e6e-a987-5fd1-90b2-94a1174f9376,5,daily_login,2026-08-17,2026-08-17T07:37:00+00:00
6590,302b84f9-9053-5cf7-bed0-305678227875,5,daily_login,2026-08-17,2026-08-17T07:39:00+00:00
6591,c6286e16-5e03-594c-aa67-861b8ba91b33,5,daily_login,2026-08-17,2026-08-17T07:39:00+00:00
6592,0b532307-3033-5baf-b61c-915d1213c01f,5,daily_login,2026-08-17,2026-08-17T07:41:00+00:00
6593,373cd20e-25d5-5a46-a0ae-18157cf68a55,5,daily_login,2026-08-17,2026-08-17T07:41:00+00:00
6594,e5b7ccce-2cb7-5b6e-95a5-32ffacbca87f,5,daily_login,2026-08-17,2026-08-17T07:42:00+00:00
6595,77c684c4-9514-5edc-85ff-1052c8544c14,5,daily_login,2026-08-17,2026-08-17T07:42:00+00:00
6596,33d87513-60c2-51ff-9ec5-f0f1389ed27e,5,daily_login,2026-08-17,2026-08-17T07:42:00+00:00
6597,b5be680a-732e-55e0-bc5d-b80e831ff33a,5,daily_login,2026-08-17,2026-08-17T07:42:00+00:00
6598,dfe9e449-d177-56af-a679-d3e1c78c5c02,5,daily_login,2026-08-17,2026-08-17T07:43:00+00:00
6599,a070c6d0-c23b-5036-b352-f16db0d6ec8e,5,daily_login,2026-08-17,2026-08-17T07:43:00+00:00
6600,36016ab9-3cc9-5f6a-8bc7-1d138ad9cb43,5,daily_login,2026-08-17,2026-08-17T07:44:00+00:00
6601,405fd522-6b0d-52fc-b397-dc3ce2e4a2ea,5,daily_login,2026-08-17,2026-08-17T07:44:00+00:00
6602,e137404e-9196-525c-b17a-44dc96d29f29,5,daily_login,2026-08-17,2026-08-17T07:44:00+00:00
6603,6d9d0917-bda8-5863-abe4-92d14b0cc926,5,daily_login,2026-08-17,2026-08-17T07:44:00+00:00
6604,b39a9d3d-f3eb-5d31-9cc7-15e278969b70,5,daily_login,2026-08-17,2026-08-17T07:46:00+00:00
6605,508d03e7-de84-523a-8242-f48abc9451d7,40,project_join,project_join:154,2026-08-17T09:30:00+00:00
6606,7624f38b-fbca-546f-af04-c9dda9318f82,15,task_complete,task:268,2026-08-17T11:30:00+00:00
6607,7624f38b-fbca-546f-af04-c9dda9318f82,200,level_5,badge,2026-08-17T11:30:00+00:00
6608,eb3717c1-cd92-5eeb-af40-9df7f3132426,40,project_join,project_join:150,2026-08-17T11:30:00+00:00
6609,ae7ac442-d880-5cd8-bc30-8d21c5f7dc54,40,project_join,project_join:150,2026-08-17T15:30:00+00:00
6610,ae7ac442-d880-5cd8-bc30-8d21c5f7dc54,100,first_project,badge,2026-08-17T15:30:00+00:00
6611,b7f1d97d-9f3c-5885-b9ef-48d67a16a686,40,project_join,project_join:150,2026-08-17T19:30:00+00:00
6612,d5dc7189-89df-5fd7-983f-1124b6de3d68,15,task_complete,task:541,2026-08-18T03:30:00+00:00
6613,06657aeb-b604-5b0d-9281-d2e5afb78a9d,15,task_complete,task:556,2026-08-18T03:30:00+00:00
6614,06657aeb-b604-5b0d-9281-d2e5afb78a9d,100,first_task,badge,2026-08-18T03:30:00+00:00
6615,d9fbcbde-376a-5f82-9fb5-268a24b02d57,5,daily_login,2026-08-18,2026-08-18T07:10:00+00:00
6616,f2561442-8439-5138-9a3b-8bcf96f16609,5,daily_login,2026-08-18,2026-08-18T07:10:00+00:00
6617,610e9654-06d6-5e55-959b-377b8749b8f9,5,daily_login,2026-08-18,2026-08-18T07:10:00+00:00
6618,37b7aed3-d207-54f7-b4ec-0e05c50eaeb2,5,daily_login,2026-08-18,2026-08-18T07:11:00+00:00
6619,6cf4bb40-4d81-5eb3-b9d9-5841cd55724e,5,daily_login,2026-08-18,2026-08-18T07:11:00+00:00
6620,3d016498-e16a-5ad9-95c7-b633dfc6a142,5,daily_login,2026-08-18,2026-08-18T07:13:00+00:00
6621,ea7edc0e-b64d-545f-b311-b4ee943f2935,5,daily_login,2026-08-18,2026-08-18T07:14:00+00:00
6622,3d5b480d-3962-5c76-96ca-5459d65372aa,5,daily_login,2026-08-18,2026-08-18T07:14:00+00:00
6623,20b63262-d3e6-555a-95b2-84fc87694a19,5,daily_login,2026-08-18,2026-08-18T07:15:00+00:00
6624,50d6350f-ffd4-59ad-a1ff-65a49a77a913,5,daily_login,2026-08-18,2026-08-18T07:16:00+00:00
6625,eb3717c1-cd92-5eeb-af40-9df7f3132426,5,daily_login,2026-08-18,2026-08-18T07:16:00+00:00
6626,693ebb02-ab3f-5d60-b798-d4d4df4900d2,5,daily_login,2026-08-18,2026-08-18T07:16:00+00:00
6627,06657aeb-b604-5b0d-9281-d2e5afb78a9d,5,daily_login,2026-08-18,2026-08-18T07:16:00+00:00
6628,1bc15434-bc22-56cc-a890-336efd2a11e5,5,daily_login,2026-08-18,2026-08-18T07:17:00+00:00
6629,9355c2cf-38db-5118-9b77-3d5b5b3870df,5,daily_login,2026-08-18,2026-08-18T07:17:00+00:00
6630,b7f1d97d-9f3c-5885-b9ef-48d67a16a686,5,daily_login,2026-08-18,2026-08-18T07:17:00+00:00
6631,52ab3a8f-ec5c-5e66-bcd5-efc304512118,5,daily_login,2026-08-18,2026-08-18T07:18:00+00:00
6632,96dbbdad-601e-5bc2-9d1a-78f9f6349a39,5,daily_login,2026-08-18,2026-08-18T07:18:00+00:00
6633,64609795-d498-5ea7-ad33-a3bcecf9d962,5,daily_login,2026-08-18,2026-08-18T07:18:00+00:00
6634,d3175e63-6121-5d55-b429-df91670d9aca,5,daily_login,2026-08-18,2026-08-18T07:18:00+00:00
6635,5a4b137d-2ebb-5c75-8cdd-bf77406b4b9f,5,daily_login,2026-08-18,2026-08-18T07:19:00+00:00
6636,e1f9b739-b2d3-51e6-9609-05805a6d151c,5,daily_login,2026-08-18,2026-08-18T07:19:00+00:00
6637,9d1c460b-bd0b-57ff-ac14-f2b10f73edd3,5,daily_login,2026-08-18,2026-08-18T07:19:00+00:00
6638,7b359533-e634-59eb-a2c3-b5501ff96488,5,daily_login,2026-08-18,2026-08-18T07:19:00+00:00
6639,b0ebc690-efe0-594f-bd55-e4d7ec3454bc,5,daily_login,2026-08-18,2026-08-18T07:20:00+00:00
6640,63fdd1e3-9db3-5b05-9799-510eea6abab7,5,daily_login,2026-08-18,2026-08-18T07:20:00+00:00
6641,9047d24d-0775-5f10-bf17-6e8fc62c5884,5,daily_login,2026-08-18,2026-08-18T07:20:00+00:00
6642,9c9c228f-3bd5-5da4-b666-fbfab93b4b7e,5,daily_login,2026-08-18,2026-08-18T07:21:00+00:00
6643,7bdf8ad6-1318-5f74-9112-e2b655e215a2,5,daily_login,2026-08-18,2026-08-18T07:21:00+00:00
6644,1b1e4344-fde4-5cc2-b82c-4fb458696522,5,daily_login,2026-08-18,2026-08-18T07:21:00+00:00
6645,4ec67eb8-4fda-5cbc-bbd1-a6afc7ce8130,5,daily_login,2026-08-18,2026-08-18T07:21:00+00:00
6646,8819cb55-67e6-5a55-98c8-d80446975a9e,5,daily_login,2026-08-18,2026-08-18T07:22:00+00:00
6647,484e243b-afd7-5767-bb0f-4262c0334aea,5,daily_login,2026-08-18,2026-08-18T07:22:00+00:00
6648,d16e3cdc-2868-563d-867d-62fa9b8b24ea,5,daily_login,2026-08-18,2026-08-18T07:22:00+00:00
6649,4c310820-12d3-5128-9a45-973db446b59e,5,daily_login,2026-08-18,2026-08-18T07:23:00+00:00
6650,d5dc7189-89df-5fd7-983f-1124b6de3d68,5,daily_login,2026-08-18,2026-08-18T07:23:00+00:00
6651,02bf8d95-eee4-5287-b363-0551cc4a6d51,5,daily_login,2026-08-18,2026-08-18T07:23:00+00:00
6652,02bf8d95-eee4-5287-b363-0551cc4a6d51,5,streak_week_bonus,2026-08-18,2026-08-18T07:23:00+00:00
6653,ae96d203-7a11-52ed-9e02-cd93c3dda603,5,daily_login,2026-08-18,2026-08-18T07:24:00+00:00
6654,58074159-53d7-5a52-8436-d84a05af35a9,5,daily_login,2026-08-18,2026-08-18T07:24:00+00:00
6655,61347d09-09eb-5f04-a4ec-fe830319799f,5,daily_login,2026-08-18,2026-08-18T07:24:00+00:00
6656,a2cc3818-be31-5aeb-828c-e23f579431aa,5,daily_login,2026-08-18,2026-08-18T07:25:00+00:00
6657,1bf86e3f-0e6e-5241-b319-71005237945f,5,daily_login,2026-08-18,2026-08-18T07:25:00+00:00
6658,4307ee18-2e16-50be-abbc-db160bb8e8fd,5,daily_login,2026-08-18,2026-08-18T07:26:00+00:00
6659,4307ee18-2e16-50be-abbc-db160bb8e8fd,5,streak_week_bonus,2026-08-18,2026-08-18T07:26:00+00:00
6660,4307ee18-2e16-50be-abbc-db160bb8e8fd,200,streak_7,badge,2026-08-18T07:26:00+00:00
6661,e502b694-466f-5e1f-9293-146b264ae20c,5,daily_login,2026-08-18,2026-08-18T07:27:00+00:00
6662,d0c58825-6ead-50f6-9a07-f2f95dbb51ea,5,daily_login,2026-08-18,2026-08-18T07:27:00+00:00
6663,2e2e8079-6c9e-51c9-bc7e-1475045fd514,5,daily_login,2026-08-18,2026-08-18T07:27:00+00:00
6664,49a9d8f7-08ea-5972-af3a-0ca0a6c06e59,5,daily_login,2026-08-18,2026-08-18T07:27:00+00:00
6665,673e8617-3280-5bfa-85a6-738a6d64aac6,5,daily_login,2026-08-18,2026-08-18T07:28:00+00:00
6666,f0ca4141-ccff-5472-ba76-f4b194108c7b,5,daily_login,2026-08-18,2026-08-18T07:29:00+00:00
6667,5532dec3-02ae-5ac3-8b57-2e8214a8598b,5,daily_login,2026-08-18,2026-08-18T07:29:00+00:00
6668,774fd1d7-ca6b-5177-9d91-fc7b24739425,5,daily_login,2026-08-18,2026-08-18T07:30:00+00:00
6669,54561bf4-fe37-5b37-934d-9c7f81542f8b,5,daily_login,2026-08-18,2026-08-18T07:30:00+00:00
6670,95927b04-f214-5c26-878d-fb55176e41bc,5,daily_login,2026-08-18,2026-08-18T07:32:00+00:00
6671,473b12ab-4d0d-5b7f-89b2-c0a1e2405c60,5,daily_login,2026-08-18,2026-08-18T07:32:00+00:00
6672,84047d01-74e6-5a08-a20e-b5c25e3eff3e,5,daily_login,2026-08-18,2026-08-18T07:33:00+00:00
6673,88820056-e901-59a1-b2ca-c4e813b34f7b,5,daily_login,2026-08-18,2026-08-18T07:33:00+00:00
6674,bc38029f-d1c5-5b8f-8055-d446a522cb91,5,daily_login,2026-08-18,2026-08-18T07:34:00+00:00
6675,e747fee0-a84b-5f51-98a3-7481903c9023,5,daily_login,2026-08-18,2026-08-18T07:34:00+00:00
6676,a0a53b38-722a-56e6-a52c-fe0e06169a59,5,daily_login,2026-08-18,2026-08-18T07:34:00+00:00
6677,6720265f-9f2b-5485-bf24-54e1784991b6,5,daily_login,2026-08-18,2026-08-18T07:34:00+00:00
6678,d48cab4b-e48b-59ae-88d6-41d5d463569d,5,daily_login,2026-08-18,2026-08-18T07:35:00+00:00
6679,ac9c9500-b7e4-5bbe-8f4e-a40a6201979a,5,daily_login,2026-08-18,2026-08-18T07:35:00+00:00
6680,9a026691-28ff-5880-9da3-006735af19d3,5,daily_login,2026-08-18,2026-08-18T07:35:00+00:00
6681,5421f79d-ed60-5eed-852b-01b379adab9e,5,daily_login,2026-08-18,2026-08-18T07:36:00+00:00
6682,4cf03b5a-e2ca-57f2-95b8-16a3b92247e6,5,daily_login,2026-08-18,2026-08-18T07:37:00+00:00
6683,783491ec-2857-52e8-a102-766d7abba6d2,5,daily_login,2026-08-18,2026-08-18T07:38:00+00:00
6684,25797954-b022-582e-8349-e1e2c141368c,5,daily_login,2026-08-18,2026-08-18T07:39:00+00:00
6685,eeeb9e89-042f-5fdc-8fcf-2c3ad56f9bf1,5,daily_login,2026-08-18,2026-08-18T07:39:00+00:00
6686,508d03e7-de84-523a-8242-f48abc9451d7,5,daily_login,2026-08-18,2026-08-18T07:39:00+00:00
6687,c6286e16-5e03-594c-aa67-861b8ba91b33,5,daily_login,2026-08-18,2026-08-18T07:39:00+00:00
6688,373cd20e-25d5-5a46-a0ae-18157cf68a55,5,daily_login,2026-08-18,2026-08-18T07:41:00+00:00
6689,e5b7ccce-2cb7-5b6e-95a5-32ffacbca87f,5,daily_login,2026-08-18,2026-08-18T07:42:00+00:00
6690,b5be680a-732e-55e0-bc5d-b80e831ff33a,5,daily_login,2026-08-18,2026-08-18T07:42:00+00:00
6691,dfe9e449-d177-56af-a679-d3e1c78c5c02,5,daily_login,2026-08-18,2026-08-18T07:43:00+00:00
6692,3b932376-f549-5a1c-a24b-664b4bc338e3,5,daily_login,2026-08-18,2026-08-18T07:43:00+00:00
6693,40120057-c43a-5745-9d3a-d9b0c6b1e84e,5,daily_login,2026-08-18,2026-08-18T07:43:00+00:00
6694,36016ab9-3cc9-5f6a-8bc7-1d138ad9cb43,5,daily_login,2026-08-18,2026-08-18T07:44:00+00:00
6695,405fd522-6b0d-52fc-b397-dc3ce2e4a2ea,5,daily_login,2026-08-18,2026-08-18T07:44:00+00:00
6696,6d9d0917-bda8-5863-abe4-92d14b0cc926,5,daily_login,2026-08-18,2026-08-18T07:44:00+00:00
6697,6ab0c42d-0ad5-5b3d-9c6c-4ab9eaa47586,5,daily_login,2026-08-18,2026-08-18T07:45:00+00:00
6698,6ac5a7a4-ae0d-5e31-8a7c-d85b63a96c46,5,daily_login,2026-08-18,2026-08-18T07:45:00+00:00
6699,001e944b-e64e-5742-afb7-5e04327e41ee,15,task_complete,task:269,2026-08-18T12:30:00+00:00
6700,e0b64119-ecb0-52a5-852d-39c211ce337a,15,task_complete,task:411,2026-08-18T15:30:00+00:00
6701,e0b64119-ecb0-52a5-852d-39c211ce337a,100,first_task,badge,2026-08-18T15:30:00+00:00
6702,e0b64119-ecb0-52a5-852d-39c211ce337a,60,milestone_complete,milestone:223,2026-08-18T15:30:00+00:00
6703,e0b64119-ecb0-52a5-852d-39c211ce337a,150,first_milestone,badge,2026-08-18T15:30:00+00:00
6704,1b1e4344-fde4-5cc2-b82c-4fb458696522,150,first_milestone,badge,2026-08-18T15:30:00+00:00
6705,3bc3e38a-5ff7-5330-ab2d-8add18e85d57,75,project_create,project:182,2026-08-18T15:30:00+00:00
6706,3bc3e38a-5ff7-5330-ab2d-8add18e85d57,100,first_project,badge,2026-08-18T15:30:00+00:00
6707,96ccee9a-30f2-56cd-b597-a927c84e0f75,40,project_join,project_join:182,2026-08-18T19:30:00+00:00
6708,20b63262-d3e6-555a-95b2-84fc87694a19,75,project_create,project:167,2026-08-18T20:30:00+00:00
6709,f3744506-cae3-5f81-8a4f-506a60395be8,40,project_join,project_join:182,2026-08-18T23:30:00+00:00
6710,b39a9d3d-f3eb-5d31-9cc7-15e278969b70,40,project_join,project_join:167,2026-08-19T00:30:00+00:00
6711,88a268b0-6bca-5583-b041-ffdbc51be7e6,40,project_join,project_join:167,2026-08-19T04:30:00+00:00
6712,eb3717c1-cd92-5eeb-af40-9df7f3132426,15,task_complete,task:542,2026-08-19T04:30:00+00:00
6713,eb3717c1-cd92-5eeb-af40-9df7f3132426,100,first_task,badge,2026-08-19T04:30:00+00:00
6714,51420309-4688-52d6-84b9-51c0dc3a900e,15,task_complete,task:557,2026-08-19T04:30:00+00:00
6715,51420309-4688-52d6-84b9-51c0dc3a900e,100,first_task,badge,2026-08-19T04:30:00+00:00
6716,d9fbcbde-376a-5f82-9fb5-268a24b02d57,5,daily_login,2026-08-19,2026-08-19T07:10:00+00:00
6717,95ff45a0-9b28-55cb-bba6-22a608a4e30d,5,daily_login,2026-08-19,2026-08-19T07:10:00+00:00
6718,610e9654-06d6-5e55-959b-377b8749b8f9,5,daily_login,2026-08-19,2026-08-19T07:10:00+00:00
6719,610e9654-06d6-5e55-959b-377b8749b8f9,5,streak_week_bonus,2026-08-19,2026-08-19T07:10:00+00:00
6720,4c2177ab-592a-5e4a-b25b-8bb3f8090555,5,daily_login,2026-08-19,2026-08-19T07:11:00+00:00
6721,f0f4eb8c-a1ed-50a1-bc7d-2863700a31a5,5,daily_login,2026-08-19,2026-08-19T07:11:00+00:00
6722,0da68170-ff38-5dad-9224-770d261f1c8a,5,daily_login,2026-08-19,2026-08-19T07:11:00+00:00
6723,b7180518-4b5b-54ef-9060-958212d05ab7,5,daily_login,2026-08-19,2026-08-19T07:11:00+00:00
6724,cd8c4c60-ab9b-5cf3-996e-d4fbb990f4c6,5,daily_login,2026-08-19,2026-08-19T07:12:00+00:00
6725,7ef6d8e7-132e-5da5-a653-16dd2e5719c4,5,daily_login,2026-08-19,2026-08-19T07:13:00+00:00
6726,34046d1a-c67e-5a81-b9d5-47dd4840c4fe,5,daily_login,2026-08-19,2026-08-19T07:14:00+00:00
6727,ea7edc0e-b64d-545f-b311-b4ee943f2935,5,daily_login,2026-08-19,2026-08-19T07:14:00+00:00
6728,3d5b480d-3962-5c76-96ca-5459d65372aa,5,daily_login,2026-08-19,2026-08-19T07:14:00+00:00
6729,6e82bb3e-ede8-5803-ba1a-cc3aa8766199,5,daily_login,2026-08-19,2026-08-19T07:15:00+00:00
6730,20b63262-d3e6-555a-95b2-84fc87694a19,5,daily_login,2026-08-19,2026-08-19T07:15:00+00:00
6731,90cced0e-f2c7-528c-bd28-38c44ead6c98,5,daily_login,2026-08-19,2026-08-19T07:15:00+00:00
6732,50d6350f-ffd4-59ad-a1ff-65a49a77a913,5,daily_login,2026-08-19,2026-08-19T07:16:00+00:00
6733,693ebb02-ab3f-5d60-b798-d4d4df4900d2,5,daily_login,2026-08-19,2026-08-19T07:16:00+00:00
6734,06657aeb-b604-5b0d-9281-d2e5afb78a9d,5,daily_login,2026-08-19,2026-08-19T07:16:00+00:00
6735,9355c2cf-38db-5118-9b77-3d5b5b3870df,5,daily_login,2026-08-19,2026-08-19T07:17:00+00:00
6736,096499d2-73d6-5063-9dd4-a7c1aebac61d,5,daily_login,2026-08-19,2026-08-19T07:17:00+00:00
6737,52ab3a8f-ec5c-5e66-bcd5-efc304512118,5,daily_login,2026-08-19,2026-08-19T07:18:00+00:00
6738,96dbbdad-601e-5bc2-9d1a-78f9f6349a39,5,daily_login,2026-08-19,2026-08-19T07:18:00+00:00
6739,96dbbdad-601e-5bc2-9d1a-78f9f6349a39,5,streak_week_bonus,2026-08-19,2026-08-19T07:18:00+00:00
6740,64609795-d498-5ea7-ad33-a3bcecf9d962,5,daily_login,2026-08-19,2026-08-19T07:18:00+00:00
6741,e1f9b739-b2d3-51e6-9609-05805a6d151c,5,daily_login,2026-08-19,2026-08-19T07:19:00+00:00
6742,9d1c460b-bd0b-57ff-ac14-f2b10f73edd3,5,daily_login,2026-08-19,2026-08-19T07:19:00+00:00
6743,341a0cef-f4a9-53ee-8980-229dc154ff4e,5,daily_login,2026-08-19,2026-08-19T07:20:00+00:00
6744,63fdd1e3-9db3-5b05-9799-510eea6abab7,5,daily_login,2026-08-19,2026-08-19T07:20:00+00:00
6745,9047d24d-0775-5f10-bf17-6e8fc62c5884,5,daily_login,2026-08-19,2026-08-19T07:20:00+00:00
6746,85df6dcd-e42a-581f-802b-eb93568b74eb,5,daily_login,2026-08-19,2026-08-19T07:21:00+00:00
6747,368442e7-2dfe-5df4-9ab7-a468b984050a,5,daily_login,2026-08-19,2026-08-19T07:22:00+00:00
6748,44a33563-638c-52da-ae01-285f43dfcb99,5,daily_login,2026-08-19,2026-08-19T07:22:00+00:00
6749,d16e3cdc-2868-563d-867d-62fa9b8b24ea,5,daily_login,2026-08-19,2026-08-19T07:22:00+00:00
6750,4c310820-12d3-5128-9a45-973db446b59e,5,daily_login,2026-08-19,2026-08-19T07:23:00+00:00
6751,02bf8d95-eee4-5287-b363-0551cc4a6d51,5,daily_login,2026-08-19,2026-08-19T07:23:00+00:00
6752,ffe47fd1-7989-5728-addd-50b504edd889,5,daily_login,2026-08-19,2026-08-19T07:24:00+00:00
6753,58074159-53d7-5a52-8436-d84a05af35a9,5,daily_login,2026-08-19,2026-08-19T07:24:00+00:00
6754,a2cc3818-be31-5aeb-828c-e23f579431aa,5,daily_login,2026-08-19,2026-08-19T07:25:00+00:00
6755,53f78f7e-e2df-586b-b483-5748c92d0f9f,5,daily_login,2026-08-19,2026-08-19T07:25:00+00:00
6756,baa8ef70-5b01-5a49-84cb-71c353290705,5,daily_login,2026-08-19,2026-08-19T07:26:00+00:00
6757,a60d0128-bffa-5d2d-9915-36693e6bc3ba,5,daily_login,2026-08-19,2026-08-19T07:26:00+00:00
6758,e502b694-466f-5e1f-9293-146b264ae20c,5,daily_login,2026-08-19,2026-08-19T07:27:00+00:00
6759,d0c58825-6ead-50f6-9a07-f2f95dbb51ea,5,daily_login,2026-08-19,2026-08-19T07:27:00+00:00
6760,e7dd6cb0-626e-510a-9e98-0498c534b04d,5,daily_login,2026-08-19,2026-08-19T07:28:00+00:00
6761,774fd1d7-ca6b-5177-9d91-fc7b24739425,5,daily_login,2026-08-19,2026-08-19T07:30:00+00:00
6762,96373821-4bf4-53b8-bd24-bb64bbb3b84e,5,daily_login,2026-08-19,2026-08-19T07:30:00+00:00
6763,54561bf4-fe37-5b37-934d-9c7f81542f8b,5,daily_login,2026-08-19,2026-08-19T07:30:00+00:00
6764,0947c4b9-50d6-50e2-9043-84a15b80e8c7,5,daily_login,2026-08-19,2026-08-19T07:30:00+00:00
6765,a53c485b-a35c-51fb-84a5-364207ce0adb,20,thread_create,thread:149,2026-08-19T07:30:00+00:00
6766,a53c485b-a35c-51fb-84a5-364207ce0adb,150,first_thread,badge,2026-08-19T07:30:00+00:00
6767,a53c485b-a35c-51fb-84a5-364207ce0adb,200,level_5,badge,2026-08-19T07:30:00+00:00
6768,082b47e7-5a06-5a34-bd49-595c82b2b196,5,daily_login,2026-08-19,2026-08-19T07:31:00+00:00
6769,45cee65b-db52-5dff-b09d-0ee1ac2be20f,5,daily_login,2026-08-19,2026-08-19T07:31:00+00:00
6770,f8f213c7-3d61-567e-9735-5e3e9498b892,5,daily_login,2026-08-19,2026-08-19T07:31:00+00:00
6771,82a5c89c-0b3a-58b9-9259-837a5348a5c2,5,daily_login,2026-08-19,2026-08-19T07:31:00+00:00
6772,84047d01-74e6-5a08-a20e-b5c25e3eff3e,5,daily_login,2026-08-19,2026-08-19T07:33:00+00:00
6773,44f09dba-7a20-5f46-840b-4670e6c7eb92,5,daily_login,2026-08-19,2026-08-19T07:33:00+00:00
6774,88820056-e901-59a1-b2ca-c4e813b34f7b,5,daily_login,2026-08-19,2026-08-19T07:33:00+00:00
6775,a0a53b38-722a-56e6-a52c-fe0e06169a59,5,daily_login,2026-08-19,2026-08-19T07:34:00+00:00
6776,01c00e49-c4d6-5d4b-bbc1-8aa3fe21ba2a,5,daily_login,2026-08-19,2026-08-19T07:34:00+00:00
6777,5d857806-7d61-533b-bc12-af2d7b775d29,5,daily_login,2026-08-19,2026-08-19T07:35:00+00:00
6778,7e6a1243-34f5-52e6-862f-e5f3b2ebe640,5,daily_login,2026-08-19,2026-08-19T07:36:00+00:00
6779,8fa5b823-1a70-59f7-9bb2-b3d5f36dc82b,5,daily_login,2026-08-19,2026-08-19T07:36:00+00:00
6780,9edec740-5de6-5c27-8233-5cf72946b182,5,daily_login,2026-08-19,2026-08-19T07:36:00+00:00
6781,4cf03b5a-e2ca-57f2-95b8-16a3b92247e6,5,daily_login,2026-08-19,2026-08-19T07:37:00+00:00
6782,5ce94e6e-a987-5fd1-90b2-94a1174f9376,5,daily_login,2026-08-19,2026-08-19T07:37:00+00:00
6783,ec6d706d-7dba-534b-8700-e6752dbd06e1,5,daily_login,2026-08-19,2026-08-19T07:38:00+00:00
6784,bdc5faf6-386d-5338-99a0-32d156bcbd68,5,daily_login,2026-08-19,2026-08-19T07:38:00+00:00
6785,0bd9c807-50b6-567b-befe-96c80ed2fc9d,5,daily_login,2026-08-19,2026-08-19T07:38:00+00:00
6786,783491ec-2857-52e8-a102-766d7abba6d2,5,daily_login,2026-08-19,2026-08-19T07:38:00+00:00
6787,508d03e7-de84-523a-8242-f48abc9451d7,5,daily_login,2026-08-19,2026-08-19T07:39:00+00:00
6788,c6286e16-5e03-594c-aa67-861b8ba91b33,5,daily_login,2026-08-19,2026-08-19T07:39:00+00:00
6789,c6286e16-5e03-594c-aa67-861b8ba91b33,5,streak_week_bonus,2026-08-19,2026-08-19T07:39:00+00:00
6790,d767d4bb-a2aa-587a-90f9-23d0689ae52a,5,daily_login,2026-08-19,2026-08-19T07:40:00+00:00
6791,33ba5d16-c38c-5bcf-9896-ea8ae81d6e7b,5,daily_login,2026-08-19,2026-08-19T07:41:00+00:00
6792,dfe9e449-d177-56af-a679-d3e1c78c5c02,5,daily_login,2026-08-19,2026-08-19T07:43:00+00:00
6793,36016ab9-3cc9-5f6a-8bc7-1d138ad9cb43,5,daily_login,2026-08-19,2026-08-19T07:44:00+00:00
6794,405fd522-6b0d-52fc-b397-dc3ce2e4a2ea,5,daily_login,2026-08-19,2026-08-19T07:44:00+00:00
6795,e137404e-9196-525c-b17a-44dc96d29f29,5,daily_login,2026-08-19,2026-08-19T07:44:00+00:00
6796,7f0221a7-4703-52e7-8b26-fa2cd7303c90,20,thread_create,thread:135,2026-08-19T08:30:00+00:00
6797,7f0221a7-4703-52e7-8b26-fa2cd7303c90,150,first_thread,badge,2026-08-19T08:30:00+00:00
6798,7624f38b-fbca-546f-af04-c9dda9318f82,15,task_complete,task:270,2026-08-19T13:30:00+00:00
6799,baa8ef70-5b01-5a49-84cb-71c353290705,60,milestone_complete,milestone:145,2026-08-19T15:30:00+00:00
6800,baa8ef70-5b01-5a49-84cb-71c353290705,150,first_milestone,badge,2026-08-19T15:30:00+00:00
6801,5a4b137d-2ebb-5c75-8cdd-bf77406b4b9f,150,first_milestone,badge,2026-08-19T15:30:00+00:00
6802,ef763ec1-f93c-5744-9640-4ca59adf9347,75,project_create,project:181,2026-08-19T17:30:00+00:00
6803,7298015b-9105-595a-b879-3013c08053f7,15,task_complete,task:348,2026-08-19T20:30:00+00:00
6804,7298015b-9105-595a-b879-3013c08053f7,100,first_task,badge,2026-08-19T20:30:00+00:00
6805,7298015b-9105-595a-b879-3013c08053f7,60,milestone_complete,milestone:199,2026-08-19T20:30:00+00:00
6806,7298015b-9105-595a-b879-3013c08053f7,150,first_milestone,badge,2026-08-19T20:30:00+00:00
6807,4c2177ab-592a-5e4a-b25b-8bb3f8090555,40,project_join,project_join:181,2026-08-19T21:30:00+00:00
6808,a60d0128-bffa-5d2d-9915-36693e6bc3ba,15,task_complete,task:558,2026-08-20T05:30:00+00:00
6809,fd96bbd1-5601-5c99-a1e2-04b09168b35e,20,thread_create,thread:161,2026-08-20T06:30:00+00:00
6810,fd96bbd1-5601-5c99-a1e2-04b09168b35e,150,first_thread,badge,2026-08-20T06:30:00+00:00
6811,d9fbcbde-376a-5f82-9fb5-268a24b02d57,5,daily_login,2026-08-20,2026-08-20T07:10:00+00:00
6812,f2561442-8439-5138-9a3b-8bcf96f16609,5,daily_login,2026-08-20,2026-08-20T07:10:00+00:00
6813,610e9654-06d6-5e55-959b-377b8749b8f9,5,daily_login,2026-08-20,2026-08-20T07:10:00+00:00
6814,518ae987-15f7-5b22-8bcc-df59623dbdce,5,daily_login,2026-08-20,2026-08-20T07:10:00+00:00
6815,37b7aed3-d207-54f7-b4ec-0e05c50eaeb2,5,daily_login,2026-08-20,2026-08-20T07:11:00+00:00
6816,6cf4bb40-4d81-5eb3-b9d9-5841cd55724e,5,daily_login,2026-08-20,2026-08-20T07:11:00+00:00
6817,b7180518-4b5b-54ef-9060-958212d05ab7,5,daily_login,2026-08-20,2026-08-20T07:11:00+00:00
6818,f985b68e-39ae-5c83-8468-2b126802c414,5,daily_login,2026-08-20,2026-08-20T07:12:00+00:00
6819,3d016498-e16a-5ad9-95c7-b633dfc6a142,5,daily_login,2026-08-20,2026-08-20T07:13:00+00:00
6820,ea7edc0e-b64d-545f-b311-b4ee943f2935,5,daily_login,2026-08-20,2026-08-20T07:14:00+00:00
6821,3d5b480d-3962-5c76-96ca-5459d65372aa,5,daily_login,2026-08-20,2026-08-20T07:14:00+00:00
6822,20b63262-d3e6-555a-95b2-84fc87694a19,5,daily_login,2026-08-20,2026-08-20T07:15:00+00:00
6823,6ecf180b-be59-594c-a33b-31bd0120f01f,5,daily_login,2026-08-20,2026-08-20T07:15:00+00:00
6824,eb3717c1-cd92-5eeb-af40-9df7f3132426,5,daily_login,2026-08-20,2026-08-20T07:16:00+00:00
6825,693ebb02-ab3f-5d60-b798-d4d4df4900d2,5,daily_login,2026-08-20,2026-08-20T07:16:00+00:00
6826,9355c2cf-38db-5118-9b77-3d5b5b3870df,5,daily_login,2026-08-20,2026-08-20T07:17:00+00:00
6827,52ab3a8f-ec5c-5e66-bcd5-efc304512118,5,daily_login,2026-08-20,2026-08-20T07:18:00+00:00
6828,96dbbdad-601e-5bc2-9d1a-78f9f6349a39,5,daily_login,2026-08-20,2026-08-20T07:18:00+00:00
6829,64609795-d498-5ea7-ad33-a3bcecf9d962,5,daily_login,2026-08-20,2026-08-20T07:18:00+00:00
6830,64609795-d498-5ea7-ad33-a3bcecf9d962,5,streak_week_bonus,2026-08-20,2026-08-20T07:18:00+00:00
6831,9047d24d-0775-5f10-bf17-6e8fc62c5884,5,daily_login,2026-08-20,2026-08-20T07:20:00+00:00
6832,7bdf8ad6-1318-5f74-9112-e2b655e215a2,5,daily_login,2026-08-20,2026-08-20T07:21:00+00:00
6833,8819cb55-67e6-5a55-98c8-d80446975a9e,5,daily_login,2026-08-20,2026-08-20T07:22:00+00:00
6834,368442e7-2dfe-5df4-9ab7-a468b984050a,5,daily_login,2026-08-20,2026-08-20T07:22:00+00:00
6835,d16e3cdc-2868-563d-867d-62fa9b8b24ea,5,daily_login,2026-08-20,2026-08-20T07:22:00+00:00
6836,e0b64119-ecb0-52a5-852d-39c211ce337a,5,daily_login,2026-08-20,2026-08-20T07:23:00+00:00
6837,4c310820-12d3-5128-9a45-973db446b59e,5,daily_login,2026-08-20,2026-08-20T07:23:00+00:00
6838,02bf8d95-eee4-5287-b363-0551cc4a6d51,5,daily_login,2026-08-20,2026-08-20T07:23:00+00:00
6839,651ce25b-8132-52d9-8f74-889f22c3bb5c,5,daily_login,2026-08-20,2026-08-20T07:24:00+00:00
6840,58074159-53d7-5a52-8436-d84a05af35a9,5,daily_login,2026-08-20,2026-08-20T07:24:00+00:00
6841,61347d09-09eb-5f04-a4ec-fe830319799f,5,daily_login,2026-08-20,2026-08-20T07:24:00+00:00
6842,1bf86e3f-0e6e-5241-b319-71005237945f,5,daily_login,2026-08-20,2026-08-20T07:25:00+00:00
6843,4307ee18-2e16-50be-abbc-db160bb8e8fd,5,daily_login,2026-08-20,2026-08-20T07:26:00+00:00
6844,e502b694-466f-5e1f-9293-146b264ae20c,5,daily_login,2026-08-20,2026-08-20T07:27:00+00:00
6845,d0c58825-6ead-50f6-9a07-f2f95dbb51ea,5,daily_login,2026-08-20,2026-08-20T07:27:00+00:00
6846,673e8617-3280-5bfa-85a6-738a6d64aac6,5,daily_login,2026-08-20,2026-08-20T07:28:00+00:00
6847,b897da16-1a55-5740-8129-7d502e6f44b8,5,daily_login,2026-08-20,2026-08-20T07:29:00+00:00
6848,5532dec3-02ae-5ac3-8b57-2e8214a8598b,5,daily_login,2026-08-20,2026-08-20T07:29:00+00:00
6849,96373821-4bf4-53b8-bd24-bb64bbb3b84e,5,daily_login,2026-08-20,2026-08-20T07:30:00+00:00
6850,082b47e7-5a06-5a34-bd49-595c82b2b196,5,daily_login,2026-08-20,2026-08-20T07:31:00+00:00
6851,45cee65b-db52-5dff-b09d-0ee1ac2be20f,5,daily_login,2026-08-20,2026-08-20T07:31:00+00:00
6852,f8f213c7-3d61-567e-9735-5e3e9498b892,5,daily_login,2026-08-20,2026-08-20T07:31:00+00:00
6853,82a5c89c-0b3a-58b9-9259-837a5348a5c2,5,daily_login,2026-08-20,2026-08-20T07:31:00+00:00
6854,9cba29b2-e169-54f3-9d61-1d5013f80312,5,daily_login,2026-08-20,2026-08-20T07:32:00+00:00
6855,1062abbb-4fcd-51a9-95fc-5474e4af7640,5,daily_login,2026-08-20,2026-08-20T07:32:00+00:00
6856,84047d01-74e6-5a08-a20e-b5c25e3eff3e,5,daily_login,2026-08-20,2026-08-20T07:33:00+00:00
6857,44f09dba-7a20-5f46-840b-4670e6c7eb92,5,daily_login,2026-08-20,2026-08-20T07:33:00+00:00
6858,88820056-e901-59a1-b2ca-c4e813b34f7b,5,daily_login,2026-08-20,2026-08-20T07:33:00+00:00
6859,a0a53b38-722a-56e6-a52c-fe0e06169a59,5,daily_login,2026-08-20,2026-08-20T07:34:00+00:00
6860,01c00e49-c4d6-5d4b-bbc1-8aa3fe21ba2a,5,daily_login,2026-08-20,2026-08-20T07:34:00+00:00
6861,8ecc0792-3789-53b2-a26e-fc6daa886eb7,5,daily_login,2026-08-20,2026-08-20T07:36:00+00:00
6862,9edec740-5de6-5c27-8233-5cf72946b182,5,daily_login,2026-08-20,2026-08-20T07:36:00+00:00
6863,4cf03b5a-e2ca-57f2-95b8-16a3b92247e6,5,daily_login,2026-08-20,2026-08-20T07:37:00+00:00
6864,6988340a-a3c1-5fda-a996-711f1723c649,5,daily_login,2026-08-20,2026-08-20T07:37:00+00:00
6865,eb397f92-99ac-5f0f-8f81-3540865f0477,5,daily_login,2026-08-20,2026-08-20T07:38:00+00:00
6866,302b84f9-9053-5cf7-bed0-305678227875,5,daily_login,2026-08-20,2026-08-20T07:39:00+00:00
6867,eeeb9e89-042f-5fdc-8fcf-2c3ad56f9bf1,5,daily_login,2026-08-20,2026-08-20T07:39:00+00:00
6868,508d03e7-de84-523a-8242-f48abc9451d7,5,daily_login,2026-08-20,2026-08-20T07:39:00+00:00
6869,c6286e16-5e03-594c-aa67-861b8ba91b33,5,daily_login,2026-08-20,2026-08-20T07:39:00+00:00
6870,e21dfd78-ea9f-5754-a3b2-3b3b66dd30b5,5,daily_login,2026-08-20,2026-08-20T07:39:00+00:00
6871,bb4b0d34-59a4-5948-a9be-a1aa6caece55,5,daily_login,2026-08-20,2026-08-20T07:40:00+00:00
6872,d767d4bb-a2aa-587a-90f9-23d0689ae52a,5,daily_login,2026-08-20,2026-08-20T07:40:00+00:00
6873,fb400c3e-ecd0-522e-8b8e-1323946be71a,5,daily_login,2026-08-20,2026-08-20T07:40:00+00:00
6874,a070c6d0-c23b-5036-b352-f16db0d6ec8e,5,daily_login,2026-08-20,2026-08-20T07:43:00+00:00
6875,405fd522-6b0d-52fc-b397-dc3ce2e4a2ea,5,daily_login,2026-08-20,2026-08-20T07:44:00+00:00
6876,6d9d0917-bda8-5863-abe4-92d14b0cc926,5,daily_login,2026-08-20,2026-08-20T07:44:00+00:00
6877,d2a70bca-a25c-522f-9b7e-c967b69503cc,5,daily_login,2026-08-20,2026-08-20T07:45:00+00:00
6878,6ac5a7a4-ae0d-5e31-8a7c-d85b63a96c46,5,daily_login,2026-08-20,2026-08-20T07:45:00+00:00
6879,bdc5faf6-386d-5338-99a0-32d156bcbd68,15,task_complete,task:297,2026-08-20T08:30:00+00:00
6880,bdc5faf6-386d-5338-99a0-32d156bcbd68,100,first_task,badge,2026-08-20T08:30:00+00:00
6881,2e2e8079-6c9e-51c9-bc7e-1475045fd514,75,project_create,project:139,2026-08-20T14:30:00+00:00
6882,88a268b0-6bca-5583-b041-ffdbc51be7e6,40,project_join,project_join:139,2026-08-20T18:30:00+00:00
6883,d2a70bca-a25c-522f-9b7e-c967b69503cc,60,milestone_complete,milestone:247,2026-08-20T18:30:00+00:00
6884,d2a70bca-a25c-522f-9b7e-c967b69503cc,150,first_milestone,badge,2026-08-20T18:30:00+00:00
6885,f8f213c7-3d61-567e-9735-5e3e9498b892,150,first_milestone,badge,2026-08-20T18:30:00+00:00
6886,da462241-608b-5422-bdbd-0d98184a433d,75,project_create,project:183,2026-08-20T20:30:00+00:00
6887,54561bf4-fe37-5b37-934d-9c7f81542f8b,40,project_join,project_join:139,2026-08-20T22:30:00+00:00
6888,610e9654-06d6-5e55-959b-377b8749b8f9,75,project_create,project:179,2026-08-20T23:30:00+00:00
6889,a992f17b-79b6-5dcf-aed4-2aebaa5775c7,60,milestone_complete,milestone:123,2026-08-21T00:30:00+00:00
6890,a992f17b-79b6-5dcf-aed4-2aebaa5775c7,150,first_milestone,badge,2026-08-21T00:30:00+00:00
6891,53f78f7e-e2df-586b-b483-5748c92d0f9f,150,first_milestone,badge,2026-08-21T00:30:00+00:00
6892,0947c4b9-50d6-50e2-9043-84a15b80e8c7,150,first_milestone,badge,2026-08-21T00:30:00+00:00
6893,484e243b-afd7-5767-bb0f-4262c0334aea,40,project_join,project_join:183,2026-08-21T00:30:00+00:00
6894,f3744506-cae3-5f81-8a4f-506a60395be8,20,thread_create,thread:124,2026-08-21T00:30:00+00:00
6895,f3744506-cae3-5f81-8a4f-506a60395be8,150,first_thread,badge,2026-08-21T00:30:00+00:00
6896,96ccee9a-30f2-56cd-b597-a927c84e0f75,40,project_join,project_join:139,2026-08-21T02:30:00+00:00
6897,25797954-b022-582e-8349-e1e2c141368c,75,project_create,project:161,2026-08-21T03:30:00+00:00
6898,25797954-b022-582e-8349-e1e2c141368c,100,first_project,badge,2026-08-21T03:30:00+00:00
6899,a60d0128-bffa-5d2d-9915-36693e6bc3ba,40,project_join,project_join:179,2026-08-21T03:30:00+00:00
6900,0947c4b9-50d6-50e2-9043-84a15b80e8c7,40,project_join,project_join:183,2026-08-21T04:30:00+00:00
6901,6690668c-e73d-51ff-9ca4-36bec9b8c175,15,task_complete,task:205,2026-08-21T05:30:00+00:00
6902,6690668c-e73d-51ff-9ca4-36bec9b8c175,100,first_task,badge,2026-08-21T05:30:00+00:00
6903,6690668c-e73d-51ff-9ca4-36bec9b8c175,60,milestone_complete,milestone:143,2026-08-21T05:30:00+00:00
6904,6690668c-e73d-51ff-9ca4-36bec9b8c175,150,first_milestone,badge,2026-08-21T05:30:00+00:00
6905,8300625d-d3f5-5264-8503-98a2bfbf60d8,150,first_milestone,badge,2026-08-21T05:30:00+00:00
6906,da462241-608b-5422-bdbd-0d98184a433d,15,task_complete,task:559,2026-08-21T06:30:00+00:00
6907,da462241-608b-5422-bdbd-0d98184a433d,100,first_task,badge,2026-08-21T06:30:00+00:00
6908,d9fbcbde-376a-5f82-9fb5-268a24b02d57,5,daily_login,2026-08-21,2026-08-21T07:10:00+00:00
6909,af808cd8-ab34-515f-a8a0-a1b0719a537b,5,daily_login,2026-08-21,2026-08-21T07:10:00+00:00
6910,f0f4eb8c-a1ed-50a1-bc7d-2863700a31a5,5,daily_login,2026-08-21,2026-08-21T07:11:00+00:00
6911,1dd6da2f-292d-52b5-8e0e-a84885e81ba1,5,daily_login,2026-08-21,2026-08-21T07:12:00+00:00
6912,3d016498-e16a-5ad9-95c7-b633dfc6a142,5,daily_login,2026-08-21,2026-08-21T07:13:00+00:00
6913,878bb7d9-5569-5efb-bbd1-5e39d62d594d,5,daily_login,2026-08-21,2026-08-21T07:13:00+00:00
6914,3d5b480d-3962-5c76-96ca-5459d65372aa,5,daily_login,2026-08-21,2026-08-21T07:14:00+00:00
6915,90cced0e-f2c7-528c-bd28-38c44ead6c98,5,daily_login,2026-08-21,2026-08-21T07:15:00+00:00
6916,6ecf180b-be59-594c-a33b-31bd0120f01f,5,daily_login,2026-08-21,2026-08-21T07:15:00+00:00
6917,50d6350f-ffd4-59ad-a1ff-65a49a77a913,5,daily_login,2026-08-21,2026-08-21T07:16:00+00:00
6918,9355c2cf-38db-5118-9b77-3d5b5b3870df,5,daily_login,2026-08-21,2026-08-21T07:17:00+00:00
6919,52ab3a8f-ec5c-5e66-bcd5-efc304512118,5,daily_login,2026-08-21,2026-08-21T07:18:00+00:00
6920,52ab3a8f-ec5c-5e66-bcd5-efc304512118,5,streak_week_bonus,2026-08-21,2026-08-21T07:18:00+00:00
6921,52ab3a8f-ec5c-5e66-bcd5-efc304512118,200,streak_7,badge,2026-08-21T07:18:00+00:00
6922,64609795-d498-5ea7-ad33-a3bcecf9d962,5,daily_login,2026-08-21,2026-08-21T07:18:00+00:00
6923,cb162f3d-006f-544e-bfa6-f9abb8a52026,5,daily_login,2026-08-21,2026-08-21T07:19:00+00:00
6924,7b359533-e634-59eb-a2c3-b5501ff96488,5,daily_login,2026-08-21,2026-08-21T07:19:00+00:00
6925,63fdd1e3-9db3-5b05-9799-510eea6abab7,5,daily_login,2026-08-21,2026-08-21T07:20:00+00:00
6926,9047d24d-0775-5f10-bf17-6e8fc62c5884,5,daily_login,2026-08-21,2026-08-21T07:20:00+00:00
6927,7bdf8ad6-1318-5f74-9112-e2b655e215a2,5,daily_login,2026-08-21,2026-08-21T07:21:00+00:00
6928,1b1e4344-fde4-5cc2-b82c-4fb458696522,5,daily_login,2026-08-21,2026-08-21T07:21:00+00:00
6929,484e243b-afd7-5767-bb0f-4262c0334aea,5,daily_login,2026-08-21,2026-08-21T07:22:00+00:00
6930,d16e3cdc-2868-563d-867d-62fa9b8b24ea,5,daily_login,2026-08-21,2026-08-21T07:22:00+00:00
6931,d16e3cdc-2868-563d-867d-62fa9b8b24ea,5,streak_week_bonus,2026-08-21,2026-08-21T07:22:00+00:00
6932,3a376c3a-3e46-5c8c-815c-232b66ca9bc8,5,daily_login,2026-08-21,2026-08-21T07:23:00+00:00
6933,4c310820-12d3-5128-9a45-973db446b59e,5,daily_login,2026-08-21,2026-08-21T07:23:00+00:00
6934,4c310820-12d3-5128-9a45-973db446b59e,5,streak_week_bonus,2026-08-21,2026-08-21T07:23:00+00:00
6935,d5dc7189-89df-5fd7-983f-1124b6de3d68,5,daily_login,2026-08-21,2026-08-21T07:23:00+00:00
6936,35e87bcc-650c-5e3f-9741-3f0c54905b6f,5,daily_login,2026-08-21,2026-08-21T07:23:00+00:00
6937,88a268b0-6bca-5583-b041-ffdbc51be7e6,5,daily_login,2026-08-21,2026-08-21T07:24:00+00:00
6938,58074159-53d7-5a52-8436-d84a05af35a9,5,daily_login,2026-08-21,2026-08-21T07:24:00+00:00
6939,61347d09-09eb-5f04-a4ec-fe830319799f,5,daily_login,2026-08-21,2026-08-21T07:24:00+00:00
6940,a2cc3818-be31-5aeb-828c-e23f579431aa,5,daily_login,2026-08-21,2026-08-21T07:25:00+00:00
6941,6b9b6012-cdb4-50eb-8ad0-01c36516df23,5,daily_login,2026-08-21,2026-08-21T07:26:00+00:00
6942,e502b694-466f-5e1f-9293-146b264ae20c,5,daily_login,2026-08-21,2026-08-21T07:27:00+00:00
6943,d0c58825-6ead-50f6-9a07-f2f95dbb51ea,5,daily_login,2026-08-21,2026-08-21T07:27:00+00:00
6944,458287c3-1628-5e26-8930-0d88ae11ce1a,5,daily_login,2026-08-21,2026-08-21T07:27:00+00:00
6945,f0ca4141-ccff-5472-ba76-f4b194108c7b,5,daily_login,2026-08-21,2026-08-21T07:29:00+00:00
6946,5532dec3-02ae-5ac3-8b57-2e8214a8598b,5,daily_login,2026-08-21,2026-08-21T07:29:00+00:00
6947,da462241-608b-5422-bdbd-0d98184a433d,5,daily_login,2026-08-21,2026-08-21T07:30:00+00:00
6948,cd8c4c60-ab9b-5cf3-996e-d4fbb990f4c6,40,project_join,project_join:179,2026-08-21T07:30:00+00:00
6949,082b47e7-5a06-5a34-bd49-595c82b2b196,5,daily_login,2026-08-21,2026-08-21T07:31:00+00:00
6950,45cee65b-db52-5dff-b09d-0ee1ac2be20f,5,daily_login,2026-08-21,2026-08-21T07:31:00+00:00
6951,82a5c89c-0b3a-58b9-9259-837a5348a5c2,5,daily_login,2026-08-21,2026-08-21T07:31:00+00:00
6952,ee289908-380a-5bb3-8fdc-0990b203929b,5,daily_login,2026-08-21,2026-08-21T07:32:00+00:00
6953,95927b04-f214-5c26-878d-fb55176e41bc,5,daily_login,2026-08-21,2026-08-21T07:32:00+00:00
6954,9cba29b2-e169-54f3-9d61-1d5013f80312,5,daily_login,2026-08-21,2026-08-21T07:32:00+00:00
6955,1062abbb-4fcd-51a9-95fc-5474e4af7640,5,daily_login,2026-08-21,2026-08-21T07:32:00+00:00
6956,88820056-e901-59a1-b2ca-c4e813b34f7b,5,daily_login,2026-08-21,2026-08-21T07:33:00+00:00
6957,88820056-e901-59a1-b2ca-c4e813b34f7b,5,streak_week_bonus,2026-08-21,2026-08-21T07:33:00+00:00
6958,19e81afb-74c1-5b4a-9af3-469f3b610235,5,daily_login,2026-08-21,2026-08-21T07:34:00+00:00
6959,e747fee0-a84b-5f51-98a3-7481903c9023,5,daily_login,2026-08-21,2026-08-21T07:34:00+00:00
6960,a0a53b38-722a-56e6-a52c-fe0e06169a59,5,daily_login,2026-08-21,2026-08-21T07:34:00+00:00
6961,01c00e49-c4d6-5d4b-bbc1-8aa3fe21ba2a,5,daily_login,2026-08-21,2026-08-21T07:34:00+00:00
6962,554a90ae-c448-548d-a552-cd8f1c340cbd,5,daily_login,2026-08-21,2026-08-21T07:36:00+00:00
6963,8fa5b823-1a70-59f7-9bb2-b3d5f36dc82b,5,daily_login,2026-08-21,2026-08-21T07:36:00+00:00
6964,9edec740-5de6-5c27-8233-5cf72946b182,5,daily_login,2026-08-21,2026-08-21T07:36:00+00:00
6965,4cf03b5a-e2ca-57f2-95b8-16a3b92247e6,5,daily_login,2026-08-21,2026-08-21T07:37:00+00:00
6966,6988340a-a3c1-5fda-a996-711f1723c649,5,daily_login,2026-08-21,2026-08-21T07:37:00+00:00
6967,eb397f92-99ac-5f0f-8f81-3540865f0477,5,daily_login,2026-08-21,2026-08-21T07:38:00+00:00
6968,ec6d706d-7dba-534b-8700-e6752dbd06e1,5,daily_login,2026-08-21,2026-08-21T07:38:00+00:00
6969,bdc5faf6-386d-5338-99a0-32d156bcbd68,5,daily_login,2026-08-21,2026-08-21T07:38:00+00:00
6970,0bd9c807-50b6-567b-befe-96c80ed2fc9d,5,daily_login,2026-08-21,2026-08-21T07:38:00+00:00
6971,302b84f9-9053-5cf7-bed0-305678227875,5,daily_login,2026-08-21,2026-08-21T07:39:00+00:00
6972,508d03e7-de84-523a-8242-f48abc9451d7,5,daily_login,2026-08-21,2026-08-21T07:39:00+00:00
6973,c6286e16-5e03-594c-aa67-861b8ba91b33,5,daily_login,2026-08-21,2026-08-21T07:39:00+00:00
6974,e21dfd78-ea9f-5754-a3b2-3b3b66dd30b5,5,daily_login,2026-08-21,2026-08-21T07:39:00+00:00
6975,fb400c3e-ecd0-522e-8b8e-1323946be71a,5,daily_login,2026-08-21,2026-08-21T07:40:00+00:00
6976,33ba5d16-c38c-5bcf-9896-ea8ae81d6e7b,5,daily_login,2026-08-21,2026-08-21T07:41:00+00:00
6977,0b532307-3033-5baf-b61c-915d1213c01f,5,daily_login,2026-08-21,2026-08-21T07:41:00+00:00
6978,7624f38b-fbca-546f-af04-c9dda9318f82,5,daily_login,2026-08-21,2026-08-21T07:41:00+00:00
6979,e5b7ccce-2cb7-5b6e-95a5-32ffacbca87f,5,daily_login,2026-08-21,2026-08-21T07:42:00+00:00
6980,f223e569-d735-5980-b77b-25d459e64a37,5,daily_login,2026-08-21,2026-08-21T07:42:00+00:00
6981,b5be680a-732e-55e0-bc5d-b80e831ff33a,5,daily_login,2026-08-21,2026-08-21T07:42:00+00:00
6982,40120057-c43a-5745-9d3a-d9b0c6b1e84e,5,daily_login,2026-08-21,2026-08-21T07:43:00+00:00
6983,a5526e82-ef69-522b-b3ad-df818658bde0,5,daily_login,2026-08-21,2026-08-21T07:44:00+00:00
6984,405fd522-6b0d-52fc-b397-dc3ce2e4a2ea,5,daily_login,2026-08-21,2026-08-21T07:44:00+00:00
6985,6ab0c42d-0ad5-5b3d-9c6c-4ab9eaa47586,5,daily_login,2026-08-21,2026-08-21T07:45:00+00:00
6986,d2a70bca-a25c-522f-9b7e-c967b69503cc,5,daily_login,2026-08-21,2026-08-21T07:45:00+00:00
6987,3bc3e38a-5ff7-5330-ab2d-8add18e85d57,5,daily_login,2026-08-21,2026-08-21T07:45:00+00:00
6988,6ac5a7a4-ae0d-5e31-8a7c-d85b63a96c46,5,daily_login,2026-08-21,2026-08-21T07:45:00+00:00
6989,b39a9d3d-f3eb-5d31-9cc7-15e278969b70,5,daily_login,2026-08-21,2026-08-21T07:46:00+00:00
6990,36016ab9-3cc9-5f6a-8bc7-1d138ad9cb43,75,project_create,project:118,2026-08-21T08:30:00+00:00
6991,36016ab9-3cc9-5f6a-8bc7-1d138ad9cb43,100,first_project,badge,2026-08-21T08:30:00+00:00
6992,693ebb02-ab3f-5d60-b798-d4d4df4900d2,40,project_join,project_join:183,2026-08-21T08:30:00+00:00
6993,c6286e16-5e03-594c-aa67-861b8ba91b33,40,project_join,project_join:118,2026-08-21T12:30:00+00:00
6994,c6286e16-5e03-594c-aa67-861b8ba91b33,100,first_project,badge,2026-08-21T12:30:00+00:00
6995,a36cd93c-2f0c-5956-9a51-8094e39a7bed,40,project_join,project_join:183,2026-08-21T12:30:00+00:00
6996,ef763ec1-f93c-5744-9640-4ca59adf9347,40,project_join,project_join:118,2026-08-21T16:30:00+00:00
6997,b39a9d3d-f3eb-5d31-9cc7-15e278969b70,15,task_complete,task:350,2026-08-21T22:30:00+00:00
6998,1873645b-b54c-51dc-a41a-7131e831a64f,15,task_complete,task:340,2026-08-21T23:30:00+00:00
6999,1873645b-b54c-51dc-a41a-7131e831a64f,100,first_task,badge,2026-08-21T23:30:00+00:00
7000,1873645b-b54c-51dc-a41a-7131e831a64f,60,milestone_complete,milestone:195,2026-08-21T23:30:00+00:00
7001,1873645b-b54c-51dc-a41a-7131e831a64f,150,first_milestone,badge,2026-08-21T23:30:00+00:00
7002,1873645b-b54c-51dc-a41a-7131e831a64f,200,level_5,badge,2026-08-21T23:30:00+00:00
7003,63fdd1e3-9db3-5b05-9799-510eea6abab7,150,first_milestone,badge,2026-08-21T23:30:00+00:00
7004,ae7ac442-d880-5cd8-bc30-8d21c5f7dc54,150,first_milestone,badge,2026-08-21T23:30:00+00:00
7005,eeeb9e89-042f-5fdc-8fcf-2c3ad56f9bf1,15,task_complete,task:149,2026-08-22T01:30:00+00:00
7006,082b47e7-5a06-5a34-bd49-595c82b2b196,60,milestone_complete,milestone:203,2026-08-22T01:30:00+00:00
7007,082b47e7-5a06-5a34-bd49-595c82b2b196,150,first_milestone,badge,2026-08-22T01:30:00+00:00
7008,082b47e7-5a06-5a34-bd49-595c82b2b196,200,level_5,badge,2026-08-22T01:30:00+00:00
7009,1b1e4344-fde4-5cc2-b82c-4fb458696522,75,project_create,project:138,2026-08-22T03:30:00+00:00
7010,1b1e4344-fde4-5cc2-b82c-4fb458696522,200,level_5,badge,2026-08-22T03:30:00+00:00
7011,0947c4b9-50d6-50e2-9043-84a15b80e8c7,20,thread_create,thread:146,2026-08-22T03:30:00+00:00
7012,8300625d-d3f5-5264-8503-98a2bfbf60d8,15,task_complete,task:206,2026-08-22T06:30:00+00:00
7013,8300625d-d3f5-5264-8503-98a2bfbf60d8,100,first_task,badge,2026-08-22T06:30:00+00:00
7014,d9fbcbde-376a-5f82-9fb5-268a24b02d57,5,daily_login,2026-08-22,2026-08-22T07:10:00+00:00
7015,95ff45a0-9b28-55cb-bba6-22a608a4e30d,5,daily_login,2026-08-22,2026-08-22T07:10:00+00:00
7016,f0f4eb8c-a1ed-50a1-bc7d-2863700a31a5,5,daily_login,2026-08-22,2026-08-22T07:11:00+00:00
7017,37b7aed3-d207-54f7-b4ec-0e05c50eaeb2,5,daily_login,2026-08-22,2026-08-22T07:11:00+00:00
7018,f985b68e-39ae-5c83-8468-2b126802c414,5,daily_login,2026-08-22,2026-08-22T07:12:00+00:00
7019,cd8c4c60-ab9b-5cf3-996e-d4fbb990f4c6,5,daily_login,2026-08-22,2026-08-22T07:12:00+00:00
7020,7ef6d8e7-132e-5da5-a653-16dd2e5719c4,5,daily_login,2026-08-22,2026-08-22T07:13:00+00:00
7021,001e944b-e64e-5742-afb7-5e04327e41ee,5,daily_login,2026-08-22,2026-08-22T07:14:00+00:00
7022,34046d1a-c67e-5a81-b9d5-47dd4840c4fe,5,daily_login,2026-08-22,2026-08-22T07:14:00+00:00
7023,ea7edc0e-b64d-545f-b311-b4ee943f2935,5,daily_login,2026-08-22,2026-08-22T07:14:00+00:00
7024,3d5b480d-3962-5c76-96ca-5459d65372aa,5,daily_login,2026-08-22,2026-08-22T07:14:00+00:00
7025,6e82bb3e-ede8-5803-ba1a-cc3aa8766199,5,daily_login,2026-08-22,2026-08-22T07:15:00+00:00
7026,50d6350f-ffd4-59ad-a1ff-65a49a77a913,5,daily_login,2026-08-22,2026-08-22T07:16:00+00:00
7027,9355c2cf-38db-5118-9b77-3d5b5b3870df,5,daily_login,2026-08-22,2026-08-22T07:17:00+00:00
7028,b7f1d97d-9f3c-5885-b9ef-48d67a16a686,5,daily_login,2026-08-22,2026-08-22T07:17:00+00:00
7029,52ab3a8f-ec5c-5e66-bcd5-efc304512118,5,daily_login,2026-08-22,2026-08-22T07:18:00+00:00
7030,64609795-d498-5ea7-ad33-a3bcecf9d962,5,daily_login,2026-08-22,2026-08-22T07:18:00+00:00
7031,d3175e63-6121-5d55-b429-df91670d9aca,5,daily_login,2026-08-22,2026-08-22T07:18:00+00:00
7032,5a4b137d-2ebb-5c75-8cdd-bf77406b4b9f,5,daily_login,2026-08-22,2026-08-22T07:19:00+00:00
7033,9d1c460b-bd0b-57ff-ac14-f2b10f73edd3,5,daily_login,2026-08-22,2026-08-22T07:19:00+00:00
7034,9047d24d-0775-5f10-bf17-6e8fc62c5884,5,daily_login,2026-08-22,2026-08-22T07:20:00+00:00
7035,7bdf8ad6-1318-5f74-9112-e2b655e215a2,5,daily_login,2026-08-22,2026-08-22T07:21:00+00:00
7036,1b1e4344-fde4-5cc2-b82c-4fb458696522,5,daily_login,2026-08-22,2026-08-22T07:21:00+00:00
7037,4ec67eb8-4fda-5cbc-bbd1-a6afc7ce8130,5,daily_login,2026-08-22,2026-08-22T07:21:00+00:00
7038,d16e3cdc-2868-563d-867d-62fa9b8b24ea,5,daily_login,2026-08-22,2026-08-22T07:22:00+00:00
7039,3a376c3a-3e46-5c8c-815c-232b66ca9bc8,5,daily_login,2026-08-22,2026-08-22T07:23:00+00:00
7040,4c310820-12d3-5128-9a45-973db446b59e,5,daily_login,2026-08-22,2026-08-22T07:23:00+00:00
7041,02bf8d95-eee4-5287-b363-0551cc4a6d51,5,daily_login,2026-08-22,2026-08-22T07:23:00+00:00
7042,58074159-53d7-5a52-8436-d84a05af35a9,5,daily_login,2026-08-22,2026-08-22T07:24:00+00:00
7043,a2cc3818-be31-5aeb-828c-e23f579431aa,5,daily_login,2026-08-22,2026-08-22T07:25:00+00:00
7044,baa8ef70-5b01-5a49-84cb-71c353290705,5,daily_login,2026-08-22,2026-08-22T07:26:00+00:00
7045,a60d0128-bffa-5d2d-9915-36693e6bc3ba,5,daily_login,2026-08-22,2026-08-22T07:26:00+00:00
7046,7298015b-9105-595a-b879-3013c08053f7,5,daily_login,2026-08-22,2026-08-22T07:26:00+00:00
7047,e502b694-466f-5e1f-9293-146b264ae20c,5,daily_login,2026-08-22,2026-08-22T07:27:00+00:00
7048,e502b694-466f-5e1f-9293-146b264ae20c,5,streak_week_bonus,2026-08-22,2026-08-22T07:27:00+00:00
7049,d0c58825-6ead-50f6-9a07-f2f95dbb51ea,5,daily_login,2026-08-22,2026-08-22T07:27:00+00:00
7050,2e2e8079-6c9e-51c9-bc7e-1475045fd514,5,daily_login,2026-08-22,2026-08-22T07:27:00+00:00
7051,673e8617-3280-5bfa-85a6-738a6d64aac6,5,daily_login,2026-08-22,2026-08-22T07:28:00+00:00
7052,e7c63421-97d2-555e-9731-46cb0f04f637,5,daily_login,2026-08-22,2026-08-22T07:28:00+00:00
7053,e7dd6cb0-626e-510a-9e98-0498c534b04d,5,daily_login,2026-08-22,2026-08-22T07:28:00+00:00
7054,774fd1d7-ca6b-5177-9d91-fc7b24739425,5,daily_login,2026-08-22,2026-08-22T07:30:00+00:00
7055,54561bf4-fe37-5b37-934d-9c7f81542f8b,5,daily_login,2026-08-22,2026-08-22T07:30:00+00:00
7056,da462241-608b-5422-bdbd-0d98184a433d,5,daily_login,2026-08-22,2026-08-22T07:30:00+00:00
7057,3425797b-5c54-5f3a-9a34-9cedb0dc5b84,40,project_join,project_join:138,2026-08-22T07:30:00+00:00
7058,3425797b-5c54-5f3a-9a34-9cedb0dc5b84,200,level_5,badge,2026-08-22T07:30:00+00:00
7059,3d5b480d-3962-5c76-96ca-5459d65372aa,15,task_complete,task:560,2026-08-22T07:30:00+00:00
7060,082b47e7-5a06-5a34-bd49-595c82b2b196,5,daily_login,2026-08-22,2026-08-22T07:31:00+00:00
7061,45cee65b-db52-5dff-b09d-0ee1ac2be20f,5,daily_login,2026-08-22,2026-08-22T07:31:00+00:00
7062,f8f213c7-3d61-567e-9735-5e3e9498b892,5,daily_login,2026-08-22,2026-08-22T07:31:00+00:00
7063,82a5c89c-0b3a-58b9-9259-837a5348a5c2,5,daily_login,2026-08-22,2026-08-22T07:31:00+00:00
7064,84047d01-74e6-5a08-a20e-b5c25e3eff3e,5,daily_login,2026-08-22,2026-08-22T07:33:00+00:00
7065,88820056-e901-59a1-b2ca-c4e813b34f7b,5,daily_login,2026-08-22,2026-08-22T07:33:00+00:00
7066,19e81afb-74c1-5b4a-9af3-469f3b610235,5,daily_login,2026-08-22,2026-08-22T07:34:00+00:00
7067,a0a53b38-722a-56e6-a52c-fe0e06169a59,5,daily_login,2026-08-22,2026-08-22T07:34:00+00:00
7068,d48cab4b-e48b-59ae-88d6-41d5d463569d,5,daily_login,2026-08-22,2026-08-22T07:35:00+00:00
7069,9a026691-28ff-5880-9da3-006735af19d3,5,daily_login,2026-08-22,2026-08-22T07:35:00+00:00
7070,7e6a1243-34f5-52e6-862f-e5f3b2ebe640,5,daily_login,2026-08-22,2026-08-22T07:36:00+00:00
7071,8ecc0792-3789-53b2-a26e-fc6daa886eb7,5,daily_login,2026-08-22,2026-08-22T07:36:00+00:00
7072,4cf03b5a-e2ca-57f2-95b8-16a3b92247e6,5,daily_login,2026-08-22,2026-08-22T07:37:00+00:00
7073,f6e8344b-87f4-5461-93fc-b01ff1ae4265,5,daily_login,2026-08-22,2026-08-22T07:37:00+00:00
7074,6988340a-a3c1-5fda-a996-711f1723c649,5,daily_login,2026-08-22,2026-08-22T07:37:00+00:00
7075,ec6d706d-7dba-534b-8700-e6752dbd06e1,5,daily_login,2026-08-22,2026-08-22T07:38:00+00:00
7076,302b84f9-9053-5cf7-bed0-305678227875,5,daily_login,2026-08-22,2026-08-22T07:39:00+00:00
7077,508d03e7-de84-523a-8242-f48abc9451d7,5,daily_login,2026-08-22,2026-08-22T07:39:00+00:00
7078,c6286e16-5e03-594c-aa67-861b8ba91b33,5,daily_login,2026-08-22,2026-08-22T07:39:00+00:00
7079,e21dfd78-ea9f-5754-a3b2-3b3b66dd30b5,5,daily_login,2026-08-22,2026-08-22T07:39:00+00:00
7080,bb4b0d34-59a4-5948-a9be-a1aa6caece55,5,daily_login,2026-08-22,2026-08-22T07:40:00+00:00
7081,51420309-4688-52d6-84b9-51c0dc3a900e,5,daily_login,2026-08-22,2026-08-22T07:40:00+00:00
7082,96ccee9a-30f2-56cd-b597-a927c84e0f75,5,daily_login,2026-08-22,2026-08-22T07:41:00+00:00
7083,0b532307-3033-5baf-b61c-915d1213c01f,5,daily_login,2026-08-22,2026-08-22T07:41:00+00:00
7084,b5be680a-732e-55e0-bc5d-b80e831ff33a,5,daily_login,2026-08-22,2026-08-22T07:42:00+00:00
7085,3b932376-f549-5a1c-a24b-664b4bc338e3,5,daily_login,2026-08-22,2026-08-22T07:43:00+00:00
7086,405fd522-6b0d-52fc-b397-dc3ce2e4a2ea,5,daily_login,2026-08-22,2026-08-22T07:44:00+00:00
7087,e137404e-9196-525c-b17a-44dc96d29f29,5,daily_login,2026-08-22,2026-08-22T07:44:00+00:00
7088,6ab0c42d-0ad5-5b3d-9c6c-4ab9eaa47586,5,daily_login,2026-08-22,2026-08-22T07:45:00+00:00
7089,5ccdaadc-80b2-50e1-a0c1-bad0246a7cf2,5,daily_login,2026-08-22,2026-08-22T07:46:00+00:00
7090,cac67f41-f5af-5268-9e2d-34feac0dc9fa,5,daily_login,2026-08-22,2026-08-22T07:46:00+00:00
7091,0da68170-ff38-5dad-9224-770d261f1c8a,40,project_join,project_join:138,2026-08-22T11:30:00+00:00
7092,0da68170-ff38-5dad-9224-770d261f1c8a,100,first_project,badge,2026-08-22T11:30:00+00:00
7093,ae7ac442-d880-5cd8-bc30-8d21c5f7dc54,40,project_join,project_join:138,2026-08-22T15:30:00+00:00
7094,d16e3cdc-2868-563d-867d-62fa9b8b24ea,40,project_join,project_join:138,2026-08-22T19:30:00+00:00
7095,d16e3cdc-2868-563d-867d-62fa9b8b24ea,100,first_project,badge,2026-08-22T19:30:00+00:00
7096,61347d09-09eb-5f04-a4ec-fe830319799f,40,project_join,project_join:138,2026-08-22T23:30:00+00:00
7097,53f78f7e-e2df-586b-b483-5748c92d0f9f,15,task_complete,task:150,2026-08-23T02:30:00+00:00
7098,53f78f7e-e2df-586b-b483-5748c92d0f9f,100,first_task,badge,2026-08-23T02:30:00+00:00
7099,d9fbcbde-376a-5f82-9fb5-268a24b02d57,20,thread_create,thread:174,2026-08-23T02:30:00+00:00
7100,45abfe15-6e8d-57cf-bda3-b7ae2b5c0bc7,75,project_create,project:141,2026-08-23T05:30:00+00:00
7101,45abfe15-6e8d-57cf-bda3-b7ae2b5c0bc7,100,first_project,badge,2026-08-23T05:30:00+00:00
7102,d9fbcbde-376a-5f82-9fb5-268a24b02d57,5,daily_login,2026-08-23,2026-08-23T07:10:00+00:00
7103,d9fbcbde-376a-5f82-9fb5-268a24b02d57,5,streak_week_bonus,2026-08-23,2026-08-23T07:10:00+00:00
7104,d9fbcbde-376a-5f82-9fb5-268a24b02d57,200,streak_7,badge,2026-08-23T07:10:00+00:00
7105,f2561442-8439-5138-9a3b-8bcf96f16609,5,daily_login,2026-08-23,2026-08-23T07:10:00+00:00
7106,610e9654-06d6-5e55-959b-377b8749b8f9,5,daily_login,2026-08-23,2026-08-23T07:10:00+00:00
7107,518ae987-15f7-5b22-8bcc-df59623dbdce,5,daily_login,2026-08-23,2026-08-23T07:10:00+00:00
7108,37b7aed3-d207-54f7-b4ec-0e05c50eaeb2,5,daily_login,2026-08-23,2026-08-23T07:11:00+00:00
7109,3d016498-e16a-5ad9-95c7-b633dfc6a142,5,daily_login,2026-08-23,2026-08-23T07:13:00+00:00
7110,7ef6d8e7-132e-5da5-a653-16dd2e5719c4,5,daily_login,2026-08-23,2026-08-23T07:13:00+00:00
7111,34046d1a-c67e-5a81-b9d5-47dd4840c4fe,5,daily_login,2026-08-23,2026-08-23T07:14:00+00:00
7112,ea7edc0e-b64d-545f-b311-b4ee943f2935,5,daily_login,2026-08-23,2026-08-23T07:14:00+00:00
7113,3d5b480d-3962-5c76-96ca-5459d65372aa,5,daily_login,2026-08-23,2026-08-23T07:14:00+00:00
7114,20b63262-d3e6-555a-95b2-84fc87694a19,5,daily_login,2026-08-23,2026-08-23T07:15:00+00:00
7115,90cced0e-f2c7-528c-bd28-38c44ead6c98,5,daily_login,2026-08-23,2026-08-23T07:15:00+00:00
7116,50d6350f-ffd4-59ad-a1ff-65a49a77a913,5,daily_login,2026-08-23,2026-08-23T07:16:00+00:00
7117,9355c2cf-38db-5118-9b77-3d5b5b3870df,5,daily_login,2026-08-23,2026-08-23T07:17:00+00:00
7118,9355c2cf-38db-5118-9b77-3d5b5b3870df,5,streak_week_bonus,2026-08-23,2026-08-23T07:17:00+00:00
7119,9355c2cf-38db-5118-9b77-3d5b5b3870df,200,streak_7,badge,2026-08-23T07:17:00+00:00
7120,52ab3a8f-ec5c-5e66-bcd5-efc304512118,5,daily_login,2026-08-23,2026-08-23T07:18:00+00:00
7121,96dbbdad-601e-5bc2-9d1a-78f9f6349a39,5,daily_login,2026-08-23,2026-08-23T07:18:00+00:00
7122,64609795-d498-5ea7-ad33-a3bcecf9d962,5,daily_login,2026-08-23,2026-08-23T07:18:00+00:00
7123,5a4b137d-2ebb-5c75-8cdd-bf77406b4b9f,5,daily_login,2026-08-23,2026-08-23T07:19:00+00:00
7124,e1f9b739-b2d3-51e6-9609-05805a6d151c,5,daily_login,2026-08-23,2026-08-23T07:19:00+00:00
7125,9047d24d-0775-5f10-bf17-6e8fc62c5884,5,daily_login,2026-08-23,2026-08-23T07:20:00+00:00
7126,7bdf8ad6-1318-5f74-9112-e2b655e215a2,5,daily_login,2026-08-23,2026-08-23T07:21:00+00:00
7127,1b1e4344-fde4-5cc2-b82c-4fb458696522,5,daily_login,2026-08-23,2026-08-23T07:21:00+00:00
7128,4ec67eb8-4fda-5cbc-bbd1-a6afc7ce8130,5,daily_login,2026-08-23,2026-08-23T07:21:00+00:00
7129,85df6dcd-e42a-581f-802b-eb93568b74eb,5,daily_login,2026-08-23,2026-08-23T07:21:00+00:00
7130,d16e3cdc-2868-563d-867d-62fa9b8b24ea,5,daily_login,2026-08-23,2026-08-23T07:22:00+00:00
7131,4c310820-12d3-5128-9a45-973db446b59e,5,daily_login,2026-08-23,2026-08-23T07:23:00+00:00
7132,d5dc7189-89df-5fd7-983f-1124b6de3d68,5,daily_login,2026-08-23,2026-08-23T07:23:00+00:00
7133,02bf8d95-eee4-5287-b363-0551cc4a6d51,5,daily_login,2026-08-23,2026-08-23T07:23:00+00:00
7134,88a268b0-6bca-5583-b041-ffdbc51be7e6,5,daily_login,2026-08-23,2026-08-23T07:24:00+00:00
7135,ffe47fd1-7989-5728-addd-50b504edd889,5,daily_login,2026-08-23,2026-08-23T07:24:00+00:00
7136,58074159-53d7-5a52-8436-d84a05af35a9,5,daily_login,2026-08-23,2026-08-23T07:24:00+00:00
7137,58074159-53d7-5a52-8436-d84a05af35a9,5,streak_week_bonus,2026-08-23,2026-08-23T07:24:00+00:00
7138,a992f17b-79b6-5dcf-aed4-2aebaa5775c7,5,daily_login,2026-08-23,2026-08-23T07:25:00+00:00
7139,6b9b6012-cdb4-50eb-8ad0-01c36516df23,5,daily_login,2026-08-23,2026-08-23T07:26:00+00:00
7140,baa8ef70-5b01-5a49-84cb-71c353290705,5,daily_login,2026-08-23,2026-08-23T07:26:00+00:00
7141,20b4182c-90f7-51da-99e8-97ade4d19a92,5,daily_login,2026-08-23,2026-08-23T07:26:00+00:00
7142,e502b694-466f-5e1f-9293-146b264ae20c,5,daily_login,2026-08-23,2026-08-23T07:27:00+00:00
7143,d0c58825-6ead-50f6-9a07-f2f95dbb51ea,5,daily_login,2026-08-23,2026-08-23T07:27:00+00:00
7144,d0c58825-6ead-50f6-9a07-f2f95dbb51ea,5,streak_week_bonus,2026-08-23,2026-08-23T07:27:00+00:00
7145,d0c58825-6ead-50f6-9a07-f2f95dbb51ea,200,streak_7,badge,2026-08-23T07:27:00+00:00
7146,d0c58825-6ead-50f6-9a07-f2f95dbb51ea,200,level_5,badge,2026-08-23T07:27:00+00:00
7147,2e2e8079-6c9e-51c9-bc7e-1475045fd514,5,daily_login,2026-08-23,2026-08-23T07:27:00+00:00
7148,49a9d8f7-08ea-5972-af3a-0ca0a6c06e59,5,daily_login,2026-08-23,2026-08-23T07:27:00+00:00
7149,0e49007f-82be-5238-a956-37d8f7b40d4c,5,daily_login,2026-08-23,2026-08-23T07:29:00+00:00
7150,0947c4b9-50d6-50e2-9043-84a15b80e8c7,5,daily_login,2026-08-23,2026-08-23T07:30:00+00:00
7151,53f78f7e-e2df-586b-b483-5748c92d0f9f,15,task_complete,task:207,2026-08-23T07:30:00+00:00
7152,082b47e7-5a06-5a34-bd49-595c82b2b196,5,daily_login,2026-08-23,2026-08-23T07:31:00+00:00
7153,45cee65b-db52-5dff-b09d-0ee1ac2be20f,5,daily_login,2026-08-23,2026-08-23T07:31:00+00:00
7154,0e992dba-f631-52d1-b7e3-76faec77c33f,5,daily_login,2026-08-23,2026-08-23T07:31:00+00:00
7155,82a5c89c-0b3a-58b9-9259-837a5348a5c2,5,daily_login,2026-08-23,2026-08-23T07:31:00+00:00
7156,88820056-e901-59a1-b2ca-c4e813b34f7b,5,daily_login,2026-08-23,2026-08-23T07:33:00+00:00
7157,a0a53b38-722a-56e6-a52c-fe0e06169a59,5,daily_login,2026-08-23,2026-08-23T07:34:00+00:00
7158,a0a53b38-722a-56e6-a52c-fe0e06169a59,5,streak_week_bonus,2026-08-23,2026-08-23T07:34:00+00:00
7159,a0a53b38-722a-56e6-a52c-fe0e06169a59,200,streak_7,badge,2026-08-23T07:34:00+00:00
7160,9a026691-28ff-5880-9da3-006735af19d3,5,daily_login,2026-08-23,2026-08-23T07:35:00+00:00
7161,8fa5b823-1a70-59f7-9bb2-b3d5f36dc82b,5,daily_login,2026-08-23,2026-08-23T07:36:00+00:00
7162,9edec740-5de6-5c27-8233-5cf72946b182,5,daily_login,2026-08-23,2026-08-23T07:36:00+00:00
7163,4cf03b5a-e2ca-57f2-95b8-16a3b92247e6,5,daily_login,2026-08-23,2026-08-23T07:37:00+00:00
7164,ab45f9eb-3fee-5ea5-bccb-faffc50f3e76,5,daily_login,2026-08-23,2026-08-23T07:37:00+00:00
7165,5ce94e6e-a987-5fd1-90b2-94a1174f9376,5,daily_login,2026-08-23,2026-08-23T07:37:00+00:00
7166,6988340a-a3c1-5fda-a996-711f1723c649,5,daily_login,2026-08-23,2026-08-23T07:37:00+00:00
7167,eb397f92-99ac-5f0f-8f81-3540865f0477,5,daily_login,2026-08-23,2026-08-23T07:38:00+00:00
7168,25797954-b022-582e-8349-e1e2c141368c,5,daily_login,2026-08-23,2026-08-23T07:39:00+00:00
7169,508d03e7-de84-523a-8242-f48abc9451d7,5,daily_login,2026-08-23,2026-08-23T07:39:00+00:00
7170,c6286e16-5e03-594c-aa67-861b8ba91b33,5,daily_login,2026-08-23,2026-08-23T07:39:00+00:00
7171,96ccee9a-30f2-56cd-b597-a927c84e0f75,5,daily_login,2026-08-23,2026-08-23T07:41:00+00:00
7172,373cd20e-25d5-5a46-a0ae-18157cf68a55,5,daily_login,2026-08-23,2026-08-23T07:41:00+00:00
7173,77c684c4-9514-5edc-85ff-1052c8544c14,5,daily_login,2026-08-23,2026-08-23T07:42:00+00:00
7174,daa36188-60fd-56a2-938b-70b1b51084b0,5,daily_login,2026-08-23,2026-08-23T07:43:00+00:00
7175,a070c6d0-c23b-5036-b352-f16db0d6ec8e,5,daily_login,2026-08-23,2026-08-23T07:43:00+00:00
7176,3b932376-f549-5a1c-a24b-664b4bc338e3,5,daily_login,2026-08-23,2026-08-23T07:43:00+00:00
7177,a5526e82-ef69-522b-b3ad-df818658bde0,5,daily_login,2026-08-23,2026-08-23T07:44:00+00:00
7178,405fd522-6b0d-52fc-b397-dc3ce2e4a2ea,5,daily_login,2026-08-23,2026-08-23T07:44:00+00:00
7179,405fd522-6b0d-52fc-b397-dc3ce2e4a2ea,5,streak_week_bonus,2026-08-23,2026-08-23T07:44:00+00:00
7180,405fd522-6b0d-52fc-b397-dc3ce2e4a2ea,200,streak_7,badge,2026-08-23T07:44:00+00:00
7181,e137404e-9196-525c-b17a-44dc96d29f29,5,daily_login,2026-08-23,2026-08-23T07:44:00+00:00
7182,6ac5a7a4-ae0d-5e31-8a7c-d85b63a96c46,5,daily_login,2026-08-23,2026-08-23T07:45:00+00:00
7183,5ccdaadc-80b2-50e1-a0c1-bad0246a7cf2,5,daily_login,2026-08-23,2026-08-23T07:46:00+00:00
7184,b39a9d3d-f3eb-5d31-9cc7-15e278969b70,5,daily_login,2026-08-23,2026-08-23T07:46:00+00:00
7185,06657aeb-b604-5b0d-9281-d2e5afb78a9d,15,task_complete,task:561,2026-08-23T08:30:00+00:00
7186,58074159-53d7-5a52-8436-d84a05af35a9,40,project_join,project_join:141,2026-08-23T09:30:00+00:00
7187,58074159-53d7-5a52-8436-d84a05af35a9,100,first_project,badge,2026-08-23T09:30:00+00:00
7188,a53c485b-a35c-51fb-84a5-364207ce0adb,40,project_join,project_join:141,2026-08-23T13:30:00+00:00
7189,ffe47fd1-7989-5728-addd-50b504edd889,250,helpful_5,badge,2026-08-23T14:00:00+00:00
7190,ffe47fd1-7989-5728-addd-50b504edd889,200,level_5,badge,2026-08-23T14:00:00+00:00
7191,20b63262-d3e6-555a-95b2-84fc87694a19,15,task_complete,task:433,2026-08-23T20:30:00+00:00
7192,20b63262-d3e6-555a-95b2-84fc87694a19,60,milestone_complete,milestone:229,2026-08-23T20:30:00+00:00
7193,ae7ac442-d880-5cd8-bc30-8d21c5f7dc54,20,thread_create,thread:163,2026-08-24T03:30:00+00:00
7194,eb397f92-99ac-5f0f-8f81-3540865f0477,75,project_create,project:160,2026-08-24T05:30:00+00:00
7195,d48cab4b-e48b-59ae-88d6-41d5d463569d,20,thread_create,thread:143,2026-08-24T05:30:00+00:00
7196,d48cab4b-e48b-59ae-88d6-41d5d463569d,150,first_thread,badge,2026-08-24T05:30:00+00:00
7197,d9fbcbde-376a-5f82-9fb5-268a24b02d57,5,daily_login,2026-08-24,2026-08-24T07:10:00+00:00
7198,f2561442-8439-5138-9a3b-8bcf96f16609,5,daily_login,2026-08-24,2026-08-24T07:10:00+00:00
7199,610e9654-06d6-5e55-959b-377b8749b8f9,5,daily_login,2026-08-24,2026-08-24T07:10:00+00:00
7200,f0f4eb8c-a1ed-50a1-bc7d-2863700a31a5,5,daily_login,2026-08-24,2026-08-24T07:11:00+00:00
7201,37b7aed3-d207-54f7-b4ec-0e05c50eaeb2,5,daily_login,2026-08-24,2026-08-24T07:11:00+00:00
7202,3d016498-e16a-5ad9-95c7-b633dfc6a142,5,daily_login,2026-08-24,2026-08-24T07:13:00+00:00
7203,3d5b480d-3962-5c76-96ca-5459d65372aa,5,daily_login,2026-08-24,2026-08-24T07:14:00+00:00
7204,3d5b480d-3962-5c76-96ca-5459d65372aa,5,streak_week_bonus,2026-08-24,2026-08-24T07:14:00+00:00
7205,3d5b480d-3962-5c76-96ca-5459d65372aa,200,streak_7,badge,2026-08-24T07:14:00+00:00
7206,3d5b480d-3962-5c76-96ca-5459d65372aa,200,level_5,badge,2026-08-24T07:14:00+00:00
7207,20b63262-d3e6-555a-95b2-84fc87694a19,5,daily_login,2026-08-24,2026-08-24T07:15:00+00:00
7208,90cced0e-f2c7-528c-bd28-38c44ead6c98,5,daily_login,2026-08-24,2026-08-24T07:15:00+00:00
7209,693ebb02-ab3f-5d60-b798-d4d4df4900d2,5,daily_login,2026-08-24,2026-08-24T07:16:00+00:00
7210,06657aeb-b604-5b0d-9281-d2e5afb78a9d,5,daily_login,2026-08-24,2026-08-24T07:16:00+00:00
7211,9355c2cf-38db-5118-9b77-3d5b5b3870df,5,daily_login,2026-08-24,2026-08-24T07:17:00+00:00
7212,96dbbdad-601e-5bc2-9d1a-78f9f6349a39,5,daily_login,2026-08-24,2026-08-24T07:18:00+00:00
7213,d3175e63-6121-5d55-b429-df91670d9aca,5,daily_login,2026-08-24,2026-08-24T07:18:00+00:00
7214,b55b4f74-ded6-5cf1-aae0-9ad89c03c10c,5,daily_login,2026-08-24,2026-08-24T07:19:00+00:00
7215,e1f9b739-b2d3-51e6-9609-05805a6d151c,5,daily_login,2026-08-24,2026-08-24T07:19:00+00:00
7216,9d1c460b-bd0b-57ff-ac14-f2b10f73edd3,5,daily_login,2026-08-24,2026-08-24T07:19:00+00:00
7217,341a0cef-f4a9-53ee-8980-229dc154ff4e,5,daily_login,2026-08-24,2026-08-24T07:20:00+00:00
7218,9047d24d-0775-5f10-bf17-6e8fc62c5884,5,daily_login,2026-08-24,2026-08-24T07:20:00+00:00
7219,9047d24d-0775-5f10-bf17-6e8fc62c5884,5,streak_week_bonus,2026-08-24,2026-08-24T07:20:00+00:00
7220,4845dc43-0c9d-5f09-aa4a-62e68abb5d12,5,daily_login,2026-08-24,2026-08-24T07:21:00+00:00
7221,7bdf8ad6-1318-5f74-9112-e2b655e215a2,5,daily_login,2026-08-24,2026-08-24T07:21:00+00:00
7222,4ec67eb8-4fda-5cbc-bbd1-a6afc7ce8130,5,daily_login,2026-08-24,2026-08-24T07:21:00+00:00
7223,85df6dcd-e42a-581f-802b-eb93568b74eb,5,daily_login,2026-08-24,2026-08-24T07:21:00+00:00
7224,484e243b-afd7-5767-bb0f-4262c0334aea,5,daily_login,2026-08-24,2026-08-24T07:22:00+00:00
7225,d16e3cdc-2868-563d-867d-62fa9b8b24ea,5,daily_login,2026-08-24,2026-08-24T07:22:00+00:00
7226,3a376c3a-3e46-5c8c-815c-232b66ca9bc8,5,daily_login,2026-08-24,2026-08-24T07:23:00+00:00
7227,d5dc7189-89df-5fd7-983f-1124b6de3d68,5,daily_login,2026-08-24,2026-08-24T07:23:00+00:00
7228,02bf8d95-eee4-5287-b363-0551cc4a6d51,5,daily_login,2026-08-24,2026-08-24T07:23:00+00:00
7229,35e87bcc-650c-5e3f-9741-3f0c54905b6f,5,daily_login,2026-08-24,2026-08-24T07:23:00+00:00
7230,88a268b0-6bca-5583-b041-ffdbc51be7e6,5,daily_login,2026-08-24,2026-08-24T07:24:00+00:00
7231,ffe47fd1-7989-5728-addd-50b504edd889,5,daily_login,2026-08-24,2026-08-24T07:24:00+00:00
7232,58074159-53d7-5a52-8436-d84a05af35a9,5,daily_login,2026-08-24,2026-08-24T07:24:00+00:00
7233,a2cc3818-be31-5aeb-828c-e23f579431aa,5,daily_login,2026-08-24,2026-08-24T07:25:00+00:00
7234,1bf86e3f-0e6e-5241-b319-71005237945f,5,daily_login,2026-08-24,2026-08-24T07:25:00+00:00
7235,4307ee18-2e16-50be-abbc-db160bb8e8fd,5,daily_login,2026-08-24,2026-08-24T07:26:00+00:00
7236,e502b694-466f-5e1f-9293-146b264ae20c,5,daily_login,2026-08-24,2026-08-24T07:27:00+00:00
7237,d0c58825-6ead-50f6-9a07-f2f95dbb51ea,5,daily_login,2026-08-24,2026-08-24T07:27:00+00:00
7238,673e8617-3280-5bfa-85a6-738a6d64aac6,5,daily_login,2026-08-24,2026-08-24T07:28:00+00:00
7239,e7dd6cb0-626e-510a-9e98-0498c534b04d,5,daily_login,2026-08-24,2026-08-24T07:28:00+00:00
7240,5532dec3-02ae-5ac3-8b57-2e8214a8598b,5,daily_login,2026-08-24,2026-08-24T07:29:00+00:00
7241,54561bf4-fe37-5b37-934d-9c7f81542f8b,5,daily_login,2026-08-24,2026-08-24T07:30:00+00:00
7242,5421f79d-ed60-5eed-852b-01b379adab9e,20,thread_create,thread:140,2026-08-24T07:30:00+00:00
7243,5421f79d-ed60-5eed-852b-01b379adab9e,150,first_thread,badge,2026-08-24T07:30:00+00:00
7244,5421f79d-ed60-5eed-852b-01b379adab9e,200,level_5,badge,2026-08-24T07:30:00+00:00
7245,082b47e7-5a06-5a34-bd49-595c82b2b196,5,daily_login,2026-08-24,2026-08-24T07:31:00+00:00
7246,45cee65b-db52-5dff-b09d-0ee1ac2be20f,5,daily_login,2026-08-24,2026-08-24T07:31:00+00:00
7247,ee289908-380a-5bb3-8fdc-0990b203929b,5,daily_login,2026-08-24,2026-08-24T07:32:00+00:00
7248,95927b04-f214-5c26-878d-fb55176e41bc,5,daily_login,2026-08-24,2026-08-24T07:32:00+00:00
7249,1062abbb-4fcd-51a9-95fc-5474e4af7640,5,daily_login,2026-08-24,2026-08-24T07:32:00+00:00
7250,84047d01-74e6-5a08-a20e-b5c25e3eff3e,5,daily_login,2026-08-24,2026-08-24T07:33:00+00:00
7251,44f09dba-7a20-5f46-840b-4670e6c7eb92,5,daily_login,2026-08-24,2026-08-24T07:33:00+00:00
7252,88820056-e901-59a1-b2ca-c4e813b34f7b,5,daily_login,2026-08-24,2026-08-24T07:33:00+00:00
7253,e747fee0-a84b-5f51-98a3-7481903c9023,5,daily_login,2026-08-24,2026-08-24T07:34:00+00:00
7254,a0a53b38-722a-56e6-a52c-fe0e06169a59,5,daily_login,2026-08-24,2026-08-24T07:34:00+00:00
7255,6720265f-9f2b-5485-bf24-54e1784991b6,5,daily_login,2026-08-24,2026-08-24T07:34:00+00:00
7256,9a026691-28ff-5880-9da3-006735af19d3,5,daily_login,2026-08-24,2026-08-24T07:35:00+00:00
7257,fbdfefdb-ca2d-5a0e-87ed-62021c1c11d4,5,daily_login,2026-08-24,2026-08-24T07:35:00+00:00
7258,554a90ae-c448-548d-a552-cd8f1c340cbd,5,daily_login,2026-08-24,2026-08-24T07:36:00+00:00
7259,7e6a1243-34f5-52e6-862f-e5f3b2ebe640,5,daily_login,2026-08-24,2026-08-24T07:36:00+00:00
7260,4cf03b5a-e2ca-57f2-95b8-16a3b92247e6,5,daily_login,2026-08-24,2026-08-24T07:37:00+00:00
7261,4cf03b5a-e2ca-57f2-95b8-16a3b92247e6,5,streak_week_bonus,2026-08-24,2026-08-24T07:37:00+00:00
7262,4cf03b5a-e2ca-57f2-95b8-16a3b92247e6,200,streak_7,badge,2026-08-24T07:37:00+00:00
7263,5ce94e6e-a987-5fd1-90b2-94a1174f9376,5,daily_login,2026-08-24,2026-08-24T07:37:00+00:00
7264,783491ec-2857-52e8-a102-766d7abba6d2,5,daily_login,2026-08-24,2026-08-24T07:38:00+00:00
7265,302b84f9-9053-5cf7-bed0-305678227875,5,daily_login,2026-08-24,2026-08-24T07:39:00+00:00
7266,eeeb9e89-042f-5fdc-8fcf-2c3ad56f9bf1,5,daily_login,2026-08-24,2026-08-24T07:39:00+00:00
7267,508d03e7-de84-523a-8242-f48abc9451d7,5,daily_login,2026-08-24,2026-08-24T07:39:00+00:00
7268,508d03e7-de84-523a-8242-f48abc9451d7,5,streak_week_bonus,2026-08-24,2026-08-24T07:39:00+00:00
7269,c6286e16-5e03-594c-aa67-861b8ba91b33,5,daily_login,2026-08-24,2026-08-24T07:39:00+00:00
7270,bb4b0d34-59a4-5948-a9be-a1aa6caece55,5,daily_login,2026-08-24,2026-08-24T07:40:00+00:00
7271,fb400c3e-ecd0-522e-8b8e-1323946be71a,5,daily_login,2026-08-24,2026-08-24T07:40:00+00:00
7272,7624f38b-fbca-546f-af04-c9dda9318f82,5,daily_login,2026-08-24,2026-08-24T07:41:00+00:00
7273,e5b7ccce-2cb7-5b6e-95a5-32ffacbca87f,5,daily_login,2026-08-24,2026-08-24T07:42:00+00:00
7274,3b932376-f549-5a1c-a24b-664b4bc338e3,5,daily_login,2026-08-24,2026-08-24T07:43:00+00:00
7275,a5526e82-ef69-522b-b3ad-df818658bde0,5,daily_login,2026-08-24,2026-08-24T07:44:00+00:00
7276,405fd522-6b0d-52fc-b397-dc3ce2e4a2ea,5,daily_login,2026-08-24,2026-08-24T07:44:00+00:00
7277,e137404e-9196-525c-b17a-44dc96d29f29,5,daily_login,2026-08-24,2026-08-24T07:44:00+00:00
7278,6d9d0917-bda8-5863-abe4-92d14b0cc926,5,daily_login,2026-08-24,2026-08-24T07:44:00+00:00
7279,ae7ac442-d880-5cd8-bc30-8d21c5f7dc54,5,daily_login,2026-08-24,2026-08-24T07:45:00+00:00
7280,d2a70bca-a25c-522f-9b7e-c967b69503cc,5,daily_login,2026-08-24,2026-08-24T07:45:00+00:00
7281,3bc3e38a-5ff7-5330-ab2d-8add18e85d57,5,daily_login,2026-08-24,2026-08-24T07:45:00+00:00
7282,5ccdaadc-80b2-50e1-a0c1-bad0246a7cf2,5,daily_login,2026-08-24,2026-08-24T07:46:00+00:00
7283,b39a9d3d-f3eb-5d31-9cc7-15e278969b70,5,daily_login,2026-08-24,2026-08-24T07:46:00+00:00
7284,6690668c-e73d-51ff-9ca4-36bec9b8c175,15,task_complete,task:208,2026-08-24T08:30:00+00:00
7285,f6e8344b-87f4-5461-93fc-b01ff1ae4265,250,helpful_5,badge,2026-08-24T08:40:00+00:00
7286,f6e8344b-87f4-5461-93fc-b01ff1ae4265,25,helpful_comment,comment:317,2026-08-24T08:40:00+00:00
7287,6e82bb3e-ede8-5803-ba1a-cc3aa8766199,40,project_join,project_join:160,2026-08-24T09:30:00+00:00
7288,51420309-4688-52d6-84b9-51c0dc3a900e,15,task_complete,task:562,2026-08-24T09:30:00+00:00
7289,0947c4b9-50d6-50e2-9043-84a15b80e8c7,40,project_join,project_join:160,2026-08-24T13:30:00+00:00
7290,878bb7d9-5569-5efb-bbd1-5e39d62d594d,300,project_completed,badge,2026-08-24T16:30:00+00:00
7291,878bb7d9-5569-5efb-bbd1-5e39d62d594d,200,level_5,badge,2026-08-24T16:30:00+00:00
7292,b39a9d3d-f3eb-5d31-9cc7-15e278969b70,300,project_completed,badge,2026-08-24T16:30:00+00:00
7293,b39a9d3d-f3eb-5d31-9cc7-15e278969b70,200,level_5,badge,2026-08-24T16:30:00+00:00
7294,878bb7d9-5569-5efb-bbd1-5e39d62d594d,60,milestone_complete,milestone:184,2026-08-24T16:30:00+00:00
7295,40120057-c43a-5745-9d3a-d9b0c6b1e84e,40,project_join,project_join:160,2026-08-24T17:30:00+00:00
7296,ef763ec1-f93c-5744-9640-4ca59adf9347,15,task_complete,task:514,2026-08-24T17:30:00+00:00
7297,ef763ec1-f93c-5744-9640-4ca59adf9347,60,milestone_complete,milestone:257,2026-08-24T17:30:00+00:00
7298,8819cb55-67e6-5a55-98c8-d80446975a9e,75,project_create,project:169,2026-08-24T18:30:00+00:00
7299,a070c6d0-c23b-5036-b352-f16db0d6ec8e,40,project_join,project_join:169,2026-08-24T22:30:00+00:00
7300,a070c6d0-c23b-5036-b352-f16db0d6ec8e,100,first_project,badge,2026-08-24T22:30:00+00:00
7301,facb4557-eabe-5f8b-89cc-f223b91c89b7,75,project_create,project:190,2026-08-24T23:30:00+00:00
7302,8fa5b823-1a70-59f7-9bb2-b3d5f36dc82b,15,task_complete,task:353,2026-08-25T01:30:00+00:00
7303,8fa5b823-1a70-59f7-9bb2-b3d5f36dc82b,100,first_task,badge,2026-08-25T01:30:00+00:00
7304,61347d09-09eb-5f04-a4ec-fe830319799f,40,project_join,project_join:169,2026-08-25T02:30:00+00:00
7305,cb162f3d-006f-544e-bfa6-f9abb8a52026,40,project_join,project_join:190,2026-08-25T03:30:00+00:00
7306,a992f17b-79b6-5dcf-aed4-2aebaa5775c7,15,task_complete,task:152,2026-08-25T04:30:00+00:00
7307,a992f17b-79b6-5dcf-aed4-2aebaa5775c7,100,first_task,badge,2026-08-25T04:30:00+00:00
7308,1bc15434-bc22-56cc-a890-336efd2a11e5,75,project_create,project:117,2026-08-25T05:30:00+00:00
7309,96ccee9a-30f2-56cd-b597-a927c84e0f75,40,project_join,project_join:169,2026-08-25T06:30:00+00:00
7310,d9fbcbde-376a-5f82-9fb5-268a24b02d57,5,daily_login,2026-08-25,2026-08-25T07:10:00+00:00
7311,af808cd8-ab34-515f-a8a0-a1b0719a537b,5,daily_login,2026-08-25,2026-08-25T07:10:00+00:00
7312,518ae987-15f7-5b22-8bcc-df59623dbdce,5,daily_login,2026-08-25,2026-08-25T07:10:00+00:00
7313,4c2177ab-592a-5e4a-b25b-8bb3f8090555,5,daily_login,2026-08-25,2026-08-25T07:11:00+00:00
7314,f0f4eb8c-a1ed-50a1-bc7d-2863700a31a5,5,daily_login,2026-08-25,2026-08-25T07:11:00+00:00
7315,37b7aed3-d207-54f7-b4ec-0e05c50eaeb2,5,daily_login,2026-08-25,2026-08-25T07:11:00+00:00
7316,3d0f3e54-413b-5a89-bc88-8cb0e7246b97,5,daily_login,2026-08-25,2026-08-25T07:12:00+00:00
7317,7ef6d8e7-132e-5da5-a653-16dd2e5719c4,5,daily_login,2026-08-25,2026-08-25T07:13:00+00:00
7318,3d5b480d-3962-5c76-96ca-5459d65372aa,5,daily_login,2026-08-25,2026-08-25T07:14:00+00:00
7319,6e82bb3e-ede8-5803-ba1a-cc3aa8766199,5,daily_login,2026-08-25,2026-08-25T07:15:00+00:00
7320,90cced0e-f2c7-528c-bd28-38c44ead6c98,5,daily_login,2026-08-25,2026-08-25T07:15:00+00:00
7321,50d6350f-ffd4-59ad-a1ff-65a49a77a913,5,daily_login,2026-08-25,2026-08-25T07:16:00+00:00
7322,eb3717c1-cd92-5eeb-af40-9df7f3132426,5,daily_login,2026-08-25,2026-08-25T07:16:00+00:00
7323,9355c2cf-38db-5118-9b77-3d5b5b3870df,5,daily_login,2026-08-25,2026-08-25T07:17:00+00:00
7324,52ab3a8f-ec5c-5e66-bcd5-efc304512118,5,daily_login,2026-08-25,2026-08-25T07:18:00+00:00
7325,96dbbdad-601e-5bc2-9d1a-78f9f6349a39,5,daily_login,2026-08-25,2026-08-25T07:18:00+00:00
7326,5a4b137d-2ebb-5c75-8cdd-bf77406b4b9f,5,daily_login,2026-08-25,2026-08-25T07:19:00+00:00
7327,9d1c460b-bd0b-57ff-ac14-f2b10f73edd3,5,daily_login,2026-08-25,2026-08-25T07:19:00+00:00
7328,7b359533-e634-59eb-a2c3-b5501ff96488,5,daily_login,2026-08-25,2026-08-25T07:19:00+00:00
7329,b0ebc690-efe0-594f-bd55-e4d7ec3454bc,5,daily_login,2026-08-25,2026-08-25T07:20:00+00:00
7330,9047d24d-0775-5f10-bf17-6e8fc62c5884,5,daily_login,2026-08-25,2026-08-25T07:20:00+00:00
7331,7bdf8ad6-1318-5f74-9112-e2b655e215a2,5,daily_login,2026-08-25,2026-08-25T07:21:00+00:00
7332,85df6dcd-e42a-581f-802b-eb93568b74eb,5,daily_login,2026-08-25,2026-08-25T07:21:00+00:00
7333,4966bb54-4d4f-5992-8586-1bd44991d17f,5,daily_login,2026-08-25,2026-08-25T07:22:00+00:00
7334,8819cb55-67e6-5a55-98c8-d80446975a9e,5,daily_login,2026-08-25,2026-08-25T07:22:00+00:00
7335,484e243b-afd7-5767-bb0f-4262c0334aea,5,daily_login,2026-08-25,2026-08-25T07:22:00+00:00
7336,d16e3cdc-2868-563d-867d-62fa9b8b24ea,5,daily_login,2026-08-25,2026-08-25T07:22:00+00:00
7337,ae96d203-7a11-52ed-9e02-cd93c3dda603,5,daily_login,2026-08-25,2026-08-25T07:24:00+00:00
7338,58074159-53d7-5a52-8436-d84a05af35a9,5,daily_login,2026-08-25,2026-08-25T07:24:00+00:00
7339,a2cc3818-be31-5aeb-828c-e23f579431aa,5,daily_login,2026-08-25,2026-08-25T07:25:00+00:00
7340,baa8ef70-5b01-5a49-84cb-71c353290705,5,daily_login,2026-08-25,2026-08-25T07:26:00+00:00
7341,20b4182c-90f7-51da-99e8-97ade4d19a92,5,daily_login,2026-08-25,2026-08-25T07:26:00+00:00
7342,e502b694-466f-5e1f-9293-146b264ae20c,5,daily_login,2026-08-25,2026-08-25T07:27:00+00:00
7343,d0c58825-6ead-50f6-9a07-f2f95dbb51ea,5,daily_login,2026-08-25,2026-08-25T07:27:00+00:00
7344,2e2e8079-6c9e-51c9-bc7e-1475045fd514,5,daily_login,2026-08-25,2026-08-25T07:27:00+00:00
7345,84da666c-c47c-572e-b2c9-3b6f35881596,5,daily_login,2026-08-25,2026-08-25T07:28:00+00:00
7346,f3744506-cae3-5f81-8a4f-506a60395be8,5,daily_login,2026-08-25,2026-08-25T07:28:00+00:00
7347,e7dd6cb0-626e-510a-9e98-0498c534b04d,5,daily_login,2026-08-25,2026-08-25T07:28:00+00:00
7348,b897da16-1a55-5740-8129-7d502e6f44b8,5,daily_login,2026-08-25,2026-08-25T07:29:00+00:00
7349,5532dec3-02ae-5ac3-8b57-2e8214a8598b,5,daily_login,2026-08-25,2026-08-25T07:29:00+00:00
7350,54561bf4-fe37-5b37-934d-9c7f81542f8b,5,daily_login,2026-08-25,2026-08-25T07:30:00+00:00
7351,693ebb02-ab3f-5d60-b798-d4d4df4900d2,40,project_join,project_join:190,2026-08-25T07:30:00+00:00
7352,082b47e7-5a06-5a34-bd49-595c82b2b196,5,daily_login,2026-08-25,2026-08-25T07:31:00+00:00
7353,082b47e7-5a06-5a34-bd49-595c82b2b196,5,streak_week_bonus,2026-08-25,2026-08-25T07:31:00+00:00
7354,082b47e7-5a06-5a34-bd49-595c82b2b196,200,streak_7,badge,2026-08-25T07:31:00+00:00
7355,45cee65b-db52-5dff-b09d-0ee1ac2be20f,5,daily_login,2026-08-25,2026-08-25T07:31:00+00:00
7356,45cee65b-db52-5dff-b09d-0ee1ac2be20f,5,streak_week_bonus,2026-08-25,2026-08-25T07:31:00+00:00
7357,45cee65b-db52-5dff-b09d-0ee1ac2be20f,200,streak_7,badge,2026-08-25T07:31:00+00:00
7358,f8f213c7-3d61-567e-9735-5e3e9498b892,5,daily_login,2026-08-25,2026-08-25T07:31:00+00:00
7359,82a5c89c-0b3a-58b9-9259-837a5348a5c2,5,daily_login,2026-08-25,2026-08-25T07:31:00+00:00
7360,95927b04-f214-5c26-878d-fb55176e41bc,5,daily_login,2026-08-25,2026-08-25T07:32:00+00:00
7361,1062abbb-4fcd-51a9-95fc-5474e4af7640,5,daily_login,2026-08-25,2026-08-25T07:32:00+00:00
7362,44f09dba-7a20-5f46-840b-4670e6c7eb92,5,daily_login,2026-08-25,2026-08-25T07:33:00+00:00
7363,88820056-e901-59a1-b2ca-c4e813b34f7b,5,daily_login,2026-08-25,2026-08-25T07:33:00+00:00
7364,a0a53b38-722a-56e6-a52c-fe0e06169a59,5,daily_login,2026-08-25,2026-08-25T07:34:00+00:00
7365,01c00e49-c4d6-5d4b-bbc1-8aa3fe21ba2a,5,daily_login,2026-08-25,2026-08-25T07:34:00+00:00
7366,5d857806-7d61-533b-bc12-af2d7b775d29,5,daily_login,2026-08-25,2026-08-25T07:35:00+00:00
7367,9a026691-28ff-5880-9da3-006735af19d3,5,daily_login,2026-08-25,2026-08-25T07:35:00+00:00
7368,1873645b-b54c-51dc-a41a-7131e831a64f,5,daily_login,2026-08-25,2026-08-25T07:35:00+00:00
7369,5421f79d-ed60-5eed-852b-01b379adab9e,5,daily_login,2026-08-25,2026-08-25T07:36:00+00:00
7370,9edec740-5de6-5c27-8233-5cf72946b182,5,daily_login,2026-08-25,2026-08-25T07:36:00+00:00
7371,4cf03b5a-e2ca-57f2-95b8-16a3b92247e6,5,daily_login,2026-08-25,2026-08-25T07:37:00+00:00
7372,ec6d706d-7dba-534b-8700-e6752dbd06e1,5,daily_login,2026-08-25,2026-08-25T07:38:00+00:00
7373,bdc5faf6-386d-5338-99a0-32d156bcbd68,5,daily_login,2026-08-25,2026-08-25T07:38:00+00:00
7374,eeeb9e89-042f-5fdc-8fcf-2c3ad56f9bf1,5,daily_login,2026-08-25,2026-08-25T07:39:00+00:00
7375,508d03e7-de84-523a-8242-f48abc9451d7,5,daily_login,2026-08-25,2026-08-25T07:39:00+00:00
7376,c6286e16-5e03-594c-aa67-861b8ba91b33,5,daily_login,2026-08-25,2026-08-25T07:39:00+00:00
7377,7b48b183-5d87-500f-9cec-2e003c19efac,5,daily_login,2026-08-25,2026-08-25T07:40:00+00:00
7378,b5be680a-732e-55e0-bc5d-b80e831ff33a,5,daily_login,2026-08-25,2026-08-25T07:42:00+00:00
7379,dfe9e449-d177-56af-a679-d3e1c78c5c02,5,daily_login,2026-08-25,2026-08-25T07:43:00+00:00
7380,3b932376-f549-5a1c-a24b-664b4bc338e3,5,daily_login,2026-08-25,2026-08-25T07:43:00+00:00
7381,405fd522-6b0d-52fc-b397-dc3ce2e4a2ea,5,daily_login,2026-08-25,2026-08-25T07:44:00+00:00
7382,e137404e-9196-525c-b17a-44dc96d29f29,5,daily_login,2026-08-25,2026-08-25T07:44:00+00:00
7383,d2a70bca-a25c-522f-9b7e-c967b69503cc,5,daily_login,2026-08-25,2026-08-25T07:45:00+00:00
7384,6ac5a7a4-ae0d-5e31-8a7c-d85b63a96c46,5,daily_login,2026-08-25,2026-08-25T07:45:00+00:00
7385,b39a9d3d-f3eb-5d31-9cc7-15e278969b70,5,daily_login,2026-08-25,2026-08-25T07:46:00+00:00
7386,cac67f41-f5af-5268-9e2d-34feac0dc9fa,5,daily_login,2026-08-25,2026-08-25T07:46:00+00:00
7387,b39a9d3d-f3eb-5d31-9cc7-15e278969b70,40,project_join,project_join:117,2026-08-25T09:30:00+00:00
7388,8300625d-d3f5-5264-8503-98a2bfbf60d8,15,task_complete,task:209,2026-08-25T09:30:00+00:00
7389,37b7aed3-d207-54f7-b4ec-0e05c50eaeb2,40,project_join,project_join:169,2026-08-25T10:30:00+00:00
7390,a36cd93c-2f0c-5956-9a51-8094e39a7bed,40,project_join,project_join:190,2026-08-25T11:30:00+00:00
7391,878bb7d9-5569-5efb-bbd1-5e39d62d594d,40,project_join,project_join:117,2026-08-25T13:30:00+00:00
7392,2e2e8079-6c9e-51c9-bc7e-1475045fd514,15,task_complete,task:285,2026-08-25T14:30:00+00:00
7393,2e2e8079-6c9e-51c9-bc7e-1475045fd514,60,milestone_complete,milestone:173,2026-08-25T14:30:00+00:00
7394,484e243b-afd7-5767-bb0f-4262c0334aea,40,project_join,project_join:117,2026-08-25T17:30:00+00:00
7395,4c2177ab-592a-5e4a-b25b-8bb3f8090555,15,task_complete,task:515,2026-08-25T18:30:00+00:00
7396,4c2177ab-592a-5e4a-b25b-8bb3f8090555,100,first_task,badge,2026-08-25T18:30:00+00:00
7397,4ec67eb8-4fda-5cbc-bbd1-a6afc7ce8130,75,project_create,project:146,2026-08-25T19:30:00+00:00
7398,da462241-608b-5422-bdbd-0d98184a433d,15,task_complete,task:526,2026-08-25T20:30:00+00:00
7399,da462241-608b-5422-bdbd-0d98184a433d,60,milestone_complete,milestone:261,2026-08-25T20:30:00+00:00
7400,da462241-608b-5422-bdbd-0d98184a433d,200,level_5,badge,2026-08-25T20:30:00+00:00
7401,bf54d417-d834-5d3e-a7f9-106377fe05a5,40,project_join,project_join:117,2026-08-25T21:30:00+00:00
7402,06657aeb-b604-5b0d-9281-d2e5afb78a9d,75,project_create,project:153,2026-08-25T22:30:00+00:00
7403,88a268b0-6bca-5583-b041-ffdbc51be7e6,15,task_complete,task:435,2026-08-25T22:30:00+00:00
7404,88a268b0-6bca-5583-b041-ffdbc51be7e6,100,first_task,badge,2026-08-25T22:30:00+00:00
7405,88a268b0-6bca-5583-b041-ffdbc51be7e6,40,project_join,project_join:146,2026-08-25T23:30:00+00:00
7406,88a268b0-6bca-5583-b041-ffdbc51be7e6,200,level_5,badge,2026-08-25T23:30:00+00:00
7407,610e9654-06d6-5e55-959b-377b8749b8f9,60,milestone_complete,milestone:253,2026-08-25T23:30:00+00:00
7408,610e9654-06d6-5e55-959b-377b8749b8f9,200,level_5,badge,2026-08-25T23:30:00+00:00
7409,610e9654-06d6-5e55-959b-377b8749b8f9,150,first_milestone,badge,2026-08-25T23:30:00+00:00
7410,cb162f3d-006f-544e-bfa6-f9abb8a52026,40,project_join,project_join:117,2026-08-26T01:30:00+00:00
7411,a60d0128-bffa-5d2d-9915-36693e6bc3ba,75,project_create,project:127,2026-08-26T02:30:00+00:00
7412,001e944b-e64e-5742-afb7-5e04327e41ee,40,project_join,project_join:153,2026-08-26T02:30:00+00:00
7413,e747fee0-a84b-5f51-98a3-7481903c9023,75,project_create,project:177,2026-08-26T02:30:00+00:00
7414,37b7aed3-d207-54f7-b4ec-0e05c50eaeb2,40,project_join,project_join:146,2026-08-26T03:30:00+00:00
7415,25797954-b022-582e-8349-e1e2c141368c,60,milestone_complete,milestone:217,2026-08-26T03:30:00+00:00
7416,25797954-b022-582e-8349-e1e2c141368c,150,first_milestone,badge,2026-08-26T03:30:00+00:00
7417,eeeb9e89-042f-5fdc-8fcf-2c3ad56f9bf1,15,task_complete,task:153,2026-08-26T05:30:00+00:00
7418,53f78f7e-e2df-586b-b483-5748c92d0f9f,40,project_join,project_join:153,2026-08-26T06:30:00+00:00
7419,eb3717c1-cd92-5eeb-af40-9df7f3132426,40,project_join,project_join:177,2026-08-26T06:30:00+00:00
7420,d9fbcbde-376a-5f82-9fb5-268a24b02d57,5,daily_login,2026-08-26,2026-08-26T07:10:00+00:00
7421,f2561442-8439-5138-9a3b-8bcf96f16609,5,daily_login,2026-08-26,2026-08-26T07:10:00+00:00
7422,610e9654-06d6-5e55-959b-377b8749b8f9,5,daily_login,2026-08-26,2026-08-26T07:10:00+00:00
7423,4c2177ab-592a-5e4a-b25b-8bb3f8090555,5,daily_login,2026-08-26,2026-08-26T07:11:00+00:00
7424,f0f4eb8c-a1ed-50a1-bc7d-2863700a31a5,5,daily_login,2026-08-26,2026-08-26T07:11:00+00:00
7425,0da68170-ff38-5dad-9224-770d261f1c8a,5,daily_login,2026-08-26,2026-08-26T07:11:00+00:00
7426,cd8c4c60-ab9b-5cf3-996e-d4fbb990f4c6,5,daily_login,2026-08-26,2026-08-26T07:12:00+00:00
7427,7ef6d8e7-132e-5da5-a653-16dd2e5719c4,5,daily_login,2026-08-26,2026-08-26T07:13:00+00:00
7428,001e944b-e64e-5742-afb7-5e04327e41ee,5,daily_login,2026-08-26,2026-08-26T07:14:00+00:00
7429,34046d1a-c67e-5a81-b9d5-47dd4840c4fe,5,daily_login,2026-08-26,2026-08-26T07:14:00+00:00
7430,3d5b480d-3962-5c76-96ca-5459d65372aa,5,daily_login,2026-08-26,2026-08-26T07:14:00+00:00
7431,90cced0e-f2c7-528c-bd28-38c44ead6c98,5,daily_login,2026-08-26,2026-08-26T07:15:00+00:00
7432,50d6350f-ffd4-59ad-a1ff-65a49a77a913,5,daily_login,2026-08-26,2026-08-26T07:16:00+00:00
7433,605985c4-d18d-54b0-829f-2a199ea5c81d,5,daily_login,2026-08-26,2026-08-26T07:16:00+00:00
7434,9355c2cf-38db-5118-9b77-3d5b5b3870df,5,daily_login,2026-08-26,2026-08-26T07:17:00+00:00
7435,096499d2-73d6-5063-9dd4-a7c1aebac61d,5,daily_login,2026-08-26,2026-08-26T07:17:00+00:00
7436,96dbbdad-601e-5bc2-9d1a-78f9f6349a39,5,daily_login,2026-08-26,2026-08-26T07:18:00+00:00
7437,9d1c460b-bd0b-57ff-ac14-f2b10f73edd3,5,daily_login,2026-08-26,2026-08-26T07:19:00+00:00
7438,9c9c228f-3bd5-5da4-b666-fbfab93b4b7e,5,daily_login,2026-08-26,2026-08-26T07:21:00+00:00
7439,3a376c3a-3e46-5c8c-815c-232b66ca9bc8,5,daily_login,2026-08-26,2026-08-26T07:23:00+00:00
7440,4c310820-12d3-5128-9a45-973db446b59e,5,daily_login,2026-08-26,2026-08-26T07:23:00+00:00
7441,02bf8d95-eee4-5287-b363-0551cc4a6d51,5,daily_login,2026-08-26,2026-08-26T07:23:00+00:00
7442,58074159-53d7-5a52-8436-d84a05af35a9,5,daily_login,2026-08-26,2026-08-26T07:24:00+00:00
7443,a2cc3818-be31-5aeb-828c-e23f579431aa,5,daily_login,2026-08-26,2026-08-26T07:25:00+00:00
7444,6b9b6012-cdb4-50eb-8ad0-01c36516df23,5,daily_login,2026-08-26,2026-08-26T07:26:00+00:00
7445,a60d0128-bffa-5d2d-9915-36693e6bc3ba,5,daily_login,2026-08-26,2026-08-26T07:26:00+00:00
7446,4307ee18-2e16-50be-abbc-db160bb8e8fd,5,daily_login,2026-08-26,2026-08-26T07:26:00+00:00
7447,e502b694-466f-5e1f-9293-146b264ae20c,5,daily_login,2026-08-26,2026-08-26T07:27:00+00:00
7448,d0c58825-6ead-50f6-9a07-f2f95dbb51ea,5,daily_login,2026-08-26,2026-08-26T07:27:00+00:00
7449,2e2e8079-6c9e-51c9-bc7e-1475045fd514,5,daily_login,2026-08-26,2026-08-26T07:27:00+00:00
7450,49a9d8f7-08ea-5972-af3a-0ca0a6c06e59,5,daily_login,2026-08-26,2026-08-26T07:27:00+00:00
7451,84da666c-c47c-572e-b2c9-3b6f35881596,5,daily_login,2026-08-26,2026-08-26T07:28:00+00:00
7452,e3efd234-c7f9-5957-937f-661b1c3981ef,5,daily_login,2026-08-26,2026-08-26T07:28:00+00:00
7453,e7dd6cb0-626e-510a-9e98-0498c534b04d,5,daily_login,2026-08-26,2026-08-26T07:28:00+00:00
7454,b897da16-1a55-5740-8129-7d502e6f44b8,5,daily_login,2026-08-26,2026-08-26T07:29:00+00:00
7455,5532dec3-02ae-5ac3-8b57-2e8214a8598b,5,daily_login,2026-08-26,2026-08-26T07:29:00+00:00
7456,774fd1d7-ca6b-5177-9d91-fc7b24739425,5,daily_login,2026-08-26,2026-08-26T07:30:00+00:00
7457,54561bf4-fe37-5b37-934d-9c7f81542f8b,5,daily_login,2026-08-26,2026-08-26T07:30:00+00:00
7458,0947c4b9-50d6-50e2-9043-84a15b80e8c7,5,daily_login,2026-08-26,2026-08-26T07:30:00+00:00
7459,fd96bbd1-5601-5c99-a1e2-04b09168b35e,40,project_join,project_join:146,2026-08-26T07:30:00+00:00
7460,eb397f92-99ac-5f0f-8f81-3540865f0477,20,thread_create,thread:154,2026-08-26T07:30:00+00:00
7461,eb397f92-99ac-5f0f-8f81-3540865f0477,150,first_thread,badge,2026-08-26T07:30:00+00:00
7462,82a5c89c-0b3a-58b9-9259-837a5348a5c2,5,daily_login,2026-08-26,2026-08-26T07:31:00+00:00
7463,95927b04-f214-5c26-878d-fb55176e41bc,5,daily_login,2026-08-26,2026-08-26T07:32:00+00:00
7464,473b12ab-4d0d-5b7f-89b2-c0a1e2405c60,5,daily_login,2026-08-26,2026-08-26T07:32:00+00:00
7465,84047d01-74e6-5a08-a20e-b5c25e3eff3e,5,daily_login,2026-08-26,2026-08-26T07:33:00+00:00
7466,8300625d-d3f5-5264-8503-98a2bfbf60d8,5,daily_login,2026-08-26,2026-08-26T07:33:00+00:00
7467,88820056-e901-59a1-b2ca-c4e813b34f7b,5,daily_login,2026-08-26,2026-08-26T07:33:00+00:00
7468,a0a53b38-722a-56e6-a52c-fe0e06169a59,5,daily_login,2026-08-26,2026-08-26T07:34:00+00:00
7469,6720265f-9f2b-5485-bf24-54e1784991b6,5,daily_login,2026-08-26,2026-08-26T07:34:00+00:00
7470,01c00e49-c4d6-5d4b-bbc1-8aa3fe21ba2a,5,daily_login,2026-08-26,2026-08-26T07:34:00+00:00
7471,d48cab4b-e48b-59ae-88d6-41d5d463569d,5,daily_login,2026-08-26,2026-08-26T07:35:00+00:00
7472,7e6a1243-34f5-52e6-862f-e5f3b2ebe640,5,daily_login,2026-08-26,2026-08-26T07:36:00+00:00
7473,5421f79d-ed60-5eed-852b-01b379adab9e,5,daily_login,2026-08-26,2026-08-26T07:36:00+00:00
7474,4cf03b5a-e2ca-57f2-95b8-16a3b92247e6,5,daily_login,2026-08-26,2026-08-26T07:37:00+00:00
7475,6988340a-a3c1-5fda-a996-711f1723c649,5,daily_login,2026-08-26,2026-08-26T07:37:00+00:00
7476,bdc5faf6-386d-5338-99a0-32d156bcbd68,5,daily_login,2026-08-26,2026-08-26T07:38:00+00:00
7477,508d03e7-de84-523a-8242-f48abc9451d7,5,daily_login,2026-08-26,2026-08-26T07:39:00+00:00
7478,e21dfd78-ea9f-5754-a3b2-3b3b66dd30b5,5,daily_login,2026-08-26,2026-08-26T07:39:00+00:00
7479,bb4b0d34-59a4-5948-a9be-a1aa6caece55,5,daily_login,2026-08-26,2026-08-26T07:40:00+00:00
7480,d767d4bb-a2aa-587a-90f9-23d0689ae52a,5,daily_login,2026-08-26,2026-08-26T07:40:00+00:00
7481,7624f38b-fbca-546f-af04-c9dda9318f82,5,daily_login,2026-08-26,2026-08-26T07:41:00+00:00
7482,33d87513-60c2-51ff-9ec5-f0f1389ed27e,5,daily_login,2026-08-26,2026-08-26T07:42:00+00:00
7483,dfe9e449-d177-56af-a679-d3e1c78c5c02,5,daily_login,2026-08-26,2026-08-26T07:43:00+00:00
7484,3b932376-f549-5a1c-a24b-664b4bc338e3,5,daily_login,2026-08-26,2026-08-26T07:43:00+00:00
7485,a5526e82-ef69-522b-b3ad-df818658bde0,5,daily_login,2026-08-26,2026-08-26T07:44:00+00:00
7486,405fd522-6b0d-52fc-b397-dc3ce2e4a2ea,5,daily_login,2026-08-26,2026-08-26T07:44:00+00:00
7487,e137404e-9196-525c-b17a-44dc96d29f29,5,daily_login,2026-08-26,2026-08-26T07:44:00+00:00
7488,d2a70bca-a25c-522f-9b7e-c967b69503cc,5,daily_login,2026-08-26,2026-08-26T07:45:00+00:00
7489,3bc3e38a-5ff7-5330-ab2d-8add18e85d57,5,daily_login,2026-08-26,2026-08-26T07:45:00+00:00
7490,bf54d417-d834-5d3e-a7f9-106377fe05a5,5,daily_login,2026-08-26,2026-08-26T07:46:00+00:00
7491,36016ab9-3cc9-5f6a-8bc7-1d138ad9cb43,15,task_complete,task:174,2026-08-26T08:30:00+00:00
7492,36016ab9-3cc9-5f6a-8bc7-1d138ad9cb43,100,first_task,badge,2026-08-26T08:30:00+00:00
7493,36016ab9-3cc9-5f6a-8bc7-1d138ad9cb43,60,milestone_complete,milestone:131,2026-08-26T08:30:00+00:00
7494,36016ab9-3cc9-5f6a-8bc7-1d138ad9cb43,150,first_milestone,badge,2026-08-26T08:30:00+00:00
7495,c6286e16-5e03-594c-aa67-861b8ba91b33,150,first_milestone,badge,2026-08-26T08:30:00+00:00
7496,c6286e16-5e03-594c-aa67-861b8ba91b33,200,level_5,badge,2026-08-26T08:30:00+00:00
7497,53f78f7e-e2df-586b-b483-5748c92d0f9f,15,task_complete,task:210,2026-08-26T10:30:00+00:00
7498,fb400c3e-ecd0-522e-8b8e-1323946be71a,40,project_join,project_join:153,2026-08-26T10:30:00+00:00
7499,bf54d417-d834-5d3e-a7f9-106377fe05a5,40,project_join,project_join:177,2026-08-26T10:30:00+00:00
7500,77c684c4-9514-5edc-85ff-1052c8544c14,40,project_join,project_join:146,2026-08-26T11:30:00+00:00
7501,90cced0e-f2c7-528c-bd28-38c44ead6c98,40,project_join,project_join:153,2026-08-26T14:30:00+00:00
7502,ae7ac442-d880-5cd8-bc30-8d21c5f7dc54,40,project_join,project_join:177,2026-08-26T14:30:00+00:00
7503,88a268b0-6bca-5583-b041-ffdbc51be7e6,15,task_complete,task:286,2026-08-26T15:30:00+00:00
7504,b7180518-4b5b-54ef-9060-958212d05ab7,40,project_join,project_join:146,2026-08-26T15:30:00+00:00
7505,8819cb55-67e6-5a55-98c8-d80446975a9e,40,project_join,project_join:153,2026-08-26T18:30:00+00:00
7506,ef763ec1-f93c-5744-9640-4ca59adf9347,15,task_complete,task:516,2026-08-26T19:30:00+00:00
7507,53f78f7e-e2df-586b-b483-5748c92d0f9f,75,project_create,project:134,2026-08-26T20:30:00+00:00
7508,61347d09-09eb-5f04-a4ec-fe830319799f,40,project_join,project_join:134,2026-08-27T00:30:00+00:00
7509,1b1e4344-fde4-5cc2-b82c-4fb458696522,15,task_complete,task:277,2026-08-27T03:30:00+00:00
7510,1b1e4344-fde4-5cc2-b82c-4fb458696522,100,first_task,badge,2026-08-27T03:30:00+00:00
7511,1b1e4344-fde4-5cc2-b82c-4fb458696522,60,milestone_complete,milestone:171,2026-08-27T03:30:00+00:00
7512,0da68170-ff38-5dad-9224-770d261f1c8a,150,first_milestone,badge,2026-08-27T03:30:00+00:00
7513,d16e3cdc-2868-563d-867d-62fa9b8b24ea,150,first_milestone,badge,2026-08-27T03:30:00+00:00
7514,d16e3cdc-2868-563d-867d-62fa9b8b24ea,200,level_5,badge,2026-08-27T03:30:00+00:00
7515,b7f1d97d-9f3c-5885-b9ef-48d67a16a686,40,project_join,project_join:134,2026-08-27T04:30:00+00:00
7516,daa36188-60fd-56a2-938b-70b1b51084b0,75,project_create,project:116,2026-08-27T05:30:00+00:00
7517,daa36188-60fd-56a2-938b-70b1b51084b0,100,first_project,badge,2026-08-27T05:30:00+00:00
7518,d9fbcbde-376a-5f82-9fb5-268a24b02d57,5,daily_login,2026-08-27,2026-08-27T07:10:00+00:00
7519,f2561442-8439-5138-9a3b-8bcf96f16609,5,daily_login,2026-08-27,2026-08-27T07:10:00+00:00
7520,610e9654-06d6-5e55-959b-377b8749b8f9,5,daily_login,2026-08-27,2026-08-27T07:10:00+00:00
7521,518ae987-15f7-5b22-8bcc-df59623dbdce,5,daily_login,2026-08-27,2026-08-27T07:10:00+00:00
7522,4c2177ab-592a-5e4a-b25b-8bb3f8090555,5,daily_login,2026-08-27,2026-08-27T07:11:00+00:00
7523,4c2177ab-592a-5e4a-b25b-8bb3f8090555,200,level_5,badge,2026-08-27T07:11:00+00:00
7524,f0f4eb8c-a1ed-50a1-bc7d-2863700a31a5,5,daily_login,2026-08-27,2026-08-27T07:11:00+00:00
7525,8ae0340a-8eaf-5e9d-9db0-ac449334023d,5,daily_login,2026-08-27,2026-08-27T07:12:00+00:00
7526,001e944b-e64e-5742-afb7-5e04327e41ee,5,daily_login,2026-08-27,2026-08-27T07:14:00+00:00
7527,3d5b480d-3962-5c76-96ca-5459d65372aa,5,daily_login,2026-08-27,2026-08-27T07:14:00+00:00
7528,50d6350f-ffd4-59ad-a1ff-65a49a77a913,5,daily_login,2026-08-27,2026-08-27T07:16:00+00:00
7529,64b591cd-4cbe-577a-aba9-ee6912328a58,5,daily_login,2026-08-27,2026-08-27T07:16:00+00:00
7530,eb3717c1-cd92-5eeb-af40-9df7f3132426,5,daily_login,2026-08-27,2026-08-27T07:16:00+00:00
7531,9355c2cf-38db-5118-9b77-3d5b5b3870df,5,daily_login,2026-08-27,2026-08-27T07:17:00+00:00
7532,52ab3a8f-ec5c-5e66-bcd5-efc304512118,5,daily_login,2026-08-27,2026-08-27T07:18:00+00:00
7533,e1f9b739-b2d3-51e6-9609-05805a6d151c,5,daily_login,2026-08-27,2026-08-27T07:19:00+00:00
7534,9d1c460b-bd0b-57ff-ac14-f2b10f73edd3,5,daily_login,2026-08-27,2026-08-27T07:19:00+00:00
7535,b0ebc690-efe0-594f-bd55-e4d7ec3454bc,5,daily_login,2026-08-27,2026-08-27T07:20:00+00:00
7536,43a3bb15-e7a6-5c42-a198-3e0d7f080ba1,5,daily_login,2026-08-27,2026-08-27T07:20:00+00:00
7537,9047d24d-0775-5f10-bf17-6e8fc62c5884,5,daily_login,2026-08-27,2026-08-27T07:20:00+00:00
7538,9c9c228f-3bd5-5da4-b666-fbfab93b4b7e,5,daily_login,2026-08-27,2026-08-27T07:21:00+00:00
7539,4845dc43-0c9d-5f09-aa4a-62e68abb5d12,5,daily_login,2026-08-27,2026-08-27T07:21:00+00:00
7540,7bdf8ad6-1318-5f74-9112-e2b655e215a2,5,daily_login,2026-08-27,2026-08-27T07:21:00+00:00
7541,85df6dcd-e42a-581f-802b-eb93568b74eb,5,daily_login,2026-08-27,2026-08-27T07:21:00+00:00
7542,d16e3cdc-2868-563d-867d-62fa9b8b24ea,5,daily_login,2026-08-27,2026-08-27T07:22:00+00:00
7543,4c310820-12d3-5128-9a45-973db446b59e,5,daily_login,2026-08-27,2026-08-27T07:23:00+00:00
7544,02bf8d95-eee4-5287-b363-0551cc4a6d51,5,daily_login,2026-08-27,2026-08-27T07:23:00+00:00
7545,58074159-53d7-5a52-8436-d84a05af35a9,5,daily_login,2026-08-27,2026-08-27T07:24:00+00:00
7546,a2cc3818-be31-5aeb-828c-e23f579431aa,5,daily_login,2026-08-27,2026-08-27T07:25:00+00:00
7547,ef763ec1-f93c-5744-9640-4ca59adf9347,5,daily_login,2026-08-27,2026-08-27T07:25:00+00:00
7548,d9aaa9eb-5304-587b-b0f4-42a2d5930f54,5,daily_login,2026-08-27,2026-08-27T07:25:00+00:00
7549,baa8ef70-5b01-5a49-84cb-71c353290705,5,daily_login,2026-08-27,2026-08-27T07:26:00+00:00
7550,a60d0128-bffa-5d2d-9915-36693e6bc3ba,5,daily_login,2026-08-27,2026-08-27T07:26:00+00:00
7551,4307ee18-2e16-50be-abbc-db160bb8e8fd,5,daily_login,2026-08-27,2026-08-27T07:26:00+00:00
7552,d0c58825-6ead-50f6-9a07-f2f95dbb51ea,5,daily_login,2026-08-27,2026-08-27T07:27:00+00:00
7553,2e2e8079-6c9e-51c9-bc7e-1475045fd514,5,daily_login,2026-08-27,2026-08-27T07:27:00+00:00
7554,0e49007f-82be-5238-a956-37d8f7b40d4c,5,daily_login,2026-08-27,2026-08-27T07:29:00+00:00
7555,5532dec3-02ae-5ac3-8b57-2e8214a8598b,5,daily_login,2026-08-27,2026-08-27T07:29:00+00:00
7556,54561bf4-fe37-5b37-934d-9c7f81542f8b,5,daily_login,2026-08-27,2026-08-27T07:30:00+00:00
7557,f8f213c7-3d61-567e-9735-5e3e9498b892,5,daily_login,2026-08-27,2026-08-27T07:31:00+00:00
7558,82a5c89c-0b3a-58b9-9259-837a5348a5c2,5,daily_login,2026-08-27,2026-08-27T07:31:00+00:00
7559,95927b04-f214-5c26-878d-fb55176e41bc,5,daily_login,2026-08-27,2026-08-27T07:32:00+00:00
7560,9cba29b2-e169-54f3-9d61-1d5013f80312,5,daily_login,2026-08-27,2026-08-27T07:32:00+00:00
7561,1062abbb-4fcd-51a9-95fc-5474e4af7640,5,daily_login,2026-08-27,2026-08-27T07:32:00+00:00
7562,473b12ab-4d0d-5b7f-89b2-c0a1e2405c60,5,daily_login,2026-08-27,2026-08-27T07:32:00+00:00
7563,84047d01-74e6-5a08-a20e-b5c25e3eff3e,5,daily_login,2026-08-27,2026-08-27T07:33:00+00:00
7564,19e81afb-74c1-5b4a-9af3-469f3b610235,5,daily_login,2026-08-27,2026-08-27T07:34:00+00:00
7565,e747fee0-a84b-5f51-98a3-7481903c9023,5,daily_login,2026-08-27,2026-08-27T07:34:00+00:00
7566,a0a53b38-722a-56e6-a52c-fe0e06169a59,5,daily_login,2026-08-27,2026-08-27T07:34:00+00:00
7567,9a026691-28ff-5880-9da3-006735af19d3,5,daily_login,2026-08-27,2026-08-27T07:35:00+00:00
7568,7e6a1243-34f5-52e6-862f-e5f3b2ebe640,5,daily_login,2026-08-27,2026-08-27T07:36:00+00:00
7569,5421f79d-ed60-5eed-852b-01b379adab9e,5,daily_login,2026-08-27,2026-08-27T07:36:00+00:00
7570,4cf03b5a-e2ca-57f2-95b8-16a3b92247e6,5,daily_login,2026-08-27,2026-08-27T07:37:00+00:00
7571,ab45f9eb-3fee-5ea5-bccb-faffc50f3e76,5,daily_login,2026-08-27,2026-08-27T07:37:00+00:00
7572,5ce94e6e-a987-5fd1-90b2-94a1174f9376,5,daily_login,2026-08-27,2026-08-27T07:37:00+00:00
7573,bdc5faf6-386d-5338-99a0-32d156bcbd68,5,daily_login,2026-08-27,2026-08-27T07:38:00+00:00
7574,25797954-b022-582e-8349-e1e2c141368c,5,daily_login,2026-08-27,2026-08-27T07:39:00+00:00
7575,508d03e7-de84-523a-8242-f48abc9451d7,5,daily_login,2026-08-27,2026-08-27T07:39:00+00:00
7576,c6286e16-5e03-594c-aa67-861b8ba91b33,5,daily_login,2026-08-27,2026-08-27T07:39:00+00:00
7577,7b48b183-5d87-500f-9cec-2e003c19efac,5,daily_login,2026-08-27,2026-08-27T07:40:00+00:00
7578,d767d4bb-a2aa-587a-90f9-23d0689ae52a,5,daily_login,2026-08-27,2026-08-27T07:40:00+00:00
7579,33ba5d16-c38c-5bcf-9896-ea8ae81d6e7b,5,daily_login,2026-08-27,2026-08-27T07:41:00+00:00
7580,b5be680a-732e-55e0-bc5d-b80e831ff33a,5,daily_login,2026-08-27,2026-08-27T07:42:00+00:00
7581,36016ab9-3cc9-5f6a-8bc7-1d138ad9cb43,5,daily_login,2026-08-27,2026-08-27T07:44:00+00:00
7582,405fd522-6b0d-52fc-b397-dc3ce2e4a2ea,5,daily_login,2026-08-27,2026-08-27T07:44:00+00:00
7583,e137404e-9196-525c-b17a-44dc96d29f29,5,daily_login,2026-08-27,2026-08-27T07:44:00+00:00
7584,6ab0c42d-0ad5-5b3d-9c6c-4ab9eaa47586,5,daily_login,2026-08-27,2026-08-27T07:45:00+00:00
7585,d2a70bca-a25c-522f-9b7e-c967b69503cc,5,daily_login,2026-08-27,2026-08-27T07:45:00+00:00
7586,bf54d417-d834-5d3e-a7f9-106377fe05a5,5,daily_login,2026-08-27,2026-08-27T07:46:00+00:00
7587,eeeb9e89-042f-5fdc-8fcf-2c3ad56f9bf1,40,project_join,project_join:116,2026-08-27T09:30:00+00:00
7588,d48cab4b-e48b-59ae-88d6-41d5d463569d,40,project_join,project_join:116,2026-08-27T13:30:00+00:00
7589,54561bf4-fe37-5b37-934d-9c7f81542f8b,15,task_complete,task:287,2026-08-27T16:30:00+00:00
7590,729fe171-fa0d-547e-b374-39bd19f4c645,40,project_join,project_join:116,2026-08-27T17:30:00+00:00
7591,4c2177ab-592a-5e4a-b25b-8bb3f8090555,15,task_complete,task:517,2026-08-27T20:30:00+00:00
7592,878bb7d9-5569-5efb-bbd1-5e39d62d594d,40,project_join,project_join:116,2026-08-27T21:30:00+00:00
7593,b39a9d3d-f3eb-5d31-9cc7-15e278969b70,15,task_complete,task:437,2026-08-28T00:30:00+00:00
7594,484e243b-afd7-5767-bb0f-4262c0334aea,20,thread_create,thread:157,2026-08-28T01:30:00+00:00
7595,484e243b-afd7-5767-bb0f-4262c0334aea,150,first_thread,badge,2026-08-28T01:30:00+00:00
7596,484e243b-afd7-5767-bb0f-4262c0334aea,200,level_5,badge,2026-08-28T01:30:00+00:00
7597,a36cd93c-2f0c-5956-9a51-8094e39a7bed,20,thread_create,thread:125,2026-08-28T03:30:00+00:00
7598,a36cd93c-2f0c-5956-9a51-8094e39a7bed,150,first_thread,badge,2026-08-28T03:30:00+00:00
7599,45abfe15-6e8d-57cf-bda3-b7ae2b5c0bc7,15,task_complete,task:299,2026-08-28T05:30:00+00:00
7600,45abfe15-6e8d-57cf-bda3-b7ae2b5c0bc7,100,first_task,badge,2026-08-28T05:30:00+00:00
7601,45abfe15-6e8d-57cf-bda3-b7ae2b5c0bc7,60,milestone_complete,milestone:177,2026-08-28T05:30:00+00:00
7602,45abfe15-6e8d-57cf-bda3-b7ae2b5c0bc7,150,first_milestone,badge,2026-08-28T05:30:00+00:00
7603,58074159-53d7-5a52-8436-d84a05af35a9,150,first_milestone,badge,2026-08-28T05:30:00+00:00
7604,58074159-53d7-5a52-8436-d84a05af35a9,200,level_5,badge,2026-08-28T05:30:00+00:00
7605,fb400c3e-ecd0-522e-8b8e-1323946be71a,20,thread_create,thread:127,2026-08-28T05:30:00+00:00
7606,fb400c3e-ecd0-522e-8b8e-1323946be71a,150,first_thread,badge,2026-08-28T05:30:00+00:00
7607,fb400c3e-ecd0-522e-8b8e-1323946be71a,200,level_5,badge,2026-08-28T05:30:00+00:00
7608,d9fbcbde-376a-5f82-9fb5-268a24b02d57,5,daily_login,2026-08-28,2026-08-28T07:10:00+00:00
7609,f2561442-8439-5138-9a3b-8bcf96f16609,5,daily_login,2026-08-28,2026-08-28T07:10:00+00:00
7610,610e9654-06d6-5e55-959b-377b8749b8f9,5,daily_login,2026-08-28,2026-08-28T07:10:00+00:00
7611,f0f4eb8c-a1ed-50a1-bc7d-2863700a31a5,5,daily_login,2026-08-28,2026-08-28T07:11:00+00:00
7612,37b7aed3-d207-54f7-b4ec-0e05c50eaeb2,5,daily_login,2026-08-28,2026-08-28T07:11:00+00:00
7613,f985b68e-39ae-5c83-8468-2b126802c414,5,daily_login,2026-08-28,2026-08-28T07:12:00+00:00
7614,f4793612-bd5c-52c4-b29e-226fe28a77ca,5,daily_login,2026-08-28,2026-08-28T07:13:00+00:00
7615,3d5b480d-3962-5c76-96ca-5459d65372aa,5,daily_login,2026-08-28,2026-08-28T07:14:00+00:00
7616,6e82bb3e-ede8-5803-ba1a-cc3aa8766199,5,daily_login,2026-08-28,2026-08-28T07:15:00+00:00
7617,20b63262-d3e6-555a-95b2-84fc87694a19,5,daily_login,2026-08-28,2026-08-28T07:15:00+00:00
7618,90cced0e-f2c7-528c-bd28-38c44ead6c98,5,daily_login,2026-08-28,2026-08-28T07:15:00+00:00
7619,d6b81cb4-a299-5894-baa5-463cb63679a3,5,daily_login,2026-08-28,2026-08-28T07:15:00+00:00
7620,50d6350f-ffd4-59ad-a1ff-65a49a77a913,5,daily_login,2026-08-28,2026-08-28T07:16:00+00:00
7621,693ebb02-ab3f-5d60-b798-d4d4df4900d2,5,daily_login,2026-08-28,2026-08-28T07:16:00+00:00
7622,a6b8342c-310b-5b88-9c07-602dbd646488,5,daily_login,2026-08-28,2026-08-28T07:17:00+00:00
7623,9355c2cf-38db-5118-9b77-3d5b5b3870df,5,daily_login,2026-08-28,2026-08-28T07:17:00+00:00
7624,9b2e34a9-6722-598e-a857-e346acd294bf,5,daily_login,2026-08-28,2026-08-28T07:17:00+00:00
7625,96dbbdad-601e-5bc2-9d1a-78f9f6349a39,5,daily_login,2026-08-28,2026-08-28T07:18:00+00:00
7626,64609795-d498-5ea7-ad33-a3bcecf9d962,5,daily_login,2026-08-28,2026-08-28T07:18:00+00:00
7627,5a4b137d-2ebb-5c75-8cdd-bf77406b4b9f,5,daily_login,2026-08-28,2026-08-28T07:19:00+00:00
7628,9d1c460b-bd0b-57ff-ac14-f2b10f73edd3,5,daily_login,2026-08-28,2026-08-28T07:19:00+00:00
7629,341a0cef-f4a9-53ee-8980-229dc154ff4e,5,daily_login,2026-08-28,2026-08-28T07:20:00+00:00
7630,9047d24d-0775-5f10-bf17-6e8fc62c5884,5,daily_login,2026-08-28,2026-08-28T07:20:00+00:00
7631,85df6dcd-e42a-581f-802b-eb93568b74eb,5,daily_login,2026-08-28,2026-08-28T07:21:00+00:00
7632,d16e3cdc-2868-563d-867d-62fa9b8b24ea,5,daily_login,2026-08-28,2026-08-28T07:22:00+00:00
7633,3a376c3a-3e46-5c8c-815c-232b66ca9bc8,5,daily_login,2026-08-28,2026-08-28T07:23:00+00:00
7634,d5dc7189-89df-5fd7-983f-1124b6de3d68,5,daily_login,2026-08-28,2026-08-28T07:23:00+00:00
7635,ffe47fd1-7989-5728-addd-50b504edd889,5,daily_login,2026-08-28,2026-08-28T07:24:00+00:00
7636,58074159-53d7-5a52-8436-d84a05af35a9,5,daily_login,2026-08-28,2026-08-28T07:24:00+00:00
7637,61347d09-09eb-5f04-a4ec-fe830319799f,5,daily_login,2026-08-28,2026-08-28T07:24:00+00:00
7638,a992f17b-79b6-5dcf-aed4-2aebaa5775c7,5,daily_login,2026-08-28,2026-08-28T07:25:00+00:00
7639,a2cc3818-be31-5aeb-828c-e23f579431aa,5,daily_login,2026-08-28,2026-08-28T07:25:00+00:00
7640,ef763ec1-f93c-5744-9640-4ca59adf9347,5,daily_login,2026-08-28,2026-08-28T07:25:00+00:00
7641,baa8ef70-5b01-5a49-84cb-71c353290705,5,daily_login,2026-08-28,2026-08-28T07:26:00+00:00
7642,20b4182c-90f7-51da-99e8-97ade4d19a92,5,daily_login,2026-08-28,2026-08-28T07:26:00+00:00
7643,4307ee18-2e16-50be-abbc-db160bb8e8fd,5,daily_login,2026-08-28,2026-08-28T07:26:00+00:00
7644,d0c58825-6ead-50f6-9a07-f2f95dbb51ea,5,daily_login,2026-08-28,2026-08-28T07:27:00+00:00
7645,2e2e8079-6c9e-51c9-bc7e-1475045fd514,5,daily_login,2026-08-28,2026-08-28T07:27:00+00:00
7646,49a9d8f7-08ea-5972-af3a-0ca0a6c06e59,5,daily_login,2026-08-28,2026-08-28T07:27:00+00:00
7647,f3744506-cae3-5f81-8a4f-506a60395be8,5,daily_login,2026-08-28,2026-08-28T07:28:00+00:00
7648,e3efd234-c7f9-5957-937f-661b1c3981ef,5,daily_login,2026-08-28,2026-08-28T07:28:00+00:00
7649,54561bf4-fe37-5b37-934d-9c7f81542f8b,5,daily_login,2026-08-28,2026-08-28T07:30:00+00:00
7650,da462241-608b-5422-bdbd-0d98184a433d,5,daily_login,2026-08-28,2026-08-28T07:30:00+00:00
7651,0947c4b9-50d6-50e2-9043-84a15b80e8c7,15,task_complete,task:155,2026-08-28T07:30:00+00:00
7652,0947c4b9-50d6-50e2-9043-84a15b80e8c7,100,first_task,badge,2026-08-28T07:30:00+00:00
7653,0947c4b9-50d6-50e2-9043-84a15b80e8c7,200,level_5,badge,2026-08-28T07:30:00+00:00
7654,7624f38b-fbca-546f-af04-c9dda9318f82,300,project_completed,badge,2026-08-28T07:30:00+00:00
7655,7624f38b-fbca-546f-af04-c9dda9318f82,60,milestone_complete,milestone:168,2026-08-28T07:30:00+00:00
7656,45cee65b-db52-5dff-b09d-0ee1ac2be20f,5,daily_login,2026-08-28,2026-08-28T07:31:00+00:00
7657,1062abbb-4fcd-51a9-95fc-5474e4af7640,5,daily_login,2026-08-28,2026-08-28T07:32:00+00:00
7658,473b12ab-4d0d-5b7f-89b2-c0a1e2405c60,5,daily_login,2026-08-28,2026-08-28T07:32:00+00:00
7659,44f09dba-7a20-5f46-840b-4670e6c7eb92,5,daily_login,2026-08-28,2026-08-28T07:33:00+00:00
7660,88820056-e901-59a1-b2ca-c4e813b34f7b,5,daily_login,2026-08-28,2026-08-28T07:33:00+00:00
7661,a0a53b38-722a-56e6-a52c-fe0e06169a59,5,daily_login,2026-08-28,2026-08-28T07:34:00+00:00
7662,01c00e49-c4d6-5d4b-bbc1-8aa3fe21ba2a,5,daily_login,2026-08-28,2026-08-28T07:34:00+00:00
7663,7e6a1243-34f5-52e6-862f-e5f3b2ebe640,5,daily_login,2026-08-28,2026-08-28T07:36:00+00:00
7664,9edec740-5de6-5c27-8233-5cf72946b182,5,daily_login,2026-08-28,2026-08-28T07:36:00+00:00
7665,4cf03b5a-e2ca-57f2-95b8-16a3b92247e6,5,daily_login,2026-08-28,2026-08-28T07:37:00+00:00
7666,f6e8344b-87f4-5461-93fc-b01ff1ae4265,5,daily_login,2026-08-28,2026-08-28T07:37:00+00:00
7667,6988340a-a3c1-5fda-a996-711f1723c649,5,daily_login,2026-08-28,2026-08-28T07:37:00+00:00
7668,eb397f92-99ac-5f0f-8f81-3540865f0477,5,daily_login,2026-08-28,2026-08-28T07:38:00+00:00
7669,bdc5faf6-386d-5338-99a0-32d156bcbd68,5,daily_login,2026-08-28,2026-08-28T07:38:00+00:00
7670,eeeb9e89-042f-5fdc-8fcf-2c3ad56f9bf1,5,daily_login,2026-08-28,2026-08-28T07:39:00+00:00
7671,508d03e7-de84-523a-8242-f48abc9451d7,5,daily_login,2026-08-28,2026-08-28T07:39:00+00:00
7672,c6286e16-5e03-594c-aa67-861b8ba91b33,5,daily_login,2026-08-28,2026-08-28T07:39:00+00:00
7673,7b48b183-5d87-500f-9cec-2e003c19efac,5,daily_login,2026-08-28,2026-08-28T07:40:00+00:00
7674,33ba5d16-c38c-5bcf-9896-ea8ae81d6e7b,5,daily_login,2026-08-28,2026-08-28T07:41:00+00:00
7675,7624f38b-fbca-546f-af04-c9dda9318f82,5,daily_login,2026-08-28,2026-08-28T07:41:00+00:00
7676,f223e569-d735-5980-b77b-25d459e64a37,5,daily_login,2026-08-28,2026-08-28T07:42:00+00:00
7677,b5be680a-732e-55e0-bc5d-b80e831ff33a,5,daily_login,2026-08-28,2026-08-28T07:42:00+00:00
7678,dfe9e449-d177-56af-a679-d3e1c78c5c02,5,daily_login,2026-08-28,2026-08-28T07:43:00+00:00
7679,36016ab9-3cc9-5f6a-8bc7-1d138ad9cb43,5,daily_login,2026-08-28,2026-08-28T07:44:00+00:00
7680,a5526e82-ef69-522b-b3ad-df818658bde0,5,daily_login,2026-08-28,2026-08-28T07:44:00+00:00
7681,405fd522-6b0d-52fc-b397-dc3ce2e4a2ea,5,daily_login,2026-08-28,2026-08-28T07:44:00+00:00
7682,e137404e-9196-525c-b17a-44dc96d29f29,5,daily_login,2026-08-28,2026-08-28T07:44:00+00:00
7683,e137404e-9196-525c-b17a-44dc96d29f29,5,streak_week_bonus,2026-08-28,2026-08-28T07:44:00+00:00
7684,d2a70bca-a25c-522f-9b7e-c967b69503cc,5,daily_login,2026-08-28,2026-08-28T07:45:00+00:00
7685,bf54d417-d834-5d3e-a7f9-106377fe05a5,5,daily_login,2026-08-28,2026-08-28T07:46:00+00:00
7686,88a268b0-6bca-5583-b041-ffdbc51be7e6,250,helpful_5,badge,2026-08-28T08:00:00+00:00
7687,484e243b-afd7-5767-bb0f-4262c0334aea,250,helpful_5,badge,2026-08-28T08:00:00+00:00
7688,88a268b0-6bca-5583-b041-ffdbc51be7e6,25,helpful_comment,comment:231,2026-08-28T08:40:00+00:00
7689,ef763ec1-f93c-5744-9640-4ca59adf9347,15,task_complete,task:176,2026-08-28T10:30:00+00:00
7690,96ccee9a-30f2-56cd-b597-a927c84e0f75,15,task_complete,task:288,2026-08-28T17:30:00+00:00
7691,ef763ec1-f93c-5744-9640-4ca59adf9347,15,task_complete,task:518,2026-08-28T21:30:00+00:00
7692,693ebb02-ab3f-5d60-b798-d4d4df4900d2,15,task_complete,task:529,2026-08-28T23:30:00+00:00
7693,eb397f92-99ac-5f0f-8f81-3540865f0477,60,milestone_complete,milestone:215,2026-08-29T05:30:00+00:00
7694,d9fbcbde-376a-5f82-9fb5-268a24b02d57,5,daily_login,2026-08-29,2026-08-29T07:10:00+00:00
7695,f2561442-8439-5138-9a3b-8bcf96f16609,5,daily_login,2026-08-29,2026-08-29T07:10:00+00:00
7696,af808cd8-ab34-515f-a8a0-a1b0719a537b,5,daily_login,2026-08-29,2026-08-29T07:10:00+00:00
7697,610e9654-06d6-5e55-959b-377b8749b8f9,5,daily_login,2026-08-29,2026-08-29T07:10:00+00:00
7698,0da68170-ff38-5dad-9224-770d261f1c8a,5,daily_login,2026-08-29,2026-08-29T07:11:00+00:00
7699,a36cd93c-2f0c-5956-9a51-8094e39a7bed,5,daily_login,2026-08-29,2026-08-29T07:14:00+00:00
7700,3d5b480d-3962-5c76-96ca-5459d65372aa,5,daily_login,2026-08-29,2026-08-29T07:14:00+00:00
7701,90cced0e-f2c7-528c-bd28-38c44ead6c98,5,daily_login,2026-08-29,2026-08-29T07:15:00+00:00
7702,6ecf180b-be59-594c-a33b-31bd0120f01f,5,daily_login,2026-08-29,2026-08-29T07:15:00+00:00
7703,50d6350f-ffd4-59ad-a1ff-65a49a77a913,5,daily_login,2026-08-29,2026-08-29T07:16:00+00:00
7704,eb3717c1-cd92-5eeb-af40-9df7f3132426,5,daily_login,2026-08-29,2026-08-29T07:16:00+00:00
7705,693ebb02-ab3f-5d60-b798-d4d4df4900d2,5,daily_login,2026-08-29,2026-08-29T07:16:00+00:00
7706,a6b8342c-310b-5b88-9c07-602dbd646488,5,daily_login,2026-08-29,2026-08-29T07:17:00+00:00
7707,9355c2cf-38db-5118-9b77-3d5b5b3870df,5,daily_login,2026-08-29,2026-08-29T07:17:00+00:00
7708,fd96bbd1-5601-5c99-a1e2-04b09168b35e,5,daily_login,2026-08-29,2026-08-29T07:18:00+00:00
7709,64609795-d498-5ea7-ad33-a3bcecf9d962,5,daily_login,2026-08-29,2026-08-29T07:18:00+00:00
7710,b0ebc690-efe0-594f-bd55-e4d7ec3454bc,5,daily_login,2026-08-29,2026-08-29T07:20:00+00:00
7711,9047d24d-0775-5f10-bf17-6e8fc62c5884,5,daily_login,2026-08-29,2026-08-29T07:20:00+00:00
7712,7bdf8ad6-1318-5f74-9112-e2b655e215a2,5,daily_login,2026-08-29,2026-08-29T07:21:00+00:00
7713,85df6dcd-e42a-581f-802b-eb93568b74eb,5,daily_login,2026-08-29,2026-08-29T07:21:00+00:00
7714,d16e3cdc-2868-563d-867d-62fa9b8b24ea,5,daily_login,2026-08-29,2026-08-29T07:22:00+00:00
7715,4c310820-12d3-5128-9a45-973db446b59e,5,daily_login,2026-08-29,2026-08-29T07:23:00+00:00
7716,02bf8d95-eee4-5287-b363-0551cc4a6d51,5,daily_login,2026-08-29,2026-08-29T07:23:00+00:00
7717,ae96d203-7a11-52ed-9e02-cd93c3dda603,5,daily_login,2026-08-29,2026-08-29T07:24:00+00:00
7718,ffe47fd1-7989-5728-addd-50b504edd889,5,daily_login,2026-08-29,2026-08-29T07:24:00+00:00
7719,58074159-53d7-5a52-8436-d84a05af35a9,5,daily_login,2026-08-29,2026-08-29T07:24:00+00:00
7720,61347d09-09eb-5f04-a4ec-fe830319799f,5,daily_login,2026-08-29,2026-08-29T07:24:00+00:00
7721,1bf86e3f-0e6e-5241-b319-71005237945f,5,daily_login,2026-08-29,2026-08-29T07:25:00+00:00
7722,baa8ef70-5b01-5a49-84cb-71c353290705,5,daily_login,2026-08-29,2026-08-29T07:26:00+00:00
7723,d0c58825-6ead-50f6-9a07-f2f95dbb51ea,5,daily_login,2026-08-29,2026-08-29T07:27:00+00:00
7724,2e2e8079-6c9e-51c9-bc7e-1475045fd514,5,daily_login,2026-08-29,2026-08-29T07:27:00+00:00
7725,f3744506-cae3-5f81-8a4f-506a60395be8,5,daily_login,2026-08-29,2026-08-29T07:28:00+00:00
7726,673e8617-3280-5bfa-85a6-738a6d64aac6,5,daily_login,2026-08-29,2026-08-29T07:28:00+00:00
7727,0e49007f-82be-5238-a956-37d8f7b40d4c,5,daily_login,2026-08-29,2026-08-29T07:29:00+00:00
7728,5532dec3-02ae-5ac3-8b57-2e8214a8598b,5,daily_login,2026-08-29,2026-08-29T07:29:00+00:00
7729,54561bf4-fe37-5b37-934d-9c7f81542f8b,5,daily_login,2026-08-29,2026-08-29T07:30:00+00:00
7730,082b47e7-5a06-5a34-bd49-595c82b2b196,5,daily_login,2026-08-29,2026-08-29T07:31:00+00:00
7731,45cee65b-db52-5dff-b09d-0ee1ac2be20f,5,daily_login,2026-08-29,2026-08-29T07:31:00+00:00
7732,f8f213c7-3d61-567e-9735-5e3e9498b892,5,daily_login,2026-08-29,2026-08-29T07:31:00+00:00
7733,10feece1-a2cd-532b-8488-21659a3bee22,5,daily_login,2026-08-29,2026-08-29T07:31:00+00:00
7734,82a5c89c-0b3a-58b9-9259-837a5348a5c2,5,daily_login,2026-08-29,2026-08-29T07:31:00+00:00
7735,ee289908-380a-5bb3-8fdc-0990b203929b,5,daily_login,2026-08-29,2026-08-29T07:32:00+00:00
7736,1062abbb-4fcd-51a9-95fc-5474e4af7640,5,daily_login,2026-08-29,2026-08-29T07:32:00+00:00
7737,473b12ab-4d0d-5b7f-89b2-c0a1e2405c60,5,daily_login,2026-08-29,2026-08-29T07:32:00+00:00
7738,84047d01-74e6-5a08-a20e-b5c25e3eff3e,5,daily_login,2026-08-29,2026-08-29T07:33:00+00:00
7739,88820056-e901-59a1-b2ca-c4e813b34f7b,5,daily_login,2026-08-29,2026-08-29T07:33:00+00:00
7740,e747fee0-a84b-5f51-98a3-7481903c9023,5,daily_login,2026-08-29,2026-08-29T07:34:00+00:00
7741,a0a53b38-722a-56e6-a52c-fe0e06169a59,5,daily_login,2026-08-29,2026-08-29T07:34:00+00:00
7742,01c00e49-c4d6-5d4b-bbc1-8aa3fe21ba2a,5,daily_login,2026-08-29,2026-08-29T07:34:00+00:00
7743,5d857806-7d61-533b-bc12-af2d7b775d29,5,daily_login,2026-08-29,2026-08-29T07:35:00+00:00
7744,9a026691-28ff-5880-9da3-006735af19d3,5,daily_login,2026-08-29,2026-08-29T07:35:00+00:00
7745,7e6a1243-34f5-52e6-862f-e5f3b2ebe640,5,daily_login,2026-08-29,2026-08-29T07:36:00+00:00
7746,4cf03b5a-e2ca-57f2-95b8-16a3b92247e6,5,daily_login,2026-08-29,2026-08-29T07:37:00+00:00
7747,5ce94e6e-a987-5fd1-90b2-94a1174f9376,5,daily_login,2026-08-29,2026-08-29T07:37:00+00:00
7748,eb397f92-99ac-5f0f-8f81-3540865f0477,5,daily_login,2026-08-29,2026-08-29T07:38:00+00:00
7749,783491ec-2857-52e8-a102-766d7abba6d2,5,daily_login,2026-08-29,2026-08-29T07:38:00+00:00
7750,302b84f9-9053-5cf7-bed0-305678227875,5,daily_login,2026-08-29,2026-08-29T07:39:00+00:00
7751,eeeb9e89-042f-5fdc-8fcf-2c3ad56f9bf1,5,daily_login,2026-08-29,2026-08-29T07:39:00+00:00
7752,508d03e7-de84-523a-8242-f48abc9451d7,5,daily_login,2026-08-29,2026-08-29T07:39:00+00:00
7753,c6286e16-5e03-594c-aa67-861b8ba91b33,5,daily_login,2026-08-29,2026-08-29T07:39:00+00:00
7754,bb4b0d34-59a4-5948-a9be-a1aa6caece55,5,daily_login,2026-08-29,2026-08-29T07:40:00+00:00
7755,fb400c3e-ecd0-522e-8b8e-1323946be71a,5,daily_login,2026-08-29,2026-08-29T07:40:00+00:00
7756,96ccee9a-30f2-56cd-b597-a927c84e0f75,5,daily_login,2026-08-29,2026-08-29T07:41:00+00:00
7757,e5b7ccce-2cb7-5b6e-95a5-32ffacbca87f,5,daily_login,2026-08-29,2026-08-29T07:42:00+00:00
7758,77c684c4-9514-5edc-85ff-1052c8544c14,5,daily_login,2026-08-29,2026-08-29T07:42:00+00:00
7759,b5be680a-732e-55e0-bc5d-b80e831ff33a,5,daily_login,2026-08-29,2026-08-29T07:42:00+00:00
7760,dfe9e449-d177-56af-a679-d3e1c78c5c02,5,daily_login,2026-08-29,2026-08-29T07:43:00+00:00
7761,40120057-c43a-5745-9d3a-d9b0c6b1e84e,5,daily_login,2026-08-29,2026-08-29T07:43:00+00:00
7762,36016ab9-3cc9-5f6a-8bc7-1d138ad9cb43,5,daily_login,2026-08-29,2026-08-29T07:44:00+00:00
7763,405fd522-6b0d-52fc-b397-dc3ce2e4a2ea,5,daily_login,2026-08-29,2026-08-29T07:44:00+00:00
7764,e137404e-9196-525c-b17a-44dc96d29f29,5,daily_login,2026-08-29,2026-08-29T07:44:00+00:00
7765,6ab0c42d-0ad5-5b3d-9c6c-4ab9eaa47586,5,daily_login,2026-08-29,2026-08-29T07:45:00+00:00
7766,d2a70bca-a25c-522f-9b7e-c967b69503cc,5,daily_login,2026-08-29,2026-08-29T07:45:00+00:00
7767,6ac5a7a4-ae0d-5e31-8a7c-d85b63a96c46,5,daily_login,2026-08-29,2026-08-29T07:45:00+00:00
7768,bf54d417-d834-5d3e-a7f9-106377fe05a5,5,daily_login,2026-08-29,2026-08-29T07:46:00+00:00
7769,cac67f41-f5af-5268-9e2d-34feac0dc9fa,5,daily_login,2026-08-29,2026-08-29T07:46:00+00:00
7770,8ecc0792-3789-53b2-a26e-fc6daa886eb7,75,project_create,project:129,2026-08-29T09:30:00+00:00
7771,8ecc0792-3789-53b2-a26e-fc6daa886eb7,100,first_project,badge,2026-08-29T09:30:00+00:00
7772,36016ab9-3cc9-5f6a-8bc7-1d138ad9cb43,15,task_complete,task:177,2026-08-29T11:30:00+00:00
7773,cd8c4c60-ab9b-5cf3-996e-d4fbb990f4c6,40,project_join,project_join:129,2026-08-29T13:30:00+00:00
7774,f4793612-bd5c-52c4-b29e-226fe28a77ca,40,project_join,project_join:129,2026-08-29T17:30:00+00:00
7775,2e2e8079-6c9e-51c9-bc7e-1475045fd514,15,task_complete,task:289,2026-08-29T18:30:00+00:00
7776,8819cb55-67e6-5a55-98c8-d80446975a9e,60,milestone_complete,milestone:233,2026-08-29T18:30:00+00:00
7777,a070c6d0-c23b-5036-b352-f16db0d6ec8e,150,first_milestone,badge,2026-08-29T18:30:00+00:00
7778,bb4b0d34-59a4-5948-a9be-a1aa6caece55,75,project_create,project:123,2026-08-29T20:30:00+00:00
7779,61347d09-09eb-5f04-a4ec-fe830319799f,40,project_join,project_join:129,2026-08-29T21:30:00+00:00
7780,4c2177ab-592a-5e4a-b25b-8bb3f8090555,15,task_complete,task:519,2026-08-29T22:30:00+00:00
7781,facb4557-eabe-5f8b-89cc-f223b91c89b7,60,milestone_complete,milestone:275,2026-08-29T23:30:00+00:00
7782,88a268b0-6bca-5583-b041-ffdbc51be7e6,40,project_join,project_join:123,2026-08-30T00:30:00+00:00
7783,6e82bb3e-ede8-5803-ba1a-cc3aa8766199,40,project_join,project_join:129,2026-08-30T01:30:00+00:00
7784,9d1c460b-bd0b-57ff-ac14-f2b10f73edd3,40,project_join,project_join:123,2026-08-30T04:30:00+00:00
7785,1bc15434-bc22-56cc-a890-336efd2a11e5,15,task_complete,task:169,2026-08-30T05:30:00+00:00
7786,1bc15434-bc22-56cc-a890-336efd2a11e5,60,milestone_complete,milestone:129,2026-08-30T05:30:00+00:00
7787,d9fbcbde-376a-5f82-9fb5-268a24b02d57,40,project_join,project_join:129,2026-08-30T05:30:00+00:00
7788,d9fbcbde-376a-5f82-9fb5-268a24b02d57,5,daily_login,2026-08-30,2026-08-30T07:10:00+00:00
7789,d9fbcbde-376a-5f82-9fb5-268a24b02d57,5,streak_week_bonus,2026-08-30,2026-08-30T07:10:00+00:00
7790,610e9654-06d6-5e55-959b-377b8749b8f9,5,daily_login,2026-08-30,2026-08-30T07:10:00+00:00
7791,b7180518-4b5b-54ef-9060-958212d05ab7,5,daily_login,2026-08-30,2026-08-30T07:11:00+00:00
7792,8ae0340a-8eaf-5e9d-9db0-ac449334023d,5,daily_login,2026-08-30,2026-08-30T07:12:00+00:00
7793,3d016498-e16a-5ad9-95c7-b633dfc6a142,5,daily_login,2026-08-30,2026-08-30T07:13:00+00:00
7794,001e944b-e64e-5742-afb7-5e04327e41ee,5,daily_login,2026-08-30,2026-08-30T07:14:00+00:00
7795,3d5b480d-3962-5c76-96ca-5459d65372aa,5,daily_login,2026-08-30,2026-08-30T07:14:00+00:00
7796,6ecf180b-be59-594c-a33b-31bd0120f01f,5,daily_login,2026-08-30,2026-08-30T07:15:00+00:00
7797,50d6350f-ffd4-59ad-a1ff-65a49a77a913,5,daily_login,2026-08-30,2026-08-30T07:16:00+00:00
7798,64b591cd-4cbe-577a-aba9-ee6912328a58,5,daily_login,2026-08-30,2026-08-30T07:16:00+00:00
7799,9355c2cf-38db-5118-9b77-3d5b5b3870df,5,daily_login,2026-08-30,2026-08-30T07:17:00+00:00
7800,9355c2cf-38db-5118-9b77-3d5b5b3870df,5,streak_week_bonus,2026-08-30,2026-08-30T07:17:00+00:00
7801,96dbbdad-601e-5bc2-9d1a-78f9f6349a39,5,daily_login,2026-08-30,2026-08-30T07:18:00+00:00
7802,64609795-d498-5ea7-ad33-a3bcecf9d962,5,daily_login,2026-08-30,2026-08-30T07:18:00+00:00
7803,e1f9b739-b2d3-51e6-9609-05805a6d151c,5,daily_login,2026-08-30,2026-08-30T07:19:00+00:00
7804,9d1c460b-bd0b-57ff-ac14-f2b10f73edd3,5,daily_login,2026-08-30,2026-08-30T07:19:00+00:00
7805,63fdd1e3-9db3-5b05-9799-510eea6abab7,5,daily_login,2026-08-30,2026-08-30T07:20:00+00:00
7806,9047d24d-0775-5f10-bf17-6e8fc62c5884,5,daily_login,2026-08-30,2026-08-30T07:20:00+00:00
7807,9c9c228f-3bd5-5da4-b666-fbfab93b4b7e,5,daily_login,2026-08-30,2026-08-30T07:21:00+00:00
7808,1b1e4344-fde4-5cc2-b82c-4fb458696522,5,daily_login,2026-08-30,2026-08-30T07:21:00+00:00
7809,4966bb54-4d4f-5992-8586-1bd44991d17f,5,daily_login,2026-08-30,2026-08-30T07:22:00+00:00
7810,44a33563-638c-52da-ae01-285f43dfcb99,5,daily_login,2026-08-30,2026-08-30T07:22:00+00:00
7811,d16e3cdc-2868-563d-867d-62fa9b8b24ea,5,daily_login,2026-08-30,2026-08-30T07:22:00+00:00
7812,3a376c3a-3e46-5c8c-815c-232b66ca9bc8,5,daily_login,2026-08-30,2026-08-30T07:23:00+00:00
7813,02bf8d95-eee4-5287-b363-0551cc4a6d51,5,daily_login,2026-08-30,2026-08-30T07:23:00+00:00
7814,35e87bcc-650c-5e3f-9741-3f0c54905b6f,5,daily_login,2026-08-30,2026-08-30T07:23:00+00:00
7815,88a268b0-6bca-5583-b041-ffdbc51be7e6,5,daily_login,2026-08-30,2026-08-30T07:24:00+00:00
7816,58074159-53d7-5a52-8436-d84a05af35a9,5,daily_login,2026-08-30,2026-08-30T07:24:00+00:00
7817,58074159-53d7-5a52-8436-d84a05af35a9,5,streak_week_bonus,2026-08-30,2026-08-30T07:24:00+00:00
7818,61347d09-09eb-5f04-a4ec-fe830319799f,5,daily_login,2026-08-30,2026-08-30T07:24:00+00:00
7819,a2cc3818-be31-5aeb-828c-e23f579431aa,5,daily_login,2026-08-30,2026-08-30T07:25:00+00:00
7820,1bf86e3f-0e6e-5241-b319-71005237945f,5,daily_login,2026-08-30,2026-08-30T07:25:00+00:00
7821,4307ee18-2e16-50be-abbc-db160bb8e8fd,5,daily_login,2026-08-30,2026-08-30T07:26:00+00:00
7822,d0c58825-6ead-50f6-9a07-f2f95dbb51ea,5,daily_login,2026-08-30,2026-08-30T07:27:00+00:00
7823,d0c58825-6ead-50f6-9a07-f2f95dbb51ea,5,streak_week_bonus,2026-08-30,2026-08-30T07:27:00+00:00
7824,2e2e8079-6c9e-51c9-bc7e-1475045fd514,5,daily_login,2026-08-30,2026-08-30T07:27:00+00:00
7825,f3744506-cae3-5f81-8a4f-506a60395be8,5,daily_login,2026-08-30,2026-08-30T07:28:00+00:00
7826,673e8617-3280-5bfa-85a6-738a6d64aac6,5,daily_login,2026-08-30,2026-08-30T07:28:00+00:00
7827,e7dd6cb0-626e-510a-9e98-0498c534b04d,5,daily_login,2026-08-30,2026-08-30T07:28:00+00:00
7828,774fd1d7-ca6b-5177-9d91-fc7b24739425,5,daily_login,2026-08-30,2026-08-30T07:30:00+00:00
7829,54561bf4-fe37-5b37-934d-9c7f81542f8b,5,daily_login,2026-08-30,2026-08-30T07:30:00+00:00
7830,54561bf4-fe37-5b37-934d-9c7f81542f8b,5,streak_week_bonus,2026-08-30,2026-08-30T07:30:00+00:00
7831,54561bf4-fe37-5b37-934d-9c7f81542f8b,200,streak_7,badge,2026-08-30T07:30:00+00:00
7832,facb4557-eabe-5f8b-89cc-f223b91c89b7,5,daily_login,2026-08-30,2026-08-30T07:30:00+00:00
7833,a53c485b-a35c-51fb-84a5-364207ce0adb,15,task_complete,task:301,2026-08-30T07:30:00+00:00
7834,082b47e7-5a06-5a34-bd49-595c82b2b196,5,daily_login,2026-08-30,2026-08-30T07:31:00+00:00
7835,10feece1-a2cd-532b-8488-21659a3bee22,5,daily_login,2026-08-30,2026-08-30T07:31:00+00:00
7836,82a5c89c-0b3a-58b9-9259-837a5348a5c2,5,daily_login,2026-08-30,2026-08-30T07:31:00+00:00
7837,44f09dba-7a20-5f46-840b-4670e6c7eb92,5,daily_login,2026-08-30,2026-08-30T07:33:00+00:00
7838,88820056-e901-59a1-b2ca-c4e813b34f7b,5,daily_login,2026-08-30,2026-08-30T07:33:00+00:00
7839,19e81afb-74c1-5b4a-9af3-469f3b610235,5,daily_login,2026-08-30,2026-08-30T07:34:00+00:00
7840,a0a53b38-722a-56e6-a52c-fe0e06169a59,5,daily_login,2026-08-30,2026-08-30T07:34:00+00:00
7841,a0a53b38-722a-56e6-a52c-fe0e06169a59,5,streak_week_bonus,2026-08-30,2026-08-30T07:34:00+00:00
7842,6720265f-9f2b-5485-bf24-54e1784991b6,5,daily_login,2026-08-30,2026-08-30T07:34:00+00:00
7843,01c00e49-c4d6-5d4b-bbc1-8aa3fe21ba2a,5,daily_login,2026-08-30,2026-08-30T07:34:00+00:00
7844,5d857806-7d61-533b-bc12-af2d7b775d29,5,daily_login,2026-08-30,2026-08-30T07:35:00+00:00
7845,d48cab4b-e48b-59ae-88d6-41d5d463569d,5,daily_login,2026-08-30,2026-08-30T07:35:00+00:00
7846,fbdfefdb-ca2d-5a0e-87ed-62021c1c11d4,5,daily_login,2026-08-30,2026-08-30T07:35:00+00:00
7847,8ecc0792-3789-53b2-a26e-fc6daa886eb7,5,daily_login,2026-08-30,2026-08-30T07:36:00+00:00
7848,4cf03b5a-e2ca-57f2-95b8-16a3b92247e6,5,daily_login,2026-08-30,2026-08-30T07:37:00+00:00
7849,5ce94e6e-a987-5fd1-90b2-94a1174f9376,5,daily_login,2026-08-30,2026-08-30T07:37:00+00:00
7850,6988340a-a3c1-5fda-a996-711f1723c649,5,daily_login,2026-08-30,2026-08-30T07:37:00+00:00
7851,eb397f92-99ac-5f0f-8f81-3540865f0477,5,daily_login,2026-08-30,2026-08-30T07:38:00+00:00
7852,ec6d706d-7dba-534b-8700-e6752dbd06e1,5,daily_login,2026-08-30,2026-08-30T07:38:00+00:00
7853,bdc5faf6-386d-5338-99a0-32d156bcbd68,5,daily_login,2026-08-30,2026-08-30T07:38:00+00:00
7854,d767d4bb-a2aa-587a-90f9-23d0689ae52a,5,daily_login,2026-08-30,2026-08-30T07:40:00+00:00
7855,fb400c3e-ecd0-522e-8b8e-1323946be71a,5,daily_login,2026-08-30,2026-08-30T07:40:00+00:00
7856,33d87513-60c2-51ff-9ec5-f0f1389ed27e,5,daily_login,2026-08-30,2026-08-30T07:42:00+00:00
7857,3b932376-f549-5a1c-a24b-664b4bc338e3,5,daily_login,2026-08-30,2026-08-30T07:43:00+00:00
7858,36016ab9-3cc9-5f6a-8bc7-1d138ad9cb43,5,daily_login,2026-08-30,2026-08-30T07:44:00+00:00
7859,a5526e82-ef69-522b-b3ad-df818658bde0,5,daily_login,2026-08-30,2026-08-30T07:44:00+00:00
7860,405fd522-6b0d-52fc-b397-dc3ce2e4a2ea,5,daily_login,2026-08-30,2026-08-30T07:44:00+00:00
7861,405fd522-6b0d-52fc-b397-dc3ce2e4a2ea,5,streak_week_bonus,2026-08-30,2026-08-30T07:44:00+00:00
7862,e137404e-9196-525c-b17a-44dc96d29f29,5,daily_login,2026-08-30,2026-08-30T07:44:00+00:00
7863,6ab0c42d-0ad5-5b3d-9c6c-4ab9eaa47586,5,daily_login,2026-08-30,2026-08-30T07:45:00+00:00
7864,ae7ac442-d880-5cd8-bc30-8d21c5f7dc54,5,daily_login,2026-08-30,2026-08-30T07:45:00+00:00
7865,d2a70bca-a25c-522f-9b7e-c967b69503cc,5,daily_login,2026-08-30,2026-08-30T07:45:00+00:00
7866,d2a70bca-a25c-522f-9b7e-c967b69503cc,5,streak_week_bonus,2026-08-30,2026-08-30T07:45:00+00:00
7867,d2a70bca-a25c-522f-9b7e-c967b69503cc,200,streak_7,badge,2026-08-30T07:45:00+00:00
7868,d2a70bca-a25c-522f-9b7e-c967b69503cc,200,level_5,badge,2026-08-30T07:45:00+00:00
7869,3bc3e38a-5ff7-5330-ab2d-8add18e85d57,5,daily_login,2026-08-30,2026-08-30T07:45:00+00:00
7870,5ccdaadc-80b2-50e1-a0c1-bad0246a7cf2,5,daily_login,2026-08-30,2026-08-30T07:46:00+00:00
7871,88a268b0-6bca-5583-b041-ffdbc51be7e6,15,task_complete,task:290,2026-08-30T19:30:00+00:00
7872,4ec67eb8-4fda-5cbc-bbd1-a6afc7ce8130,15,task_complete,task:322,2026-08-30T19:30:00+00:00
7873,4ec67eb8-4fda-5cbc-bbd1-a6afc7ce8130,60,milestone_complete,milestone:187,2026-08-30T19:30:00+00:00
7874,b7180518-4b5b-54ef-9060-958212d05ab7,150,first_milestone,badge,2026-08-30T19:30:00+00:00
7875,a60d0128-bffa-5d2d-9915-36693e6bc3ba,60,milestone_complete,milestone:149,2026-08-31T02:30:00+00:00
7876,e747fee0-a84b-5f51-98a3-7481903c9023,300,project_completed,badge,2026-08-31T02:30:00+00:00
7877,e747fee0-a84b-5f51-98a3-7481903c9023,200,level_5,badge,2026-08-31T02:30:00+00:00
7878,508d03e7-de84-523a-8242-f48abc9451d7,300,project_completed,badge,2026-08-31T02:30:00+00:00
7879,bf54d417-d834-5d3e-a7f9-106377fe05a5,300,project_completed,badge,2026-08-31T02:30:00+00:00
7880,bf54d417-d834-5d3e-a7f9-106377fe05a5,200,level_5,badge,2026-08-31T02:30:00+00:00
7881,484e243b-afd7-5767-bb0f-4262c0334aea,300,project_completed,badge,2026-08-31T02:30:00+00:00
7882,50d6350f-ffd4-59ad-a1ff-65a49a77a913,300,project_completed,badge,2026-08-31T02:30:00+00:00
7883,9cba29b2-e169-54f3-9d61-1d5013f80312,300,project_completed,badge,2026-08-31T02:30:00+00:00
7884,e747fee0-a84b-5f51-98a3-7481903c9023,60,milestone_complete,milestone:156,2026-08-31T02:30:00+00:00
7885,e747fee0-a84b-5f51-98a3-7481903c9023,60,milestone_complete,milestone:249,2026-08-31T02:30:00+00:00
7886,cd8c4c60-ab9b-5cf3-996e-d4fbb990f4c6,15,task_complete,task:503,2026-08-31T04:30:00+00:00
7887,b39a9d3d-f3eb-5d31-9cc7-15e278969b70,15,task_complete,task:170,2026-08-31T06:30:00+00:00
7888,d9fbcbde-376a-5f82-9fb5-268a24b02d57,5,daily_login,2026-08-31,2026-08-31T07:10:00+00:00
7889,f2561442-8439-5138-9a3b-8bcf96f16609,5,daily_login,2026-08-31,2026-08-31T07:10:00+00:00
7890,af808cd8-ab34-515f-a8a0-a1b0719a537b,5,daily_login,2026-08-31,2026-08-31T07:10:00+00:00
7891,37b7aed3-d207-54f7-b4ec-0e05c50eaeb2,5,daily_login,2026-08-31,2026-08-31T07:11:00+00:00
7892,0da68170-ff38-5dad-9224-770d261f1c8a,5,daily_login,2026-08-31,2026-08-31T07:11:00+00:00
7893,cd8c4c60-ab9b-5cf3-996e-d4fbb990f4c6,5,daily_login,2026-08-31,2026-08-31T07:12:00+00:00
7894,3d5b480d-3962-5c76-96ca-5459d65372aa,5,daily_login,2026-08-31,2026-08-31T07:14:00+00:00
7895,3d5b480d-3962-5c76-96ca-5459d65372aa,5,streak_week_bonus,2026-08-31,2026-08-31T07:14:00+00:00
7896,90cced0e-f2c7-528c-bd28-38c44ead6c98,5,daily_login,2026-08-31,2026-08-31T07:15:00+00:00
7897,6ecf180b-be59-594c-a33b-31bd0120f01f,5,daily_login,2026-08-31,2026-08-31T07:15:00+00:00
7898,50d6350f-ffd4-59ad-a1ff-65a49a77a913,5,daily_login,2026-08-31,2026-08-31T07:16:00+00:00
7899,50d6350f-ffd4-59ad-a1ff-65a49a77a913,5,streak_week_bonus,2026-08-31,2026-08-31T07:16:00+00:00
7900,64b591cd-4cbe-577a-aba9-ee6912328a58,5,daily_login,2026-08-31,2026-08-31T07:16:00+00:00
7901,693ebb02-ab3f-5d60-b798-d4d4df4900d2,5,daily_login,2026-08-31,2026-08-31T07:16:00+00:00
7902,9355c2cf-38db-5118-9b77-3d5b5b3870df,5,daily_login,2026-08-31,2026-08-31T07:17:00+00:00
7903,64609795-d498-5ea7-ad33-a3bcecf9d962,5,daily_login,2026-08-31,2026-08-31T07:18:00+00:00
7904,63fdd1e3-9db3-5b05-9799-510eea6abab7,5,daily_login,2026-08-31,2026-08-31T07:20:00+00:00
7905,9c9c228f-3bd5-5da4-b666-fbfab93b4b7e,5,daily_login,2026-08-31,2026-08-31T07:21:00+00:00
7906,7bdf8ad6-1318-5f74-9112-e2b655e215a2,5,daily_login,2026-08-31,2026-08-31T07:21:00+00:00
7907,4ec67eb8-4fda-5cbc-bbd1-a6afc7ce8130,5,daily_login,2026-08-31,2026-08-31T07:21:00+00:00
7908,44a33563-638c-52da-ae01-285f43dfcb99,5,daily_login,2026-08-31,2026-08-31T07:22:00+00:00
7909,d16e3cdc-2868-563d-867d-62fa9b8b24ea,5,daily_login,2026-08-31,2026-08-31T07:22:00+00:00
7910,d5dc7189-89df-5fd7-983f-1124b6de3d68,5,daily_login,2026-08-31,2026-08-31T07:23:00+00:00
7911,02bf8d95-eee4-5287-b363-0551cc4a6d51,5,daily_login,2026-08-31,2026-08-31T07:23:00+00:00
7912,ae96d203-7a11-52ed-9e02-cd93c3dda603,5,daily_login,2026-08-31,2026-08-31T07:24:00+00:00
7913,58074159-53d7-5a52-8436-d84a05af35a9,5,daily_login,2026-08-31,2026-08-31T07:24:00+00:00
7914,61347d09-09eb-5f04-a4ec-fe830319799f,5,daily_login,2026-08-31,2026-08-31T07:24:00+00:00
7915,a2cc3818-be31-5aeb-828c-e23f579431aa,5,daily_login,2026-08-31,2026-08-31T07:25:00+00:00
7916,53f78f7e-e2df-586b-b483-5748c92d0f9f,5,daily_login,2026-08-31,2026-08-31T07:25:00+00:00
7917,baa8ef70-5b01-5a49-84cb-71c353290705,5,daily_login,2026-08-31,2026-08-31T07:26:00+00:00
7918,20b4182c-90f7-51da-99e8-97ade4d19a92,5,daily_login,2026-08-31,2026-08-31T07:26:00+00:00
7919,e502b694-466f-5e1f-9293-146b264ae20c,5,daily_login,2026-08-31,2026-08-31T07:27:00+00:00
7920,d0c58825-6ead-50f6-9a07-f2f95dbb51ea,5,daily_login,2026-08-31,2026-08-31T07:27:00+00:00
7921,2e2e8079-6c9e-51c9-bc7e-1475045fd514,5,daily_login,2026-08-31,2026-08-31T07:27:00+00:00
7922,2e2e8079-6c9e-51c9-bc7e-1475045fd514,5,streak_week_bonus,2026-08-31,2026-08-31T07:27:00+00:00
7923,673e8617-3280-5bfa-85a6-738a6d64aac6,5,daily_login,2026-08-31,2026-08-31T07:28:00+00:00
7924,5532dec3-02ae-5ac3-8b57-2e8214a8598b,5,daily_login,2026-08-31,2026-08-31T07:29:00+00:00
7925,96373821-4bf4-53b8-bd24-bb64bbb3b84e,5,daily_login,2026-08-31,2026-08-31T07:30:00+00:00
7926,54561bf4-fe37-5b37-934d-9c7f81542f8b,5,daily_login,2026-08-31,2026-08-31T07:30:00+00:00
7927,d16e3cdc-2868-563d-867d-62fa9b8b24ea,15,task_complete,task:281,2026-08-31T07:30:00+00:00
7928,d16e3cdc-2868-563d-867d-62fa9b8b24ea,100,first_task,badge,2026-08-31T07:30:00+00:00
7929,0947c4b9-50d6-50e2-9043-84a15b80e8c7,15,task_complete,task:396,2026-08-31T07:30:00+00:00
7930,ee289908-380a-5bb3-8fdc-0990b203929b,5,daily_login,2026-08-31,2026-08-31T07:32:00+00:00
7931,95927b04-f214-5c26-878d-fb55176e41bc,5,daily_login,2026-08-31,2026-08-31T07:32:00+00:00
7932,1062abbb-4fcd-51a9-95fc-5474e4af7640,5,daily_login,2026-08-31,2026-08-31T07:32:00+00:00
7933,84047d01-74e6-5a08-a20e-b5c25e3eff3e,5,daily_login,2026-08-31,2026-08-31T07:33:00+00:00
7934,a0a53b38-722a-56e6-a52c-fe0e06169a59,5,daily_login,2026-08-31,2026-08-31T07:34:00+00:00
7935,01c00e49-c4d6-5d4b-bbc1-8aa3fe21ba2a,5,daily_login,2026-08-31,2026-08-31T07:34:00+00:00
7936,9a026691-28ff-5880-9da3-006735af19d3,5,daily_login,2026-08-31,2026-08-31T07:35:00+00:00
7937,fbdfefdb-ca2d-5a0e-87ed-62021c1c11d4,5,daily_login,2026-08-31,2026-08-31T07:35:00+00:00
7938,7e6a1243-34f5-52e6-862f-e5f3b2ebe640,5,daily_login,2026-08-31,2026-08-31T07:36:00+00:00
7939,8ecc0792-3789-53b2-a26e-fc6daa886eb7,5,daily_login,2026-08-31,2026-08-31T07:36:00+00:00
7940,9edec740-5de6-5c27-8233-5cf72946b182,5,daily_login,2026-08-31,2026-08-31T07:36:00+00:00
7941,4cf03b5a-e2ca-57f2-95b8-16a3b92247e6,5,daily_login,2026-08-31,2026-08-31T07:37:00+00:00
7942,4cf03b5a-e2ca-57f2-95b8-16a3b92247e6,5,streak_week_bonus,2026-08-31,2026-08-31T07:37:00+00:00
7943,5ce94e6e-a987-5fd1-90b2-94a1174f9376,5,daily_login,2026-08-31,2026-08-31T07:37:00+00:00
7944,f6e8344b-87f4-5461-93fc-b01ff1ae4265,5,daily_login,2026-08-31,2026-08-31T07:37:00+00:00
7945,6988340a-a3c1-5fda-a996-711f1723c649,5,daily_login,2026-08-31,2026-08-31T07:37:00+00:00
7946,eb397f92-99ac-5f0f-8f81-3540865f0477,5,daily_login,2026-08-31,2026-08-31T07:38:00+00:00
7947,ec6d706d-7dba-534b-8700-e6752dbd06e1,5,daily_login,2026-08-31,2026-08-31T07:38:00+00:00
7948,bdc5faf6-386d-5338-99a0-32d156bcbd68,5,daily_login,2026-08-31,2026-08-31T07:38:00+00:00
7949,eeeb9e89-042f-5fdc-8fcf-2c3ad56f9bf1,5,daily_login,2026-08-31,2026-08-31T07:39:00+00:00
7950,508d03e7-de84-523a-8242-f48abc9451d7,5,daily_login,2026-08-31,2026-08-31T07:39:00+00:00
7951,c6286e16-5e03-594c-aa67-861b8ba91b33,5,daily_login,2026-08-31,2026-08-31T07:39:00+00:00
7952,e21dfd78-ea9f-5754-a3b2-3b3b66dd30b5,5,daily_login,2026-08-31,2026-08-31T07:39:00+00:00
7953,7b48b183-5d87-500f-9cec-2e003c19efac,5,daily_login,2026-08-31,2026-08-31T07:40:00+00:00
7954,bb4b0d34-59a4-5948-a9be-a1aa6caece55,5,daily_login,2026-08-31,2026-08-31T07:40:00+00:00
7955,e5b7ccce-2cb7-5b6e-95a5-32ffacbca87f,5,daily_login,2026-08-31,2026-08-31T07:42:00+00:00
7956,daa36188-60fd-56a2-938b-70b1b51084b0,5,daily_login,2026-08-31,2026-08-31T07:43:00+00:00
7957,dfe9e449-d177-56af-a679-d3e1c78c5c02,5,daily_login,2026-08-31,2026-08-31T07:43:00+00:00
7958,405fd522-6b0d-52fc-b397-dc3ce2e4a2ea,5,daily_login,2026-08-31,2026-08-31T07:44:00+00:00
7959,e137404e-9196-525c-b17a-44dc96d29f29,5,daily_login,2026-08-31,2026-08-31T07:44:00+00:00
7960,6ab0c42d-0ad5-5b3d-9c6c-4ab9eaa47586,5,daily_login,2026-08-31,2026-08-31T07:45:00+00:00
7961,d2a70bca-a25c-522f-9b7e-c967b69503cc,5,daily_login,2026-08-31,2026-08-31T07:45:00+00:00
7962,6ac5a7a4-ae0d-5e31-8a7c-d85b63a96c46,5,daily_login,2026-08-31,2026-08-31T07:45:00+00:00
7963,5ccdaadc-80b2-50e1-a0c1-bad0246a7cf2,5,daily_login,2026-08-31,2026-08-31T07:46:00+00:00
7964,b39a9d3d-f3eb-5d31-9cc7-15e278969b70,5,daily_login,2026-08-31,2026-08-31T07:46:00+00:00
7965,cac67f41-f5af-5268-9e2d-34feac0dc9fa,5,daily_login,2026-08-31,2026-08-31T07:46:00+00:00
7966,25797954-b022-582e-8349-e1e2c141368c,15,task_complete,task:402,2026-08-31T08:30:00+00:00
7967,25797954-b022-582e-8349-e1e2c141368c,100,first_task,badge,2026-08-31T08:30:00+00:00
7968,53f78f7e-e2df-586b-b483-5748c92d0f9f,15,task_complete,task:257,2026-08-31T20:30:00+00:00
7969,53f78f7e-e2df-586b-b483-5748c92d0f9f,60,milestone_complete,milestone:163,2026-08-31T20:30:00+00:00
7970,53f78f7e-e2df-586b-b483-5748c92d0f9f,200,level_5,badge,2026-08-31T20:30:00+00:00
7971,54561bf4-fe37-5b37-934d-9c7f81542f8b,15,task_complete,task:291,2026-08-31T20:30:00+00:00
7972,88a268b0-6bca-5583-b041-ffdbc51be7e6,15,task_complete,task:323,2026-08-31T20:30:00+00:00
7973,61347d09-09eb-5f04-a4ec-fe830319799f,15,task_complete,task:444,2026-08-31T20:30:00+00:00
7974,651ce25b-8132-52d9-8f74-889f22c3bb5c,75,project_create,project:131,2026-08-31T21:30:00+00:00
7975,651ce25b-8132-52d9-8f74-889f22c3bb5c,100,first_project,badge,2026-08-31T21:30:00+00:00
7976,3a376c3a-3e46-5c8c-815c-232b66ca9bc8,40,project_join,project_join:131,2026-09-01T01:30:00+00:00
7977,3a376c3a-3e46-5c8c-815c-232b66ca9bc8,100,first_project,badge,2026-09-01T01:30:00+00:00
7978,3d5b480d-3962-5c76-96ca-5459d65372aa,300,project_completed,badge,2026-09-01T02:30:00+00:00
7979,06657aeb-b604-5b0d-9281-d2e5afb78a9d,300,project_completed,badge,2026-09-01T02:30:00+00:00
7980,06657aeb-b604-5b0d-9281-d2e5afb78a9d,200,level_5,badge,2026-09-01T02:30:00+00:00
7981,51420309-4688-52d6-84b9-51c0dc3a900e,300,project_completed,badge,2026-09-01T02:30:00+00:00
7982,51420309-4688-52d6-84b9-51c0dc3a900e,200,level_5,badge,2026-09-01T02:30:00+00:00
7983,da462241-608b-5422-bdbd-0d98184a433d,300,project_completed,badge,2026-09-01T02:30:00+00:00
7984,3d5b480d-3962-5c76-96ca-5459d65372aa,60,milestone_complete,milestone:272,2026-09-01T02:30:00+00:00
7985,a60d0128-bffa-5d2d-9915-36693e6bc3ba,15,task_complete,task:222,2026-09-01T03:30:00+00:00
7986,eb3717c1-cd92-5eeb-af40-9df7f3132426,15,task_complete,task:485,2026-09-01T03:30:00+00:00
7987,b39a9d3d-f3eb-5d31-9cc7-15e278969b70,20,thread_create,thread:117,2026-09-01T06:30:00+00:00
7988,b39a9d3d-f3eb-5d31-9cc7-15e278969b70,150,first_thread,badge,2026-09-01T06:30:00+00:00
7989,d9fbcbde-376a-5f82-9fb5-268a24b02d57,5,daily_login,2026-09-01,2026-09-01T07:10:00+00:00
7990,f2561442-8439-5138-9a3b-8bcf96f16609,5,daily_login,2026-09-01,2026-09-01T07:10:00+00:00
7991,610e9654-06d6-5e55-959b-377b8749b8f9,5,daily_login,2026-09-01,2026-09-01T07:10:00+00:00
7992,0da68170-ff38-5dad-9224-770d261f1c8a,5,daily_login,2026-09-01,2026-09-01T07:11:00+00:00
7993,50de23a6-cd45-55ac-adb0-06d14b4ed8ce,5,daily_login,2026-09-01,2026-09-01T07:12:00+00:00
7994,3d016498-e16a-5ad9-95c7-b633dfc6a142,5,daily_login,2026-09-01,2026-09-01T07:13:00+00:00
7995,3d5b480d-3962-5c76-96ca-5459d65372aa,5,daily_login,2026-09-01,2026-09-01T07:14:00+00:00
7996,1767869f-381f-59b9-acac-01da2d539e40,5,daily_login,2026-09-01,2026-09-01T07:15:00+00:00
7997,90cced0e-f2c7-528c-bd28-38c44ead6c98,5,daily_login,2026-09-01,2026-09-01T07:15:00+00:00
7998,50d6350f-ffd4-59ad-a1ff-65a49a77a913,5,daily_login,2026-09-01,2026-09-01T07:16:00+00:00
7999,64b591cd-4cbe-577a-aba9-ee6912328a58,5,daily_login,2026-09-01,2026-09-01T07:16:00+00:00
8000,1bc15434-bc22-56cc-a890-336efd2a11e5,5,daily_login,2026-09-01,2026-09-01T07:17:00+00:00
8001,9355c2cf-38db-5118-9b77-3d5b5b3870df,5,daily_login,2026-09-01,2026-09-01T07:17:00+00:00
8002,096499d2-73d6-5063-9dd4-a7c1aebac61d,5,daily_login,2026-09-01,2026-09-01T07:17:00+00:00
8003,96dbbdad-601e-5bc2-9d1a-78f9f6349a39,5,daily_login,2026-09-01,2026-09-01T07:18:00+00:00
8004,5a4b137d-2ebb-5c75-8cdd-bf77406b4b9f,5,daily_login,2026-09-01,2026-09-01T07:19:00+00:00
8005,43a3bb15-e7a6-5c42-a198-3e0d7f080ba1,5,daily_login,2026-09-01,2026-09-01T07:20:00+00:00
8006,9047d24d-0775-5f10-bf17-6e8fc62c5884,5,daily_login,2026-09-01,2026-09-01T07:20:00+00:00
8007,9c9c228f-3bd5-5da4-b666-fbfab93b4b7e,5,daily_login,2026-09-01,2026-09-01T07:21:00+00:00
8008,7bdf8ad6-1318-5f74-9112-e2b655e215a2,5,daily_login,2026-09-01,2026-09-01T07:21:00+00:00
8009,1b1e4344-fde4-5cc2-b82c-4fb458696522,5,daily_login,2026-09-01,2026-09-01T07:21:00+00:00
8010,85df6dcd-e42a-581f-802b-eb93568b74eb,5,daily_login,2026-09-01,2026-09-01T07:21:00+00:00
8011,4966bb54-4d4f-5992-8586-1bd44991d17f,5,daily_login,2026-09-01,2026-09-01T07:22:00+00:00
8012,8819cb55-67e6-5a55-98c8-d80446975a9e,5,daily_login,2026-09-01,2026-09-01T07:22:00+00:00
8013,4c310820-12d3-5128-9a45-973db446b59e,5,daily_login,2026-09-01,2026-09-01T07:23:00+00:00
8014,d5dc7189-89df-5fd7-983f-1124b6de3d68,5,daily_login,2026-09-01,2026-09-01T07:23:00+00:00
8015,02bf8d95-eee4-5287-b363-0551cc4a6d51,5,daily_login,2026-09-01,2026-09-01T07:23:00+00:00
8016,35e87bcc-650c-5e3f-9741-3f0c54905b6f,5,daily_login,2026-09-01,2026-09-01T07:23:00+00:00
8017,ae96d203-7a11-52ed-9e02-cd93c3dda603,5,daily_login,2026-09-01,2026-09-01T07:24:00+00:00
8018,ffe47fd1-7989-5728-addd-50b504edd889,5,daily_login,2026-09-01,2026-09-01T07:24:00+00:00
8019,58074159-53d7-5a52-8436-d84a05af35a9,5,daily_login,2026-09-01,2026-09-01T07:24:00+00:00
8020,a2cc3818-be31-5aeb-828c-e23f579431aa,5,daily_login,2026-09-01,2026-09-01T07:25:00+00:00
8021,e502b694-466f-5e1f-9293-146b264ae20c,5,daily_login,2026-09-01,2026-09-01T07:27:00+00:00
8022,d0c58825-6ead-50f6-9a07-f2f95dbb51ea,5,daily_login,2026-09-01,2026-09-01T07:27:00+00:00
8023,2e2e8079-6c9e-51c9-bc7e-1475045fd514,5,daily_login,2026-09-01,2026-09-01T07:27:00+00:00
8024,774fd1d7-ca6b-5177-9d91-fc7b24739425,5,daily_login,2026-09-01,2026-09-01T07:30:00+00:00
8025,878bb7d9-5569-5efb-bbd1-5e39d62d594d,15,task_complete,task:171,2026-09-01T07:30:00+00:00
8026,45cee65b-db52-5dff-b09d-0ee1ac2be20f,5,daily_login,2026-09-01,2026-09-01T07:31:00+00:00
8027,f8f213c7-3d61-567e-9735-5e3e9498b892,5,daily_login,2026-09-01,2026-09-01T07:31:00+00:00
8028,ee289908-380a-5bb3-8fdc-0990b203929b,5,daily_login,2026-09-01,2026-09-01T07:32:00+00:00
8029,95927b04-f214-5c26-878d-fb55176e41bc,5,daily_login,2026-09-01,2026-09-01T07:32:00+00:00
8030,1062abbb-4fcd-51a9-95fc-5474e4af7640,5,daily_login,2026-09-01,2026-09-01T07:32:00+00:00
8031,729fe171-fa0d-547e-b374-39bd19f4c645,5,daily_login,2026-09-01,2026-09-01T07:32:00+00:00
8032,44f09dba-7a20-5f46-840b-4670e6c7eb92,5,daily_login,2026-09-01,2026-09-01T07:33:00+00:00
8033,88820056-e901-59a1-b2ca-c4e813b34f7b,5,daily_login,2026-09-01,2026-09-01T07:33:00+00:00
8034,a0a53b38-722a-56e6-a52c-fe0e06169a59,5,daily_login,2026-09-01,2026-09-01T07:34:00+00:00
8035,6720265f-9f2b-5485-bf24-54e1784991b6,5,daily_login,2026-09-01,2026-09-01T07:34:00+00:00
8036,01c00e49-c4d6-5d4b-bbc1-8aa3fe21ba2a,5,daily_login,2026-09-01,2026-09-01T07:34:00+00:00
8037,9a026691-28ff-5880-9da3-006735af19d3,5,daily_login,2026-09-01,2026-09-01T07:35:00+00:00
8038,fbdfefdb-ca2d-5a0e-87ed-62021c1c11d4,5,daily_login,2026-09-01,2026-09-01T07:35:00+00:00
8039,5421f79d-ed60-5eed-852b-01b379adab9e,5,daily_login,2026-09-01,2026-09-01T07:36:00+00:00
8040,4cf03b5a-e2ca-57f2-95b8-16a3b92247e6,5,daily_login,2026-09-01,2026-09-01T07:37:00+00:00
8041,5ce94e6e-a987-5fd1-90b2-94a1174f9376,5,daily_login,2026-09-01,2026-09-01T07:37:00+00:00
8042,6988340a-a3c1-5fda-a996-711f1723c649,5,daily_login,2026-09-01,2026-09-01T07:37:00+00:00
8043,eb397f92-99ac-5f0f-8f81-3540865f0477,5,daily_login,2026-09-01,2026-09-01T07:38:00+00:00
8044,ec6d706d-7dba-534b-8700-e6752dbd06e1,5,daily_login,2026-09-01,2026-09-01T07:38:00+00:00
8045,302b84f9-9053-5cf7-bed0-305678227875,5,daily_login,2026-09-01,2026-09-01T07:39:00+00:00
8046,25797954-b022-582e-8349-e1e2c141368c,5,daily_login,2026-09-01,2026-09-01T07:39:00+00:00
8047,eeeb9e89-042f-5fdc-8fcf-2c3ad56f9bf1,5,daily_login,2026-09-01,2026-09-01T07:39:00+00:00
8048,508d03e7-de84-523a-8242-f48abc9451d7,5,daily_login,2026-09-01,2026-09-01T07:39:00+00:00
8049,c6286e16-5e03-594c-aa67-861b8ba91b33,5,daily_login,2026-09-01,2026-09-01T07:39:00+00:00
8050,bb4b0d34-59a4-5948-a9be-a1aa6caece55,5,daily_login,2026-09-01,2026-09-01T07:40:00+00:00
8051,51420309-4688-52d6-84b9-51c0dc3a900e,5,daily_login,2026-09-01,2026-09-01T07:40:00+00:00
8052,fb400c3e-ecd0-522e-8b8e-1323946be71a,5,daily_login,2026-09-01,2026-09-01T07:40:00+00:00
8053,96ccee9a-30f2-56cd-b597-a927c84e0f75,5,daily_login,2026-09-01,2026-09-01T07:41:00+00:00
8054,33ba5d16-c38c-5bcf-9896-ea8ae81d6e7b,5,daily_login,2026-09-01,2026-09-01T07:41:00+00:00
8055,373cd20e-25d5-5a46-a0ae-18157cf68a55,5,daily_login,2026-09-01,2026-09-01T07:41:00+00:00
8056,e5b7ccce-2cb7-5b6e-95a5-32ffacbca87f,5,daily_login,2026-09-01,2026-09-01T07:42:00+00:00
8057,77c684c4-9514-5edc-85ff-1052c8544c14,5,daily_login,2026-09-01,2026-09-01T07:42:00+00:00
8058,dfe9e449-d177-56af-a679-d3e1c78c5c02,5,daily_login,2026-09-01,2026-09-01T07:43:00+00:00
8059,3b932376-f549-5a1c-a24b-664b4bc338e3,5,daily_login,2026-09-01,2026-09-01T07:43:00+00:00
8060,36016ab9-3cc9-5f6a-8bc7-1d138ad9cb43,5,daily_login,2026-09-01,2026-09-01T07:44:00+00:00
8061,405fd522-6b0d-52fc-b397-dc3ce2e4a2ea,5,daily_login,2026-09-01,2026-09-01T07:44:00+00:00
8062,e137404e-9196-525c-b17a-44dc96d29f29,5,daily_login,2026-09-01,2026-09-01T07:44:00+00:00
8063,6ab0c42d-0ad5-5b3d-9c6c-4ab9eaa47586,5,daily_login,2026-09-01,2026-09-01T07:45:00+00:00
8064,d2a70bca-a25c-522f-9b7e-c967b69503cc,5,daily_login,2026-09-01,2026-09-01T07:45:00+00:00
8065,6690668c-e73d-51ff-9ca4-36bec9b8c175,5,daily_login,2026-09-01,2026-09-01T07:46:00+00:00
8066,b39a9d3d-f3eb-5d31-9cc7-15e278969b70,5,daily_login,2026-09-01,2026-09-01T07:46:00+00:00
8067,61347d09-09eb-5f04-a4ec-fe830319799f,15,task_complete,task:258,2026-09-01T21:30:00+00:00
8068,96ccee9a-30f2-56cd-b597-a927c84e0f75,15,task_complete,task:292,2026-09-01T21:30:00+00:00
8069,96ccee9a-30f2-56cd-b597-a927c84e0f75,15,task_complete,task:445,2026-09-01T21:30:00+00:00
8070,a6b8342c-310b-5b88-9c07-602dbd646488,20,thread_create,thread:171,2026-09-02T02:30:00+00:00
8071,a6b8342c-310b-5b88-9c07-602dbd646488,150,first_thread,badge,2026-09-02T02:30:00+00:00
8072,a60d0128-bffa-5d2d-9915-36693e6bc3ba,15,task_complete,task:223,2026-09-02T04:30:00+00:00
8073,bf54d417-d834-5d3e-a7f9-106377fe05a5,15,task_complete,task:486,2026-09-02T04:30:00+00:00
8074,d767d4bb-a2aa-587a-90f9-23d0689ae52a,250,helpful_5,badge,2026-09-02T05:00:00+00:00
8075,7298015b-9105-595a-b879-3013c08053f7,250,helpful_5,badge,2026-09-02T06:00:00+00:00
8076,7298015b-9105-595a-b879-3013c08053f7,200,level_5,badge,2026-09-02T06:00:00+00:00
8077,d9fbcbde-376a-5f82-9fb5-268a24b02d57,5,daily_login,2026-09-02,2026-09-02T07:10:00+00:00
8078,610e9654-06d6-5e55-959b-377b8749b8f9,5,daily_login,2026-09-02,2026-09-02T07:10:00+00:00
8079,37b7aed3-d207-54f7-b4ec-0e05c50eaeb2,5,daily_login,2026-09-02,2026-09-02T07:11:00+00:00
8080,b7180518-4b5b-54ef-9060-958212d05ab7,5,daily_login,2026-09-02,2026-09-02T07:11:00+00:00
8081,cd8c4c60-ab9b-5cf3-996e-d4fbb990f4c6,5,daily_login,2026-09-02,2026-09-02T07:12:00+00:00
8082,f21481e8-5bf3-5aa6-a7e0-fe6e26920e28,5,daily_login,2026-09-02,2026-09-02T07:13:00+00:00
8083,ea7edc0e-b64d-545f-b311-b4ee943f2935,5,daily_login,2026-09-02,2026-09-02T07:14:00+00:00
8084,3d5b480d-3962-5c76-96ca-5459d65372aa,5,daily_login,2026-09-02,2026-09-02T07:14:00+00:00
8085,90cced0e-f2c7-528c-bd28-38c44ead6c98,5,daily_login,2026-09-02,2026-09-02T07:15:00+00:00
8086,50d6350f-ffd4-59ad-a1ff-65a49a77a913,5,daily_login,2026-09-02,2026-09-02T07:16:00+00:00
8087,1bc15434-bc22-56cc-a890-336efd2a11e5,5,daily_login,2026-09-02,2026-09-02T07:17:00+00:00
8088,9355c2cf-38db-5118-9b77-3d5b5b3870df,5,daily_login,2026-09-02,2026-09-02T07:17:00+00:00
8089,b7f1d97d-9f3c-5885-b9ef-48d67a16a686,5,daily_login,2026-09-02,2026-09-02T07:17:00+00:00
8090,96dbbdad-601e-5bc2-9d1a-78f9f6349a39,5,daily_login,2026-09-02,2026-09-02T07:18:00+00:00
8091,64609795-d498-5ea7-ad33-a3bcecf9d962,5,daily_login,2026-09-02,2026-09-02T07:18:00+00:00
8092,d3175e63-6121-5d55-b429-df91670d9aca,5,daily_login,2026-09-02,2026-09-02T07:18:00+00:00
8093,cb162f3d-006f-544e-bfa6-f9abb8a52026,5,daily_login,2026-09-02,2026-09-02T07:19:00+00:00
8094,7b359533-e634-59eb-a2c3-b5501ff96488,5,daily_login,2026-09-02,2026-09-02T07:19:00+00:00
8095,b0ebc690-efe0-594f-bd55-e4d7ec3454bc,5,daily_login,2026-09-02,2026-09-02T07:20:00+00:00
8096,43a3bb15-e7a6-5c42-a198-3e0d7f080ba1,5,daily_login,2026-09-02,2026-09-02T07:20:00+00:00
8097,341a0cef-f4a9-53ee-8980-229dc154ff4e,5,daily_login,2026-09-02,2026-09-02T07:20:00+00:00
8098,9047d24d-0775-5f10-bf17-6e8fc62c5884,5,daily_login,2026-09-02,2026-09-02T07:20:00+00:00
8099,9c9c228f-3bd5-5da4-b666-fbfab93b4b7e,5,daily_login,2026-09-02,2026-09-02T07:21:00+00:00
8100,85df6dcd-e42a-581f-802b-eb93568b74eb,5,daily_login,2026-09-02,2026-09-02T07:21:00+00:00
8101,4966bb54-4d4f-5992-8586-1bd44991d17f,5,daily_login,2026-09-02,2026-09-02T07:22:00+00:00
8102,d16e3cdc-2868-563d-867d-62fa9b8b24ea,5,daily_login,2026-09-02,2026-09-02T07:22:00+00:00
8103,4c310820-12d3-5128-9a45-973db446b59e,5,daily_login,2026-09-02,2026-09-02T07:23:00+00:00
8104,d5dc7189-89df-5fd7-983f-1124b6de3d68,5,daily_login,2026-09-02,2026-09-02T07:23:00+00:00
8105,02bf8d95-eee4-5287-b363-0551cc4a6d51,5,daily_login,2026-09-02,2026-09-02T07:23:00+00:00
8106,35e87bcc-650c-5e3f-9741-3f0c54905b6f,5,daily_login,2026-09-02,2026-09-02T07:23:00+00:00
8107,ae96d203-7a11-52ed-9e02-cd93c3dda603,5,daily_login,2026-09-02,2026-09-02T07:24:00+00:00
8108,ffe47fd1-7989-5728-addd-50b504edd889,5,daily_login,2026-09-02,2026-09-02T07:24:00+00:00
8109,58074159-53d7-5a52-8436-d84a05af35a9,5,daily_login,2026-09-02,2026-09-02T07:24:00+00:00
8110,a992f17b-79b6-5dcf-aed4-2aebaa5775c7,5,daily_login,2026-09-02,2026-09-02T07:25:00+00:00
8111,a2cc3818-be31-5aeb-828c-e23f579431aa,5,daily_login,2026-09-02,2026-09-02T07:25:00+00:00
8112,baa8ef70-5b01-5a49-84cb-71c353290705,5,daily_login,2026-09-02,2026-09-02T07:26:00+00:00
8113,d0c58825-6ead-50f6-9a07-f2f95dbb51ea,5,daily_login,2026-09-02,2026-09-02T07:27:00+00:00
8114,2e2e8079-6c9e-51c9-bc7e-1475045fd514,5,daily_login,2026-09-02,2026-09-02T07:27:00+00:00
8115,5c465a9a-bc36-5d7b-b5a2-0f18d9dab68a,5,daily_login,2026-09-02,2026-09-02T07:27:00+00:00
8116,e7c63421-97d2-555e-9731-46cb0f04f637,5,daily_login,2026-09-02,2026-09-02T07:28:00+00:00
8117,0e49007f-82be-5238-a956-37d8f7b40d4c,5,daily_login,2026-09-02,2026-09-02T07:29:00+00:00
8118,774fd1d7-ca6b-5177-9d91-fc7b24739425,5,daily_login,2026-09-02,2026-09-02T07:30:00+00:00
8119,54561bf4-fe37-5b37-934d-9c7f81542f8b,5,daily_login,2026-09-02,2026-09-02T07:30:00+00:00
8120,da462241-608b-5422-bdbd-0d98184a433d,5,daily_login,2026-09-02,2026-09-02T07:30:00+00:00
8121,82a5c89c-0b3a-58b9-9259-837a5348a5c2,5,daily_login,2026-09-02,2026-09-02T07:31:00+00:00
8122,ee289908-380a-5bb3-8fdc-0990b203929b,5,daily_login,2026-09-02,2026-09-02T07:32:00+00:00
8123,95927b04-f214-5c26-878d-fb55176e41bc,5,daily_login,2026-09-02,2026-09-02T07:32:00+00:00
8124,9cba29b2-e169-54f3-9d61-1d5013f80312,5,daily_login,2026-09-02,2026-09-02T07:32:00+00:00
8125,729fe171-fa0d-547e-b374-39bd19f4c645,5,daily_login,2026-09-02,2026-09-02T07:32:00+00:00
8126,88820056-e901-59a1-b2ca-c4e813b34f7b,5,daily_login,2026-09-02,2026-09-02T07:33:00+00:00
8127,19e81afb-74c1-5b4a-9af3-469f3b610235,5,daily_login,2026-09-02,2026-09-02T07:34:00+00:00
8128,a0a53b38-722a-56e6-a52c-fe0e06169a59,5,daily_login,2026-09-02,2026-09-02T07:34:00+00:00
8129,6720265f-9f2b-5485-bf24-54e1784991b6,5,daily_login,2026-09-02,2026-09-02T07:34:00+00:00
8130,fbdfefdb-ca2d-5a0e-87ed-62021c1c11d4,5,daily_login,2026-09-02,2026-09-02T07:35:00+00:00
8131,5421f79d-ed60-5eed-852b-01b379adab9e,5,daily_login,2026-09-02,2026-09-02T07:36:00+00:00
8132,4cf03b5a-e2ca-57f2-95b8-16a3b92247e6,5,daily_login,2026-09-02,2026-09-02T07:37:00+00:00
8133,5ce94e6e-a987-5fd1-90b2-94a1174f9376,5,daily_login,2026-09-02,2026-09-02T07:37:00+00:00
8134,6988340a-a3c1-5fda-a996-711f1723c649,5,daily_login,2026-09-02,2026-09-02T07:37:00+00:00
8135,eb397f92-99ac-5f0f-8f81-3540865f0477,5,daily_login,2026-09-02,2026-09-02T07:38:00+00:00
8136,508d03e7-de84-523a-8242-f48abc9451d7,5,daily_login,2026-09-02,2026-09-02T07:39:00+00:00
8137,d767d4bb-a2aa-587a-90f9-23d0689ae52a,5,daily_login,2026-09-02,2026-09-02T07:40:00+00:00
8138,d767d4bb-a2aa-587a-90f9-23d0689ae52a,25,helpful_comment,comment:335,2026-09-02T07:40:00+00:00
8139,96ccee9a-30f2-56cd-b597-a927c84e0f75,5,daily_login,2026-09-02,2026-09-02T07:41:00+00:00
8140,33ba5d16-c38c-5bcf-9896-ea8ae81d6e7b,5,daily_login,2026-09-02,2026-09-02T07:41:00+00:00
8141,0b532307-3033-5baf-b61c-915d1213c01f,5,daily_login,2026-09-02,2026-09-02T07:41:00+00:00
8142,77c684c4-9514-5edc-85ff-1052c8544c14,5,daily_login,2026-09-02,2026-09-02T07:42:00+00:00
8143,33d87513-60c2-51ff-9ec5-f0f1389ed27e,5,daily_login,2026-09-02,2026-09-02T07:42:00+00:00
8144,b5be680a-732e-55e0-bc5d-b80e831ff33a,5,daily_login,2026-09-02,2026-09-02T07:42:00+00:00
8145,daa36188-60fd-56a2-938b-70b1b51084b0,5,daily_login,2026-09-02,2026-09-02T07:43:00+00:00
8146,36016ab9-3cc9-5f6a-8bc7-1d138ad9cb43,5,daily_login,2026-09-02,2026-09-02T07:44:00+00:00
8147,405fd522-6b0d-52fc-b397-dc3ce2e4a2ea,5,daily_login,2026-09-02,2026-09-02T07:44:00+00:00
8148,e137404e-9196-525c-b17a-44dc96d29f29,5,daily_login,2026-09-02,2026-09-02T07:44:00+00:00
8149,6ab0c42d-0ad5-5b3d-9c6c-4ab9eaa47586,5,daily_login,2026-09-02,2026-09-02T07:45:00+00:00
8150,d2a70bca-a25c-522f-9b7e-c967b69503cc,5,daily_login,2026-09-02,2026-09-02T07:45:00+00:00
8151,6ac5a7a4-ae0d-5e31-8a7c-d85b63a96c46,5,daily_login,2026-09-02,2026-09-02T07:45:00+00:00
8152,5ccdaadc-80b2-50e1-a0c1-bad0246a7cf2,5,daily_login,2026-09-02,2026-09-02T07:46:00+00:00
8153,484e243b-afd7-5767-bb0f-4262c0334aea,15,task_complete,task:172,2026-09-02T08:30:00+00:00
8154,b7f1d97d-9f3c-5885-b9ef-48d67a16a686,15,task_complete,task:259,2026-09-02T22:30:00+00:00
8155,fd96bbd1-5601-5c99-a1e2-04b09168b35e,15,task_complete,task:325,2026-09-02T22:30:00+00:00
8156,fd96bbd1-5601-5c99-a1e2-04b09168b35e,100,first_task,badge,2026-09-02T22:30:00+00:00
8157,88820056-e901-59a1-b2ca-c4e813b34f7b,20,thread_create,thread:164,2026-09-03T00:30:00+00:00
8158,88820056-e901-59a1-b2ca-c4e813b34f7b,150,first_thread,badge,2026-09-03T00:30:00+00:00
8159,6690668c-e73d-51ff-9ca4-36bec9b8c175,300,project_completed,badge,2026-09-03T05:30:00+00:00
8160,6690668c-e73d-51ff-9ca4-36bec9b8c175,200,level_5,badge,2026-09-03T05:30:00+00:00
8161,8300625d-d3f5-5264-8503-98a2bfbf60d8,300,project_completed,badge,2026-09-03T05:30:00+00:00
8162,8300625d-d3f5-5264-8503-98a2bfbf60d8,200,level_5,badge,2026-09-03T05:30:00+00:00
8163,53f78f7e-e2df-586b-b483-5748c92d0f9f,300,project_completed,badge,2026-09-03T05:30:00+00:00
8164,6690668c-e73d-51ff-9ca4-36bec9b8c175,60,milestone_complete,milestone:144,2026-09-03T05:30:00+00:00
8165,a60d0128-bffa-5d2d-9915-36693e6bc3ba,15,task_complete,task:224,2026-09-03T05:30:00+00:00
8166,ae7ac442-d880-5cd8-bc30-8d21c5f7dc54,15,task_complete,task:487,2026-09-03T05:30:00+00:00
8167,ae7ac442-d880-5cd8-bc30-8d21c5f7dc54,100,first_task,badge,2026-09-03T05:30:00+00:00
8168,ae7ac442-d880-5cd8-bc30-8d21c5f7dc54,200,level_5,badge,2026-09-03T05:30:00+00:00
8169,d9fbcbde-376a-5f82-9fb5-268a24b02d57,5,daily_login,2026-09-03,2026-09-03T07:10:00+00:00
8170,af808cd8-ab34-515f-a8a0-a1b0719a537b,5,daily_login,2026-09-03,2026-09-03T07:10:00+00:00
8171,610e9654-06d6-5e55-959b-377b8749b8f9,5,daily_login,2026-09-03,2026-09-03T07:10:00+00:00
8172,f0f4eb8c-a1ed-50a1-bc7d-2863700a31a5,5,daily_login,2026-09-03,2026-09-03T07:11:00+00:00
8173,37b7aed3-d207-54f7-b4ec-0e05c50eaeb2,5,daily_login,2026-09-03,2026-09-03T07:11:00+00:00
8174,3d016498-e16a-5ad9-95c7-b633dfc6a142,5,daily_login,2026-09-03,2026-09-03T07:13:00+00:00
8175,001e944b-e64e-5742-afb7-5e04327e41ee,5,daily_login,2026-09-03,2026-09-03T07:14:00+00:00
8176,ea7edc0e-b64d-545f-b311-b4ee943f2935,5,daily_login,2026-09-03,2026-09-03T07:14:00+00:00
8177,3d5b480d-3962-5c76-96ca-5459d65372aa,5,daily_login,2026-09-03,2026-09-03T07:14:00+00:00
8178,20b63262-d3e6-555a-95b2-84fc87694a19,5,daily_login,2026-09-03,2026-09-03T07:15:00+00:00
8179,50d6350f-ffd4-59ad-a1ff-65a49a77a913,5,daily_login,2026-09-03,2026-09-03T07:16:00+00:00
8180,693ebb02-ab3f-5d60-b798-d4d4df4900d2,5,daily_login,2026-09-03,2026-09-03T07:16:00+00:00
8181,06657aeb-b604-5b0d-9281-d2e5afb78a9d,5,daily_login,2026-09-03,2026-09-03T07:16:00+00:00
8182,9355c2cf-38db-5118-9b77-3d5b5b3870df,5,daily_login,2026-09-03,2026-09-03T07:17:00+00:00
8183,96dbbdad-601e-5bc2-9d1a-78f9f6349a39,5,daily_login,2026-09-03,2026-09-03T07:18:00+00:00
8184,64609795-d498-5ea7-ad33-a3bcecf9d962,5,daily_login,2026-09-03,2026-09-03T07:18:00+00:00
8185,5a4b137d-2ebb-5c75-8cdd-bf77406b4b9f,5,daily_login,2026-09-03,2026-09-03T07:19:00+00:00
8186,63fdd1e3-9db3-5b05-9799-510eea6abab7,5,daily_login,2026-09-03,2026-09-03T07:20:00+00:00
8187,9047d24d-0775-5f10-bf17-6e8fc62c5884,5,daily_login,2026-09-03,2026-09-03T07:20:00+00:00
8188,7bdf8ad6-1318-5f74-9112-e2b655e215a2,5,daily_login,2026-09-03,2026-09-03T07:21:00+00:00
8189,4ec67eb8-4fda-5cbc-bbd1-a6afc7ce8130,5,daily_login,2026-09-03,2026-09-03T07:21:00+00:00
8190,8819cb55-67e6-5a55-98c8-d80446975a9e,5,daily_login,2026-09-03,2026-09-03T07:22:00+00:00
8191,d16e3cdc-2868-563d-867d-62fa9b8b24ea,5,daily_login,2026-09-03,2026-09-03T07:22:00+00:00
8192,4c310820-12d3-5128-9a45-973db446b59e,5,daily_login,2026-09-03,2026-09-03T07:23:00+00:00
8193,d5dc7189-89df-5fd7-983f-1124b6de3d68,5,daily_login,2026-09-03,2026-09-03T07:23:00+00:00
8194,02bf8d95-eee4-5287-b363-0551cc4a6d51,5,daily_login,2026-09-03,2026-09-03T07:23:00+00:00
8195,88a268b0-6bca-5583-b041-ffdbc51be7e6,5,daily_login,2026-09-03,2026-09-03T07:24:00+00:00
8196,ffe47fd1-7989-5728-addd-50b504edd889,5,daily_login,2026-09-03,2026-09-03T07:24:00+00:00
8197,58074159-53d7-5a52-8436-d84a05af35a9,5,daily_login,2026-09-03,2026-09-03T07:24:00+00:00
8198,61347d09-09eb-5f04-a4ec-fe830319799f,5,daily_login,2026-09-03,2026-09-03T07:24:00+00:00
8199,a2cc3818-be31-5aeb-828c-e23f579431aa,5,daily_login,2026-09-03,2026-09-03T07:25:00+00:00
8200,53f78f7e-e2df-586b-b483-5748c92d0f9f,5,daily_login,2026-09-03,2026-09-03T07:25:00+00:00
8201,1bf86e3f-0e6e-5241-b319-71005237945f,5,daily_login,2026-09-03,2026-09-03T07:25:00+00:00
8202,e502b694-466f-5e1f-9293-146b264ae20c,5,daily_login,2026-09-03,2026-09-03T07:27:00+00:00
8203,d0c58825-6ead-50f6-9a07-f2f95dbb51ea,5,daily_login,2026-09-03,2026-09-03T07:27:00+00:00
8204,e7dd6cb0-626e-510a-9e98-0498c534b04d,5,daily_login,2026-09-03,2026-09-03T07:28:00+00:00
8205,f0ca4141-ccff-5472-ba76-f4b194108c7b,5,daily_login,2026-09-03,2026-09-03T07:29:00+00:00
8206,5532dec3-02ae-5ac3-8b57-2e8214a8598b,5,daily_login,2026-09-03,2026-09-03T07:29:00+00:00
8207,d9fbcbde-376a-5f82-9fb5-268a24b02d57,20,thread_create,thread:144,2026-09-03T07:30:00+00:00
8208,082b47e7-5a06-5a34-bd49-595c82b2b196,5,daily_login,2026-09-03,2026-09-03T07:31:00+00:00
8209,45cee65b-db52-5dff-b09d-0ee1ac2be20f,5,daily_login,2026-09-03,2026-09-03T07:31:00+00:00
8210,f8f213c7-3d61-567e-9735-5e3e9498b892,5,daily_login,2026-09-03,2026-09-03T07:31:00+00:00
8211,10feece1-a2cd-532b-8488-21659a3bee22,5,daily_login,2026-09-03,2026-09-03T07:31:00+00:00
8212,95927b04-f214-5c26-878d-fb55176e41bc,5,daily_login,2026-09-03,2026-09-03T07:32:00+00:00
8213,1062abbb-4fcd-51a9-95fc-5474e4af7640,5,daily_login,2026-09-03,2026-09-03T07:32:00+00:00
8214,729fe171-fa0d-547e-b374-39bd19f4c645,5,daily_login,2026-09-03,2026-09-03T07:32:00+00:00
8215,44f09dba-7a20-5f46-840b-4670e6c7eb92,5,daily_login,2026-09-03,2026-09-03T07:33:00+00:00
8216,88820056-e901-59a1-b2ca-c4e813b34f7b,5,daily_login,2026-09-03,2026-09-03T07:33:00+00:00
8217,bc38029f-d1c5-5b8f-8055-d446a522cb91,5,daily_login,2026-09-03,2026-09-03T07:34:00+00:00
8218,a0a53b38-722a-56e6-a52c-fe0e06169a59,5,daily_login,2026-09-03,2026-09-03T07:34:00+00:00
8219,7e6a1243-34f5-52e6-862f-e5f3b2ebe640,5,daily_login,2026-09-03,2026-09-03T07:36:00+00:00
8220,9edec740-5de6-5c27-8233-5cf72946b182,5,daily_login,2026-09-03,2026-09-03T07:36:00+00:00
8221,4cf03b5a-e2ca-57f2-95b8-16a3b92247e6,5,daily_login,2026-09-03,2026-09-03T07:37:00+00:00
8222,5ce94e6e-a987-5fd1-90b2-94a1174f9376,5,daily_login,2026-09-03,2026-09-03T07:37:00+00:00
8223,6988340a-a3c1-5fda-a996-711f1723c649,5,daily_login,2026-09-03,2026-09-03T07:37:00+00:00
8224,783491ec-2857-52e8-a102-766d7abba6d2,5,daily_login,2026-09-03,2026-09-03T07:38:00+00:00
8225,eeeb9e89-042f-5fdc-8fcf-2c3ad56f9bf1,5,daily_login,2026-09-03,2026-09-03T07:39:00+00:00
8226,508d03e7-de84-523a-8242-f48abc9451d7,5,daily_login,2026-09-03,2026-09-03T07:39:00+00:00
8227,c6286e16-5e03-594c-aa67-861b8ba91b33,5,daily_login,2026-09-03,2026-09-03T07:39:00+00:00
8228,bb4b0d34-59a4-5948-a9be-a1aa6caece55,5,daily_login,2026-09-03,2026-09-03T07:40:00+00:00
8229,33ba5d16-c38c-5bcf-9896-ea8ae81d6e7b,5,daily_login,2026-09-03,2026-09-03T07:41:00+00:00
8230,77c684c4-9514-5edc-85ff-1052c8544c14,5,daily_login,2026-09-03,2026-09-03T07:42:00+00:00
8231,b5be680a-732e-55e0-bc5d-b80e831ff33a,5,daily_login,2026-09-03,2026-09-03T07:42:00+00:00
8232,dfe9e449-d177-56af-a679-d3e1c78c5c02,5,daily_login,2026-09-03,2026-09-03T07:43:00+00:00
8233,a070c6d0-c23b-5036-b352-f16db0d6ec8e,5,daily_login,2026-09-03,2026-09-03T07:43:00+00:00
8234,a5526e82-ef69-522b-b3ad-df818658bde0,5,daily_login,2026-09-03,2026-09-03T07:44:00+00:00
8235,405fd522-6b0d-52fc-b397-dc3ce2e4a2ea,5,daily_login,2026-09-03,2026-09-03T07:44:00+00:00
8236,e137404e-9196-525c-b17a-44dc96d29f29,5,daily_login,2026-09-03,2026-09-03T07:44:00+00:00
8237,6ab0c42d-0ad5-5b3d-9c6c-4ab9eaa47586,5,daily_login,2026-09-03,2026-09-03T07:45:00+00:00
8238,6ac5a7a4-ae0d-5e31-8a7c-d85b63a96c46,5,daily_login,2026-09-03,2026-09-03T07:45:00+00:00
8239,bf54d417-d834-5d3e-a7f9-106377fe05a5,15,task_complete,task:173,2026-09-03T09:30:00+00:00
8240,8ecc0792-3789-53b2-a26e-fc6daa886eb7,15,task_complete,task:232,2026-09-03T09:30:00+00:00
8241,8ecc0792-3789-53b2-a26e-fc6daa886eb7,100,first_task,badge,2026-09-03T09:30:00+00:00
8242,8ecc0792-3789-53b2-a26e-fc6daa886eb7,60,milestone_complete,milestone:153,2026-09-03T09:30:00+00:00
8243,8ecc0792-3789-53b2-a26e-fc6daa886eb7,150,first_milestone,badge,2026-09-03T09:30:00+00:00
8244,8ecc0792-3789-53b2-a26e-fc6daa886eb7,200,level_5,badge,2026-09-03T09:30:00+00:00
8245,d5dc7189-89df-5fd7-983f-1124b6de3d68,20,thread_create,thread:122,2026-09-03T09:30:00+00:00
8246,3425797b-5c54-5f3a-9a34-9cedb0dc5b84,15,task_complete,task:284,2026-09-03T10:30:00+00:00
8247,3425797b-5c54-5f3a-9a34-9cedb0dc5b84,100,first_task,badge,2026-09-03T10:30:00+00:00
8248,bb4b0d34-59a4-5948-a9be-a1aa6caece55,60,milestone_complete,milestone:141,2026-09-03T20:30:00+00:00
8249,bb4b0d34-59a4-5948-a9be-a1aa6caece55,150,first_milestone,badge,2026-09-03T20:30:00+00:00
8250,a60d0128-bffa-5d2d-9915-36693e6bc3ba,15,task_complete,task:225,2026-09-04T06:30:00+00:00
8251,d9fbcbde-376a-5f82-9fb5-268a24b02d57,5,daily_login,2026-09-04,2026-09-04T07:10:00+00:00
8252,af808cd8-ab34-515f-a8a0-a1b0719a537b,5,daily_login,2026-09-04,2026-09-04T07:10:00+00:00
8253,518ae987-15f7-5b22-8bcc-df59623dbdce,5,daily_login,2026-09-04,2026-09-04T07:10:00+00:00
8254,f0f4eb8c-a1ed-50a1-bc7d-2863700a31a5,5,daily_login,2026-09-04,2026-09-04T07:11:00+00:00
8255,37b7aed3-d207-54f7-b4ec-0e05c50eaeb2,5,daily_login,2026-09-04,2026-09-04T07:11:00+00:00
8256,8ae0340a-8eaf-5e9d-9db0-ac449334023d,5,daily_login,2026-09-04,2026-09-04T07:12:00+00:00
8257,1dd6da2f-292d-52b5-8e0e-a84885e81ba1,5,daily_login,2026-09-04,2026-09-04T07:12:00+00:00
8258,f1fb49f6-8f16-5086-a3b3-1c5e169f9ad4,5,daily_login,2026-09-04,2026-09-04T07:13:00+00:00
8259,ea7edc0e-b64d-545f-b311-b4ee943f2935,5,daily_login,2026-09-04,2026-09-04T07:14:00+00:00
8260,3d5b480d-3962-5c76-96ca-5459d65372aa,5,daily_login,2026-09-04,2026-09-04T07:14:00+00:00
8261,90cced0e-f2c7-528c-bd28-38c44ead6c98,5,daily_login,2026-09-04,2026-09-04T07:15:00+00:00
8262,d6b81cb4-a299-5894-baa5-463cb63679a3,5,daily_login,2026-09-04,2026-09-04T07:15:00+00:00
8263,50d6350f-ffd4-59ad-a1ff-65a49a77a913,5,daily_login,2026-09-04,2026-09-04T07:16:00+00:00
8264,a6b8342c-310b-5b88-9c07-602dbd646488,5,daily_login,2026-09-04,2026-09-04T07:17:00+00:00
8265,9355c2cf-38db-5118-9b77-3d5b5b3870df,5,daily_login,2026-09-04,2026-09-04T07:17:00+00:00
8266,096499d2-73d6-5063-9dd4-a7c1aebac61d,5,daily_login,2026-09-04,2026-09-04T07:17:00+00:00
8267,96dbbdad-601e-5bc2-9d1a-78f9f6349a39,5,daily_login,2026-09-04,2026-09-04T07:18:00+00:00
8268,64609795-d498-5ea7-ad33-a3bcecf9d962,5,daily_login,2026-09-04,2026-09-04T07:18:00+00:00
8269,43a3bb15-e7a6-5c42-a198-3e0d7f080ba1,5,daily_login,2026-09-04,2026-09-04T07:20:00+00:00
8270,9047d24d-0775-5f10-bf17-6e8fc62c5884,5,daily_login,2026-09-04,2026-09-04T07:20:00+00:00
8271,9c9c228f-3bd5-5da4-b666-fbfab93b4b7e,5,daily_login,2026-09-04,2026-09-04T07:21:00+00:00
8272,7bdf8ad6-1318-5f74-9112-e2b655e215a2,5,daily_login,2026-09-04,2026-09-04T07:21:00+00:00
8273,1b1e4344-fde4-5cc2-b82c-4fb458696522,5,daily_login,2026-09-04,2026-09-04T07:21:00+00:00
8274,4ec67eb8-4fda-5cbc-bbd1-a6afc7ce8130,5,daily_login,2026-09-04,2026-09-04T07:21:00+00:00
8275,4966bb54-4d4f-5992-8586-1bd44991d17f,5,daily_login,2026-09-04,2026-09-04T07:22:00+00:00
8276,d16e3cdc-2868-563d-867d-62fa9b8b24ea,5,daily_login,2026-09-04,2026-09-04T07:22:00+00:00
8277,4c310820-12d3-5128-9a45-973db446b59e,5,daily_login,2026-09-04,2026-09-04T07:23:00+00:00
8278,d5dc7189-89df-5fd7-983f-1124b6de3d68,5,daily_login,2026-09-04,2026-09-04T07:23:00+00:00
8279,02bf8d95-eee4-5287-b363-0551cc4a6d51,5,daily_login,2026-09-04,2026-09-04T07:23:00+00:00
8280,02bf8d95-eee4-5287-b363-0551cc4a6d51,5,streak_week_bonus,2026-09-04,2026-09-04T07:23:00+00:00
8281,58074159-53d7-5a52-8436-d84a05af35a9,5,daily_login,2026-09-04,2026-09-04T07:24:00+00:00
8282,61347d09-09eb-5f04-a4ec-fe830319799f,5,daily_login,2026-09-04,2026-09-04T07:24:00+00:00
8283,a2cc3818-be31-5aeb-828c-e23f579431aa,5,daily_login,2026-09-04,2026-09-04T07:25:00+00:00
8284,53f78f7e-e2df-586b-b483-5748c92d0f9f,5,daily_login,2026-09-04,2026-09-04T07:25:00+00:00
8285,ef763ec1-f93c-5744-9640-4ca59adf9347,5,daily_login,2026-09-04,2026-09-04T07:25:00+00:00
8286,baa8ef70-5b01-5a49-84cb-71c353290705,5,daily_login,2026-09-04,2026-09-04T07:26:00+00:00
8287,a60d0128-bffa-5d2d-9915-36693e6bc3ba,5,daily_login,2026-09-04,2026-09-04T07:26:00+00:00
8288,e502b694-466f-5e1f-9293-146b264ae20c,5,daily_login,2026-09-04,2026-09-04T07:27:00+00:00
8289,d0c58825-6ead-50f6-9a07-f2f95dbb51ea,5,daily_login,2026-09-04,2026-09-04T07:27:00+00:00
8290,2e2e8079-6c9e-51c9-bc7e-1475045fd514,5,daily_login,2026-09-04,2026-09-04T07:27:00+00:00
8291,f0ca4141-ccff-5472-ba76-f4b194108c7b,5,daily_login,2026-09-04,2026-09-04T07:29:00+00:00
8292,5532dec3-02ae-5ac3-8b57-2e8214a8598b,5,daily_login,2026-09-04,2026-09-04T07:29:00+00:00
8293,da462241-608b-5422-bdbd-0d98184a433d,5,daily_login,2026-09-04,2026-09-04T07:30:00+00:00
8294,45cee65b-db52-5dff-b09d-0ee1ac2be20f,5,daily_login,2026-09-04,2026-09-04T07:31:00+00:00
8295,95927b04-f214-5c26-878d-fb55176e41bc,5,daily_login,2026-09-04,2026-09-04T07:32:00+00:00
8296,1062abbb-4fcd-51a9-95fc-5474e4af7640,5,daily_login,2026-09-04,2026-09-04T07:32:00+00:00
8297,84047d01-74e6-5a08-a20e-b5c25e3eff3e,5,daily_login,2026-09-04,2026-09-04T07:33:00+00:00
8298,44f09dba-7a20-5f46-840b-4670e6c7eb92,5,daily_login,2026-09-04,2026-09-04T07:33:00+00:00
8299,a0a53b38-722a-56e6-a52c-fe0e06169a59,5,daily_login,2026-09-04,2026-09-04T07:34:00+00:00
8300,6720265f-9f2b-5485-bf24-54e1784991b6,5,daily_login,2026-09-04,2026-09-04T07:34:00+00:00
8301,d48cab4b-e48b-59ae-88d6-41d5d463569d,5,daily_login,2026-09-04,2026-09-04T07:35:00+00:00
8302,9a026691-28ff-5880-9da3-006735af19d3,5,daily_login,2026-09-04,2026-09-04T07:35:00+00:00
8303,9edec740-5de6-5c27-8233-5cf72946b182,5,daily_login,2026-09-04,2026-09-04T07:36:00+00:00
8304,4cf03b5a-e2ca-57f2-95b8-16a3b92247e6,5,daily_login,2026-09-04,2026-09-04T07:37:00+00:00
8305,5ce94e6e-a987-5fd1-90b2-94a1174f9376,5,daily_login,2026-09-04,2026-09-04T07:37:00+00:00
8306,5ce94e6e-a987-5fd1-90b2-94a1174f9376,5,streak_week_bonus,2026-09-04,2026-09-04T07:37:00+00:00
8307,5ce94e6e-a987-5fd1-90b2-94a1174f9376,200,streak_7,badge,2026-09-04T07:37:00+00:00
8308,eb397f92-99ac-5f0f-8f81-3540865f0477,5,daily_login,2026-09-04,2026-09-04T07:38:00+00:00
8309,bdc5faf6-386d-5338-99a0-32d156bcbd68,5,daily_login,2026-09-04,2026-09-04T07:38:00+00:00
8310,0bd9c807-50b6-567b-befe-96c80ed2fc9d,5,daily_login,2026-09-04,2026-09-04T07:38:00+00:00
8311,783491ec-2857-52e8-a102-766d7abba6d2,5,daily_login,2026-09-04,2026-09-04T07:38:00+00:00
8312,302b84f9-9053-5cf7-bed0-305678227875,5,daily_login,2026-09-04,2026-09-04T07:39:00+00:00
8313,eeeb9e89-042f-5fdc-8fcf-2c3ad56f9bf1,5,daily_login,2026-09-04,2026-09-04T07:39:00+00:00
8314,d767d4bb-a2aa-587a-90f9-23d0689ae52a,5,daily_login,2026-09-04,2026-09-04T07:40:00+00:00
8315,fb400c3e-ecd0-522e-8b8e-1323946be71a,5,daily_login,2026-09-04,2026-09-04T07:40:00+00:00
8316,96ccee9a-30f2-56cd-b597-a927c84e0f75,5,daily_login,2026-09-04,2026-09-04T07:41:00+00:00
8317,33ba5d16-c38c-5bcf-9896-ea8ae81d6e7b,5,daily_login,2026-09-04,2026-09-04T07:41:00+00:00
8318,e5b7ccce-2cb7-5b6e-95a5-32ffacbca87f,5,daily_login,2026-09-04,2026-09-04T07:42:00+00:00
8319,77c684c4-9514-5edc-85ff-1052c8544c14,5,daily_login,2026-09-04,2026-09-04T07:42:00+00:00
8320,33d87513-60c2-51ff-9ec5-f0f1389ed27e,5,daily_login,2026-09-04,2026-09-04T07:42:00+00:00
8321,daa36188-60fd-56a2-938b-70b1b51084b0,5,daily_login,2026-09-04,2026-09-04T07:43:00+00:00
8322,dfe9e449-d177-56af-a679-d3e1c78c5c02,5,daily_login,2026-09-04,2026-09-04T07:43:00+00:00
8323,3b932376-f549-5a1c-a24b-664b4bc338e3,5,daily_login,2026-09-04,2026-09-04T07:43:00+00:00
8324,405fd522-6b0d-52fc-b397-dc3ce2e4a2ea,5,daily_login,2026-09-04,2026-09-04T07:44:00+00:00
8325,e137404e-9196-525c-b17a-44dc96d29f29,5,daily_login,2026-09-04,2026-09-04T07:44:00+00:00
8326,e137404e-9196-525c-b17a-44dc96d29f29,5,streak_week_bonus,2026-09-04,2026-09-04T07:44:00+00:00
8327,6ab0c42d-0ad5-5b3d-9c6c-4ab9eaa47586,5,daily_login,2026-09-04,2026-09-04T07:45:00+00:00
8328,6ab0c42d-0ad5-5b3d-9c6c-4ab9eaa47586,5,streak_week_bonus,2026-09-04,2026-09-04T07:45:00+00:00
8329,6ab0c42d-0ad5-5b3d-9c6c-4ab9eaa47586,200,streak_7,badge,2026-09-04T07:45:00+00:00
8330,d2a70bca-a25c-522f-9b7e-c967b69503cc,5,daily_login,2026-09-04,2026-09-04T07:45:00+00:00
8331,6ac5a7a4-ae0d-5e31-8a7c-d85b63a96c46,5,daily_login,2026-09-04,2026-09-04T07:45:00+00:00
8332,5ccdaadc-80b2-50e1-a0c1-bad0246a7cf2,5,daily_login,2026-09-04,2026-09-04T07:46:00+00:00
8333,cd8c4c60-ab9b-5cf3-996e-d4fbb990f4c6,15,task_complete,task:233,2026-09-04T10:30:00+00:00
8334,d9fbcbde-376a-5f82-9fb5-268a24b02d57,5,daily_login,2026-09-05,2026-09-05T07:10:00+00:00
8335,f2561442-8439-5138-9a3b-8bcf96f16609,5,daily_login,2026-09-05,2026-09-05T07:10:00+00:00
8336,610e9654-06d6-5e55-959b-377b8749b8f9,5,daily_login,2026-09-05,2026-09-05T07:10:00+00:00
8337,b7180518-4b5b-54ef-9060-958212d05ab7,5,daily_login,2026-09-05,2026-09-05T07:11:00+00:00
8338,f4793612-bd5c-52c4-b29e-226fe28a77ca,5,daily_login,2026-09-05,2026-09-05T07:13:00+00:00
8339,34046d1a-c67e-5a81-b9d5-47dd4840c4fe,5,daily_login,2026-09-05,2026-09-05T07:14:00+00:00
8340,3d5b480d-3962-5c76-96ca-5459d65372aa,5,daily_login,2026-09-05,2026-09-05T07:14:00+00:00
8341,90cced0e-f2c7-528c-bd28-38c44ead6c98,5,daily_login,2026-09-05,2026-09-05T07:15:00+00:00
8342,50d6350f-ffd4-59ad-a1ff-65a49a77a913,5,daily_login,2026-09-05,2026-09-05T07:16:00+00:00
8343,06657aeb-b604-5b0d-9281-d2e5afb78a9d,5,daily_login,2026-09-05,2026-09-05T07:16:00+00:00
8344,9355c2cf-38db-5118-9b77-3d5b5b3870df,5,daily_login,2026-09-05,2026-09-05T07:17:00+00:00
8345,96dbbdad-601e-5bc2-9d1a-78f9f6349a39,5,daily_login,2026-09-05,2026-09-05T07:18:00+00:00
8346,64609795-d498-5ea7-ad33-a3bcecf9d962,5,daily_login,2026-09-05,2026-09-05T07:18:00+00:00
8347,5a4b137d-2ebb-5c75-8cdd-bf77406b4b9f,5,daily_login,2026-09-05,2026-09-05T07:19:00+00:00
8348,cb162f3d-006f-544e-bfa6-f9abb8a52026,5,daily_login,2026-09-05,2026-09-05T07:19:00+00:00
8349,9d1c460b-bd0b-57ff-ac14-f2b10f73edd3,5,daily_login,2026-09-05,2026-09-05T07:19:00+00:00
8350,43a3bb15-e7a6-5c42-a198-3e0d7f080ba1,5,daily_login,2026-09-05,2026-09-05T07:20:00+00:00
8351,341a0cef-f4a9-53ee-8980-229dc154ff4e,5,daily_login,2026-09-05,2026-09-05T07:20:00+00:00
8352,9047d24d-0775-5f10-bf17-6e8fc62c5884,5,daily_login,2026-09-05,2026-09-05T07:20:00+00:00
8353,4845dc43-0c9d-5f09-aa4a-62e68abb5d12,5,daily_login,2026-09-05,2026-09-05T07:21:00+00:00
8354,7bdf8ad6-1318-5f74-9112-e2b655e215a2,5,daily_login,2026-09-05,2026-09-05T07:21:00+00:00
8355,44a33563-638c-52da-ae01-285f43dfcb99,5,daily_login,2026-09-05,2026-09-05T07:22:00+00:00
8356,d16e3cdc-2868-563d-867d-62fa9b8b24ea,5,daily_login,2026-09-05,2026-09-05T07:22:00+00:00
8357,4c310820-12d3-5128-9a45-973db446b59e,5,daily_login,2026-09-05,2026-09-05T07:23:00+00:00
8358,58074159-53d7-5a52-8436-d84a05af35a9,5,daily_login,2026-09-05,2026-09-05T07:24:00+00:00
8359,61347d09-09eb-5f04-a4ec-fe830319799f,5,daily_login,2026-09-05,2026-09-05T07:24:00+00:00
8360,a992f17b-79b6-5dcf-aed4-2aebaa5775c7,5,daily_login,2026-09-05,2026-09-05T07:25:00+00:00
8361,a2cc3818-be31-5aeb-828c-e23f579431aa,5,daily_login,2026-09-05,2026-09-05T07:25:00+00:00
8362,a2cc3818-be31-5aeb-828c-e23f579431aa,5,streak_week_bonus,2026-09-05,2026-09-05T07:25:00+00:00
8363,53f78f7e-e2df-586b-b483-5748c92d0f9f,5,daily_login,2026-09-05,2026-09-05T07:25:00+00:00
8364,6b9b6012-cdb4-50eb-8ad0-01c36516df23,5,daily_login,2026-09-05,2026-09-05T07:26:00+00:00
8365,20b4182c-90f7-51da-99e8-97ade4d19a92,5,daily_login,2026-09-05,2026-09-05T07:26:00+00:00
8366,4307ee18-2e16-50be-abbc-db160bb8e8fd,5,daily_login,2026-09-05,2026-09-05T07:26:00+00:00
8367,7298015b-9105-595a-b879-3013c08053f7,5,daily_login,2026-09-05,2026-09-05T07:26:00+00:00
8368,e502b694-466f-5e1f-9293-146b264ae20c,5,daily_login,2026-09-05,2026-09-05T07:27:00+00:00
8369,d0c58825-6ead-50f6-9a07-f2f95dbb51ea,5,daily_login,2026-09-05,2026-09-05T07:27:00+00:00
8370,2e2e8079-6c9e-51c9-bc7e-1475045fd514,5,daily_login,2026-09-05,2026-09-05T07:27:00+00:00
8371,e7dd6cb0-626e-510a-9e98-0498c534b04d,5,daily_login,2026-09-05,2026-09-05T07:28:00+00:00
8372,5532dec3-02ae-5ac3-8b57-2e8214a8598b,5,daily_login,2026-09-05,2026-09-05T07:29:00+00:00
8373,96373821-4bf4-53b8-bd24-bb64bbb3b84e,5,daily_login,2026-09-05,2026-09-05T07:30:00+00:00
8374,54561bf4-fe37-5b37-934d-9c7f81542f8b,5,daily_login,2026-09-05,2026-09-05T07:30:00+00:00
8375,45cee65b-db52-5dff-b09d-0ee1ac2be20f,5,daily_login,2026-09-05,2026-09-05T07:31:00+00:00
8376,82a5c89c-0b3a-58b9-9259-837a5348a5c2,5,daily_login,2026-09-05,2026-09-05T07:31:00+00:00
8377,95927b04-f214-5c26-878d-fb55176e41bc,5,daily_login,2026-09-05,2026-09-05T07:32:00+00:00
8378,9cba29b2-e169-54f3-9d61-1d5013f80312,5,daily_login,2026-09-05,2026-09-05T07:32:00+00:00
8379,44f09dba-7a20-5f46-840b-4670e6c7eb92,5,daily_login,2026-09-05,2026-09-05T07:33:00+00:00
8380,88820056-e901-59a1-b2ca-c4e813b34f7b,5,daily_login,2026-09-05,2026-09-05T07:33:00+00:00
8381,bc38029f-d1c5-5b8f-8055-d446a522cb91,5,daily_login,2026-09-05,2026-09-05T07:34:00+00:00
8382,e747fee0-a84b-5f51-98a3-7481903c9023,5,daily_login,2026-09-05,2026-09-05T07:34:00+00:00
8383,a0a53b38-722a-56e6-a52c-fe0e06169a59,5,daily_login,2026-09-05,2026-09-05T07:34:00+00:00
8384,fbdfefdb-ca2d-5a0e-87ed-62021c1c11d4,5,daily_login,2026-09-05,2026-09-05T07:35:00+00:00
8385,7e6a1243-34f5-52e6-862f-e5f3b2ebe640,5,daily_login,2026-09-05,2026-09-05T07:36:00+00:00
8386,8ecc0792-3789-53b2-a26e-fc6daa886eb7,5,daily_login,2026-09-05,2026-09-05T07:36:00+00:00
8387,9edec740-5de6-5c27-8233-5cf72946b182,5,daily_login,2026-09-05,2026-09-05T07:36:00+00:00
8388,4cf03b5a-e2ca-57f2-95b8-16a3b92247e6,5,daily_login,2026-09-05,2026-09-05T07:37:00+00:00
8389,ab45f9eb-3fee-5ea5-bccb-faffc50f3e76,5,daily_login,2026-09-05,2026-09-05T07:37:00+00:00
8390,5ce94e6e-a987-5fd1-90b2-94a1174f9376,5,daily_login,2026-09-05,2026-09-05T07:37:00+00:00
8391,eb397f92-99ac-5f0f-8f81-3540865f0477,5,daily_login,2026-09-05,2026-09-05T07:38:00+00:00
8392,bdc5faf6-386d-5338-99a0-32d156bcbd68,5,daily_login,2026-09-05,2026-09-05T07:38:00+00:00
8393,302b84f9-9053-5cf7-bed0-305678227875,5,daily_login,2026-09-05,2026-09-05T07:39:00+00:00
8394,508d03e7-de84-523a-8242-f48abc9451d7,5,daily_login,2026-09-05,2026-09-05T07:39:00+00:00
8395,c6286e16-5e03-594c-aa67-861b8ba91b33,5,daily_login,2026-09-05,2026-09-05T07:39:00+00:00
8396,e21dfd78-ea9f-5754-a3b2-3b3b66dd30b5,5,daily_login,2026-09-05,2026-09-05T07:39:00+00:00
8397,7b48b183-5d87-500f-9cec-2e003c19efac,5,daily_login,2026-09-05,2026-09-05T07:40:00+00:00
8398,bb4b0d34-59a4-5948-a9be-a1aa6caece55,5,daily_login,2026-09-05,2026-09-05T07:40:00+00:00
8399,e5b7ccce-2cb7-5b6e-95a5-32ffacbca87f,5,daily_login,2026-09-05,2026-09-05T07:42:00+00:00
8400,77c684c4-9514-5edc-85ff-1052c8544c14,5,daily_login,2026-09-05,2026-09-05T07:42:00+00:00
8401,33d87513-60c2-51ff-9ec5-f0f1389ed27e,5,daily_login,2026-09-05,2026-09-05T07:42:00+00:00
8402,dfe9e449-d177-56af-a679-d3e1c78c5c02,5,daily_login,2026-09-05,2026-09-05T07:43:00+00:00
8403,a5526e82-ef69-522b-b3ad-df818658bde0,5,daily_login,2026-09-05,2026-09-05T07:44:00+00:00
8404,405fd522-6b0d-52fc-b397-dc3ce2e4a2ea,5,daily_login,2026-09-05,2026-09-05T07:44:00+00:00
8405,e137404e-9196-525c-b17a-44dc96d29f29,5,daily_login,2026-09-05,2026-09-05T07:44:00+00:00
8406,6d9d0917-bda8-5863-abe4-92d14b0cc926,5,daily_login,2026-09-05,2026-09-05T07:44:00+00:00
8407,ae7ac442-d880-5cd8-bc30-8d21c5f7dc54,5,daily_login,2026-09-05,2026-09-05T07:45:00+00:00
8408,6ac5a7a4-ae0d-5e31-8a7c-d85b63a96c46,5,daily_login,2026-09-05,2026-09-05T07:45:00+00:00
8409,b39a9d3d-f3eb-5d31-9cc7-15e278969b70,5,daily_login,2026-09-05,2026-09-05T07:46:00+00:00
8410,f4793612-bd5c-52c4-b29e-226fe28a77ca,15,task_complete,task:234,2026-09-05T11:30:00+00:00
8411,651ce25b-8132-52d9-8f74-889f22c3bb5c,60,milestone_complete,milestone:157,2026-09-05T21:30:00+00:00
8412,651ce25b-8132-52d9-8f74-889f22c3bb5c,150,first_milestone,badge,2026-09-05T21:30:00+00:00
8413,3a376c3a-3e46-5c8c-815c-232b66ca9bc8,150,first_milestone,badge,2026-09-05T21:30:00+00:00
8414,9d1c460b-bd0b-57ff-ac14-f2b10f73edd3,15,task_complete,task:201,2026-09-05T22:30:00+00:00
8415,9d1c460b-bd0b-57ff-ac14-f2b10f73edd3,100,first_task,badge,2026-09-05T22:30:00+00:00
8416,d9fbcbde-376a-5f82-9fb5-268a24b02d57,5,daily_login,2026-09-06,2026-09-06T07:10:00+00:00
8417,d9fbcbde-376a-5f82-9fb5-268a24b02d57,5,streak_week_bonus,2026-09-06,2026-09-06T07:10:00+00:00
8418,f2561442-8439-5138-9a3b-8bcf96f16609,5,daily_login,2026-09-06,2026-09-06T07:10:00+00:00
8419,610e9654-06d6-5e55-959b-377b8749b8f9,5,daily_login,2026-09-06,2026-09-06T07:10:00+00:00
8420,518ae987-15f7-5b22-8bcc-df59623dbdce,5,daily_login,2026-09-06,2026-09-06T07:10:00+00:00
8421,50de23a6-cd45-55ac-adb0-06d14b4ed8ce,5,daily_login,2026-09-06,2026-09-06T07:12:00+00:00
8422,3d016498-e16a-5ad9-95c7-b633dfc6a142,5,daily_login,2026-09-06,2026-09-06T07:13:00+00:00
8423,7ef6d8e7-132e-5da5-a653-16dd2e5719c4,5,daily_login,2026-09-06,2026-09-06T07:13:00+00:00
8424,34046d1a-c67e-5a81-b9d5-47dd4840c4fe,5,daily_login,2026-09-06,2026-09-06T07:14:00+00:00
8425,3d5b480d-3962-5c76-96ca-5459d65372aa,5,daily_login,2026-09-06,2026-09-06T07:14:00+00:00
8426,50d6350f-ffd4-59ad-a1ff-65a49a77a913,5,daily_login,2026-09-06,2026-09-06T07:16:00+00:00
8427,693ebb02-ab3f-5d60-b798-d4d4df4900d2,5,daily_login,2026-09-06,2026-09-06T07:16:00+00:00
8428,1bc15434-bc22-56cc-a890-336efd2a11e5,5,daily_login,2026-09-06,2026-09-06T07:17:00+00:00
8429,9355c2cf-38db-5118-9b77-3d5b5b3870df,5,daily_login,2026-09-06,2026-09-06T07:17:00+00:00
8430,9355c2cf-38db-5118-9b77-3d5b5b3870df,5,streak_week_bonus,2026-09-06,2026-09-06T07:17:00+00:00
8431,096499d2-73d6-5063-9dd4-a7c1aebac61d,5,daily_login,2026-09-06,2026-09-06T07:17:00+00:00
8432,52ab3a8f-ec5c-5e66-bcd5-efc304512118,5,daily_login,2026-09-06,2026-09-06T07:18:00+00:00
8433,96dbbdad-601e-5bc2-9d1a-78f9f6349a39,5,daily_login,2026-09-06,2026-09-06T07:18:00+00:00
8434,64609795-d498-5ea7-ad33-a3bcecf9d962,5,daily_login,2026-09-06,2026-09-06T07:18:00+00:00
8435,5a4b137d-2ebb-5c75-8cdd-bf77406b4b9f,5,daily_login,2026-09-06,2026-09-06T07:19:00+00:00
8436,b0ebc690-efe0-594f-bd55-e4d7ec3454bc,5,daily_login,2026-09-06,2026-09-06T07:20:00+00:00
8437,9047d24d-0775-5f10-bf17-6e8fc62c5884,5,daily_login,2026-09-06,2026-09-06T07:20:00+00:00
8438,9c9c228f-3bd5-5da4-b666-fbfab93b4b7e,5,daily_login,2026-09-06,2026-09-06T07:21:00+00:00
8439,4845dc43-0c9d-5f09-aa4a-62e68abb5d12,5,daily_login,2026-09-06,2026-09-06T07:21:00+00:00
8440,7bdf8ad6-1318-5f74-9112-e2b655e215a2,5,daily_login,2026-09-06,2026-09-06T07:21:00+00:00
8441,1b1e4344-fde4-5cc2-b82c-4fb458696522,5,daily_login,2026-09-06,2026-09-06T07:21:00+00:00
8442,85df6dcd-e42a-581f-802b-eb93568b74eb,5,daily_login,2026-09-06,2026-09-06T07:21:00+00:00
8443,d16e3cdc-2868-563d-867d-62fa9b8b24ea,5,daily_login,2026-09-06,2026-09-06T07:22:00+00:00
8444,4c310820-12d3-5128-9a45-973db446b59e,5,daily_login,2026-09-06,2026-09-06T07:23:00+00:00
8445,d5dc7189-89df-5fd7-983f-1124b6de3d68,5,daily_login,2026-09-06,2026-09-06T07:23:00+00:00
8446,02bf8d95-eee4-5287-b363-0551cc4a6d51,5,daily_login,2026-09-06,2026-09-06T07:23:00+00:00
8447,ffe47fd1-7989-5728-addd-50b504edd889,5,daily_login,2026-09-06,2026-09-06T07:24:00+00:00
8448,58074159-53d7-5a52-8436-d84a05af35a9,5,daily_login,2026-09-06,2026-09-06T07:24:00+00:00
8449,58074159-53d7-5a52-8436-d84a05af35a9,5,streak_week_bonus,2026-09-06,2026-09-06T07:24:00+00:00
8450,61347d09-09eb-5f04-a4ec-fe830319799f,5,daily_login,2026-09-06,2026-09-06T07:24:00+00:00
8451,a2cc3818-be31-5aeb-828c-e23f579431aa,5,daily_login,2026-09-06,2026-09-06T07:25:00+00:00
8452,53f78f7e-e2df-586b-b483-5748c92d0f9f,5,daily_login,2026-09-06,2026-09-06T07:25:00+00:00
8453,baa8ef70-5b01-5a49-84cb-71c353290705,5,daily_login,2026-09-06,2026-09-06T07:26:00+00:00
8454,7298015b-9105-595a-b879-3013c08053f7,5,daily_login,2026-09-06,2026-09-06T07:26:00+00:00
8455,e502b694-466f-5e1f-9293-146b264ae20c,5,daily_login,2026-09-06,2026-09-06T07:27:00+00:00
8456,d0c58825-6ead-50f6-9a07-f2f95dbb51ea,5,daily_login,2026-09-06,2026-09-06T07:27:00+00:00
8457,d0c58825-6ead-50f6-9a07-f2f95dbb51ea,5,streak_week_bonus,2026-09-06,2026-09-06T07:27:00+00:00
8458,2e2e8079-6c9e-51c9-bc7e-1475045fd514,5,daily_login,2026-09-06,2026-09-06T07:27:00+00:00
8459,49a9d8f7-08ea-5972-af3a-0ca0a6c06e59,5,daily_login,2026-09-06,2026-09-06T07:27:00+00:00
8460,e7c63421-97d2-555e-9731-46cb0f04f637,5,daily_login,2026-09-06,2026-09-06T07:28:00+00:00
8461,e7dd6cb0-626e-510a-9e98-0498c534b04d,5,daily_login,2026-09-06,2026-09-06T07:28:00+00:00
8462,54561bf4-fe37-5b37-934d-9c7f81542f8b,5,daily_login,2026-09-06,2026-09-06T07:30:00+00:00
8463,da462241-608b-5422-bdbd-0d98184a433d,5,daily_login,2026-09-06,2026-09-06T07:30:00+00:00
8464,45cee65b-db52-5dff-b09d-0ee1ac2be20f,5,daily_login,2026-09-06,2026-09-06T07:31:00+00:00
8465,f8f213c7-3d61-567e-9735-5e3e9498b892,5,daily_login,2026-09-06,2026-09-06T07:31:00+00:00
8466,82a5c89c-0b3a-58b9-9259-837a5348a5c2,5,daily_login,2026-09-06,2026-09-06T07:31:00+00:00
8467,1062abbb-4fcd-51a9-95fc-5474e4af7640,5,daily_login,2026-09-06,2026-09-06T07:32:00+00:00
8468,44f09dba-7a20-5f46-840b-4670e6c7eb92,5,daily_login,2026-09-06,2026-09-06T07:33:00+00:00
8469,bc38029f-d1c5-5b8f-8055-d446a522cb91,5,daily_login,2026-09-06,2026-09-06T07:34:00+00:00
8470,a0a53b38-722a-56e6-a52c-fe0e06169a59,5,daily_login,2026-09-06,2026-09-06T07:34:00+00:00
8471,a0a53b38-722a-56e6-a52c-fe0e06169a59,5,streak_week_bonus,2026-09-06,2026-09-06T07:34:00+00:00
8472,01c00e49-c4d6-5d4b-bbc1-8aa3fe21ba2a,5,daily_login,2026-09-06,2026-09-06T07:34:00+00:00
8473,5d857806-7d61-533b-bc12-af2d7b775d29,5,daily_login,2026-09-06,2026-09-06T07:35:00+00:00
8474,d48cab4b-e48b-59ae-88d6-41d5d463569d,5,daily_login,2026-09-06,2026-09-06T07:35:00+00:00
8475,1873645b-b54c-51dc-a41a-7131e831a64f,5,daily_login,2026-09-06,2026-09-06T07:35:00+00:00
8476,8ecc0792-3789-53b2-a26e-fc6daa886eb7,5,daily_login,2026-09-06,2026-09-06T07:36:00+00:00
8477,9edec740-5de6-5c27-8233-5cf72946b182,5,daily_login,2026-09-06,2026-09-06T07:36:00+00:00
8478,4cf03b5a-e2ca-57f2-95b8-16a3b92247e6,5,daily_login,2026-09-06,2026-09-06T07:37:00+00:00
8479,5ce94e6e-a987-5fd1-90b2-94a1174f9376,5,daily_login,2026-09-06,2026-09-06T07:37:00+00:00
8480,eb397f92-99ac-5f0f-8f81-3540865f0477,5,daily_login,2026-09-06,2026-09-06T07:38:00+00:00
8481,508d03e7-de84-523a-8242-f48abc9451d7,5,daily_login,2026-09-06,2026-09-06T07:39:00+00:00
8482,c6286e16-5e03-594c-aa67-861b8ba91b33,5,daily_login,2026-09-06,2026-09-06T07:39:00+00:00
8483,77c684c4-9514-5edc-85ff-1052c8544c14,5,daily_login,2026-09-06,2026-09-06T07:42:00+00:00
8484,daa36188-60fd-56a2-938b-70b1b51084b0,5,daily_login,2026-09-06,2026-09-06T07:43:00+00:00
8485,36016ab9-3cc9-5f6a-8bc7-1d138ad9cb43,5,daily_login,2026-09-06,2026-09-06T07:44:00+00:00
8486,36016ab9-3cc9-5f6a-8bc7-1d138ad9cb43,200,level_5,badge,2026-09-06T07:44:00+00:00
8487,a5526e82-ef69-522b-b3ad-df818658bde0,5,daily_login,2026-09-06,2026-09-06T07:44:00+00:00
8488,405fd522-6b0d-52fc-b397-dc3ce2e4a2ea,5,daily_login,2026-09-06,2026-09-06T07:44:00+00:00
8489,405fd522-6b0d-52fc-b397-dc3ce2e4a2ea,5,streak_week_bonus,2026-09-06,2026-09-06T07:44:00+00:00
8490,e137404e-9196-525c-b17a-44dc96d29f29,5,daily_login,2026-09-06,2026-09-06T07:44:00+00:00
8491,6ab0c42d-0ad5-5b3d-9c6c-4ab9eaa47586,5,daily_login,2026-09-06,2026-09-06T07:45:00+00:00
8492,cac67f41-f5af-5268-9e2d-34feac0dc9fa,5,daily_login,2026-09-06,2026-09-06T07:46:00+00:00
8493,61347d09-09eb-5f04-a4ec-fe830319799f,15,task_complete,task:235,2026-09-06T12:30:00+00:00
8494,ef763ec1-f93c-5744-9640-4ca59adf9347,300,project_completed,badge,2026-09-06T17:30:00+00:00
8495,ef763ec1-f93c-5744-9640-4ca59adf9347,200,level_5,badge,2026-09-06T17:30:00+00:00
8496,4c2177ab-592a-5e4a-b25b-8bb3f8090555,300,project_completed,badge,2026-09-06T17:30:00+00:00
8497,ef763ec1-f93c-5744-9640-4ca59adf9347,60,milestone_complete,milestone:258,2026-09-06T17:30:00+00:00
8498,1bc15434-bc22-56cc-a890-336efd2a11e5,60,milestone_complete,milestone:130,2026-09-07T05:30:00+00:00
8499,ae7ac442-d880-5cd8-bc30-8d21c5f7dc54,20,thread_create,thread:137,2026-09-07T06:30:00+00:00
8500,d9fbcbde-376a-5f82-9fb5-268a24b02d57,5,daily_login,2026-09-07,2026-09-07T07:10:00+00:00
8501,610e9654-06d6-5e55-959b-377b8749b8f9,5,daily_login,2026-09-07,2026-09-07T07:10:00+00:00
8502,37b7aed3-d207-54f7-b4ec-0e05c50eaeb2,5,daily_login,2026-09-07,2026-09-07T07:11:00+00:00
8503,0da68170-ff38-5dad-9224-770d261f1c8a,5,daily_login,2026-09-07,2026-09-07T07:11:00+00:00
8504,3d016498-e16a-5ad9-95c7-b633dfc6a142,5,daily_login,2026-09-07,2026-09-07T07:13:00+00:00
8505,f4793612-bd5c-52c4-b29e-226fe28a77ca,5,daily_login,2026-09-07,2026-09-07T07:13:00+00:00
8506,34046d1a-c67e-5a81-b9d5-47dd4840c4fe,5,daily_login,2026-09-07,2026-09-07T07:14:00+00:00
8507,ea7edc0e-b64d-545f-b311-b4ee943f2935,5,daily_login,2026-09-07,2026-09-07T07:14:00+00:00
8508,3d5b480d-3962-5c76-96ca-5459d65372aa,5,daily_login,2026-09-07,2026-09-07T07:14:00+00:00
8509,3d5b480d-3962-5c76-96ca-5459d65372aa,5,streak_week_bonus,2026-09-07,2026-09-07T07:14:00+00:00
8510,1767869f-381f-59b9-acac-01da2d539e40,5,daily_login,2026-09-07,2026-09-07T07:15:00+00:00
8511,6e82bb3e-ede8-5803-ba1a-cc3aa8766199,5,daily_login,2026-09-07,2026-09-07T07:15:00+00:00
8512,90cced0e-f2c7-528c-bd28-38c44ead6c98,5,daily_login,2026-09-07,2026-09-07T07:15:00+00:00
8513,50d6350f-ffd4-59ad-a1ff-65a49a77a913,5,daily_login,2026-09-07,2026-09-07T07:16:00+00:00
8514,50d6350f-ffd4-59ad-a1ff-65a49a77a913,5,streak_week_bonus,2026-09-07,2026-09-07T07:16:00+00:00
8515,eb3717c1-cd92-5eeb-af40-9df7f3132426,5,daily_login,2026-09-07,2026-09-07T07:16:00+00:00
8516,9355c2cf-38db-5118-9b77-3d5b5b3870df,5,daily_login,2026-09-07,2026-09-07T07:17:00+00:00
8517,64609795-d498-5ea7-ad33-a3bcecf9d962,5,daily_login,2026-09-07,2026-09-07T07:18:00+00:00
8518,5a4b137d-2ebb-5c75-8cdd-bf77406b4b9f,5,daily_login,2026-09-07,2026-09-07T07:19:00+00:00
8519,cb162f3d-006f-544e-bfa6-f9abb8a52026,5,daily_login,2026-09-07,2026-09-07T07:19:00+00:00
8520,341a0cef-f4a9-53ee-8980-229dc154ff4e,5,daily_login,2026-09-07,2026-09-07T07:20:00+00:00
8521,9047d24d-0775-5f10-bf17-6e8fc62c5884,5,daily_login,2026-09-07,2026-09-07T07:20:00+00:00
8522,9047d24d-0775-5f10-bf17-6e8fc62c5884,5,streak_week_bonus,2026-09-07,2026-09-07T07:20:00+00:00
8523,7bdf8ad6-1318-5f74-9112-e2b655e215a2,5,daily_login,2026-09-07,2026-09-07T07:21:00+00:00
8524,1b1e4344-fde4-5cc2-b82c-4fb458696522,5,daily_login,2026-09-07,2026-09-07T07:21:00+00:00
8525,4ec67eb8-4fda-5cbc-bbd1-a6afc7ce8130,5,daily_login,2026-09-07,2026-09-07T07:21:00+00:00
8526,368442e7-2dfe-5df4-9ab7-a468b984050a,5,daily_login,2026-09-07,2026-09-07T07:22:00+00:00
8527,d16e3cdc-2868-563d-867d-62fa9b8b24ea,5,daily_login,2026-09-07,2026-09-07T07:22:00+00:00
8528,e0b64119-ecb0-52a5-852d-39c211ce337a,5,daily_login,2026-09-07,2026-09-07T07:23:00+00:00
8529,02bf8d95-eee4-5287-b363-0551cc4a6d51,5,daily_login,2026-09-07,2026-09-07T07:23:00+00:00
8530,ffe47fd1-7989-5728-addd-50b504edd889,5,daily_login,2026-09-07,2026-09-07T07:24:00+00:00
8531,58074159-53d7-5a52-8436-d84a05af35a9,5,daily_login,2026-09-07,2026-09-07T07:24:00+00:00
8532,a2cc3818-be31-5aeb-828c-e23f579431aa,5,daily_login,2026-09-07,2026-09-07T07:25:00+00:00
8533,ef763ec1-f93c-5744-9640-4ca59adf9347,5,daily_login,2026-09-07,2026-09-07T07:25:00+00:00
8534,baa8ef70-5b01-5a49-84cb-71c353290705,5,daily_login,2026-09-07,2026-09-07T07:26:00+00:00
8535,20b4182c-90f7-51da-99e8-97ade4d19a92,5,daily_login,2026-09-07,2026-09-07T07:26:00+00:00
8536,4307ee18-2e16-50be-abbc-db160bb8e8fd,5,daily_login,2026-09-07,2026-09-07T07:26:00+00:00
8537,e502b694-466f-5e1f-9293-146b264ae20c,5,daily_login,2026-09-07,2026-09-07T07:27:00+00:00
8538,d0c58825-6ead-50f6-9a07-f2f95dbb51ea,5,daily_login,2026-09-07,2026-09-07T07:27:00+00:00
8539,2e2e8079-6c9e-51c9-bc7e-1475045fd514,5,daily_login,2026-09-07,2026-09-07T07:27:00+00:00
8540,e7dd6cb0-626e-510a-9e98-0498c534b04d,5,daily_login,2026-09-07,2026-09-07T07:28:00+00:00
8541,774fd1d7-ca6b-5177-9d91-fc7b24739425,5,daily_login,2026-09-07,2026-09-07T07:30:00+00:00
8542,0947c4b9-50d6-50e2-9043-84a15b80e8c7,5,daily_login,2026-09-07,2026-09-07T07:30:00+00:00
8543,45cee65b-db52-5dff-b09d-0ee1ac2be20f,5,daily_login,2026-09-07,2026-09-07T07:31:00+00:00
8544,82a5c89c-0b3a-58b9-9259-837a5348a5c2,5,daily_login,2026-09-07,2026-09-07T07:31:00+00:00
8545,95927b04-f214-5c26-878d-fb55176e41bc,5,daily_login,2026-09-07,2026-09-07T07:32:00+00:00
8546,9cba29b2-e169-54f3-9d61-1d5013f80312,5,daily_login,2026-09-07,2026-09-07T07:32:00+00:00
8547,84047d01-74e6-5a08-a20e-b5c25e3eff3e,5,daily_login,2026-09-07,2026-09-07T07:33:00+00:00
8548,88820056-e901-59a1-b2ca-c4e813b34f7b,5,daily_login,2026-09-07,2026-09-07T07:33:00+00:00
8549,bc38029f-d1c5-5b8f-8055-d446a522cb91,5,daily_login,2026-09-07,2026-09-07T07:34:00+00:00
8550,19e81afb-74c1-5b4a-9af3-469f3b610235,5,daily_login,2026-09-07,2026-09-07T07:34:00+00:00
8551,a0a53b38-722a-56e6-a52c-fe0e06169a59,5,daily_login,2026-09-07,2026-09-07T07:34:00+00:00
8552,6720265f-9f2b-5485-bf24-54e1784991b6,5,daily_login,2026-09-07,2026-09-07T07:34:00+00:00
8553,01c00e49-c4d6-5d4b-bbc1-8aa3fe21ba2a,5,daily_login,2026-09-07,2026-09-07T07:34:00+00:00
8554,9a026691-28ff-5880-9da3-006735af19d3,5,daily_login,2026-09-07,2026-09-07T07:35:00+00:00
8555,7e6a1243-34f5-52e6-862f-e5f3b2ebe640,5,daily_login,2026-09-07,2026-09-07T07:36:00+00:00
8556,4cf03b5a-e2ca-57f2-95b8-16a3b92247e6,5,daily_login,2026-09-07,2026-09-07T07:37:00+00:00
8557,4cf03b5a-e2ca-57f2-95b8-16a3b92247e6,5,streak_week_bonus,2026-09-07,2026-09-07T07:37:00+00:00
8558,f22a7317-9c2b-5d13-99b9-1a1622094bb3,5,daily_login,2026-09-07,2026-09-07T07:38:00+00:00
8559,eb397f92-99ac-5f0f-8f81-3540865f0477,5,daily_login,2026-09-07,2026-09-07T07:38:00+00:00
8560,ec6d706d-7dba-534b-8700-e6752dbd06e1,5,daily_login,2026-09-07,2026-09-07T07:38:00+00:00
8561,508d03e7-de84-523a-8242-f48abc9451d7,5,daily_login,2026-09-07,2026-09-07T07:39:00+00:00
8562,c6286e16-5e03-594c-aa67-861b8ba91b33,5,daily_login,2026-09-07,2026-09-07T07:39:00+00:00
8563,fb400c3e-ecd0-522e-8b8e-1323946be71a,5,daily_login,2026-09-07,2026-09-07T07:40:00+00:00
8564,77c684c4-9514-5edc-85ff-1052c8544c14,5,daily_login,2026-09-07,2026-09-07T07:42:00+00:00
8565,77c684c4-9514-5edc-85ff-1052c8544c14,5,streak_week_bonus,2026-09-07,2026-09-07T07:42:00+00:00
8566,dfe9e449-d177-56af-a679-d3e1c78c5c02,5,daily_login,2026-09-07,2026-09-07T07:43:00+00:00
8567,3b932376-f549-5a1c-a24b-664b4bc338e3,5,daily_login,2026-09-07,2026-09-07T07:43:00+00:00
8568,36016ab9-3cc9-5f6a-8bc7-1d138ad9cb43,5,daily_login,2026-09-07,2026-09-07T07:44:00+00:00
8569,a5526e82-ef69-522b-b3ad-df818658bde0,5,daily_login,2026-09-07,2026-09-07T07:44:00+00:00
8570,405fd522-6b0d-52fc-b397-dc3ce2e4a2ea,5,daily_login,2026-09-07,2026-09-07T07:44:00+00:00
8571,e137404e-9196-525c-b17a-44dc96d29f29,5,daily_login,2026-09-07,2026-09-07T07:44:00+00:00
8572,d2a70bca-a25c-522f-9b7e-c967b69503cc,5,daily_login,2026-09-07,2026-09-07T07:45:00+00:00
8573,b39a9d3d-f3eb-5d31-9cc7-15e278969b70,5,daily_login,2026-09-07,2026-09-07T07:46:00+00:00
8574,63fdd1e3-9db3-5b05-9799-510eea6abab7,250,helpful_5,badge,2026-09-07T09:00:00+00:00
8575,ae7ac442-d880-5cd8-bc30-8d21c5f7dc54,15,task_complete,task:491,2026-09-07T09:30:00+00:00
8576,fd96bbd1-5601-5c99-a1e2-04b09168b35e,20,thread_create,thread:116,2026-09-08T00:30:00+00:00
8577,d9fbcbde-376a-5f82-9fb5-268a24b02d57,5,daily_login,2026-09-08,2026-09-08T07:10:00+00:00
8578,610e9654-06d6-5e55-959b-377b8749b8f9,5,daily_login,2026-09-08,2026-09-08T07:10:00+00:00
8579,f0f4eb8c-a1ed-50a1-bc7d-2863700a31a5,5,daily_login,2026-09-08,2026-09-08T07:11:00+00:00
8580,37b7aed3-d207-54f7-b4ec-0e05c50eaeb2,5,daily_login,2026-09-08,2026-09-08T07:11:00+00:00
8581,8ae0340a-8eaf-5e9d-9db0-ac449334023d,5,daily_login,2026-09-08,2026-09-08T07:12:00+00:00
8582,f985b68e-39ae-5c83-8468-2b126802c414,5,daily_login,2026-09-08,2026-09-08T07:12:00+00:00
8583,3d0f3e54-413b-5a89-bc88-8cb0e7246b97,5,daily_login,2026-09-08,2026-09-08T07:12:00+00:00
8584,3d016498-e16a-5ad9-95c7-b633dfc6a142,5,daily_login,2026-09-08,2026-09-08T07:13:00+00:00
8585,001e944b-e64e-5742-afb7-5e04327e41ee,5,daily_login,2026-09-08,2026-09-08T07:14:00+00:00
8586,3d5b480d-3962-5c76-96ca-5459d65372aa,5,daily_login,2026-09-08,2026-09-08T07:14:00+00:00
8587,20b63262-d3e6-555a-95b2-84fc87694a19,5,daily_login,2026-09-08,2026-09-08T07:15:00+00:00
8588,90cced0e-f2c7-528c-bd28-38c44ead6c98,5,daily_login,2026-09-08,2026-09-08T07:15:00+00:00
8589,50d6350f-ffd4-59ad-a1ff-65a49a77a913,5,daily_login,2026-09-08,2026-09-08T07:16:00+00:00
8590,693ebb02-ab3f-5d60-b798-d4d4df4900d2,5,daily_login,2026-09-08,2026-09-08T07:16:00+00:00
8591,9355c2cf-38db-5118-9b77-3d5b5b3870df,5,daily_login,2026-09-08,2026-09-08T07:17:00+00:00
8592,9b2e34a9-6722-598e-a857-e346acd294bf,5,daily_login,2026-09-08,2026-09-08T07:17:00+00:00
8593,52ab3a8f-ec5c-5e66-bcd5-efc304512118,5,daily_login,2026-09-08,2026-09-08T07:18:00+00:00
8594,96dbbdad-601e-5bc2-9d1a-78f9f6349a39,5,daily_login,2026-09-08,2026-09-08T07:18:00+00:00
8595,5a4b137d-2ebb-5c75-8cdd-bf77406b4b9f,5,daily_login,2026-09-08,2026-09-08T07:19:00+00:00
8596,63fdd1e3-9db3-5b05-9799-510eea6abab7,5,daily_login,2026-09-08,2026-09-08T07:20:00+00:00
8597,9047d24d-0775-5f10-bf17-6e8fc62c5884,5,daily_login,2026-09-08,2026-09-08T07:20:00+00:00
8598,1b1e4344-fde4-5cc2-b82c-4fb458696522,5,daily_login,2026-09-08,2026-09-08T07:21:00+00:00
8599,4966bb54-4d4f-5992-8586-1bd44991d17f,5,daily_login,2026-09-08,2026-09-08T07:22:00+00:00
8600,d16e3cdc-2868-563d-867d-62fa9b8b24ea,5,daily_login,2026-09-08,2026-09-08T07:22:00+00:00
8601,d16e3cdc-2868-563d-867d-62fa9b8b24ea,5,streak_week_bonus,2026-09-08,2026-09-08T07:22:00+00:00
8602,4c310820-12d3-5128-9a45-973db446b59e,5,daily_login,2026-09-08,2026-09-08T07:23:00+00:00
8603,02bf8d95-eee4-5287-b363-0551cc4a6d51,5,daily_login,2026-09-08,2026-09-08T07:23:00+00:00
8604,35e87bcc-650c-5e3f-9741-3f0c54905b6f,5,daily_login,2026-09-08,2026-09-08T07:23:00+00:00
8605,58074159-53d7-5a52-8436-d84a05af35a9,5,daily_login,2026-09-08,2026-09-08T07:24:00+00:00
8606,61347d09-09eb-5f04-a4ec-fe830319799f,5,daily_login,2026-09-08,2026-09-08T07:24:00+00:00
8607,a2cc3818-be31-5aeb-828c-e23f579431aa,5,daily_login,2026-09-08,2026-09-08T07:25:00+00:00
8608,1bf86e3f-0e6e-5241-b319-71005237945f,5,daily_login,2026-09-08,2026-09-08T07:25:00+00:00
8609,6b9b6012-cdb4-50eb-8ad0-01c36516df23,5,daily_login,2026-09-08,2026-09-08T07:26:00+00:00
8610,e502b694-466f-5e1f-9293-146b264ae20c,5,daily_login,2026-09-08,2026-09-08T07:27:00+00:00
8611,d0c58825-6ead-50f6-9a07-f2f95dbb51ea,5,daily_login,2026-09-08,2026-09-08T07:27:00+00:00
8612,458287c3-1628-5e26-8930-0d88ae11ce1a,5,daily_login,2026-09-08,2026-09-08T07:27:00+00:00
8613,2e2e8079-6c9e-51c9-bc7e-1475045fd514,5,daily_login,2026-09-08,2026-09-08T07:27:00+00:00
8614,49a9d8f7-08ea-5972-af3a-0ca0a6c06e59,5,daily_login,2026-09-08,2026-09-08T07:27:00+00:00
8615,5c465a9a-bc36-5d7b-b5a2-0f18d9dab68a,5,daily_login,2026-09-08,2026-09-08T07:27:00+00:00
8616,e7dd6cb0-626e-510a-9e98-0498c534b04d,5,daily_login,2026-09-08,2026-09-08T07:28:00+00:00
8617,0e49007f-82be-5238-a956-37d8f7b40d4c,5,daily_login,2026-09-08,2026-09-08T07:29:00+00:00
8618,f0ca4141-ccff-5472-ba76-f4b194108c7b,5,daily_login,2026-09-08,2026-09-08T07:29:00+00:00
8619,da462241-608b-5422-bdbd-0d98184a433d,5,daily_login,2026-09-08,2026-09-08T07:30:00+00:00
8620,facb4557-eabe-5f8b-89cc-f223b91c89b7,5,daily_login,2026-09-08,2026-09-08T07:30:00+00:00
8621,10feece1-a2cd-532b-8488-21659a3bee22,5,daily_login,2026-09-08,2026-09-08T07:31:00+00:00
8622,ee289908-380a-5bb3-8fdc-0990b203929b,5,daily_login,2026-09-08,2026-09-08T07:32:00+00:00
8623,95927b04-f214-5c26-878d-fb55176e41bc,5,daily_login,2026-09-08,2026-09-08T07:32:00+00:00
8624,9cba29b2-e169-54f3-9d61-1d5013f80312,5,daily_login,2026-09-08,2026-09-08T07:32:00+00:00
8625,44f09dba-7a20-5f46-840b-4670e6c7eb92,5,daily_login,2026-09-08,2026-09-08T07:33:00+00:00
8626,88820056-e901-59a1-b2ca-c4e813b34f7b,5,daily_login,2026-09-08,2026-09-08T07:33:00+00:00
8627,a0a53b38-722a-56e6-a52c-fe0e06169a59,5,daily_login,2026-09-08,2026-09-08T07:34:00+00:00
8628,6720265f-9f2b-5485-bf24-54e1784991b6,5,daily_login,2026-09-08,2026-09-08T07:34:00+00:00
8629,5d857806-7d61-533b-bc12-af2d7b775d29,5,daily_login,2026-09-08,2026-09-08T07:35:00+00:00
8630,8fa5b823-1a70-59f7-9bb2-b3d5f36dc82b,5,daily_login,2026-09-08,2026-09-08T07:36:00+00:00
8631,9edec740-5de6-5c27-8233-5cf72946b182,5,daily_login,2026-09-08,2026-09-08T07:36:00+00:00
8632,4cf03b5a-e2ca-57f2-95b8-16a3b92247e6,5,daily_login,2026-09-08,2026-09-08T07:37:00+00:00
8633,ab45f9eb-3fee-5ea5-bccb-faffc50f3e76,5,daily_login,2026-09-08,2026-09-08T07:37:00+00:00
8634,6988340a-a3c1-5fda-a996-711f1723c649,5,daily_login,2026-09-08,2026-09-08T07:37:00+00:00
8635,eb397f92-99ac-5f0f-8f81-3540865f0477,5,daily_login,2026-09-08,2026-09-08T07:38:00+00:00
8636,bdc5faf6-386d-5338-99a0-32d156bcbd68,5,daily_login,2026-09-08,2026-09-08T07:38:00+00:00
8637,0bd9c807-50b6-567b-befe-96c80ed2fc9d,5,daily_login,2026-09-08,2026-09-08T07:38:00+00:00
8638,508d03e7-de84-523a-8242-f48abc9451d7,5,daily_login,2026-09-08,2026-09-08T07:39:00+00:00
8639,c6286e16-5e03-594c-aa67-861b8ba91b33,5,daily_login,2026-09-08,2026-09-08T07:39:00+00:00
8640,e21dfd78-ea9f-5754-a3b2-3b3b66dd30b5,5,daily_login,2026-09-08,2026-09-08T07:39:00+00:00
8641,bb4b0d34-59a4-5948-a9be-a1aa6caece55,5,daily_login,2026-09-08,2026-09-08T07:40:00+00:00
8642,51420309-4688-52d6-84b9-51c0dc3a900e,5,daily_login,2026-09-08,2026-09-08T07:40:00+00:00
8643,fb400c3e-ecd0-522e-8b8e-1323946be71a,5,daily_login,2026-09-08,2026-09-08T07:40:00+00:00
8644,33ba5d16-c38c-5bcf-9896-ea8ae81d6e7b,5,daily_login,2026-09-08,2026-09-08T07:41:00+00:00
8645,0b532307-3033-5baf-b61c-915d1213c01f,5,daily_login,2026-09-08,2026-09-08T07:41:00+00:00
8646,373cd20e-25d5-5a46-a0ae-18157cf68a55,5,daily_login,2026-09-08,2026-09-08T07:41:00+00:00
8647,77c684c4-9514-5edc-85ff-1052c8544c14,5,daily_login,2026-09-08,2026-09-08T07:42:00+00:00
8648,b5be680a-732e-55e0-bc5d-b80e831ff33a,5,daily_login,2026-09-08,2026-09-08T07:42:00+00:00
8649,daa36188-60fd-56a2-938b-70b1b51084b0,5,daily_login,2026-09-08,2026-09-08T07:43:00+00:00
8650,dfe9e449-d177-56af-a679-d3e1c78c5c02,5,daily_login,2026-09-08,2026-09-08T07:43:00+00:00
8651,3b932376-f549-5a1c-a24b-664b4bc338e3,5,daily_login,2026-09-08,2026-09-08T07:43:00+00:00
8652,36016ab9-3cc9-5f6a-8bc7-1d138ad9cb43,5,daily_login,2026-09-08,2026-09-08T07:44:00+00:00
8653,405fd522-6b0d-52fc-b397-dc3ce2e4a2ea,5,daily_login,2026-09-08,2026-09-08T07:44:00+00:00
8654,e137404e-9196-525c-b17a-44dc96d29f29,5,daily_login,2026-09-08,2026-09-08T07:44:00+00:00
8655,3bc3e38a-5ff7-5330-ab2d-8add18e85d57,5,daily_login,2026-09-08,2026-09-08T07:45:00+00:00
8656,84da666c-c47c-572e-b2c9-3b6f35881596,250,helpful_5,badge,2026-09-08T10:00:00+00:00
8657,d9fbcbde-376a-5f82-9fb5-268a24b02d57,5,daily_login,2026-09-09,2026-09-09T07:10:00+00:00
8658,95ff45a0-9b28-55cb-bba6-22a608a4e30d,5,daily_login,2026-09-09,2026-09-09T07:10:00+00:00
8659,f2561442-8439-5138-9a3b-8bcf96f16609,5,daily_login,2026-09-09,2026-09-09T07:10:00+00:00
8660,610e9654-06d6-5e55-959b-377b8749b8f9,5,daily_login,2026-09-09,2026-09-09T07:10:00+00:00
8661,1dd6da2f-292d-52b5-8e0e-a84885e81ba1,5,daily_login,2026-09-09,2026-09-09T07:12:00+00:00
8662,001e944b-e64e-5742-afb7-5e04327e41ee,5,daily_login,2026-09-09,2026-09-09T07:14:00+00:00
8663,3d5b480d-3962-5c76-96ca-5459d65372aa,5,daily_login,2026-09-09,2026-09-09T07:14:00+00:00
8664,90cced0e-f2c7-528c-bd28-38c44ead6c98,5,daily_login,2026-09-09,2026-09-09T07:15:00+00:00
8665,6ecf180b-be59-594c-a33b-31bd0120f01f,5,daily_login,2026-09-09,2026-09-09T07:15:00+00:00
8666,50d6350f-ffd4-59ad-a1ff-65a49a77a913,5,daily_login,2026-09-09,2026-09-09T07:16:00+00:00
8667,eb3717c1-cd92-5eeb-af40-9df7f3132426,5,daily_login,2026-09-09,2026-09-09T07:16:00+00:00
8668,9355c2cf-38db-5118-9b77-3d5b5b3870df,5,daily_login,2026-09-09,2026-09-09T07:17:00+00:00
8669,b7f1d97d-9f3c-5885-b9ef-48d67a16a686,5,daily_login,2026-09-09,2026-09-09T07:17:00+00:00
8670,52ab3a8f-ec5c-5e66-bcd5-efc304512118,5,daily_login,2026-09-09,2026-09-09T07:18:00+00:00
8671,96dbbdad-601e-5bc2-9d1a-78f9f6349a39,5,daily_login,2026-09-09,2026-09-09T07:18:00+00:00
8672,64609795-d498-5ea7-ad33-a3bcecf9d962,5,daily_login,2026-09-09,2026-09-09T07:18:00+00:00
8673,5a4b137d-2ebb-5c75-8cdd-bf77406b4b9f,5,daily_login,2026-09-09,2026-09-09T07:19:00+00:00
8674,cb162f3d-006f-544e-bfa6-f9abb8a52026,5,daily_login,2026-09-09,2026-09-09T07:19:00+00:00
8675,43a3bb15-e7a6-5c42-a198-3e0d7f080ba1,5,daily_login,2026-09-09,2026-09-09T07:20:00+00:00
8676,341a0cef-f4a9-53ee-8980-229dc154ff4e,5,daily_login,2026-09-09,2026-09-09T07:20:00+00:00
8677,9047d24d-0775-5f10-bf17-6e8fc62c5884,5,daily_login,2026-09-09,2026-09-09T07:20:00+00:00
8678,9c9c228f-3bd5-5da4-b666-fbfab93b4b7e,5,daily_login,2026-09-09,2026-09-09T07:21:00+00:00
8679,4845dc43-0c9d-5f09-aa4a-62e68abb5d12,5,daily_login,2026-09-09,2026-09-09T07:21:00+00:00
8680,7bdf8ad6-1318-5f74-9112-e2b655e215a2,5,daily_login,2026-09-09,2026-09-09T07:21:00+00:00
8681,44a33563-638c-52da-ae01-285f43dfcb99,5,daily_login,2026-09-09,2026-09-09T07:22:00+00:00
8682,d16e3cdc-2868-563d-867d-62fa9b8b24ea,5,daily_login,2026-09-09,2026-09-09T07:22:00+00:00
8683,4c310820-12d3-5128-9a45-973db446b59e,5,daily_login,2026-09-09,2026-09-09T07:23:00+00:00
8684,d5dc7189-89df-5fd7-983f-1124b6de3d68,5,daily_login,2026-09-09,2026-09-09T07:23:00+00:00
8685,02bf8d95-eee4-5287-b363-0551cc4a6d51,5,daily_login,2026-09-09,2026-09-09T07:23:00+00:00
8686,35e87bcc-650c-5e3f-9741-3f0c54905b6f,5,daily_login,2026-09-09,2026-09-09T07:23:00+00:00
8687,ffe47fd1-7989-5728-addd-50b504edd889,5,daily_login,2026-09-09,2026-09-09T07:24:00+00:00
8688,58074159-53d7-5a52-8436-d84a05af35a9,5,daily_login,2026-09-09,2026-09-09T07:24:00+00:00
8689,61347d09-09eb-5f04-a4ec-fe830319799f,5,daily_login,2026-09-09,2026-09-09T07:24:00+00:00
8690,a2cc3818-be31-5aeb-828c-e23f579431aa,5,daily_login,2026-09-09,2026-09-09T07:25:00+00:00
8691,53f78f7e-e2df-586b-b483-5748c92d0f9f,5,daily_login,2026-09-09,2026-09-09T07:25:00+00:00
8692,1bf86e3f-0e6e-5241-b319-71005237945f,5,daily_login,2026-09-09,2026-09-09T07:25:00+00:00
8693,20b4182c-90f7-51da-99e8-97ade4d19a92,5,daily_login,2026-09-09,2026-09-09T07:26:00+00:00
8694,e502b694-466f-5e1f-9293-146b264ae20c,5,daily_login,2026-09-09,2026-09-09T07:27:00+00:00
8695,e502b694-466f-5e1f-9293-146b264ae20c,5,streak_week_bonus,2026-09-09,2026-09-09T07:27:00+00:00
8696,d0c58825-6ead-50f6-9a07-f2f95dbb51ea,5,daily_login,2026-09-09,2026-09-09T07:27:00+00:00
8697,2e2e8079-6c9e-51c9-bc7e-1475045fd514,5,daily_login,2026-09-09,2026-09-09T07:27:00+00:00
8698,673e8617-3280-5bfa-85a6-738a6d64aac6,5,daily_login,2026-09-09,2026-09-09T07:28:00+00:00
8699,e7dd6cb0-626e-510a-9e98-0498c534b04d,5,daily_login,2026-09-09,2026-09-09T07:28:00+00:00
8700,774fd1d7-ca6b-5177-9d91-fc7b24739425,5,daily_login,2026-09-09,2026-09-09T07:30:00+00:00
8701,54561bf4-fe37-5b37-934d-9c7f81542f8b,5,daily_login,2026-09-09,2026-09-09T07:30:00+00:00
8702,da462241-608b-5422-bdbd-0d98184a433d,5,daily_login,2026-09-09,2026-09-09T07:30:00+00:00
8703,082b47e7-5a06-5a34-bd49-595c82b2b196,5,daily_login,2026-09-09,2026-09-09T07:31:00+00:00
8704,45cee65b-db52-5dff-b09d-0ee1ac2be20f,5,daily_login,2026-09-09,2026-09-09T07:31:00+00:00
8705,f8f213c7-3d61-567e-9735-5e3e9498b892,5,daily_login,2026-09-09,2026-09-09T07:31:00+00:00
8706,84047d01-74e6-5a08-a20e-b5c25e3eff3e,5,daily_login,2026-09-09,2026-09-09T07:33:00+00:00
8707,44f09dba-7a20-5f46-840b-4670e6c7eb92,5,daily_login,2026-09-09,2026-09-09T07:33:00+00:00
8708,88820056-e901-59a1-b2ca-c4e813b34f7b,5,daily_login,2026-09-09,2026-09-09T07:33:00+00:00
8709,a0a53b38-722a-56e6-a52c-fe0e06169a59,5,daily_login,2026-09-09,2026-09-09T07:34:00+00:00
8710,6720265f-9f2b-5485-bf24-54e1784991b6,5,daily_login,2026-09-09,2026-09-09T07:34:00+00:00
8711,01c00e49-c4d6-5d4b-bbc1-8aa3fe21ba2a,5,daily_login,2026-09-09,2026-09-09T07:34:00+00:00
8712,5d857806-7d61-533b-bc12-af2d7b775d29,5,daily_login,2026-09-09,2026-09-09T07:35:00+00:00
8713,9a026691-28ff-5880-9da3-006735af19d3,5,daily_login,2026-09-09,2026-09-09T07:35:00+00:00
8714,4cf03b5a-e2ca-57f2-95b8-16a3b92247e6,5,daily_login,2026-09-09,2026-09-09T07:37:00+00:00
8715,ab45f9eb-3fee-5ea5-bccb-faffc50f3e76,5,daily_login,2026-09-09,2026-09-09T07:37:00+00:00
8716,5ce94e6e-a987-5fd1-90b2-94a1174f9376,5,daily_login,2026-09-09,2026-09-09T07:37:00+00:00
8717,ec6d706d-7dba-534b-8700-e6752dbd06e1,5,daily_login,2026-09-09,2026-09-09T07:38:00+00:00
8718,bdc5faf6-386d-5338-99a0-32d156bcbd68,5,daily_login,2026-09-09,2026-09-09T07:38:00+00:00
8719,0bd9c807-50b6-567b-befe-96c80ed2fc9d,5,daily_login,2026-09-09,2026-09-09T07:38:00+00:00
8720,302b84f9-9053-5cf7-bed0-305678227875,5,daily_login,2026-09-09,2026-09-09T07:39:00+00:00
8721,508d03e7-de84-523a-8242-f48abc9451d7,5,daily_login,2026-09-09,2026-09-09T07:39:00+00:00
8722,c6286e16-5e03-594c-aa67-861b8ba91b33,5,daily_login,2026-09-09,2026-09-09T07:39:00+00:00
8723,7b48b183-5d87-500f-9cec-2e003c19efac,5,daily_login,2026-09-09,2026-09-09T07:40:00+00:00
8724,bb4b0d34-59a4-5948-a9be-a1aa6caece55,5,daily_login,2026-09-09,2026-09-09T07:40:00+00:00
8725,d767d4bb-a2aa-587a-90f9-23d0689ae52a,5,daily_login,2026-09-09,2026-09-09T07:40:00+00:00
8726,51420309-4688-52d6-84b9-51c0dc3a900e,5,daily_login,2026-09-09,2026-09-09T07:40:00+00:00
8727,fb400c3e-ecd0-522e-8b8e-1323946be71a,5,daily_login,2026-09-09,2026-09-09T07:40:00+00:00
8728,96ccee9a-30f2-56cd-b597-a927c84e0f75,5,daily_login,2026-09-09,2026-09-09T07:41:00+00:00
8729,33ba5d16-c38c-5bcf-9896-ea8ae81d6e7b,5,daily_login,2026-09-09,2026-09-09T07:41:00+00:00
8730,7624f38b-fbca-546f-af04-c9dda9318f82,5,daily_login,2026-09-09,2026-09-09T07:41:00+00:00
8731,b5be680a-732e-55e0-bc5d-b80e831ff33a,5,daily_login,2026-09-09,2026-09-09T07:42:00+00:00
8732,a070c6d0-c23b-5036-b352-f16db0d6ec8e,5,daily_login,2026-09-09,2026-09-09T07:43:00+00:00
8733,36016ab9-3cc9-5f6a-8bc7-1d138ad9cb43,5,daily_login,2026-09-09,2026-09-09T07:44:00+00:00
8734,a5526e82-ef69-522b-b3ad-df818658bde0,5,daily_login,2026-09-09,2026-09-09T07:44:00+00:00
8735,405fd522-6b0d-52fc-b397-dc3ce2e4a2ea,5,daily_login,2026-09-09,2026-09-09T07:44:00+00:00
8736,e137404e-9196-525c-b17a-44dc96d29f29,5,daily_login,2026-09-09,2026-09-09T07:44:00+00:00
8737,6d9d0917-bda8-5863-abe4-92d14b0cc926,5,daily_login,2026-09-09,2026-09-09T07:44:00+00:00
8738,d2a70bca-a25c-522f-9b7e-c967b69503cc,5,daily_login,2026-09-09,2026-09-09T07:45:00+00:00
8739,6ac5a7a4-ae0d-5e31-8a7c-d85b63a96c46,5,daily_login,2026-09-09,2026-09-09T07:45:00+00:00
8740,5ccdaadc-80b2-50e1-a0c1-bad0246a7cf2,5,daily_login,2026-09-09,2026-09-09T07:46:00+00:00
8741,651ce25b-8132-52d9-8f74-889f22c3bb5c,15,task_complete,task:244,2026-09-10T01:30:00+00:00
8742,651ce25b-8132-52d9-8f74-889f22c3bb5c,100,first_task,badge,2026-09-10T01:30:00+00:00
8743,d9fbcbde-376a-5f82-9fb5-268a24b02d57,5,daily_login,2026-09-10,2026-09-10T07:10:00+00:00
8744,f2561442-8439-5138-9a3b-8bcf96f16609,5,daily_login,2026-09-10,2026-09-10T07:10:00+00:00
8745,518ae987-15f7-5b22-8bcc-df59623dbdce,5,daily_login,2026-09-10,2026-09-10T07:10:00+00:00
8746,f0f4eb8c-a1ed-50a1-bc7d-2863700a31a5,5,daily_login,2026-09-10,2026-09-10T07:11:00+00:00
8747,0da68170-ff38-5dad-9224-770d261f1c8a,5,daily_login,2026-09-10,2026-09-10T07:11:00+00:00
8748,1dd6da2f-292d-52b5-8e0e-a84885e81ba1,5,daily_login,2026-09-10,2026-09-10T07:12:00+00:00
8749,a36cd93c-2f0c-5956-9a51-8094e39a7bed,5,daily_login,2026-09-10,2026-09-10T07:14:00+00:00
8750,34046d1a-c67e-5a81-b9d5-47dd4840c4fe,5,daily_login,2026-09-10,2026-09-10T07:14:00+00:00
8751,3d5b480d-3962-5c76-96ca-5459d65372aa,5,daily_login,2026-09-10,2026-09-10T07:14:00+00:00
8752,6ecf180b-be59-594c-a33b-31bd0120f01f,5,daily_login,2026-09-10,2026-09-10T07:15:00+00:00
8753,d6b81cb4-a299-5894-baa5-463cb63679a3,5,daily_login,2026-09-10,2026-09-10T07:15:00+00:00
8754,693ebb02-ab3f-5d60-b798-d4d4df4900d2,5,daily_login,2026-09-10,2026-09-10T07:16:00+00:00
8755,9355c2cf-38db-5118-9b77-3d5b5b3870df,5,daily_login,2026-09-10,2026-09-10T07:17:00+00:00
8756,96dbbdad-601e-5bc2-9d1a-78f9f6349a39,5,daily_login,2026-09-10,2026-09-10T07:18:00+00:00
8757,64609795-d498-5ea7-ad33-a3bcecf9d962,5,daily_login,2026-09-10,2026-09-10T07:18:00+00:00
8758,cb162f3d-006f-544e-bfa6-f9abb8a52026,5,daily_login,2026-09-10,2026-09-10T07:19:00+00:00
8759,9d1c460b-bd0b-57ff-ac14-f2b10f73edd3,5,daily_login,2026-09-10,2026-09-10T07:19:00+00:00
8760,9047d24d-0775-5f10-bf17-6e8fc62c5884,5,daily_login,2026-09-10,2026-09-10T07:20:00+00:00
8761,7bdf8ad6-1318-5f74-9112-e2b655e215a2,5,daily_login,2026-09-10,2026-09-10T07:21:00+00:00
8762,4ec67eb8-4fda-5cbc-bbd1-a6afc7ce8130,5,daily_login,2026-09-10,2026-09-10T07:21:00+00:00
8763,85df6dcd-e42a-581f-802b-eb93568b74eb,5,daily_login,2026-09-10,2026-09-10T07:21:00+00:00
8764,484e243b-afd7-5767-bb0f-4262c0334aea,5,daily_login,2026-09-10,2026-09-10T07:22:00+00:00
8765,d16e3cdc-2868-563d-867d-62fa9b8b24ea,5,daily_login,2026-09-10,2026-09-10T07:22:00+00:00
8766,4c310820-12d3-5128-9a45-973db446b59e,5,daily_login,2026-09-10,2026-09-10T07:23:00+00:00
8767,d5dc7189-89df-5fd7-983f-1124b6de3d68,5,daily_login,2026-09-10,2026-09-10T07:23:00+00:00
8768,02bf8d95-eee4-5287-b363-0551cc4a6d51,5,daily_login,2026-09-10,2026-09-10T07:23:00+00:00
8769,35e87bcc-650c-5e3f-9741-3f0c54905b6f,5,daily_login,2026-09-10,2026-09-10T07:23:00+00:00
8770,88a268b0-6bca-5583-b041-ffdbc51be7e6,5,daily_login,2026-09-10,2026-09-10T07:24:00+00:00
8771,58074159-53d7-5a52-8436-d84a05af35a9,5,daily_login,2026-09-10,2026-09-10T07:24:00+00:00
8772,61347d09-09eb-5f04-a4ec-fe830319799f,5,daily_login,2026-09-10,2026-09-10T07:24:00+00:00
8773,a992f17b-79b6-5dcf-aed4-2aebaa5775c7,5,daily_login,2026-09-10,2026-09-10T07:25:00+00:00
8774,a2cc3818-be31-5aeb-828c-e23f579431aa,5,daily_login,2026-09-10,2026-09-10T07:25:00+00:00
8775,ef763ec1-f93c-5744-9640-4ca59adf9347,5,daily_login,2026-09-10,2026-09-10T07:25:00+00:00
8776,d9aaa9eb-5304-587b-b0f4-42a2d5930f54,5,daily_login,2026-09-10,2026-09-10T07:25:00+00:00
8777,1bf86e3f-0e6e-5241-b319-71005237945f,5,daily_login,2026-09-10,2026-09-10T07:25:00+00:00
8778,baa8ef70-5b01-5a49-84cb-71c353290705,5,daily_login,2026-09-10,2026-09-10T07:26:00+00:00
8779,a60d0128-bffa-5d2d-9915-36693e6bc3ba,5,daily_login,2026-09-10,2026-09-10T07:26:00+00:00
8780,7298015b-9105-595a-b879-3013c08053f7,5,daily_login,2026-09-10,2026-09-10T07:26:00+00:00
8781,d0c58825-6ead-50f6-9a07-f2f95dbb51ea,5,daily_login,2026-09-10,2026-09-10T07:27:00+00:00
8782,2e2e8079-6c9e-51c9-bc7e-1475045fd514,5,daily_login,2026-09-10,2026-09-10T07:27:00+00:00
8783,2e2e8079-6c9e-51c9-bc7e-1475045fd514,5,streak_week_bonus,2026-09-10,2026-09-10T07:27:00+00:00
8784,49a9d8f7-08ea-5972-af3a-0ca0a6c06e59,5,daily_login,2026-09-10,2026-09-10T07:27:00+00:00
8785,84da666c-c47c-572e-b2c9-3b6f35881596,5,daily_login,2026-09-10,2026-09-10T07:28:00+00:00
8786,f3744506-cae3-5f81-8a4f-506a60395be8,5,daily_login,2026-09-10,2026-09-10T07:28:00+00:00
8787,e3efd234-c7f9-5957-937f-661b1c3981ef,5,daily_login,2026-09-10,2026-09-10T07:28:00+00:00
8788,673e8617-3280-5bfa-85a6-738a6d64aac6,5,daily_login,2026-09-10,2026-09-10T07:28:00+00:00
8789,e7dd6cb0-626e-510a-9e98-0498c534b04d,5,daily_login,2026-09-10,2026-09-10T07:28:00+00:00
8790,f0ca4141-ccff-5472-ba76-f4b194108c7b,5,daily_login,2026-09-10,2026-09-10T07:29:00+00:00
8791,facb4557-eabe-5f8b-89cc-f223b91c89b7,5,daily_login,2026-09-10,2026-09-10T07:30:00+00:00
8792,082b47e7-5a06-5a34-bd49-595c82b2b196,5,daily_login,2026-09-10,2026-09-10T07:31:00+00:00
8793,0e992dba-f631-52d1-b7e3-76faec77c33f,5,daily_login,2026-09-10,2026-09-10T07:31:00+00:00
8794,82a5c89c-0b3a-58b9-9259-837a5348a5c2,5,daily_login,2026-09-10,2026-09-10T07:31:00+00:00
8795,ee289908-380a-5bb3-8fdc-0990b203929b,5,daily_login,2026-09-10,2026-09-10T07:32:00+00:00
8796,95927b04-f214-5c26-878d-fb55176e41bc,5,daily_login,2026-09-10,2026-09-10T07:32:00+00:00
8797,9cba29b2-e169-54f3-9d61-1d5013f80312,5,daily_login,2026-09-10,2026-09-10T07:32:00+00:00
8798,729fe171-fa0d-547e-b374-39bd19f4c645,5,daily_login,2026-09-10,2026-09-10T07:32:00+00:00
8799,88820056-e901-59a1-b2ca-c4e813b34f7b,5,daily_login,2026-09-10,2026-09-10T07:33:00+00:00
8800,a0a53b38-722a-56e6-a52c-fe0e06169a59,5,daily_login,2026-09-10,2026-09-10T07:34:00+00:00
8801,01c00e49-c4d6-5d4b-bbc1-8aa3fe21ba2a,5,daily_login,2026-09-10,2026-09-10T07:34:00+00:00
8802,9a026691-28ff-5880-9da3-006735af19d3,5,daily_login,2026-09-10,2026-09-10T07:35:00+00:00
8803,7e6a1243-34f5-52e6-862f-e5f3b2ebe640,5,daily_login,2026-09-10,2026-09-10T07:36:00+00:00
8804,4cf03b5a-e2ca-57f2-95b8-16a3b92247e6,5,daily_login,2026-09-10,2026-09-10T07:37:00+00:00
8805,ab45f9eb-3fee-5ea5-bccb-faffc50f3e76,5,daily_login,2026-09-10,2026-09-10T07:37:00+00:00
8806,6988340a-a3c1-5fda-a996-711f1723c649,5,daily_login,2026-09-10,2026-09-10T07:37:00+00:00
8807,eeeb9e89-042f-5fdc-8fcf-2c3ad56f9bf1,5,daily_login,2026-09-10,2026-09-10T07:39:00+00:00
8808,508d03e7-de84-523a-8242-f48abc9451d7,5,daily_login,2026-09-10,2026-09-10T07:39:00+00:00
8809,c6286e16-5e03-594c-aa67-861b8ba91b33,5,daily_login,2026-09-10,2026-09-10T07:39:00+00:00
8810,d767d4bb-a2aa-587a-90f9-23d0689ae52a,5,daily_login,2026-09-10,2026-09-10T07:40:00+00:00
8811,33ba5d16-c38c-5bcf-9896-ea8ae81d6e7b,5,daily_login,2026-09-10,2026-09-10T07:41:00+00:00
8812,77c684c4-9514-5edc-85ff-1052c8544c14,5,daily_login,2026-09-10,2026-09-10T07:42:00+00:00
8813,36016ab9-3cc9-5f6a-8bc7-1d138ad9cb43,5,daily_login,2026-09-10,2026-09-10T07:44:00+00:00
8814,a5526e82-ef69-522b-b3ad-df818658bde0,5,daily_login,2026-09-10,2026-09-10T07:44:00+00:00
8815,405fd522-6b0d-52fc-b397-dc3ce2e4a2ea,5,daily_login,2026-09-10,2026-09-10T07:44:00+00:00
8816,e137404e-9196-525c-b17a-44dc96d29f29,5,daily_login,2026-09-10,2026-09-10T07:44:00+00:00
8817,6ab0c42d-0ad5-5b3d-9c6c-4ab9eaa47586,5,daily_login,2026-09-10,2026-09-10T07:45:00+00:00
8818,ae7ac442-d880-5cd8-bc30-8d21c5f7dc54,5,daily_login,2026-09-10,2026-09-10T07:45:00+00:00
8819,3bc3e38a-5ff7-5330-ab2d-8add18e85d57,5,daily_login,2026-09-10,2026-09-10T07:45:00+00:00
8820,6ac5a7a4-ae0d-5e31-8a7c-d85b63a96c46,5,daily_login,2026-09-10,2026-09-10T07:45:00+00:00
8821,cac67f41-f5af-5268-9e2d-34feac0dc9fa,5,daily_login,2026-09-10,2026-09-10T07:46:00+00:00
8822,3a376c3a-3e46-5c8c-815c-232b66ca9bc8,15,task_complete,task:245,2026-09-11T02:30:00+00:00
8823,3a376c3a-3e46-5c8c-815c-232b66ca9bc8,100,first_task,badge,2026-09-11T02:30:00+00:00
8824,d9fbcbde-376a-5f82-9fb5-268a24b02d57,5,daily_login,2026-09-11,2026-09-11T07:10:00+00:00
8825,610e9654-06d6-5e55-959b-377b8749b8f9,5,daily_login,2026-09-11,2026-09-11T07:10:00+00:00
8826,518ae987-15f7-5b22-8bcc-df59623dbdce,5,daily_login,2026-09-11,2026-09-11T07:10:00+00:00
8827,37b7aed3-d207-54f7-b4ec-0e05c50eaeb2,5,daily_login,2026-09-11,2026-09-11T07:11:00+00:00
8828,b7180518-4b5b-54ef-9060-958212d05ab7,5,daily_login,2026-09-11,2026-09-11T07:11:00+00:00
8829,cd8c4c60-ab9b-5cf3-996e-d4fbb990f4c6,5,daily_login,2026-09-11,2026-09-11T07:12:00+00:00
8830,3d016498-e16a-5ad9-95c7-b633dfc6a142,5,daily_login,2026-09-11,2026-09-11T07:13:00+00:00
8831,f21481e8-5bf3-5aa6-a7e0-fe6e26920e28,5,daily_login,2026-09-11,2026-09-11T07:13:00+00:00
8832,001e944b-e64e-5742-afb7-5e04327e41ee,5,daily_login,2026-09-11,2026-09-11T07:14:00+00:00
8833,3d5b480d-3962-5c76-96ca-5459d65372aa,5,daily_login,2026-09-11,2026-09-11T07:14:00+00:00
8834,20b63262-d3e6-555a-95b2-84fc87694a19,5,daily_login,2026-09-11,2026-09-11T07:15:00+00:00
8835,90cced0e-f2c7-528c-bd28-38c44ead6c98,5,daily_login,2026-09-11,2026-09-11T07:15:00+00:00
8836,50d6350f-ffd4-59ad-a1ff-65a49a77a913,5,daily_login,2026-09-11,2026-09-11T07:16:00+00:00
8837,eb3717c1-cd92-5eeb-af40-9df7f3132426,5,daily_login,2026-09-11,2026-09-11T07:16:00+00:00
8838,eb3717c1-cd92-5eeb-af40-9df7f3132426,200,level_5,badge,2026-09-11T07:16:00+00:00
8839,1bc15434-bc22-56cc-a890-336efd2a11e5,5,daily_login,2026-09-11,2026-09-11T07:17:00+00:00
8840,9355c2cf-38db-5118-9b77-3d5b5b3870df,5,daily_login,2026-09-11,2026-09-11T07:17:00+00:00
8841,96dbbdad-601e-5bc2-9d1a-78f9f6349a39,5,daily_login,2026-09-11,2026-09-11T07:18:00+00:00
8842,e1f9b739-b2d3-51e6-9609-05805a6d151c,5,daily_login,2026-09-11,2026-09-11T07:19:00+00:00
8843,9d1c460b-bd0b-57ff-ac14-f2b10f73edd3,5,daily_login,2026-09-11,2026-09-11T07:19:00+00:00
8844,341a0cef-f4a9-53ee-8980-229dc154ff4e,5,daily_login,2026-09-11,2026-09-11T07:20:00+00:00
8845,9047d24d-0775-5f10-bf17-6e8fc62c5884,5,daily_login,2026-09-11,2026-09-11T07:20:00+00:00
8846,9c9c228f-3bd5-5da4-b666-fbfab93b4b7e,5,daily_login,2026-09-11,2026-09-11T07:21:00+00:00
8847,4845dc43-0c9d-5f09-aa4a-62e68abb5d12,5,daily_login,2026-09-11,2026-09-11T07:21:00+00:00
8848,7bdf8ad6-1318-5f74-9112-e2b655e215a2,5,daily_login,2026-09-11,2026-09-11T07:21:00+00:00
8849,1b1e4344-fde4-5cc2-b82c-4fb458696522,5,daily_login,2026-09-11,2026-09-11T07:21:00+00:00
8850,4966bb54-4d4f-5992-8586-1bd44991d17f,5,daily_login,2026-09-11,2026-09-11T07:22:00+00:00
8851,8819cb55-67e6-5a55-98c8-d80446975a9e,5,daily_login,2026-09-11,2026-09-11T07:22:00+00:00
8852,d16e3cdc-2868-563d-867d-62fa9b8b24ea,5,daily_login,2026-09-11,2026-09-11T07:22:00+00:00
8853,4c310820-12d3-5128-9a45-973db446b59e,5,daily_login,2026-09-11,2026-09-11T07:23:00+00:00
8854,d5dc7189-89df-5fd7-983f-1124b6de3d68,5,daily_login,2026-09-11,2026-09-11T07:23:00+00:00
8855,02bf8d95-eee4-5287-b363-0551cc4a6d51,5,daily_login,2026-09-11,2026-09-11T07:23:00+00:00
8856,35e87bcc-650c-5e3f-9741-3f0c54905b6f,5,daily_login,2026-09-11,2026-09-11T07:23:00+00:00
8857,88a268b0-6bca-5583-b041-ffdbc51be7e6,5,daily_login,2026-09-11,2026-09-11T07:24:00+00:00
8858,ffe47fd1-7989-5728-addd-50b504edd889,5,daily_login,2026-09-11,2026-09-11T07:24:00+00:00
8859,58074159-53d7-5a52-8436-d84a05af35a9,5,daily_login,2026-09-11,2026-09-11T07:24:00+00:00
8860,61347d09-09eb-5f04-a4ec-fe830319799f,5,daily_login,2026-09-11,2026-09-11T07:24:00+00:00
8861,a2cc3818-be31-5aeb-828c-e23f579431aa,5,daily_login,2026-09-11,2026-09-11T07:25:00+00:00
8862,1bf86e3f-0e6e-5241-b319-71005237945f,5,daily_login,2026-09-11,2026-09-11T07:25:00+00:00
8863,baa8ef70-5b01-5a49-84cb-71c353290705,5,daily_login,2026-09-11,2026-09-11T07:26:00+00:00
8864,a60d0128-bffa-5d2d-9915-36693e6bc3ba,5,daily_login,2026-09-11,2026-09-11T07:26:00+00:00
8865,e502b694-466f-5e1f-9293-146b264ae20c,5,daily_login,2026-09-11,2026-09-11T07:27:00+00:00
8866,d0c58825-6ead-50f6-9a07-f2f95dbb51ea,5,daily_login,2026-09-11,2026-09-11T07:27:00+00:00
8867,e3efd234-c7f9-5957-937f-661b1c3981ef,5,daily_login,2026-09-11,2026-09-11T07:28:00+00:00
8868,e7dd6cb0-626e-510a-9e98-0498c534b04d,5,daily_login,2026-09-11,2026-09-11T07:28:00+00:00
8869,e7dd6cb0-626e-510a-9e98-0498c534b04d,5,streak_week_bonus,2026-09-11,2026-09-11T07:28:00+00:00
8870,e7dd6cb0-626e-510a-9e98-0498c534b04d,200,streak_7,badge,2026-09-11T07:28:00+00:00
8871,a53c485b-a35c-51fb-84a5-364207ce0adb,5,daily_login,2026-09-11,2026-09-11T07:29:00+00:00
8872,5532dec3-02ae-5ac3-8b57-2e8214a8598b,5,daily_login,2026-09-11,2026-09-11T07:29:00+00:00
8873,54561bf4-fe37-5b37-934d-9c7f81542f8b,5,daily_login,2026-09-11,2026-09-11T07:30:00+00:00
8874,da462241-608b-5422-bdbd-0d98184a433d,5,daily_login,2026-09-11,2026-09-11T07:30:00+00:00
8875,45cee65b-db52-5dff-b09d-0ee1ac2be20f,5,daily_login,2026-09-11,2026-09-11T07:31:00+00:00
8876,f8f213c7-3d61-567e-9735-5e3e9498b892,5,daily_login,2026-09-11,2026-09-11T07:31:00+00:00
8877,ee289908-380a-5bb3-8fdc-0990b203929b,5,daily_login,2026-09-11,2026-09-11T07:32:00+00:00
8878,95927b04-f214-5c26-878d-fb55176e41bc,5,daily_login,2026-09-11,2026-09-11T07:32:00+00:00
8879,1062abbb-4fcd-51a9-95fc-5474e4af7640,5,daily_login,2026-09-11,2026-09-11T07:32:00+00:00
8880,6467241a-6abd-5888-8e87-40e0e86cbc55,5,daily_login,2026-09-11,2026-09-11T07:33:00+00:00
8881,88820056-e901-59a1-b2ca-c4e813b34f7b,5,daily_login,2026-09-11,2026-09-11T07:33:00+00:00
8882,a0a53b38-722a-56e6-a52c-fe0e06169a59,5,daily_login,2026-09-11,2026-09-11T07:34:00+00:00
8883,9a026691-28ff-5880-9da3-006735af19d3,5,daily_login,2026-09-11,2026-09-11T07:35:00+00:00
8884,8fa5b823-1a70-59f7-9bb2-b3d5f36dc82b,5,daily_login,2026-09-11,2026-09-11T07:36:00+00:00
8885,4cf03b5a-e2ca-57f2-95b8-16a3b92247e6,5,daily_login,2026-09-11,2026-09-11T07:37:00+00:00
8886,f6e8344b-87f4-5461-93fc-b01ff1ae4265,5,daily_login,2026-09-11,2026-09-11T07:37:00+00:00
8887,6988340a-a3c1-5fda-a996-711f1723c649,5,daily_login,2026-09-11,2026-09-11T07:37:00+00:00
8888,508d03e7-de84-523a-8242-f48abc9451d7,5,daily_login,2026-09-11,2026-09-11T07:39:00+00:00
8889,508d03e7-de84-523a-8242-f48abc9451d7,5,streak_week_bonus,2026-09-11,2026-09-11T07:39:00+00:00
8890,c6286e16-5e03-594c-aa67-861b8ba91b33,5,daily_login,2026-09-11,2026-09-11T07:39:00+00:00
8891,c6286e16-5e03-594c-aa67-861b8ba91b33,5,streak_week_bonus,2026-09-11,2026-09-11T07:39:00+00:00
8892,d767d4bb-a2aa-587a-90f9-23d0689ae52a,5,daily_login,2026-09-11,2026-09-11T07:40:00+00:00
8893,51420309-4688-52d6-84b9-51c0dc3a900e,5,daily_login,2026-09-11,2026-09-11T07:40:00+00:00
8894,96ccee9a-30f2-56cd-b597-a927c84e0f75,5,daily_login,2026-09-11,2026-09-11T07:41:00+00:00
8895,33ba5d16-c38c-5bcf-9896-ea8ae81d6e7b,5,daily_login,2026-09-11,2026-09-11T07:41:00+00:00
8896,33d87513-60c2-51ff-9ec5-f0f1389ed27e,5,daily_login,2026-09-11,2026-09-11T07:42:00+00:00
8897,dfe9e449-d177-56af-a679-d3e1c78c5c02,5,daily_login,2026-09-11,2026-09-11T07:43:00+00:00
8898,3b932376-f549-5a1c-a24b-664b4bc338e3,5,daily_login,2026-09-11,2026-09-11T07:43:00+00:00
8899,36016ab9-3cc9-5f6a-8bc7-1d138ad9cb43,5,daily_login,2026-09-11,2026-09-11T07:44:00+00:00
8900,a5526e82-ef69-522b-b3ad-df818658bde0,5,daily_login,2026-09-11,2026-09-11T07:44:00+00:00
8901,405fd522-6b0d-52fc-b397-dc3ce2e4a2ea,5,daily_login,2026-09-11,2026-09-11T07:44:00+00:00
8902,e137404e-9196-525c-b17a-44dc96d29f29,5,daily_login,2026-09-11,2026-09-11T07:44:00+00:00
8903,e137404e-9196-525c-b17a-44dc96d29f29,5,streak_week_bonus,2026-09-11,2026-09-11T07:44:00+00:00
8904,e137404e-9196-525c-b17a-44dc96d29f29,200,level_5,badge,2026-09-11T07:44:00+00:00
8905,5ccdaadc-80b2-50e1-a0c1-bad0246a7cf2,5,daily_login,2026-09-11,2026-09-11T07:46:00+00:00
8906,88a268b0-6bca-5583-b041-ffdbc51be7e6,300,project_completed,badge,2026-09-11T14:30:00+00:00
8907,2e2e8079-6c9e-51c9-bc7e-1475045fd514,60,milestone_complete,milestone:174,2026-09-11T14:30:00+00:00
8908,cb162f3d-006f-544e-bfa6-f9abb8a52026,20,thread_create,thread:136,2026-09-12T00:30:00+00:00
8909,cb162f3d-006f-544e-bfa6-f9abb8a52026,150,first_thread,badge,2026-09-12T00:30:00+00:00
8910,f985b68e-39ae-5c83-8468-2b126802c414,20,thread_create,thread:138,2026-09-12T01:30:00+00:00
8911,f985b68e-39ae-5c83-8468-2b126802c414,150,first_thread,badge,2026-09-12T01:30:00+00:00
8912,eb397f92-99ac-5f0f-8f81-3540865f0477,20,thread_create,thread:141,2026-09-12T01:30:00+00:00
8913,77c684c4-9514-5edc-85ff-1052c8544c14,20,thread_create,thread:129,2026-09-12T06:30:00+00:00
8914,d9fbcbde-376a-5f82-9fb5-268a24b02d57,5,daily_login,2026-09-12,2026-09-12T07:10:00+00:00
8915,f2561442-8439-5138-9a3b-8bcf96f16609,5,daily_login,2026-09-12,2026-09-12T07:10:00+00:00
8916,af808cd8-ab34-515f-a8a0-a1b0719a537b,5,daily_login,2026-09-12,2026-09-12T07:10:00+00:00
8917,610e9654-06d6-5e55-959b-377b8749b8f9,5,daily_login,2026-09-12,2026-09-12T07:10:00+00:00
8918,518ae987-15f7-5b22-8bcc-df59623dbdce,5,daily_login,2026-09-12,2026-09-12T07:10:00+00:00
8919,37b7aed3-d207-54f7-b4ec-0e05c50eaeb2,5,daily_login,2026-09-12,2026-09-12T07:11:00+00:00
8920,0da68170-ff38-5dad-9224-770d261f1c8a,5,daily_login,2026-09-12,2026-09-12T07:11:00+00:00
8921,b7180518-4b5b-54ef-9060-958212d05ab7,5,daily_login,2026-09-12,2026-09-12T07:11:00+00:00
8922,f985b68e-39ae-5c83-8468-2b126802c414,5,daily_login,2026-09-12,2026-09-12T07:12:00+00:00
8923,3d016498-e16a-5ad9-95c7-b633dfc6a142,5,daily_login,2026-09-12,2026-09-12T07:13:00+00:00
8924,a36cd93c-2f0c-5956-9a51-8094e39a7bed,5,daily_login,2026-09-12,2026-09-12T07:14:00+00:00
8925,3d5b480d-3962-5c76-96ca-5459d65372aa,5,daily_login,2026-09-12,2026-09-12T07:14:00+00:00
8926,20b63262-d3e6-555a-95b2-84fc87694a19,5,daily_login,2026-09-12,2026-09-12T07:15:00+00:00
8927,6ecf180b-be59-594c-a33b-31bd0120f01f,5,daily_login,2026-09-12,2026-09-12T07:15:00+00:00
8928,50d6350f-ffd4-59ad-a1ff-65a49a77a913,5,daily_login,2026-09-12,2026-09-12T07:16:00+00:00
8929,06657aeb-b604-5b0d-9281-d2e5afb78a9d,5,daily_login,2026-09-12,2026-09-12T07:16:00+00:00
8930,9355c2cf-38db-5118-9b77-3d5b5b3870df,5,daily_login,2026-09-12,2026-09-12T07:17:00+00:00
8931,9b2e34a9-6722-598e-a857-e346acd294bf,5,daily_login,2026-09-12,2026-09-12T07:17:00+00:00
8932,096499d2-73d6-5063-9dd4-a7c1aebac61d,5,daily_login,2026-09-12,2026-09-12T07:17:00+00:00
8933,52ab3a8f-ec5c-5e66-bcd5-efc304512118,5,daily_login,2026-09-12,2026-09-12T07:18:00+00:00
8934,96dbbdad-601e-5bc2-9d1a-78f9f6349a39,5,daily_login,2026-09-12,2026-09-12T07:18:00+00:00
8935,64609795-d498-5ea7-ad33-a3bcecf9d962,5,daily_login,2026-09-12,2026-09-12T07:18:00+00:00
8936,d3175e63-6121-5d55-b429-df91670d9aca,5,daily_login,2026-09-12,2026-09-12T07:18:00+00:00
8937,e1f9b739-b2d3-51e6-9609-05805a6d151c,5,daily_login,2026-09-12,2026-09-12T07:19:00+00:00
8938,9d1c460b-bd0b-57ff-ac14-f2b10f73edd3,5,daily_login,2026-09-12,2026-09-12T07:19:00+00:00
8939,43a3bb15-e7a6-5c42-a198-3e0d7f080ba1,5,daily_login,2026-09-12,2026-09-12T07:20:00+00:00
8940,9047d24d-0775-5f10-bf17-6e8fc62c5884,5,daily_login,2026-09-12,2026-09-12T07:20:00+00:00
8941,7bdf8ad6-1318-5f74-9112-e2b655e215a2,5,daily_login,2026-09-12,2026-09-12T07:21:00+00:00
8942,4ec67eb8-4fda-5cbc-bbd1-a6afc7ce8130,5,daily_login,2026-09-12,2026-09-12T07:21:00+00:00
8943,d16e3cdc-2868-563d-867d-62fa9b8b24ea,5,daily_login,2026-09-12,2026-09-12T07:22:00+00:00
8944,4c310820-12d3-5128-9a45-973db446b59e,5,daily_login,2026-09-12,2026-09-12T07:23:00+00:00
8945,d5dc7189-89df-5fd7-983f-1124b6de3d68,5,daily_login,2026-09-12,2026-09-12T07:23:00+00:00
8946,02bf8d95-eee4-5287-b363-0551cc4a6d51,5,daily_login,2026-09-12,2026-09-12T07:23:00+00:00
8947,02bf8d95-eee4-5287-b363-0551cc4a6d51,5,streak_week_bonus,2026-09-12,2026-09-12T07:23:00+00:00
8948,58074159-53d7-5a52-8436-d84a05af35a9,5,daily_login,2026-09-12,2026-09-12T07:24:00+00:00
8949,a2cc3818-be31-5aeb-828c-e23f579431aa,5,daily_login,2026-09-12,2026-09-12T07:25:00+00:00
8950,a2cc3818-be31-5aeb-828c-e23f579431aa,5,streak_week_bonus,2026-09-12,2026-09-12T07:25:00+00:00
8951,4307ee18-2e16-50be-abbc-db160bb8e8fd,5,daily_login,2026-09-12,2026-09-12T07:26:00+00:00
8952,7298015b-9105-595a-b879-3013c08053f7,5,daily_login,2026-09-12,2026-09-12T07:26:00+00:00
8953,e502b694-466f-5e1f-9293-146b264ae20c,5,daily_login,2026-09-12,2026-09-12T07:27:00+00:00
8954,d0c58825-6ead-50f6-9a07-f2f95dbb51ea,5,daily_login,2026-09-12,2026-09-12T07:27:00+00:00
8955,2e2e8079-6c9e-51c9-bc7e-1475045fd514,5,daily_login,2026-09-12,2026-09-12T07:27:00+00:00
8956,e7dd6cb0-626e-510a-9e98-0498c534b04d,5,daily_login,2026-09-12,2026-09-12T07:28:00+00:00
8957,5532dec3-02ae-5ac3-8b57-2e8214a8598b,5,daily_login,2026-09-12,2026-09-12T07:29:00+00:00
8958,96373821-4bf4-53b8-bd24-bb64bbb3b84e,5,daily_login,2026-09-12,2026-09-12T07:30:00+00:00
8959,54561bf4-fe37-5b37-934d-9c7f81542f8b,5,daily_login,2026-09-12,2026-09-12T07:30:00+00:00
8960,facb4557-eabe-5f8b-89cc-f223b91c89b7,5,daily_login,2026-09-12,2026-09-12T07:30:00+00:00
8961,44f09dba-7a20-5f46-840b-4670e6c7eb92,20,thread_create,thread:162,2026-09-12T07:30:00+00:00
8962,44f09dba-7a20-5f46-840b-4670e6c7eb92,150,first_thread,badge,2026-09-12T07:30:00+00:00
8963,082b47e7-5a06-5a34-bd49-595c82b2b196,5,daily_login,2026-09-12,2026-09-12T07:31:00+00:00
8964,45cee65b-db52-5dff-b09d-0ee1ac2be20f,5,daily_login,2026-09-12,2026-09-12T07:31:00+00:00
8965,f8f213c7-3d61-567e-9735-5e3e9498b892,5,daily_login,2026-09-12,2026-09-12T07:31:00+00:00
8966,ee289908-380a-5bb3-8fdc-0990b203929b,5,daily_login,2026-09-12,2026-09-12T07:32:00+00:00
8967,9cba29b2-e169-54f3-9d61-1d5013f80312,5,daily_login,2026-09-12,2026-09-12T07:32:00+00:00
8968,1062abbb-4fcd-51a9-95fc-5474e4af7640,5,daily_login,2026-09-12,2026-09-12T07:32:00+00:00
8969,88820056-e901-59a1-b2ca-c4e813b34f7b,5,daily_login,2026-09-12,2026-09-12T07:33:00+00:00
8970,a0a53b38-722a-56e6-a52c-fe0e06169a59,5,daily_login,2026-09-12,2026-09-12T07:34:00+00:00
8971,fbdfefdb-ca2d-5a0e-87ed-62021c1c11d4,5,daily_login,2026-09-12,2026-09-12T07:35:00+00:00
8972,4cf03b5a-e2ca-57f2-95b8-16a3b92247e6,5,daily_login,2026-09-12,2026-09-12T07:37:00+00:00
8973,ab45f9eb-3fee-5ea5-bccb-faffc50f3e76,5,daily_login,2026-09-12,2026-09-12T07:37:00+00:00
8974,5ce94e6e-a987-5fd1-90b2-94a1174f9376,5,daily_login,2026-09-12,2026-09-12T07:37:00+00:00
8975,6988340a-a3c1-5fda-a996-711f1723c649,5,daily_login,2026-09-12,2026-09-12T07:37:00+00:00
8976,6988340a-a3c1-5fda-a996-711f1723c649,200,level_5,badge,2026-09-12T07:37:00+00:00
8977,0bd9c807-50b6-567b-befe-96c80ed2fc9d,5,daily_login,2026-09-12,2026-09-12T07:38:00+00:00
8978,25797954-b022-582e-8349-e1e2c141368c,5,daily_login,2026-09-12,2026-09-12T07:39:00+00:00
8979,eeeb9e89-042f-5fdc-8fcf-2c3ad56f9bf1,5,daily_login,2026-09-12,2026-09-12T07:39:00+00:00
8980,508d03e7-de84-523a-8242-f48abc9451d7,5,daily_login,2026-09-12,2026-09-12T07:39:00+00:00
8981,c6286e16-5e03-594c-aa67-861b8ba91b33,5,daily_login,2026-09-12,2026-09-12T07:39:00+00:00
8982,7b48b183-5d87-500f-9cec-2e003c19efac,5,daily_login,2026-09-12,2026-09-12T07:40:00+00:00
8983,bb4b0d34-59a4-5948-a9be-a1aa6caece55,5,daily_login,2026-09-12,2026-09-12T07:40:00+00:00
8984,fb400c3e-ecd0-522e-8b8e-1323946be71a,5,daily_login,2026-09-12,2026-09-12T07:40:00+00:00
8985,0b532307-3033-5baf-b61c-915d1213c01f,5,daily_login,2026-09-12,2026-09-12T07:41:00+00:00
8986,7624f38b-fbca-546f-af04-c9dda9318f82,5,daily_login,2026-09-12,2026-09-12T07:41:00+00:00
8987,77c684c4-9514-5edc-85ff-1052c8544c14,5,daily_login,2026-09-12,2026-09-12T07:42:00+00:00
8988,36016ab9-3cc9-5f6a-8bc7-1d138ad9cb43,5,daily_login,2026-09-12,2026-09-12T07:44:00+00:00
8989,36016ab9-3cc9-5f6a-8bc7-1d138ad9cb43,5,streak_week_bonus,2026-09-12,2026-09-12T07:44:00+00:00
8990,36016ab9-3cc9-5f6a-8bc7-1d138ad9cb43,200,streak_7,badge,2026-09-12T07:44:00+00:00
8991,405fd522-6b0d-52fc-b397-dc3ce2e4a2ea,5,daily_login,2026-09-12,2026-09-12T07:44:00+00:00
8992,e137404e-9196-525c-b17a-44dc96d29f29,5,daily_login,2026-09-12,2026-09-12T07:44:00+00:00
8993,6d9d0917-bda8-5863-abe4-92d14b0cc926,5,daily_login,2026-09-12,2026-09-12T07:44:00+00:00
8994,6ab0c42d-0ad5-5b3d-9c6c-4ab9eaa47586,5,daily_login,2026-09-12,2026-09-12T07:45:00+00:00
8995,5ccdaadc-80b2-50e1-a0c1-bad0246a7cf2,5,daily_login,2026-09-12,2026-09-12T07:46:00+00:00
8996,a36cd93c-2f0c-5956-9a51-8094e39a7bed,20,thread_create,thread:115,2026-09-12T09:30:00+00:00
8997,9a026691-28ff-5880-9da3-006735af19d3,250,helpful_5,badge,2026-09-12T11:40:00+00:00
8998,9a026691-28ff-5880-9da3-006735af19d3,25,helpful_comment,comment:244,2026-09-12T11:40:00+00:00
8999,341a0cef-f4a9-53ee-8980-229dc154ff4e,250,helpful_5,badge,2026-09-12T14:40:00+00:00
9000,341a0cef-f4a9-53ee-8980-229dc154ff4e,25,helpful_comment,comment:209,2026-09-12T14:40:00+00:00
9001,d6b81cb4-a299-5894-baa5-463cb63679a3,250,helpful_5,badge,2026-09-12T18:00:00+00:00
9002,3a376c3a-3e46-5c8c-815c-232b66ca9bc8,15,task_complete,task:247,2026-09-13T04:30:00+00:00
9003,d9fbcbde-376a-5f82-9fb5-268a24b02d57,5,daily_login,2026-09-13,2026-09-13T07:10:00+00:00
9004,d9fbcbde-376a-5f82-9fb5-268a24b02d57,5,streak_week_bonus,2026-09-13,2026-09-13T07:10:00+00:00
9005,f2561442-8439-5138-9a3b-8bcf96f16609,5,daily_login,2026-09-13,2026-09-13T07:10:00+00:00
9006,610e9654-06d6-5e55-959b-377b8749b8f9,5,daily_login,2026-09-13,2026-09-13T07:10:00+00:00
9007,37b7aed3-d207-54f7-b4ec-0e05c50eaeb2,5,daily_login,2026-09-13,2026-09-13T07:11:00+00:00
9008,6cf4bb40-4d81-5eb3-b9d9-5841cd55724e,5,daily_login,2026-09-13,2026-09-13T07:11:00+00:00
9009,8ae0340a-8eaf-5e9d-9db0-ac449334023d,5,daily_login,2026-09-13,2026-09-13T07:12:00+00:00
9010,f985b68e-39ae-5c83-8468-2b126802c414,5,daily_login,2026-09-13,2026-09-13T07:12:00+00:00
9011,adfbbf3c-5175-5e0a-bf98-b8854f2081c2,5,daily_login,2026-09-13,2026-09-13T07:14:00+00:00
9012,ea7edc0e-b64d-545f-b311-b4ee943f2935,5,daily_login,2026-09-13,2026-09-13T07:14:00+00:00
9013,3d5b480d-3962-5c76-96ca-5459d65372aa,5,daily_login,2026-09-13,2026-09-13T07:14:00+00:00
9014,50d6350f-ffd4-59ad-a1ff-65a49a77a913,5,daily_login,2026-09-13,2026-09-13T07:16:00+00:00
9015,64b591cd-4cbe-577a-aba9-ee6912328a58,5,daily_login,2026-09-13,2026-09-13T07:16:00+00:00
9016,9355c2cf-38db-5118-9b77-3d5b5b3870df,5,daily_login,2026-09-13,2026-09-13T07:17:00+00:00
9017,9355c2cf-38db-5118-9b77-3d5b5b3870df,5,streak_week_bonus,2026-09-13,2026-09-13T07:17:00+00:00
9018,3425797b-5c54-5f3a-9a34-9cedb0dc5b84,5,daily_login,2026-09-13,2026-09-13T07:18:00+00:00
9019,52ab3a8f-ec5c-5e66-bcd5-efc304512118,5,daily_login,2026-09-13,2026-09-13T07:18:00+00:00
9020,96dbbdad-601e-5bc2-9d1a-78f9f6349a39,5,daily_login,2026-09-13,2026-09-13T07:18:00+00:00
9021,64609795-d498-5ea7-ad33-a3bcecf9d962,5,daily_login,2026-09-13,2026-09-13T07:18:00+00:00
9022,cb162f3d-006f-544e-bfa6-f9abb8a52026,5,daily_login,2026-09-13,2026-09-13T07:19:00+00:00
9023,9047d24d-0775-5f10-bf17-6e8fc62c5884,5,daily_login,2026-09-13,2026-09-13T07:20:00+00:00
9024,9c9c228f-3bd5-5da4-b666-fbfab93b4b7e,5,daily_login,2026-09-13,2026-09-13T07:21:00+00:00
9025,4845dc43-0c9d-5f09-aa4a-62e68abb5d12,5,daily_login,2026-09-13,2026-09-13T07:21:00+00:00
9026,85df6dcd-e42a-581f-802b-eb93568b74eb,5,daily_login,2026-09-13,2026-09-13T07:21:00+00:00
9027,4966bb54-4d4f-5992-8586-1bd44991d17f,5,daily_login,2026-09-13,2026-09-13T07:22:00+00:00
9028,d16e3cdc-2868-563d-867d-62fa9b8b24ea,5,daily_login,2026-09-13,2026-09-13T07:22:00+00:00
9029,4c310820-12d3-5128-9a45-973db446b59e,5,daily_login,2026-09-13,2026-09-13T07:23:00+00:00
9030,d5dc7189-89df-5fd7-983f-1124b6de3d68,5,daily_login,2026-09-13,2026-09-13T07:23:00+00:00
9031,02bf8d95-eee4-5287-b363-0551cc4a6d51,5,daily_login,2026-09-13,2026-09-13T07:23:00+00:00
9032,35e87bcc-650c-5e3f-9741-3f0c54905b6f,5,daily_login,2026-09-13,2026-09-13T07:23:00+00:00
9033,ae96d203-7a11-52ed-9e02-cd93c3dda603,5,daily_login,2026-09-13,2026-09-13T07:24:00+00:00
9034,651ce25b-8132-52d9-8f74-889f22c3bb5c,5,daily_login,2026-09-13,2026-09-13T07:24:00+00:00
9035,58074159-53d7-5a52-8436-d84a05af35a9,5,daily_login,2026-09-13,2026-09-13T07:24:00+00:00
9036,58074159-53d7-5a52-8436-d84a05af35a9,5,streak_week_bonus,2026-09-13,2026-09-13T07:24:00+00:00
9037,d9aaa9eb-5304-587b-b0f4-42a2d5930f54,5,daily_login,2026-09-13,2026-09-13T07:25:00+00:00
9038,baa8ef70-5b01-5a49-84cb-71c353290705,5,daily_login,2026-09-13,2026-09-13T07:26:00+00:00
9039,20b4182c-90f7-51da-99e8-97ade4d19a92,5,daily_login,2026-09-13,2026-09-13T07:26:00+00:00
9040,e502b694-466f-5e1f-9293-146b264ae20c,5,daily_login,2026-09-13,2026-09-13T07:27:00+00:00
9041,d0c58825-6ead-50f6-9a07-f2f95dbb51ea,5,daily_login,2026-09-13,2026-09-13T07:27:00+00:00
9042,d0c58825-6ead-50f6-9a07-f2f95dbb51ea,5,streak_week_bonus,2026-09-13,2026-09-13T07:27:00+00:00
9043,2e2e8079-6c9e-51c9-bc7e-1475045fd514,5,daily_login,2026-09-13,2026-09-13T07:27:00+00:00
9044,f3744506-cae3-5f81-8a4f-506a60395be8,5,daily_login,2026-09-13,2026-09-13T07:28:00+00:00
9045,673e8617-3280-5bfa-85a6-738a6d64aac6,5,daily_login,2026-09-13,2026-09-13T07:28:00+00:00
9046,e7dd6cb0-626e-510a-9e98-0498c534b04d,5,daily_login,2026-09-13,2026-09-13T07:28:00+00:00
9047,5532dec3-02ae-5ac3-8b57-2e8214a8598b,5,daily_login,2026-09-13,2026-09-13T07:29:00+00:00
9048,96373821-4bf4-53b8-bd24-bb64bbb3b84e,5,daily_login,2026-09-13,2026-09-13T07:30:00+00:00
9049,f8f213c7-3d61-567e-9735-5e3e9498b892,5,daily_login,2026-09-13,2026-09-13T07:31:00+00:00
9050,0e992dba-f631-52d1-b7e3-76faec77c33f,5,daily_login,2026-09-13,2026-09-13T07:31:00+00:00
9051,1062abbb-4fcd-51a9-95fc-5474e4af7640,5,daily_login,2026-09-13,2026-09-13T07:32:00+00:00
9052,473b12ab-4d0d-5b7f-89b2-c0a1e2405c60,5,daily_login,2026-09-13,2026-09-13T07:32:00+00:00
9053,44f09dba-7a20-5f46-840b-4670e6c7eb92,5,daily_login,2026-09-13,2026-09-13T07:33:00+00:00
9054,88820056-e901-59a1-b2ca-c4e813b34f7b,5,daily_login,2026-09-13,2026-09-13T07:33:00+00:00
9055,88820056-e901-59a1-b2ca-c4e813b34f7b,5,streak_week_bonus,2026-09-13,2026-09-13T07:33:00+00:00
9056,a0a53b38-722a-56e6-a52c-fe0e06169a59,5,daily_login,2026-09-13,2026-09-13T07:34:00+00:00
9057,a0a53b38-722a-56e6-a52c-fe0e06169a59,5,streak_week_bonus,2026-09-13,2026-09-13T07:34:00+00:00
9058,01c00e49-c4d6-5d4b-bbc1-8aa3fe21ba2a,5,daily_login,2026-09-13,2026-09-13T07:34:00+00:00
9059,5d857806-7d61-533b-bc12-af2d7b775d29,5,daily_login,2026-09-13,2026-09-13T07:35:00+00:00
9060,ac9c9500-b7e4-5bbe-8f4e-a40a6201979a,5,daily_login,2026-09-13,2026-09-13T07:35:00+00:00
9061,554a90ae-c448-548d-a552-cd8f1c340cbd,5,daily_login,2026-09-13,2026-09-13T07:36:00+00:00
9062,7e6a1243-34f5-52e6-862f-e5f3b2ebe640,5,daily_login,2026-09-13,2026-09-13T07:36:00+00:00
9063,5421f79d-ed60-5eed-852b-01b379adab9e,5,daily_login,2026-09-13,2026-09-13T07:36:00+00:00
9064,9edec740-5de6-5c27-8233-5cf72946b182,5,daily_login,2026-09-13,2026-09-13T07:36:00+00:00
9065,4cf03b5a-e2ca-57f2-95b8-16a3b92247e6,5,daily_login,2026-09-13,2026-09-13T07:37:00+00:00
9066,5ce94e6e-a987-5fd1-90b2-94a1174f9376,5,daily_login,2026-09-13,2026-09-13T07:37:00+00:00
9067,6988340a-a3c1-5fda-a996-711f1723c649,5,daily_login,2026-09-13,2026-09-13T07:37:00+00:00
9068,eb397f92-99ac-5f0f-8f81-3540865f0477,5,daily_login,2026-09-13,2026-09-13T07:38:00+00:00
9069,bdc5faf6-386d-5338-99a0-32d156bcbd68,5,daily_login,2026-09-13,2026-09-13T07:38:00+00:00
9070,bdc5faf6-386d-5338-99a0-32d156bcbd68,200,level_5,badge,2026-09-13T07:38:00+00:00
9071,302b84f9-9053-5cf7-bed0-305678227875,5,daily_login,2026-09-13,2026-09-13T07:39:00+00:00
9072,508d03e7-de84-523a-8242-f48abc9451d7,5,daily_login,2026-09-13,2026-09-13T07:39:00+00:00
9073,c6286e16-5e03-594c-aa67-861b8ba91b33,5,daily_login,2026-09-13,2026-09-13T07:39:00+00:00
9074,e21dfd78-ea9f-5754-a3b2-3b3b66dd30b5,5,daily_login,2026-09-13,2026-09-13T07:39:00+00:00
9075,7b48b183-5d87-500f-9cec-2e003c19efac,5,daily_login,2026-09-13,2026-09-13T07:40:00+00:00
9076,51420309-4688-52d6-84b9-51c0dc3a900e,5,daily_login,2026-09-13,2026-09-13T07:40:00+00:00
9077,fb400c3e-ecd0-522e-8b8e-1323946be71a,5,daily_login,2026-09-13,2026-09-13T07:40:00+00:00
9078,96ccee9a-30f2-56cd-b597-a927c84e0f75,5,daily_login,2026-09-13,2026-09-13T07:41:00+00:00
9079,7624f38b-fbca-546f-af04-c9dda9318f82,5,daily_login,2026-09-13,2026-09-13T07:41:00+00:00
9080,e5b7ccce-2cb7-5b6e-95a5-32ffacbca87f,5,daily_login,2026-09-13,2026-09-13T07:42:00+00:00
9081,b5be680a-732e-55e0-bc5d-b80e831ff33a,5,daily_login,2026-09-13,2026-09-13T07:42:00+00:00
9082,dfe9e449-d177-56af-a679-d3e1c78c5c02,5,daily_login,2026-09-13,2026-09-13T07:43:00+00:00
9083,a070c6d0-c23b-5036-b352-f16db0d6ec8e,5,daily_login,2026-09-13,2026-09-13T07:43:00+00:00
9084,3b932376-f549-5a1c-a24b-664b4bc338e3,5,daily_login,2026-09-13,2026-09-13T07:43:00+00:00
9085,36016ab9-3cc9-5f6a-8bc7-1d138ad9cb43,5,daily_login,2026-09-13,2026-09-13T07:44:00+00:00
9086,a5526e82-ef69-522b-b3ad-df818658bde0,5,daily_login,2026-09-13,2026-09-13T07:44:00+00:00
9087,405fd522-6b0d-52fc-b397-dc3ce2e4a2ea,5,daily_login,2026-09-13,2026-09-13T07:44:00+00:00
9088,405fd522-6b0d-52fc-b397-dc3ce2e4a2ea,5,streak_week_bonus,2026-09-13,2026-09-13T07:44:00+00:00
9089,e137404e-9196-525c-b17a-44dc96d29f29,5,daily_login,2026-09-13,2026-09-13T07:44:00+00:00
9090,6ab0c42d-0ad5-5b3d-9c6c-4ab9eaa47586,5,daily_login,2026-09-13,2026-09-13T07:45:00+00:00
9091,3bc3e38a-5ff7-5330-ab2d-8add18e85d57,5,daily_login,2026-09-13,2026-09-13T07:45:00+00:00
9092,6ac5a7a4-ae0d-5e31-8a7c-d85b63a96c46,5,daily_login,2026-09-13,2026-09-13T07:45:00+00:00
9093,7f0221a7-4703-52e7-8b26-fa2cd7303c90,20,thread_create,thread:165,2026-09-13T09:30:00+00:00
9094,3b932376-f549-5a1c-a24b-664b4bc338e3,20,thread_create,thread:131,2026-09-14T01:30:00+00:00
9095,3b932376-f549-5a1c-a24b-664b4bc338e3,150,first_thread,badge,2026-09-14T01:30:00+00:00
9096,3b932376-f549-5a1c-a24b-664b4bc338e3,200,level_5,badge,2026-09-14T01:30:00+00:00
9097,d9fbcbde-376a-5f82-9fb5-268a24b02d57,5,daily_login,2026-09-14,2026-09-14T07:10:00+00:00
9098,610e9654-06d6-5e55-959b-377b8749b8f9,5,daily_login,2026-09-14,2026-09-14T07:10:00+00:00
9099,f1fb49f6-8f16-5086-a3b3-1c5e169f9ad4,5,daily_login,2026-09-14,2026-09-14T07:13:00+00:00
9100,ea7edc0e-b64d-545f-b311-b4ee943f2935,5,daily_login,2026-09-14,2026-09-14T07:14:00+00:00
9101,3d5b480d-3962-5c76-96ca-5459d65372aa,5,daily_login,2026-09-14,2026-09-14T07:14:00+00:00
9102,3d5b480d-3962-5c76-96ca-5459d65372aa,5,streak_week_bonus,2026-09-14,2026-09-14T07:14:00+00:00
9103,50d6350f-ffd4-59ad-a1ff-65a49a77a913,5,daily_login,2026-09-14,2026-09-14T07:16:00+00:00
9104,06657aeb-b604-5b0d-9281-d2e5afb78a9d,5,daily_login,2026-09-14,2026-09-14T07:16:00+00:00
9105,9355c2cf-38db-5118-9b77-3d5b5b3870df,5,daily_login,2026-09-14,2026-09-14T07:17:00+00:00
9106,52ab3a8f-ec5c-5e66-bcd5-efc304512118,5,daily_login,2026-09-14,2026-09-14T07:18:00+00:00
9107,5a4b137d-2ebb-5c75-8cdd-bf77406b4b9f,5,daily_login,2026-09-14,2026-09-14T07:19:00+00:00
9108,7b359533-e634-59eb-a2c3-b5501ff96488,5,daily_login,2026-09-14,2026-09-14T07:19:00+00:00
9109,b0ebc690-efe0-594f-bd55-e4d7ec3454bc,5,daily_login,2026-09-14,2026-09-14T07:20:00+00:00
9110,f4b545d6-b6c0-54b8-847e-101d68428b48,5,daily_login,2026-09-14,2026-09-14T07:20:00+00:00
9111,341a0cef-f4a9-53ee-8980-229dc154ff4e,5,daily_login,2026-09-14,2026-09-14T07:20:00+00:00
9112,9047d24d-0775-5f10-bf17-6e8fc62c5884,5,daily_login,2026-09-14,2026-09-14T07:20:00+00:00
9113,9047d24d-0775-5f10-bf17-6e8fc62c5884,5,streak_week_bonus,2026-09-14,2026-09-14T07:20:00+00:00
9114,4845dc43-0c9d-5f09-aa4a-62e68abb5d12,5,daily_login,2026-09-14,2026-09-14T07:21:00+00:00
9115,4ec67eb8-4fda-5cbc-bbd1-a6afc7ce8130,5,daily_login,2026-09-14,2026-09-14T07:21:00+00:00
9116,85df6dcd-e42a-581f-802b-eb93568b74eb,5,daily_login,2026-09-14,2026-09-14T07:21:00+00:00
9117,4966bb54-4d4f-5992-8586-1bd44991d17f,5,daily_login,2026-09-14,2026-09-14T07:22:00+00:00
9118,44a33563-638c-52da-ae01-285f43dfcb99,5,daily_login,2026-09-14,2026-09-14T07:22:00+00:00
9119,d16e3cdc-2868-563d-867d-62fa9b8b24ea,5,daily_login,2026-09-14,2026-09-14T07:22:00+00:00
9120,d5dc7189-89df-5fd7-983f-1124b6de3d68,5,daily_login,2026-09-14,2026-09-14T07:23:00+00:00
9121,02bf8d95-eee4-5287-b363-0551cc4a6d51,5,daily_login,2026-09-14,2026-09-14T07:23:00+00:00
9122,35e87bcc-650c-5e3f-9741-3f0c54905b6f,5,daily_login,2026-09-14,2026-09-14T07:23:00+00:00
9123,58074159-53d7-5a52-8436-d84a05af35a9,5,daily_login,2026-09-14,2026-09-14T07:24:00+00:00
9124,a2cc3818-be31-5aeb-828c-e23f579431aa,5,daily_login,2026-09-14,2026-09-14T07:25:00+00:00
9125,53f78f7e-e2df-586b-b483-5748c92d0f9f,5,daily_login,2026-09-14,2026-09-14T07:25:00+00:00
9126,4307ee18-2e16-50be-abbc-db160bb8e8fd,5,daily_login,2026-09-14,2026-09-14T07:26:00+00:00
9127,e502b694-466f-5e1f-9293-146b264ae20c,5,daily_login,2026-09-14,2026-09-14T07:27:00+00:00
9128,d0c58825-6ead-50f6-9a07-f2f95dbb51ea,5,daily_login,2026-09-14,2026-09-14T07:27:00+00:00
9129,2e2e8079-6c9e-51c9-bc7e-1475045fd514,5,daily_login,2026-09-14,2026-09-14T07:27:00+00:00
9130,7f0221a7-4703-52e7-8b26-fa2cd7303c90,5,daily_login,2026-09-14,2026-09-14T07:29:00+00:00
9131,54561bf4-fe37-5b37-934d-9c7f81542f8b,5,daily_login,2026-09-14,2026-09-14T07:30:00+00:00
9132,da462241-608b-5422-bdbd-0d98184a433d,5,daily_login,2026-09-14,2026-09-14T07:30:00+00:00
9133,082b47e7-5a06-5a34-bd49-595c82b2b196,5,daily_login,2026-09-14,2026-09-14T07:31:00+00:00
9134,82a5c89c-0b3a-58b9-9259-837a5348a5c2,5,daily_login,2026-09-14,2026-09-14T07:31:00+00:00
9135,ee289908-380a-5bb3-8fdc-0990b203929b,5,daily_login,2026-09-14,2026-09-14T07:32:00+00:00
9136,1062abbb-4fcd-51a9-95fc-5474e4af7640,5,daily_login,2026-09-14,2026-09-14T07:32:00+00:00
9137,bc38029f-d1c5-5b8f-8055-d446a522cb91,5,daily_login,2026-09-14,2026-09-14T07:34:00+00:00
9138,e747fee0-a84b-5f51-98a3-7481903c9023,5,daily_login,2026-09-14,2026-09-14T07:34:00+00:00
9139,a0a53b38-722a-56e6-a52c-fe0e06169a59,5,daily_login,2026-09-14,2026-09-14T07:34:00+00:00
9140,01c00e49-c4d6-5d4b-bbc1-8aa3fe21ba2a,5,daily_login,2026-09-14,2026-09-14T07:34:00+00:00
9141,5d857806-7d61-533b-bc12-af2d7b775d29,5,daily_login,2026-09-14,2026-09-14T07:35:00+00:00
9142,d48cab4b-e48b-59ae-88d6-41d5d463569d,5,daily_login,2026-09-14,2026-09-14T07:35:00+00:00
9143,fbdfefdb-ca2d-5a0e-87ed-62021c1c11d4,5,daily_login,2026-09-14,2026-09-14T07:35:00+00:00
9144,8fa5b823-1a70-59f7-9bb2-b3d5f36dc82b,5,daily_login,2026-09-14,2026-09-14T07:36:00+00:00
9145,9edec740-5de6-5c27-8233-5cf72946b182,5,daily_login,2026-09-14,2026-09-14T07:36:00+00:00
9146,4cf03b5a-e2ca-57f2-95b8-16a3b92247e6,5,daily_login,2026-09-14,2026-09-14T07:37:00+00:00
9147,4cf03b5a-e2ca-57f2-95b8-16a3b92247e6,5,streak_week_bonus,2026-09-14,2026-09-14T07:37:00+00:00
9148,5ce94e6e-a987-5fd1-90b2-94a1174f9376,5,daily_login,2026-09-14,2026-09-14T07:37:00+00:00
9149,6988340a-a3c1-5fda-a996-711f1723c649,5,daily_login,2026-09-14,2026-09-14T07:37:00+00:00
9150,302b84f9-9053-5cf7-bed0-305678227875,5,daily_login,2026-09-14,2026-09-14T07:39:00+00:00
9151,25797954-b022-582e-8349-e1e2c141368c,5,daily_login,2026-09-14,2026-09-14T07:39:00+00:00
9152,eeeb9e89-042f-5fdc-8fcf-2c3ad56f9bf1,5,daily_login,2026-09-14,2026-09-14T07:39:00+00:00
9153,508d03e7-de84-523a-8242-f48abc9451d7,5,daily_login,2026-09-14,2026-09-14T07:39:00+00:00
9154,c6286e16-5e03-594c-aa67-861b8ba91b33,5,daily_login,2026-09-14,2026-09-14T07:39:00+00:00
9155,96ccee9a-30f2-56cd-b597-a927c84e0f75,5,daily_login,2026-09-14,2026-09-14T07:41:00+00:00
9156,0b532307-3033-5baf-b61c-915d1213c01f,5,daily_login,2026-09-14,2026-09-14T07:41:00+00:00
9157,77c684c4-9514-5edc-85ff-1052c8544c14,5,daily_login,2026-09-14,2026-09-14T07:42:00+00:00
9158,b5be680a-732e-55e0-bc5d-b80e831ff33a,5,daily_login,2026-09-14,2026-09-14T07:42:00+00:00
9159,3b932376-f549-5a1c-a24b-664b4bc338e3,5,daily_login,2026-09-14,2026-09-14T07:43:00+00:00
9160,405fd522-6b0d-52fc-b397-dc3ce2e4a2ea,5,daily_login,2026-09-14,2026-09-14T07:44:00+00:00
9161,e137404e-9196-525c-b17a-44dc96d29f29,5,daily_login,2026-09-14,2026-09-14T07:44:00+00:00
9162,6d9d0917-bda8-5863-abe4-92d14b0cc926,5,daily_login,2026-09-14,2026-09-14T07:44:00+00:00
9163,ae7ac442-d880-5cd8-bc30-8d21c5f7dc54,5,daily_login,2026-09-14,2026-09-14T07:45:00+00:00
9164,6ac5a7a4-ae0d-5e31-8a7c-d85b63a96c46,5,daily_login,2026-09-14,2026-09-14T07:45:00+00:00
9165,5ccdaadc-80b2-50e1-a0c1-bad0246a7cf2,5,daily_login,2026-09-14,2026-09-14T07:46:00+00:00
9166,bf54d417-d834-5d3e-a7f9-106377fe05a5,5,daily_login,2026-09-14,2026-09-14T07:46:00+00:00
9167,cac67f41-f5af-5268-9e2d-34feac0dc9fa,5,daily_login,2026-09-14,2026-09-14T07:46:00+00:00
9168,d9fbcbde-376a-5f82-9fb5-268a24b02d57,5,daily_login,2026-09-15,2026-09-15T07:10:00+00:00
9169,d9fbcbde-376a-5f82-9fb5-268a24b02d57,350,streak_30,badge,2026-09-15T07:10:00+00:00
9170,af808cd8-ab34-515f-a8a0-a1b0719a537b,5,daily_login,2026-09-15,2026-09-15T07:10:00+00:00
9171,610e9654-06d6-5e55-959b-377b8749b8f9,5,daily_login,2026-09-15,2026-09-15T07:10:00+00:00
9172,37b7aed3-d207-54f7-b4ec-0e05c50eaeb2,5,daily_login,2026-09-15,2026-09-15T07:11:00+00:00
9173,8ae0340a-8eaf-5e9d-9db0-ac449334023d,5,daily_login,2026-09-15,2026-09-15T07:12:00+00:00
9174,cd8c4c60-ab9b-5cf3-996e-d4fbb990f4c6,5,daily_login,2026-09-15,2026-09-15T07:12:00+00:00
9175,3d016498-e16a-5ad9-95c7-b633dfc6a142,5,daily_login,2026-09-15,2026-09-15T07:13:00+00:00
9176,adfbbf3c-5175-5e0a-bf98-b8854f2081c2,5,daily_login,2026-09-15,2026-09-15T07:14:00+00:00
9177,3d5b480d-3962-5c76-96ca-5459d65372aa,5,daily_login,2026-09-15,2026-09-15T07:14:00+00:00
9178,20b63262-d3e6-555a-95b2-84fc87694a19,5,daily_login,2026-09-15,2026-09-15T07:15:00+00:00
9179,50d6350f-ffd4-59ad-a1ff-65a49a77a913,5,daily_login,2026-09-15,2026-09-15T07:16:00+00:00
9180,693ebb02-ab3f-5d60-b798-d4d4df4900d2,5,daily_login,2026-09-15,2026-09-15T07:16:00+00:00
9181,06657aeb-b604-5b0d-9281-d2e5afb78a9d,5,daily_login,2026-09-15,2026-09-15T07:16:00+00:00
9182,9355c2cf-38db-5118-9b77-3d5b5b3870df,5,daily_login,2026-09-15,2026-09-15T07:17:00+00:00
9183,9355c2cf-38db-5118-9b77-3d5b5b3870df,350,streak_30,badge,2026-09-15T07:17:00+00:00
9184,9355c2cf-38db-5118-9b77-3d5b5b3870df,200,level_5,badge,2026-09-15T07:17:00+00:00
9185,b7f1d97d-9f3c-5885-b9ef-48d67a16a686,5,daily_login,2026-09-15,2026-09-15T07:17:00+00:00
9186,96dbbdad-601e-5bc2-9d1a-78f9f6349a39,5,daily_login,2026-09-15,2026-09-15T07:18:00+00:00
9187,64609795-d498-5ea7-ad33-a3bcecf9d962,5,daily_login,2026-09-15,2026-09-15T07:18:00+00:00
9188,cb162f3d-006f-544e-bfa6-f9abb8a52026,5,daily_login,2026-09-15,2026-09-15T07:19:00+00:00
9189,9d1c460b-bd0b-57ff-ac14-f2b10f73edd3,5,daily_login,2026-09-15,2026-09-15T07:19:00+00:00
9190,b0ebc690-efe0-594f-bd55-e4d7ec3454bc,5,daily_login,2026-09-15,2026-09-15T07:20:00+00:00
9191,9047d24d-0775-5f10-bf17-6e8fc62c5884,5,daily_login,2026-09-15,2026-09-15T07:20:00+00:00
9192,9c9c228f-3bd5-5da4-b666-fbfab93b4b7e,5,daily_login,2026-09-15,2026-09-15T07:21:00+00:00
9193,4ec67eb8-4fda-5cbc-bbd1-a6afc7ce8130,5,daily_login,2026-09-15,2026-09-15T07:21:00+00:00
9194,44a33563-638c-52da-ae01-285f43dfcb99,5,daily_login,2026-09-15,2026-09-15T07:22:00+00:00
9195,d16e3cdc-2868-563d-867d-62fa9b8b24ea,5,daily_login,2026-09-15,2026-09-15T07:22:00+00:00
9196,d16e3cdc-2868-563d-867d-62fa9b8b24ea,5,streak_week_bonus,2026-09-15,2026-09-15T07:22:00+00:00
9197,4c310820-12d3-5128-9a45-973db446b59e,5,daily_login,2026-09-15,2026-09-15T07:23:00+00:00
9198,d5dc7189-89df-5fd7-983f-1124b6de3d68,5,daily_login,2026-09-15,2026-09-15T07:23:00+00:00
9199,d5dc7189-89df-5fd7-983f-1124b6de3d68,5,streak_week_bonus,2026-09-15,2026-09-15T07:23:00+00:00
9200,02bf8d95-eee4-5287-b363-0551cc4a6d51,5,daily_login,2026-09-15,2026-09-15T07:23:00+00:00
9201,ffe47fd1-7989-5728-addd-50b504edd889,5,daily_login,2026-09-15,2026-09-15T07:24:00+00:00
9202,58074159-53d7-5a52-8436-d84a05af35a9,5,daily_login,2026-09-15,2026-09-15T07:24:00+00:00
9203,58074159-53d7-5a52-8436-d84a05af35a9,350,streak_30,badge,2026-09-15T07:24:00+00:00
9204,61347d09-09eb-5f04-a4ec-fe830319799f,5,daily_login,2026-09-15,2026-09-15T07:24:00+00:00
9205,a2cc3818-be31-5aeb-828c-e23f579431aa,5,daily_login,2026-09-15,2026-09-15T07:25:00+00:00
9206,1bf86e3f-0e6e-5241-b319-71005237945f,5,daily_login,2026-09-15,2026-09-15T07:25:00+00:00
9207,6b9b6012-cdb4-50eb-8ad0-01c36516df23,5,daily_login,2026-09-15,2026-09-15T07:26:00+00:00
9208,4307ee18-2e16-50be-abbc-db160bb8e8fd,5,daily_login,2026-09-15,2026-09-15T07:26:00+00:00
9209,e502b694-466f-5e1f-9293-146b264ae20c,5,daily_login,2026-09-15,2026-09-15T07:27:00+00:00
9210,d0c58825-6ead-50f6-9a07-f2f95dbb51ea,5,daily_login,2026-09-15,2026-09-15T07:27:00+00:00
9211,d0c58825-6ead-50f6-9a07-f2f95dbb51ea,350,streak_30,badge,2026-09-15T07:27:00+00:00
9212,2e2e8079-6c9e-51c9-bc7e-1475045fd514,5,daily_login,2026-09-15,2026-09-15T07:27:00+00:00
9213,673e8617-3280-5bfa-85a6-738a6d64aac6,5,daily_login,2026-09-15,2026-09-15T07:28:00+00:00
9214,e7dd6cb0-626e-510a-9e98-0498c534b04d,5,daily_login,2026-09-15,2026-09-15T07:28:00+00:00
9215,f0ca4141-ccff-5472-ba76-f4b194108c7b,5,daily_login,2026-09-15,2026-09-15T07:29:00+00:00
9216,54561bf4-fe37-5b37-934d-9c7f81542f8b,5,daily_login,2026-09-15,2026-09-15T07:30:00+00:00
9217,da462241-608b-5422-bdbd-0d98184a433d,5,daily_login,2026-09-15,2026-09-15T07:30:00+00:00
9218,082b47e7-5a06-5a34-bd49-595c82b2b196,5,daily_login,2026-09-15,2026-09-15T07:31:00+00:00
9219,82a5c89c-0b3a-58b9-9259-837a5348a5c2,5,daily_login,2026-09-15,2026-09-15T07:31:00+00:00
9220,ee289908-380a-5bb3-8fdc-0990b203929b,5,daily_login,2026-09-15,2026-09-15T07:32:00+00:00
9221,95927b04-f214-5c26-878d-fb55176e41bc,5,daily_login,2026-09-15,2026-09-15T07:32:00+00:00
9222,9cba29b2-e169-54f3-9d61-1d5013f80312,5,daily_login,2026-09-15,2026-09-15T07:32:00+00:00
9223,8300625d-d3f5-5264-8503-98a2bfbf60d8,5,daily_login,2026-09-15,2026-09-15T07:33:00+00:00
9224,44f09dba-7a20-5f46-840b-4670e6c7eb92,5,daily_login,2026-09-15,2026-09-15T07:33:00+00:00
9225,88820056-e901-59a1-b2ca-c4e813b34f7b,5,daily_login,2026-09-15,2026-09-15T07:33:00+00:00
9226,a0a53b38-722a-56e6-a52c-fe0e06169a59,5,daily_login,2026-09-15,2026-09-15T07:34:00+00:00
9227,a0a53b38-722a-56e6-a52c-fe0e06169a59,350,streak_30,badge,2026-09-15T07:34:00+00:00
9228,a0a53b38-722a-56e6-a52c-fe0e06169a59,200,level_5,badge,2026-09-15T07:34:00+00:00
9229,6720265f-9f2b-5485-bf24-54e1784991b6,5,daily_login,2026-09-15,2026-09-15T07:34:00+00:00
9230,5d857806-7d61-533b-bc12-af2d7b775d29,5,daily_login,2026-09-15,2026-09-15T07:35:00+00:00
9231,7e6a1243-34f5-52e6-862f-e5f3b2ebe640,5,daily_login,2026-09-15,2026-09-15T07:36:00+00:00
9232,9edec740-5de6-5c27-8233-5cf72946b182,5,daily_login,2026-09-15,2026-09-15T07:36:00+00:00
9233,4cf03b5a-e2ca-57f2-95b8-16a3b92247e6,5,daily_login,2026-09-15,2026-09-15T07:37:00+00:00
9234,ab45f9eb-3fee-5ea5-bccb-faffc50f3e76,5,daily_login,2026-09-15,2026-09-15T07:37:00+00:00
9235,5ce94e6e-a987-5fd1-90b2-94a1174f9376,5,daily_login,2026-09-15,2026-09-15T07:37:00+00:00
9236,eb397f92-99ac-5f0f-8f81-3540865f0477,5,daily_login,2026-09-15,2026-09-15T07:38:00+00:00
9237,25797954-b022-582e-8349-e1e2c141368c,5,daily_login,2026-09-15,2026-09-15T07:39:00+00:00
9238,eeeb9e89-042f-5fdc-8fcf-2c3ad56f9bf1,5,daily_login,2026-09-15,2026-09-15T07:39:00+00:00
9239,508d03e7-de84-523a-8242-f48abc9451d7,5,daily_login,2026-09-15,2026-09-15T07:39:00+00:00
9240,bb4b0d34-59a4-5948-a9be-a1aa6caece55,5,daily_login,2026-09-15,2026-09-15T07:40:00+00:00
9241,d767d4bb-a2aa-587a-90f9-23d0689ae52a,5,daily_login,2026-09-15,2026-09-15T07:40:00+00:00
9242,33ba5d16-c38c-5bcf-9896-ea8ae81d6e7b,5,daily_login,2026-09-15,2026-09-15T07:41:00+00:00
9243,77c684c4-9514-5edc-85ff-1052c8544c14,5,daily_login,2026-09-15,2026-09-15T07:42:00+00:00
9244,b5be680a-732e-55e0-bc5d-b80e831ff33a,5,daily_login,2026-09-15,2026-09-15T07:42:00+00:00
9245,dfe9e449-d177-56af-a679-d3e1c78c5c02,5,daily_login,2026-09-15,2026-09-15T07:43:00+00:00
9246,405fd522-6b0d-52fc-b397-dc3ce2e4a2ea,5,daily_login,2026-09-15,2026-09-15T07:44:00+00:00
9247,405fd522-6b0d-52fc-b397-dc3ce2e4a2ea,350,streak_30,badge,2026-09-15T07:44:00+00:00
9248,405fd522-6b0d-52fc-b397-dc3ce2e4a2ea,200,level_5,badge,2026-09-15T07:44:00+00:00
9249,e137404e-9196-525c-b17a-44dc96d29f29,5,daily_login,2026-09-15,2026-09-15T07:44:00+00:00
9250,6ab0c42d-0ad5-5b3d-9c6c-4ab9eaa47586,5,daily_login,2026-09-15,2026-09-15T07:45:00+00:00
9251,ae7ac442-d880-5cd8-bc30-8d21c5f7dc54,5,daily_login,2026-09-15,2026-09-15T07:45:00+00:00
9252,6ac5a7a4-ae0d-5e31-8a7c-d85b63a96c46,5,daily_login,2026-09-15,2026-09-15T07:45:00+00:00
9253,bf54d417-d834-5d3e-a7f9-106377fe05a5,5,daily_login,2026-09-15,2026-09-15T07:46:00+00:00
9254,cac67f41-f5af-5268-9e2d-34feac0dc9fa,5,daily_login,2026-09-15,2026-09-15T07:46:00+00:00
9255,d9fbcbde-376a-5f82-9fb5-268a24b02d57,5,daily_login,2026-09-16,2026-09-16T07:10:00+00:00
9256,610e9654-06d6-5e55-959b-377b8749b8f9,5,daily_login,2026-09-16,2026-09-16T07:10:00+00:00
9257,518ae987-15f7-5b22-8bcc-df59623dbdce,5,daily_login,2026-09-16,2026-09-16T07:10:00+00:00
9258,4c2177ab-592a-5e4a-b25b-8bb3f8090555,5,daily_login,2026-09-16,2026-09-16T07:11:00+00:00
9259,f0f4eb8c-a1ed-50a1-bc7d-2863700a31a5,5,daily_login,2026-09-16,2026-09-16T07:11:00+00:00
9260,8ae0340a-8eaf-5e9d-9db0-ac449334023d,5,daily_login,2026-09-16,2026-09-16T07:12:00+00:00
9261,cd8c4c60-ab9b-5cf3-996e-d4fbb990f4c6,5,daily_login,2026-09-16,2026-09-16T07:12:00+00:00
9262,ea7edc0e-b64d-545f-b311-b4ee943f2935,5,daily_login,2026-09-16,2026-09-16T07:14:00+00:00
9263,3d5b480d-3962-5c76-96ca-5459d65372aa,5,daily_login,2026-09-16,2026-09-16T07:14:00+00:00
9264,3d5b480d-3962-5c76-96ca-5459d65372aa,350,streak_30,badge,2026-09-16T07:14:00+00:00
9265,6e82bb3e-ede8-5803-ba1a-cc3aa8766199,5,daily_login,2026-09-16,2026-09-16T07:15:00+00:00
9266,90cced0e-f2c7-528c-bd28-38c44ead6c98,5,daily_login,2026-09-16,2026-09-16T07:15:00+00:00
9267,50d6350f-ffd4-59ad-a1ff-65a49a77a913,5,daily_login,2026-09-16,2026-09-16T07:16:00+00:00
9268,9355c2cf-38db-5118-9b77-3d5b5b3870df,5,daily_login,2026-09-16,2026-09-16T07:17:00+00:00
9269,96dbbdad-601e-5bc2-9d1a-78f9f6349a39,5,daily_login,2026-09-16,2026-09-16T07:18:00+00:00
9270,64609795-d498-5ea7-ad33-a3bcecf9d962,5,daily_login,2026-09-16,2026-09-16T07:18:00+00:00
9271,d3175e63-6121-5d55-b429-df91670d9aca,5,daily_login,2026-09-16,2026-09-16T07:18:00+00:00
9272,9d1c460b-bd0b-57ff-ac14-f2b10f73edd3,5,daily_login,2026-09-16,2026-09-16T07:19:00+00:00
9273,43a3bb15-e7a6-5c42-a198-3e0d7f080ba1,5,daily_login,2026-09-16,2026-09-16T07:20:00+00:00
9274,63fdd1e3-9db3-5b05-9799-510eea6abab7,5,daily_login,2026-09-16,2026-09-16T07:20:00+00:00
9275,9047d24d-0775-5f10-bf17-6e8fc62c5884,5,daily_login,2026-09-16,2026-09-16T07:20:00+00:00
9276,85df6dcd-e42a-581f-802b-eb93568b74eb,5,daily_login,2026-09-16,2026-09-16T07:21:00+00:00
9277,d16e3cdc-2868-563d-867d-62fa9b8b24ea,5,daily_login,2026-09-16,2026-09-16T07:22:00+00:00
9278,e0b64119-ecb0-52a5-852d-39c211ce337a,5,daily_login,2026-09-16,2026-09-16T07:23:00+00:00
9279,4c310820-12d3-5128-9a45-973db446b59e,5,daily_login,2026-09-16,2026-09-16T07:23:00+00:00
9280,02bf8d95-eee4-5287-b363-0551cc4a6d51,5,daily_login,2026-09-16,2026-09-16T07:23:00+00:00
9281,ffe47fd1-7989-5728-addd-50b504edd889,5,daily_login,2026-09-16,2026-09-16T07:24:00+00:00
9282,58074159-53d7-5a52-8436-d84a05af35a9,5,daily_login,2026-09-16,2026-09-16T07:24:00+00:00
9283,a2cc3818-be31-5aeb-828c-e23f579431aa,5,daily_login,2026-09-16,2026-09-16T07:25:00+00:00
9284,53f78f7e-e2df-586b-b483-5748c92d0f9f,5,daily_login,2026-09-16,2026-09-16T07:25:00+00:00
9285,baa8ef70-5b01-5a49-84cb-71c353290705,5,daily_login,2026-09-16,2026-09-16T07:26:00+00:00
9286,e502b694-466f-5e1f-9293-146b264ae20c,5,daily_login,2026-09-16,2026-09-16T07:27:00+00:00
9287,d0c58825-6ead-50f6-9a07-f2f95dbb51ea,5,daily_login,2026-09-16,2026-09-16T07:27:00+00:00
9288,2e2e8079-6c9e-51c9-bc7e-1475045fd514,5,daily_login,2026-09-16,2026-09-16T07:27:00+00:00
9289,f3744506-cae3-5f81-8a4f-506a60395be8,5,daily_login,2026-09-16,2026-09-16T07:28:00+00:00
9290,673e8617-3280-5bfa-85a6-738a6d64aac6,5,daily_login,2026-09-16,2026-09-16T07:28:00+00:00
9291,e7dd6cb0-626e-510a-9e98-0498c534b04d,5,daily_login,2026-09-16,2026-09-16T07:28:00+00:00
9292,da462241-608b-5422-bdbd-0d98184a433d,5,daily_login,2026-09-16,2026-09-16T07:30:00+00:00
9293,508d03e7-de84-523a-8242-f48abc9451d7,20,thread_create,thread:147,2026-09-16T07:30:00+00:00
9294,ee289908-380a-5bb3-8fdc-0990b203929b,5,daily_login,2026-09-16,2026-09-16T07:32:00+00:00
9295,95927b04-f214-5c26-878d-fb55176e41bc,5,daily_login,2026-09-16,2026-09-16T07:32:00+00:00
9296,88820056-e901-59a1-b2ca-c4e813b34f7b,5,daily_login,2026-09-16,2026-09-16T07:33:00+00:00
9297,bc38029f-d1c5-5b8f-8055-d446a522cb91,5,daily_login,2026-09-16,2026-09-16T07:34:00+00:00
9298,e747fee0-a84b-5f51-98a3-7481903c9023,5,daily_login,2026-09-16,2026-09-16T07:34:00+00:00
9299,a0a53b38-722a-56e6-a52c-fe0e06169a59,5,daily_login,2026-09-16,2026-09-16T07:34:00+00:00
9300,6720265f-9f2b-5485-bf24-54e1784991b6,5,daily_login,2026-09-16,2026-09-16T07:34:00+00:00
9301,01c00e49-c4d6-5d4b-bbc1-8aa3fe21ba2a,5,daily_login,2026-09-16,2026-09-16T07:34:00+00:00
9302,5d857806-7d61-533b-bc12-af2d7b775d29,5,daily_login,2026-09-16,2026-09-16T07:35:00+00:00
9303,1873645b-b54c-51dc-a41a-7131e831a64f,5,daily_login,2026-09-16,2026-09-16T07:35:00+00:00
9304,8fa5b823-1a70-59f7-9bb2-b3d5f36dc82b,5,daily_login,2026-09-16,2026-09-16T07:36:00+00:00
9305,9edec740-5de6-5c27-8233-5cf72946b182,5,daily_login,2026-09-16,2026-09-16T07:36:00+00:00
9306,4cf03b5a-e2ca-57f2-95b8-16a3b92247e6,5,daily_login,2026-09-16,2026-09-16T07:37:00+00:00
9307,4cf03b5a-e2ca-57f2-95b8-16a3b92247e6,350,streak_30,badge,2026-09-16T07:37:00+00:00
9308,4cf03b5a-e2ca-57f2-95b8-16a3b92247e6,200,level_5,badge,2026-09-16T07:37:00+00:00
9309,ab45f9eb-3fee-5ea5-bccb-faffc50f3e76,5,daily_login,2026-09-16,2026-09-16T07:37:00+00:00
9310,ec6d706d-7dba-534b-8700-e6752dbd06e1,5,daily_login,2026-09-16,2026-09-16T07:38:00+00:00
9311,783491ec-2857-52e8-a102-766d7abba6d2,5,daily_login,2026-09-16,2026-09-16T07:38:00+00:00
9312,302b84f9-9053-5cf7-bed0-305678227875,5,daily_login,2026-09-16,2026-09-16T07:39:00+00:00
9313,c6286e16-5e03-594c-aa67-861b8ba91b33,5,daily_login,2026-09-16,2026-09-16T07:39:00+00:00
9314,d767d4bb-a2aa-587a-90f9-23d0689ae52a,5,daily_login,2026-09-16,2026-09-16T07:40:00+00:00
9315,77c684c4-9514-5edc-85ff-1052c8544c14,5,daily_login,2026-09-16,2026-09-16T07:42:00+00:00
9316,b5be680a-732e-55e0-bc5d-b80e831ff33a,5,daily_login,2026-09-16,2026-09-16T07:42:00+00:00
9317,3b932376-f549-5a1c-a24b-664b4bc338e3,5,daily_login,2026-09-16,2026-09-16T07:43:00+00:00
9318,40120057-c43a-5745-9d3a-d9b0c6b1e84e,5,daily_login,2026-09-16,2026-09-16T07:43:00+00:00
9319,405fd522-6b0d-52fc-b397-dc3ce2e4a2ea,5,daily_login,2026-09-16,2026-09-16T07:44:00+00:00
9320,e137404e-9196-525c-b17a-44dc96d29f29,5,daily_login,2026-09-16,2026-09-16T07:44:00+00:00
9321,6ac5a7a4-ae0d-5e31-8a7c-d85b63a96c46,5,daily_login,2026-09-16,2026-09-16T07:45:00+00:00
9322,5ccdaadc-80b2-50e1-a0c1-bad0246a7cf2,5,daily_login,2026-09-16,2026-09-16T07:46:00+00:00
9323,d9fbcbde-376a-5f82-9fb5-268a24b02d57,5,daily_login,2026-09-17,2026-09-17T07:10:00+00:00
9324,95ff45a0-9b28-55cb-bba6-22a608a4e30d,5,daily_login,2026-09-17,2026-09-17T07:10:00+00:00
9325,af808cd8-ab34-515f-a8a0-a1b0719a537b,5,daily_login,2026-09-17,2026-09-17T07:10:00+00:00
9326,610e9654-06d6-5e55-959b-377b8749b8f9,5,daily_login,2026-09-17,2026-09-17T07:10:00+00:00
9327,610e9654-06d6-5e55-959b-377b8749b8f9,5,streak_week_bonus,2026-09-17,2026-09-17T07:10:00+00:00
9328,518ae987-15f7-5b22-8bcc-df59623dbdce,5,daily_login,2026-09-17,2026-09-17T07:10:00+00:00
9329,f0f4eb8c-a1ed-50a1-bc7d-2863700a31a5,5,daily_login,2026-09-17,2026-09-17T07:11:00+00:00
9330,37b7aed3-d207-54f7-b4ec-0e05c50eaeb2,5,daily_login,2026-09-17,2026-09-17T07:11:00+00:00
9331,3d016498-e16a-5ad9-95c7-b633dfc6a142,5,daily_login,2026-09-17,2026-09-17T07:13:00+00:00
9332,3d5b480d-3962-5c76-96ca-5459d65372aa,5,daily_login,2026-09-17,2026-09-17T07:14:00+00:00
9333,1767869f-381f-59b9-acac-01da2d539e40,5,daily_login,2026-09-17,2026-09-17T07:15:00+00:00
9334,6e82bb3e-ede8-5803-ba1a-cc3aa8766199,5,daily_login,2026-09-17,2026-09-17T07:15:00+00:00
9335,20b63262-d3e6-555a-95b2-84fc87694a19,5,daily_login,2026-09-17,2026-09-17T07:15:00+00:00
9336,50d6350f-ffd4-59ad-a1ff-65a49a77a913,5,daily_login,2026-09-17,2026-09-17T07:16:00+00:00
9337,50d6350f-ffd4-59ad-a1ff-65a49a77a913,5,streak_week_bonus,2026-09-17,2026-09-17T07:16:00+00:00
9338,693ebb02-ab3f-5d60-b798-d4d4df4900d2,5,daily_login,2026-09-17,2026-09-17T07:16:00+00:00
9339,1bc15434-bc22-56cc-a890-336efd2a11e5,5,daily_login,2026-09-17,2026-09-17T07:17:00+00:00
9340,9355c2cf-38db-5118-9b77-3d5b5b3870df,5,daily_login,2026-09-17,2026-09-17T07:17:00+00:00
9341,96dbbdad-601e-5bc2-9d1a-78f9f6349a39,5,daily_login,2026-09-17,2026-09-17T07:18:00+00:00
9342,64609795-d498-5ea7-ad33-a3bcecf9d962,5,daily_login,2026-09-17,2026-09-17T07:18:00+00:00
9343,9047d24d-0775-5f10-bf17-6e8fc62c5884,5,daily_login,2026-09-17,2026-09-17T07:20:00+00:00
9344,9c9c228f-3bd5-5da4-b666-fbfab93b4b7e,5,daily_login,2026-09-17,2026-09-17T07:21:00+00:00
9345,7bdf8ad6-1318-5f74-9112-e2b655e215a2,5,daily_login,2026-09-17,2026-09-17T07:21:00+00:00
9346,1b1e4344-fde4-5cc2-b82c-4fb458696522,5,daily_login,2026-09-17,2026-09-17T07:21:00+00:00
9347,4ec67eb8-4fda-5cbc-bbd1-a6afc7ce8130,5,daily_login,2026-09-17,2026-09-17T07:21:00+00:00
9348,85df6dcd-e42a-581f-802b-eb93568b74eb,5,daily_login,2026-09-17,2026-09-17T07:21:00+00:00
9349,368442e7-2dfe-5df4-9ab7-a468b984050a,5,daily_login,2026-09-17,2026-09-17T07:22:00+00:00
9350,d16e3cdc-2868-563d-867d-62fa9b8b24ea,5,daily_login,2026-09-17,2026-09-17T07:22:00+00:00
9351,d5dc7189-89df-5fd7-983f-1124b6de3d68,5,daily_login,2026-09-17,2026-09-17T07:23:00+00:00
9352,35e87bcc-650c-5e3f-9741-3f0c54905b6f,5,daily_login,2026-09-17,2026-09-17T07:23:00+00:00
9353,ffe47fd1-7989-5728-addd-50b504edd889,5,daily_login,2026-09-17,2026-09-17T07:24:00+00:00
9354,58074159-53d7-5a52-8436-d84a05af35a9,5,daily_login,2026-09-17,2026-09-17T07:24:00+00:00
9355,61347d09-09eb-5f04-a4ec-fe830319799f,5,daily_login,2026-09-17,2026-09-17T07:24:00+00:00
9356,53f78f7e-e2df-586b-b483-5748c92d0f9f,5,daily_login,2026-09-17,2026-09-17T07:25:00+00:00
9357,1bf86e3f-0e6e-5241-b319-71005237945f,5,daily_login,2026-09-17,2026-09-17T07:25:00+00:00
9358,6b9b6012-cdb4-50eb-8ad0-01c36516df23,5,daily_login,2026-09-17,2026-09-17T07:26:00+00:00
9359,baa8ef70-5b01-5a49-84cb-71c353290705,5,daily_login,2026-09-17,2026-09-17T07:26:00+00:00
9360,4307ee18-2e16-50be-abbc-db160bb8e8fd,5,daily_login,2026-09-17,2026-09-17T07:26:00+00:00
9361,e502b694-466f-5e1f-9293-146b264ae20c,5,daily_login,2026-09-17,2026-09-17T07:27:00+00:00
9362,e502b694-466f-5e1f-9293-146b264ae20c,5,streak_week_bonus,2026-09-17,2026-09-17T07:27:00+00:00
9363,d0c58825-6ead-50f6-9a07-f2f95dbb51ea,5,daily_login,2026-09-17,2026-09-17T07:27:00+00:00
9364,2e2e8079-6c9e-51c9-bc7e-1475045fd514,5,daily_login,2026-09-17,2026-09-17T07:27:00+00:00
9365,f3744506-cae3-5f81-8a4f-506a60395be8,5,daily_login,2026-09-17,2026-09-17T07:28:00+00:00
9366,e3efd234-c7f9-5957-937f-661b1c3981ef,5,daily_login,2026-09-17,2026-09-17T07:28:00+00:00
9367,e7dd6cb0-626e-510a-9e98-0498c534b04d,5,daily_login,2026-09-17,2026-09-17T07:28:00+00:00
9368,7f0221a7-4703-52e7-8b26-fa2cd7303c90,5,daily_login,2026-09-17,2026-09-17T07:29:00+00:00
9369,54561bf4-fe37-5b37-934d-9c7f81542f8b,5,daily_login,2026-09-17,2026-09-17T07:30:00+00:00
9370,da462241-608b-5422-bdbd-0d98184a433d,5,daily_login,2026-09-17,2026-09-17T07:30:00+00:00
9371,082b47e7-5a06-5a34-bd49-595c82b2b196,5,daily_login,2026-09-17,2026-09-17T07:31:00+00:00
9372,ee289908-380a-5bb3-8fdc-0990b203929b,5,daily_login,2026-09-17,2026-09-17T07:32:00+00:00
9373,95927b04-f214-5c26-878d-fb55176e41bc,5,daily_login,2026-09-17,2026-09-17T07:32:00+00:00
9374,9cba29b2-e169-54f3-9d61-1d5013f80312,5,daily_login,2026-09-17,2026-09-17T07:32:00+00:00
9375,473b12ab-4d0d-5b7f-89b2-c0a1e2405c60,5,daily_login,2026-09-17,2026-09-17T07:32:00+00:00
9376,88820056-e901-59a1-b2ca-c4e813b34f7b,5,daily_login,2026-09-17,2026-09-17T07:33:00+00:00
9377,a0a53b38-722a-56e6-a52c-fe0e06169a59,5,daily_login,2026-09-17,2026-09-17T07:34:00+00:00
9378,6720265f-9f2b-5485-bf24-54e1784991b6,5,daily_login,2026-09-17,2026-09-17T07:34:00+00:00
9379,9a026691-28ff-5880-9da3-006735af19d3,5,daily_login,2026-09-17,2026-09-17T07:35:00+00:00
9380,7e6a1243-34f5-52e6-862f-e5f3b2ebe640,5,daily_login,2026-09-17,2026-09-17T07:36:00+00:00
9381,5421f79d-ed60-5eed-852b-01b379adab9e,5,daily_login,2026-09-17,2026-09-17T07:36:00+00:00
9382,8fa5b823-1a70-59f7-9bb2-b3d5f36dc82b,5,daily_login,2026-09-17,2026-09-17T07:36:00+00:00
9383,4cf03b5a-e2ca-57f2-95b8-16a3b92247e6,5,daily_login,2026-09-17,2026-09-17T07:37:00+00:00
9384,5ce94e6e-a987-5fd1-90b2-94a1174f9376,5,daily_login,2026-09-17,2026-09-17T07:37:00+00:00
9385,6988340a-a3c1-5fda-a996-711f1723c649,5,daily_login,2026-09-17,2026-09-17T07:37:00+00:00
9386,eb397f92-99ac-5f0f-8f81-3540865f0477,5,daily_login,2026-09-17,2026-09-17T07:38:00+00:00
9387,0bd9c807-50b6-567b-befe-96c80ed2fc9d,5,daily_login,2026-09-17,2026-09-17T07:38:00+00:00
9388,c6286e16-5e03-594c-aa67-861b8ba91b33,5,daily_login,2026-09-17,2026-09-17T07:39:00+00:00
9389,7b48b183-5d87-500f-9cec-2e003c19efac,5,daily_login,2026-09-17,2026-09-17T07:40:00+00:00
9390,bb4b0d34-59a4-5948-a9be-a1aa6caece55,5,daily_login,2026-09-17,2026-09-17T07:40:00+00:00
9391,d767d4bb-a2aa-587a-90f9-23d0689ae52a,5,daily_login,2026-09-17,2026-09-17T07:40:00+00:00
9392,fb400c3e-ecd0-522e-8b8e-1323946be71a,5,daily_login,2026-09-17,2026-09-17T07:40:00+00:00
9393,daa36188-60fd-56a2-938b-70b1b51084b0,5,daily_login,2026-09-17,2026-09-17T07:43:00+00:00
9394,a070c6d0-c23b-5036-b352-f16db0d6ec8e,5,daily_login,2026-09-17,2026-09-17T07:43:00+00:00
9395,a5526e82-ef69-522b-b3ad-df818658bde0,5,daily_login,2026-09-17,2026-09-17T07:44:00+00:00
9396,405fd522-6b0d-52fc-b397-dc3ce2e4a2ea,5,daily_login,2026-09-17,2026-09-17T07:44:00+00:00
9397,6ab0c42d-0ad5-5b3d-9c6c-4ab9eaa47586,5,daily_login,2026-09-17,2026-09-17T07:45:00+00:00
9398,5ccdaadc-80b2-50e1-a0c1-bad0246a7cf2,5,daily_login,2026-09-17,2026-09-17T07:46:00+00:00
9399,6e82bb3e-ede8-5803-ba1a-cc3aa8766199,20,thread_create,thread:120,2026-09-17T09:30:00+00:00
9400,6e82bb3e-ede8-5803-ba1a-cc3aa8766199,150,first_thread,badge,2026-09-17T09:30:00+00:00
9401,eb397f92-99ac-5f0f-8f81-3540865f0477,20,thread_create,thread:128,2026-09-17T09:30:00+00:00
9402,774fd1d7-ca6b-5177-9d91-fc7b24739425,20,thread_create,thread:142,2026-09-18T02:30:00+00:00
9403,774fd1d7-ca6b-5177-9d91-fc7b24739425,150,first_thread,badge,2026-09-18T02:30:00+00:00
9404,d9fbcbde-376a-5f82-9fb5-268a24b02d57,5,daily_login,2026-09-18,2026-09-18T07:10:00+00:00
9405,610e9654-06d6-5e55-959b-377b8749b8f9,5,daily_login,2026-09-18,2026-09-18T07:10:00+00:00
9406,518ae987-15f7-5b22-8bcc-df59623dbdce,5,daily_login,2026-09-18,2026-09-18T07:10:00+00:00
9407,4c2177ab-592a-5e4a-b25b-8bb3f8090555,5,daily_login,2026-09-18,2026-09-18T07:11:00+00:00
9408,f985b68e-39ae-5c83-8468-2b126802c414,5,daily_login,2026-09-18,2026-09-18T07:12:00+00:00
9409,3d5b480d-3962-5c76-96ca-5459d65372aa,5,daily_login,2026-09-18,2026-09-18T07:14:00+00:00
9410,6e82bb3e-ede8-5803-ba1a-cc3aa8766199,5,daily_login,2026-09-18,2026-09-18T07:15:00+00:00
9411,20b63262-d3e6-555a-95b2-84fc87694a19,5,daily_login,2026-09-18,2026-09-18T07:15:00+00:00
9412,50d6350f-ffd4-59ad-a1ff-65a49a77a913,5,daily_login,2026-09-18,2026-09-18T07:16:00+00:00
9413,64b591cd-4cbe-577a-aba9-ee6912328a58,5,daily_login,2026-09-18,2026-09-18T07:16:00+00:00
9414,693ebb02-ab3f-5d60-b798-d4d4df4900d2,5,daily_login,2026-09-18,2026-09-18T07:16:00+00:00
9415,9355c2cf-38db-5118-9b77-3d5b5b3870df,5,daily_login,2026-09-18,2026-09-18T07:17:00+00:00
9416,b7f1d97d-9f3c-5885-b9ef-48d67a16a686,5,daily_login,2026-09-18,2026-09-18T07:17:00+00:00
9417,96dbbdad-601e-5bc2-9d1a-78f9f6349a39,5,daily_login,2026-09-18,2026-09-18T07:18:00+00:00
9418,64609795-d498-5ea7-ad33-a3bcecf9d962,5,daily_login,2026-09-18,2026-09-18T07:18:00+00:00
9419,cb162f3d-006f-544e-bfa6-f9abb8a52026,5,daily_login,2026-09-18,2026-09-18T07:19:00+00:00
9420,9d1c460b-bd0b-57ff-ac14-f2b10f73edd3,5,daily_login,2026-09-18,2026-09-18T07:19:00+00:00
9421,43a3bb15-e7a6-5c42-a198-3e0d7f080ba1,5,daily_login,2026-09-18,2026-09-18T07:20:00+00:00
9422,9047d24d-0775-5f10-bf17-6e8fc62c5884,5,daily_login,2026-09-18,2026-09-18T07:20:00+00:00
9423,7bdf8ad6-1318-5f74-9112-e2b655e215a2,5,daily_login,2026-09-18,2026-09-18T07:21:00+00:00
9424,85df6dcd-e42a-581f-802b-eb93568b74eb,5,daily_login,2026-09-18,2026-09-18T07:21:00+00:00
9425,d16e3cdc-2868-563d-867d-62fa9b8b24ea,5,daily_login,2026-09-18,2026-09-18T07:22:00+00:00
9426,3a376c3a-3e46-5c8c-815c-232b66ca9bc8,5,daily_login,2026-09-18,2026-09-18T07:23:00+00:00
9427,4c310820-12d3-5128-9a45-973db446b59e,5,daily_login,2026-09-18,2026-09-18T07:23:00+00:00
9428,02bf8d95-eee4-5287-b363-0551cc4a6d51,5,daily_login,2026-09-18,2026-09-18T07:23:00+00:00
9429,88a268b0-6bca-5583-b041-ffdbc51be7e6,5,daily_login,2026-09-18,2026-09-18T07:24:00+00:00
9430,ae96d203-7a11-52ed-9e02-cd93c3dda603,5,daily_login,2026-09-18,2026-09-18T07:24:00+00:00
9431,ffe47fd1-7989-5728-addd-50b504edd889,5,daily_login,2026-09-18,2026-09-18T07:24:00+00:00
9432,58074159-53d7-5a52-8436-d84a05af35a9,5,daily_login,2026-09-18,2026-09-18T07:24:00+00:00
9433,a2cc3818-be31-5aeb-828c-e23f579431aa,5,daily_login,2026-09-18,2026-09-18T07:25:00+00:00
9434,1bf86e3f-0e6e-5241-b319-71005237945f,5,daily_login,2026-09-18,2026-09-18T07:25:00+00:00
9435,baa8ef70-5b01-5a49-84cb-71c353290705,5,daily_login,2026-09-18,2026-09-18T07:26:00+00:00
9436,d0c58825-6ead-50f6-9a07-f2f95dbb51ea,5,daily_login,2026-09-18,2026-09-18T07:27:00+00:00
9437,2e2e8079-6c9e-51c9-bc7e-1475045fd514,5,daily_login,2026-09-18,2026-09-18T07:27:00+00:00
9438,2e2e8079-6c9e-51c9-bc7e-1475045fd514,5,streak_week_bonus,2026-09-18,2026-09-18T07:27:00+00:00
9439,e7dd6cb0-626e-510a-9e98-0498c534b04d,5,daily_login,2026-09-18,2026-09-18T07:28:00+00:00
9440,0e49007f-82be-5238-a956-37d8f7b40d4c,5,daily_login,2026-09-18,2026-09-18T07:29:00+00:00
9441,b897da16-1a55-5740-8129-7d502e6f44b8,5,daily_login,2026-09-18,2026-09-18T07:29:00+00:00
9442,5532dec3-02ae-5ac3-8b57-2e8214a8598b,5,daily_login,2026-09-18,2026-09-18T07:29:00+00:00
9443,da462241-608b-5422-bdbd-0d98184a433d,5,daily_login,2026-09-18,2026-09-18T07:30:00+00:00
9444,facb4557-eabe-5f8b-89cc-f223b91c89b7,5,daily_login,2026-09-18,2026-09-18T07:30:00+00:00
9445,082b47e7-5a06-5a34-bd49-595c82b2b196,5,daily_login,2026-09-18,2026-09-18T07:31:00+00:00
9446,82a5c89c-0b3a-58b9-9259-837a5348a5c2,5,daily_login,2026-09-18,2026-09-18T07:31:00+00:00
9447,44f09dba-7a20-5f46-840b-4670e6c7eb92,5,daily_login,2026-09-18,2026-09-18T07:33:00+00:00
9448,88820056-e901-59a1-b2ca-c4e813b34f7b,5,daily_login,2026-09-18,2026-09-18T07:33:00+00:00
9449,bc38029f-d1c5-5b8f-8055-d446a522cb91,5,daily_login,2026-09-18,2026-09-18T07:34:00+00:00
9450,a0a53b38-722a-56e6-a52c-fe0e06169a59,5,daily_login,2026-09-18,2026-09-18T07:34:00+00:00
9451,01c00e49-c4d6-5d4b-bbc1-8aa3fe21ba2a,5,daily_login,2026-09-18,2026-09-18T07:34:00+00:00
9452,4cf03b5a-e2ca-57f2-95b8-16a3b92247e6,5,daily_login,2026-09-18,2026-09-18T07:37:00+00:00
9453,5ce94e6e-a987-5fd1-90b2-94a1174f9376,5,daily_login,2026-09-18,2026-09-18T07:37:00+00:00
9454,6988340a-a3c1-5fda-a996-711f1723c649,5,daily_login,2026-09-18,2026-09-18T07:37:00+00:00
9455,eb397f92-99ac-5f0f-8f81-3540865f0477,5,daily_login,2026-09-18,2026-09-18T07:38:00+00:00
9456,bdc5faf6-386d-5338-99a0-32d156bcbd68,5,daily_login,2026-09-18,2026-09-18T07:38:00+00:00
9457,302b84f9-9053-5cf7-bed0-305678227875,5,daily_login,2026-09-18,2026-09-18T07:39:00+00:00
9458,eeeb9e89-042f-5fdc-8fcf-2c3ad56f9bf1,5,daily_login,2026-09-18,2026-09-18T07:39:00+00:00
9459,508d03e7-de84-523a-8242-f48abc9451d7,5,daily_login,2026-09-18,2026-09-18T07:39:00+00:00
9460,c6286e16-5e03-594c-aa67-861b8ba91b33,5,daily_login,2026-09-18,2026-09-18T07:39:00+00:00
9461,7b48b183-5d87-500f-9cec-2e003c19efac,5,daily_login,2026-09-18,2026-09-18T07:40:00+00:00
9462,bb4b0d34-59a4-5948-a9be-a1aa6caece55,5,daily_login,2026-09-18,2026-09-18T07:40:00+00:00
9463,d767d4bb-a2aa-587a-90f9-23d0689ae52a,5,daily_login,2026-09-18,2026-09-18T07:40:00+00:00
9464,51420309-4688-52d6-84b9-51c0dc3a900e,5,daily_login,2026-09-18,2026-09-18T07:40:00+00:00
9465,373cd20e-25d5-5a46-a0ae-18157cf68a55,5,daily_login,2026-09-18,2026-09-18T07:41:00+00:00
9466,dfe9e449-d177-56af-a679-d3e1c78c5c02,5,daily_login,2026-09-18,2026-09-18T07:43:00+00:00
9467,36016ab9-3cc9-5f6a-8bc7-1d138ad9cb43,5,daily_login,2026-09-18,2026-09-18T07:44:00+00:00
9468,a5526e82-ef69-522b-b3ad-df818658bde0,5,daily_login,2026-09-18,2026-09-18T07:44:00+00:00
9469,405fd522-6b0d-52fc-b397-dc3ce2e4a2ea,5,daily_login,2026-09-18,2026-09-18T07:44:00+00:00
9470,e137404e-9196-525c-b17a-44dc96d29f29,5,daily_login,2026-09-18,2026-09-18T07:44:00+00:00
9471,6d9d0917-bda8-5863-abe4-92d14b0cc926,5,daily_login,2026-09-18,2026-09-18T07:44:00+00:00
9472,6ab0c42d-0ad5-5b3d-9c6c-4ab9eaa47586,5,daily_login,2026-09-18,2026-09-18T07:45:00+00:00
9473,ae7ac442-d880-5cd8-bc30-8d21c5f7dc54,5,daily_login,2026-09-18,2026-09-18T07:45:00+00:00
9474,5ccdaadc-80b2-50e1-a0c1-bad0246a7cf2,5,daily_login,2026-09-18,2026-09-18T07:46:00+00:00
9475,b39a9d3d-f3eb-5d31-9cc7-15e278969b70,5,daily_login,2026-09-18,2026-09-18T07:46:00+00:00
9476,8ecc0792-3789-53b2-a26e-fc6daa886eb7,300,project_completed,badge,2026-09-18T10:30:00+00:00
9477,8ecc0792-3789-53b2-a26e-fc6daa886eb7,60,milestone_complete,milestone:154,2026-09-18T10:30:00+00:00
9478,53f78f7e-e2df-586b-b483-5748c92d0f9f,60,milestone_complete,milestone:164,2026-09-18T10:30:00+00:00
9479,8819cb55-67e6-5a55-98c8-d80446975a9e,10,chapter_complete,chapter:23,2026-09-19T00:41:00+00:00
9480,8819cb55-67e6-5a55-98c8-d80446975a9e,50,first_chapter,badge,2026-09-19T00:41:00+00:00
9481,ac9c9500-b7e4-5bbe-8f4e-a40a6201979a,10,chapter_complete,chapter:3,2026-09-19T00:41:00+00:00
9482,ac9c9500-b7e4-5bbe-8f4e-a40a6201979a,50,first_chapter,badge,2026-09-19T00:41:00+00:00
9483,6cf4bb40-4d81-5eb3-b9d9-5841cd55724e,10,chapter_complete,chapter:48,2026-09-19T00:41:00+00:00
9484,6cf4bb40-4d81-5eb3-b9d9-5841cd55724e,50,first_chapter,badge,2026-09-19T00:41:00+00:00
9485,61347d09-09eb-5f04-a4ec-fe830319799f,10,chapter_complete,chapter:38,2026-09-19T00:41:00+00:00
9486,61347d09-09eb-5f04-a4ec-fe830319799f,50,first_chapter,badge,2026-09-19T00:41:00+00:00
9487,e747fee0-a84b-5f51-98a3-7481903c9023,10,chapter_complete,chapter:38,2026-09-19T00:42:00+00:00
9488,e747fee0-a84b-5f51-98a3-7481903c9023,50,first_chapter,badge,2026-09-19T00:42:00+00:00
9489,35e87bcc-650c-5e3f-9741-3f0c54905b6f,10,chapter_complete,chapter:3,2026-09-19T00:42:00+00:00
9490,35e87bcc-650c-5e3f-9741-3f0c54905b6f,50,first_chapter,badge,2026-09-19T00:42:00+00:00
9491,f4b545d6-b6c0-54b8-847e-101d68428b48,10,chapter_complete,chapter:18,2026-09-19T00:43:00+00:00
9492,f4b545d6-b6c0-54b8-847e-101d68428b48,50,first_chapter,badge,2026-09-19T00:43:00+00:00
9493,8300625d-d3f5-5264-8503-98a2bfbf60d8,10,chapter_complete,chapter:48,2026-09-19T00:43:00+00:00
9494,8300625d-d3f5-5264-8503-98a2bfbf60d8,50,first_chapter,badge,2026-09-19T00:43:00+00:00
9495,b39a9d3d-f3eb-5d31-9cc7-15e278969b70,10,chapter_complete,chapter:28,2026-09-19T00:43:00+00:00
9496,b39a9d3d-f3eb-5d31-9cc7-15e278969b70,50,first_chapter,badge,2026-09-19T00:43:00+00:00
9497,3bc3e38a-5ff7-5330-ab2d-8add18e85d57,10,chapter_complete,chapter:13,2026-09-19T00:44:00+00:00
9498,3bc3e38a-5ff7-5330-ab2d-8add18e85d57,50,first_chapter,badge,2026-09-19T00:44:00+00:00
9499,52ab3a8f-ec5c-5e66-bcd5-efc304512118,10,chapter_complete,chapter:38,2026-09-19T00:45:00+00:00
9500,52ab3a8f-ec5c-5e66-bcd5-efc304512118,50,first_chapter,badge,2026-09-19T00:45:00+00:00
9501,f8f213c7-3d61-567e-9735-5e3e9498b892,10,chapter_complete,chapter:28,2026-09-19T00:45:00+00:00
9502,f8f213c7-3d61-567e-9735-5e3e9498b892,50,first_chapter,badge,2026-09-19T00:45:00+00:00
9503,e137404e-9196-525c-b17a-44dc96d29f29,10,chapter_complete,chapter:33,2026-09-19T00:45:00+00:00
9504,e137404e-9196-525c-b17a-44dc96d29f29,50,first_chapter,badge,2026-09-19T00:45:00+00:00
9505,9047d24d-0775-5f10-bf17-6e8fc62c5884,10,chapter_complete,chapter:48,2026-09-19T00:45:00+00:00
9506,9047d24d-0775-5f10-bf17-6e8fc62c5884,50,first_chapter,badge,2026-09-19T00:45:00+00:00
9507,54561bf4-fe37-5b37-934d-9c7f81542f8b,10,chapter_complete,chapter:8,2026-09-19T00:46:00+00:00
9508,54561bf4-fe37-5b37-934d-9c7f81542f8b,50,first_chapter,badge,2026-09-19T00:46:00+00:00
9509,7b359533-e634-59eb-a2c3-b5501ff96488,10,chapter_complete,chapter:28,2026-09-19T00:46:00+00:00
9510,7b359533-e634-59eb-a2c3-b5501ff96488,50,first_chapter,badge,2026-09-19T00:46:00+00:00
9511,64b591cd-4cbe-577a-aba9-ee6912328a58,10,chapter_complete,chapter:18,2026-09-19T00:47:00+00:00
9512,64b591cd-4cbe-577a-aba9-ee6912328a58,50,first_chapter,badge,2026-09-19T00:47:00+00:00
9513,f0ca4141-ccff-5472-ba76-f4b194108c7b,10,chapter_complete,chapter:8,2026-09-19T00:47:00+00:00
9514,f0ca4141-ccff-5472-ba76-f4b194108c7b,50,first_chapter,badge,2026-09-19T00:47:00+00:00
9515,33d87513-60c2-51ff-9ec5-f0f1389ed27e,10,chapter_complete,chapter:38,2026-09-19T00:47:00+00:00
9516,33d87513-60c2-51ff-9ec5-f0f1389ed27e,50,first_chapter,badge,2026-09-19T00:47:00+00:00
9517,d3175e63-6121-5d55-b429-df91670d9aca,10,chapter_complete,chapter:13,2026-09-19T00:47:00+00:00
9518,d3175e63-6121-5d55-b429-df91670d9aca,50,first_chapter,badge,2026-09-19T00:47:00+00:00
9519,6e82bb3e-ede8-5803-ba1a-cc3aa8766199,10,chapter_complete,chapter:33,2026-09-19T00:48:00+00:00
9520,6e82bb3e-ede8-5803-ba1a-cc3aa8766199,50,first_chapter,badge,2026-09-19T00:48:00+00:00
9521,7624f38b-fbca-546f-af04-c9dda9318f82,10,chapter_complete,chapter:18,2026-09-19T00:48:00+00:00
9522,7624f38b-fbca-546f-af04-c9dda9318f82,50,first_chapter,badge,2026-09-19T00:48:00+00:00
9523,a36cd93c-2f0c-5956-9a51-8094e39a7bed,10,chapter_complete,chapter:3,2026-09-19T00:49:00+00:00
9524,a36cd93c-2f0c-5956-9a51-8094e39a7bed,50,first_chapter,badge,2026-09-19T00:49:00+00:00
9525,a36cd93c-2f0c-5956-9a51-8094e39a7bed,200,level_5,badge,2026-09-19T00:49:00+00:00
9526,458287c3-1628-5e26-8930-0d88ae11ce1a,10,chapter_complete,chapter:13,2026-09-19T00:49:00+00:00
9527,458287c3-1628-5e26-8930-0d88ae11ce1a,50,first_chapter,badge,2026-09-19T00:49:00+00:00
9528,51420309-4688-52d6-84b9-51c0dc3a900e,10,chapter_complete,chapter:23,2026-09-19T00:49:00+00:00
9529,51420309-4688-52d6-84b9-51c0dc3a900e,50,first_chapter,badge,2026-09-19T00:49:00+00:00
9530,06657aeb-b604-5b0d-9281-d2e5afb78a9d,10,chapter_complete,chapter:13,2026-09-19T00:49:00+00:00
9531,06657aeb-b604-5b0d-9281-d2e5afb78a9d,50,first_chapter,badge,2026-09-19T00:49:00+00:00
9532,a60d0128-bffa-5d2d-9915-36693e6bc3ba,10,chapter_complete,chapter:3,2026-09-19T00:50:00+00:00
9533,a60d0128-bffa-5d2d-9915-36693e6bc3ba,50,first_chapter,badge,2026-09-19T00:50:00+00:00
9534,d6b81cb4-a299-5894-baa5-463cb63679a3,10,chapter_complete,chapter:38,2026-09-19T00:50:00+00:00
9535,d6b81cb4-a299-5894-baa5-463cb63679a3,50,first_chapter,badge,2026-09-19T00:50:00+00:00
9536,50de23a6-cd45-55ac-adb0-06d14b4ed8ce,10,chapter_complete,chapter:23,2026-09-19T00:51:00+00:00
9537,50de23a6-cd45-55ac-adb0-06d14b4ed8ce,50,first_chapter,badge,2026-09-19T00:51:00+00:00
9538,53f78f7e-e2df-586b-b483-5748c92d0f9f,10,chapter_complete,chapter:3,2026-09-19T00:51:00+00:00
9539,53f78f7e-e2df-586b-b483-5748c92d0f9f,50,first_chapter,badge,2026-09-19T00:51:00+00:00
9540,bdc5faf6-386d-5338-99a0-32d156bcbd68,10,chapter_complete,chapter:18,2026-09-19T00:51:00+00:00
9541,bdc5faf6-386d-5338-99a0-32d156bcbd68,50,first_chapter,badge,2026-09-19T00:51:00+00:00
9542,f0f4eb8c-a1ed-50a1-bc7d-2863700a31a5,10,chapter_complete,chapter:8,2026-09-19T00:52:00+00:00
9543,f0f4eb8c-a1ed-50a1-bc7d-2863700a31a5,50,first_chapter,badge,2026-09-19T00:52:00+00:00
9544,45abfe15-6e8d-57cf-bda3-b7ae2b5c0bc7,10,chapter_complete,chapter:33,2026-09-19T00:52:00+00:00
9545,45abfe15-6e8d-57cf-bda3-b7ae2b5c0bc7,50,first_chapter,badge,2026-09-19T00:52:00+00:00
9546,95ff45a0-9b28-55cb-bba6-22a608a4e30d,10,chapter_complete,chapter:23,2026-09-19T00:53:00+00:00
9547,95ff45a0-9b28-55cb-bba6-22a608a4e30d,50,first_chapter,badge,2026-09-19T00:53:00+00:00
9548,8819cb55-67e6-5a55-98c8-d80446975a9e,10,chapter_complete,chapter:24,2026-09-19T00:53:00+00:00
9549,4c310820-12d3-5128-9a45-973db446b59e,10,chapter_complete,chapter:3,2026-09-19T00:53:00+00:00
9550,4c310820-12d3-5128-9a45-973db446b59e,50,first_chapter,badge,2026-09-19T00:53:00+00:00
9551,5421f79d-ed60-5eed-852b-01b379adab9e,10,chapter_complete,chapter:43,2026-09-19T00:53:00+00:00
9552,5421f79d-ed60-5eed-852b-01b379adab9e,50,first_chapter,badge,2026-09-19T00:53:00+00:00
9553,3d0f3e54-413b-5a89-bc88-8cb0e7246b97,10,chapter_complete,chapter:3,2026-09-19T00:53:00+00:00
9554,3d0f3e54-413b-5a89-bc88-8cb0e7246b97,50,first_chapter,badge,2026-09-19T00:53:00+00:00
9555,61347d09-09eb-5f04-a4ec-fe830319799f,10,chapter_complete,chapter:39,2026-09-19T00:53:00+00:00
9556,368442e7-2dfe-5df4-9ab7-a468b984050a,10,chapter_complete,chapter:8,2026-09-19T00:54:00+00:00
9557,368442e7-2dfe-5df4-9ab7-a468b984050a,50,first_chapter,badge,2026-09-19T00:54:00+00:00
9558,e747fee0-a84b-5f51-98a3-7481903c9023,10,chapter_complete,chapter:39,2026-09-19T00:54:00+00:00
9559,b7180518-4b5b-54ef-9060-958212d05ab7,10,chapter_complete,chapter:3,2026-09-19T00:54:00+00:00
9560,b7180518-4b5b-54ef-9060-958212d05ab7,50,first_chapter,badge,2026-09-19T00:54:00+00:00
9561,35e87bcc-650c-5e3f-9741-3f0c54905b6f,10,chapter_complete,chapter:4,2026-09-19T00:54:00+00:00
9562,6ab0c42d-0ad5-5b3d-9c6c-4ab9eaa47586,10,chapter_complete,chapter:43,2026-09-19T00:55:00+00:00
9563,6ab0c42d-0ad5-5b3d-9c6c-4ab9eaa47586,50,first_chapter,badge,2026-09-19T00:55:00+00:00
9564,f4b545d6-b6c0-54b8-847e-101d68428b48,10,chapter_complete,chapter:19,2026-09-19T00:55:00+00:00
9565,7bdf8ad6-1318-5f74-9112-e2b655e215a2,10,chapter_complete,chapter:23,2026-09-19T00:55:00+00:00
9566,7bdf8ad6-1318-5f74-9112-e2b655e215a2,50,first_chapter,badge,2026-09-19T00:55:00+00:00
9567,a0a53b38-722a-56e6-a52c-fe0e06169a59,10,chapter_complete,chapter:38,2026-09-19T00:55:00+00:00
9568,a0a53b38-722a-56e6-a52c-fe0e06169a59,50,first_chapter,badge,2026-09-19T00:55:00+00:00
9569,b39a9d3d-f3eb-5d31-9cc7-15e278969b70,10,chapter_complete,chapter:29,2026-09-19T00:55:00+00:00
9570,518ae987-15f7-5b22-8bcc-df59623dbdce,10,chapter_complete,chapter:23,2026-09-19T00:55:00+00:00
9571,518ae987-15f7-5b22-8bcc-df59623dbdce,50,first_chapter,badge,2026-09-19T00:55:00+00:00
9572,36016ab9-3cc9-5f6a-8bc7-1d138ad9cb43,10,chapter_complete,chapter:38,2026-09-19T00:56:00+00:00
9573,36016ab9-3cc9-5f6a-8bc7-1d138ad9cb43,50,first_chapter,badge,2026-09-19T00:56:00+00:00
9574,44f09dba-7a20-5f46-840b-4670e6c7eb92,10,chapter_complete,chapter:33,2026-09-19T00:56:00+00:00
9575,44f09dba-7a20-5f46-840b-4670e6c7eb92,50,first_chapter,badge,2026-09-19T00:56:00+00:00
9576,daa36188-60fd-56a2-938b-70b1b51084b0,10,chapter_complete,chapter:38,2026-09-19T00:57:00+00:00
9577,daa36188-60fd-56a2-938b-70b1b51084b0,50,first_chapter,badge,2026-09-19T00:57:00+00:00
9578,52ab3a8f-ec5c-5e66-bcd5-efc304512118,10,chapter_complete,chapter:39,2026-09-19T00:57:00+00:00
9579,cb162f3d-006f-544e-bfa6-f9abb8a52026,10,chapter_complete,chapter:43,2026-09-19T00:57:00+00:00
9580,cb162f3d-006f-544e-bfa6-f9abb8a52026,50,first_chapter,badge,2026-09-19T00:57:00+00:00
9581,e137404e-9196-525c-b17a-44dc96d29f29,10,chapter_complete,chapter:34,2026-09-19T00:57:00+00:00
9582,6ac5a7a4-ae0d-5e31-8a7c-d85b63a96c46,10,chapter_complete,chapter:8,2026-09-19T00:57:00+00:00
9583,6ac5a7a4-ae0d-5e31-8a7c-d85b63a96c46,50,first_chapter,badge,2026-09-19T00:57:00+00:00
9584,9047d24d-0775-5f10-bf17-6e8fc62c5884,10,chapter_complete,chapter:49,2026-09-19T00:57:00+00:00
9585,9047d24d-0775-5f10-bf17-6e8fc62c5884,200,level_5,badge,2026-09-19T00:57:00+00:00
9586,fd96bbd1-5601-5c99-a1e2-04b09168b35e,10,chapter_complete,chapter:28,2026-09-19T00:58:00+00:00
9587,fd96bbd1-5601-5c99-a1e2-04b09168b35e,50,first_chapter,badge,2026-09-19T00:58:00+00:00
9588,54561bf4-fe37-5b37-934d-9c7f81542f8b,10,chapter_complete,chapter:9,2026-09-19T00:58:00+00:00
9589,6d9d0917-bda8-5863-abe4-92d14b0cc926,10,chapter_complete,chapter:43,2026-09-19T00:58:00+00:00
9590,6d9d0917-bda8-5863-abe4-92d14b0cc926,50,first_chapter,badge,2026-09-19T00:58:00+00:00
9591,7b359533-e634-59eb-a2c3-b5501ff96488,10,chapter_complete,chapter:29,2026-09-19T00:58:00+00:00
9592,96ccee9a-30f2-56cd-b597-a927c84e0f75,10,chapter_complete,chapter:18,2026-09-19T00:59:00+00:00
9593,96ccee9a-30f2-56cd-b597-a927c84e0f75,50,first_chapter,badge,2026-09-19T00:59:00+00:00
9594,9355c2cf-38db-5118-9b77-3d5b5b3870df,10,chapter_complete,chapter:8,2026-09-19T00:59:00+00:00
9595,9355c2cf-38db-5118-9b77-3d5b5b3870df,50,first_chapter,badge,2026-09-19T00:59:00+00:00
9596,f0ca4141-ccff-5472-ba76-f4b194108c7b,10,chapter_complete,chapter:9,2026-09-19T00:59:00+00:00
9597,da462241-608b-5422-bdbd-0d98184a433d,10,chapter_complete,chapter:3,2026-09-19T00:59:00+00:00
9598,da462241-608b-5422-bdbd-0d98184a433d,50,first_chapter,badge,2026-09-19T00:59:00+00:00
9599,33d87513-60c2-51ff-9ec5-f0f1389ed27e,10,chapter_complete,chapter:39,2026-09-19T00:59:00+00:00
9600,40120057-c43a-5745-9d3a-d9b0c6b1e84e,10,chapter_complete,chapter:43,2026-09-19T00:59:00+00:00
9601,40120057-c43a-5745-9d3a-d9b0c6b1e84e,50,first_chapter,badge,2026-09-19T00:59:00+00:00
9602,d3175e63-6121-5d55-b429-df91670d9aca,10,chapter_complete,chapter:14,2026-09-19T00:59:00+00:00
9603,7b48b183-5d87-500f-9cec-2e003c19efac,10,chapter_complete,chapter:28,2026-09-19T01:00:00+00:00
9604,7b48b183-5d87-500f-9cec-2e003c19efac,50,first_chapter,badge,2026-09-19T01:00:00+00:00
9605,6e82bb3e-ede8-5803-ba1a-cc3aa8766199,10,chapter_complete,chapter:34,2026-09-19T01:00:00+00:00
9606,a53c485b-a35c-51fb-84a5-364207ce0adb,10,chapter_complete,chapter:3,2026-09-19T01:00:00+00:00
9607,a53c485b-a35c-51fb-84a5-364207ce0adb,50,first_chapter,badge,2026-09-19T01:00:00+00:00
9608,7624f38b-fbca-546f-af04-c9dda9318f82,10,chapter_complete,chapter:19,2026-09-19T01:00:00+00:00
9609,302b84f9-9053-5cf7-bed0-305678227875,10,chapter_complete,chapter:3,2026-09-19T01:01:00+00:00
9610,302b84f9-9053-5cf7-bed0-305678227875,50,first_chapter,badge,2026-09-19T01:01:00+00:00
9611,a36cd93c-2f0c-5956-9a51-8094e39a7bed,10,chapter_complete,chapter:4,2026-09-19T01:01:00+00:00
9612,20b63262-d3e6-555a-95b2-84fc87694a19,10,chapter_complete,chapter:18,2026-09-19T01:01:00+00:00
9613,20b63262-d3e6-555a-95b2-84fc87694a19,50,first_chapter,badge,2026-09-19T01:01:00+00:00
9614,458287c3-1628-5e26-8930-0d88ae11ce1a,10,chapter_complete,chapter:14,2026-09-19T01:01:00+00:00
9615,673e8617-3280-5bfa-85a6-738a6d64aac6,10,chapter_complete,chapter:3,2026-09-19T01:01:00+00:00
9616,673e8617-3280-5bfa-85a6-738a6d64aac6,50,first_chapter,badge,2026-09-19T01:01:00+00:00
9617,51420309-4688-52d6-84b9-51c0dc3a900e,10,chapter_complete,chapter:24,2026-09-19T01:01:00+00:00
9618,373cd20e-25d5-5a46-a0ae-18157cf68a55,10,chapter_complete,chapter:28,2026-09-19T01:01:00+00:00
9619,373cd20e-25d5-5a46-a0ae-18157cf68a55,50,first_chapter,badge,2026-09-19T01:01:00+00:00
9620,adfbbf3c-5175-5e0a-bf98-b8854f2081c2,10,chapter_complete,chapter:48,2026-09-19T01:02:00+00:00
9621,adfbbf3c-5175-5e0a-bf98-b8854f2081c2,50,first_chapter,badge,2026-09-19T01:02:00+00:00
9622,a60d0128-bffa-5d2d-9915-36693e6bc3ba,10,chapter_complete,chapter:4,2026-09-19T01:02:00+00:00
9623,fb400c3e-ecd0-522e-8b8e-1323946be71a,10,chapter_complete,chapter:28,2026-09-19T01:02:00+00:00
9624,fb400c3e-ecd0-522e-8b8e-1323946be71a,50,first_chapter,badge,2026-09-19T01:02:00+00:00
9625,50de23a6-cd45-55ac-adb0-06d14b4ed8ce,10,chapter_complete,chapter:24,2026-09-19T01:03:00+00:00
9626,f1fb49f6-8f16-5086-a3b3-1c5e169f9ad4,10,chapter_complete,chapter:18,2026-09-19T01:03:00+00:00
9627,f1fb49f6-8f16-5086-a3b3-1c5e169f9ad4,50,first_chapter,badge,2026-09-19T01:03:00+00:00
9628,20b4182c-90f7-51da-99e8-97ade4d19a92,10,chapter_complete,chapter:8,2026-09-19T01:03:00+00:00
9629,20b4182c-90f7-51da-99e8-97ade4d19a92,50,first_chapter,badge,2026-09-19T01:03:00+00:00
9630,bdc5faf6-386d-5338-99a0-32d156bcbd68,10,chapter_complete,chapter:19,2026-09-19T01:03:00+00:00
9631,554a90ae-c448-548d-a552-cd8f1c340cbd,10,chapter_complete,chapter:18,2026-09-19T01:04:00+00:00
9632,554a90ae-c448-548d-a552-cd8f1c340cbd,50,first_chapter,badge,2026-09-19T01:04:00+00:00
9633,f0f4eb8c-a1ed-50a1-bc7d-2863700a31a5,10,chapter_complete,chapter:9,2026-09-19T01:04:00+00:00
9634,ef763ec1-f93c-5744-9640-4ca59adf9347,10,chapter_complete,chapter:48,2026-09-19T01:04:00+00:00
9635,ef763ec1-f93c-5744-9640-4ca59adf9347,50,first_chapter,badge,2026-09-19T01:04:00+00:00
9636,45abfe15-6e8d-57cf-bda3-b7ae2b5c0bc7,10,chapter_complete,chapter:34,2026-09-19T01:04:00+00:00
9637,5d857806-7d61-533b-bc12-af2d7b775d29,10,chapter_complete,chapter:3,2026-09-19T01:05:00+00:00
9638,5d857806-7d61-533b-bc12-af2d7b775d29,50,first_chapter,badge,2026-09-19T01:05:00+00:00
9639,95ff45a0-9b28-55cb-bba6-22a608a4e30d,10,chapter_complete,chapter:24,2026-09-19T01:05:00+00:00
9640,8819cb55-67e6-5a55-98c8-d80446975a9e,10,chapter_complete,chapter:25,2026-09-19T01:05:00+00:00
9641,37b7aed3-d207-54f7-b4ec-0e05c50eaeb2,10,chapter_complete,chapter:33,2026-09-19T01:05:00+00:00
9642,37b7aed3-d207-54f7-b4ec-0e05c50eaeb2,50,first_chapter,badge,2026-09-19T01:05:00+00:00
9643,4c310820-12d3-5128-9a45-973db446b59e,10,chapter_complete,chapter:4,2026-09-19T01:05:00+00:00
9644,ffe47fd1-7989-5728-addd-50b504edd889,10,chapter_complete,chapter:23,2026-09-19T01:05:00+00:00
9645,ffe47fd1-7989-5728-addd-50b504edd889,50,first_chapter,badge,2026-09-19T01:05:00+00:00
9646,5421f79d-ed60-5eed-852b-01b379adab9e,10,chapter_complete,chapter:44,2026-09-19T01:05:00+00:00
9647,f6e8344b-87f4-5461-93fc-b01ff1ae4265,10,chapter_complete,chapter:38,2026-09-19T01:05:00+00:00
9648,f6e8344b-87f4-5461-93fc-b01ff1ae4265,50,first_chapter,badge,2026-09-19T01:05:00+00:00
9649,61347d09-09eb-5f04-a4ec-fe830319799f,10,chapter_complete,chapter:40,2026-09-19T01:05:00+00:00
9650,f2561442-8439-5138-9a3b-8bcf96f16609,10,chapter_complete,chapter:33,2026-09-19T01:06:00+00:00
9651,f2561442-8439-5138-9a3b-8bcf96f16609,50,first_chapter,badge,2026-09-19T01:06:00+00:00
9652,368442e7-2dfe-5df4-9ab7-a468b984050a,10,chapter_complete,chapter:9,2026-09-19T01:06:00+00:00
9653,e747fee0-a84b-5f51-98a3-7481903c9023,10,chapter_complete,chapter:40,2026-09-19T01:06:00+00:00
9654,8fa5b823-1a70-59f7-9bb2-b3d5f36dc82b,10,chapter_complete,chapter:28,2026-09-19T01:06:00+00:00
9655,8fa5b823-1a70-59f7-9bb2-b3d5f36dc82b,50,first_chapter,badge,2026-09-19T01:06:00+00:00
9656,b7180518-4b5b-54ef-9060-958212d05ab7,10,chapter_complete,chapter:4,2026-09-19T01:06:00+00:00
9657,35e87bcc-650c-5e3f-9741-3f0c54905b6f,10,chapter_complete,chapter:5,2026-09-19T01:06:00+00:00
9658,84047d01-74e6-5a08-a20e-b5c25e3eff3e,10,chapter_complete,chapter:43,2026-09-19T01:07:00+00:00
9659,84047d01-74e6-5a08-a20e-b5c25e3eff3e,50,first_chapter,badge,2026-09-19T01:07:00+00:00
9660,7bdf8ad6-1318-5f74-9112-e2b655e215a2,10,chapter_complete,chapter:24,2026-09-19T01:07:00+00:00
9661,484e243b-afd7-5767-bb0f-4262c0334aea,10,chapter_complete,chapter:38,2026-09-19T01:07:00+00:00
9662,484e243b-afd7-5767-bb0f-4262c0334aea,50,first_chapter,badge,2026-09-19T01:07:00+00:00
9663,a0a53b38-722a-56e6-a52c-fe0e06169a59,10,chapter_complete,chapter:39,2026-09-19T01:07:00+00:00
9664,fbdfefdb-ca2d-5a0e-87ed-62021c1c11d4,10,chapter_complete,chapter:13,2026-09-19T01:07:00+00:00
9665,fbdfefdb-ca2d-5a0e-87ed-62021c1c11d4,50,first_chapter,badge,2026-09-19T01:07:00+00:00
9666,ee289908-380a-5bb3-8fdc-0990b203929b,10,chapter_complete,chapter:18,2026-09-19T01:08:00+00:00
9667,ee289908-380a-5bb3-8fdc-0990b203929b,50,first_chapter,badge,2026-09-19T01:08:00+00:00
9668,36016ab9-3cc9-5f6a-8bc7-1d138ad9cb43,10,chapter_complete,chapter:39,2026-09-19T01:08:00+00:00
9669,1b1e4344-fde4-5cc2-b82c-4fb458696522,10,chapter_complete,chapter:33,2026-09-19T01:08:00+00:00
9670,1b1e4344-fde4-5cc2-b82c-4fb458696522,50,first_chapter,badge,2026-09-19T01:08:00+00:00
9671,44f09dba-7a20-5f46-840b-4670e6c7eb92,10,chapter_complete,chapter:34,2026-09-19T01:08:00+00:00
9672,082b47e7-5a06-5a34-bd49-595c82b2b196,10,chapter_complete,chapter:23,2026-09-19T01:09:00+00:00
9673,082b47e7-5a06-5a34-bd49-595c82b2b196,50,first_chapter,badge,2026-09-19T01:09:00+00:00
9674,daa36188-60fd-56a2-938b-70b1b51084b0,10,chapter_complete,chapter:39,2026-09-19T01:09:00+00:00
9675,a5526e82-ef69-522b-b3ad-df818658bde0,10,chapter_complete,chapter:18,2026-09-19T01:09:00+00:00
9676,a5526e82-ef69-522b-b3ad-df818658bde0,50,first_chapter,badge,2026-09-19T01:09:00+00:00
9677,cb162f3d-006f-544e-bfa6-f9abb8a52026,10,chapter_complete,chapter:44,2026-09-19T01:09:00+00:00
9678,341a0cef-f4a9-53ee-8980-229dc154ff4e,10,chapter_complete,chapter:13,2026-09-19T01:09:00+00:00
9679,341a0cef-f4a9-53ee-8980-229dc154ff4e,50,first_chapter,badge,2026-09-19T01:09:00+00:00
9680,e137404e-9196-525c-b17a-44dc96d29f29,10,chapter_complete,chapter:35,2026-09-19T01:09:00+00:00
9681,88820056-e901-59a1-b2ca-c4e813b34f7b,10,chapter_complete,chapter:8,2026-09-19T01:09:00+00:00
9682,88820056-e901-59a1-b2ca-c4e813b34f7b,50,first_chapter,badge,2026-09-19T01:09:00+00:00
9683,9047d24d-0775-5f10-bf17-6e8fc62c5884,10,chapter_complete,chapter:50,2026-09-19T01:09:00+00:00
9684,dfe9e449-d177-56af-a679-d3e1c78c5c02,10,chapter_complete,chapter:13,2026-09-19T01:10:00+00:00
9685,dfe9e449-d177-56af-a679-d3e1c78c5c02,50,first_chapter,badge,2026-09-19T01:10:00+00:00
9686,fd96bbd1-5601-5c99-a1e2-04b09168b35e,10,chapter_complete,chapter:29,2026-09-19T01:10:00+00:00
9687,fd96bbd1-5601-5c99-a1e2-04b09168b35e,200,level_5,badge,2026-09-19T01:10:00+00:00
9688,473b12ab-4d0d-5b7f-89b2-c0a1e2405c60,10,chapter_complete,chapter:48,2026-09-19T01:10:00+00:00
9689,473b12ab-4d0d-5b7f-89b2-c0a1e2405c60,50,first_chapter,badge,2026-09-19T01:10:00+00:00
9690,7b359533-e634-59eb-a2c3-b5501ff96488,10,chapter_complete,chapter:30,2026-09-19T01:10:00+00:00
9691,0e49007f-82be-5238-a956-37d8f7b40d4c,10,chapter_complete,chapter:18,2026-09-19T01:11:00+00:00
9692,0e49007f-82be-5238-a956-37d8f7b40d4c,50,first_chapter,badge,2026-09-19T01:11:00+00:00
9693,f223e569-d735-5980-b77b-25d459e64a37,10,chapter_complete,chapter:18,2026-09-19T01:11:00+00:00
9694,f223e569-d735-5980-b77b-25d459e64a37,50,first_chapter,badge,2026-09-19T01:11:00+00:00
9695,9355c2cf-38db-5118-9b77-3d5b5b3870df,10,chapter_complete,chapter:9,2026-09-19T01:11:00+00:00
9696,f0ca4141-ccff-5472-ba76-f4b194108c7b,10,chapter_complete,chapter:10,2026-09-19T01:11:00+00:00
9697,96dbbdad-601e-5bc2-9d1a-78f9f6349a39,10,chapter_complete,chapter:38,2026-09-19T01:11:00+00:00
9698,96dbbdad-601e-5bc2-9d1a-78f9f6349a39,50,first_chapter,badge,2026-09-19T01:11:00+00:00
9699,da462241-608b-5422-bdbd-0d98184a433d,10,chapter_complete,chapter:4,2026-09-19T01:11:00+00:00
9700,33d87513-60c2-51ff-9ec5-f0f1389ed27e,10,chapter_complete,chapter:40,2026-09-19T01:11:00+00:00
9701,40120057-c43a-5745-9d3a-d9b0c6b1e84e,10,chapter_complete,chapter:44,2026-09-19T01:11:00+00:00
9702,d3175e63-6121-5d55-b429-df91670d9aca,10,chapter_complete,chapter:15,2026-09-19T01:11:00+00:00
9703,84da666c-c47c-572e-b2c9-3b6f35881596,10,chapter_complete,chapter:23,2026-09-19T01:12:00+00:00
9704,84da666c-c47c-572e-b2c9-3b6f35881596,50,first_chapter,badge,2026-09-19T01:12:00+00:00
9705,7b48b183-5d87-500f-9cec-2e003c19efac,10,chapter_complete,chapter:29,2026-09-19T01:12:00+00:00
9706,6e82bb3e-ede8-5803-ba1a-cc3aa8766199,10,chapter_complete,chapter:35,2026-09-19T01:12:00+00:00
9707,9b2e34a9-6722-598e-a857-e346acd294bf,10,chapter_complete,chapter:28,2026-09-19T01:12:00+00:00
9708,9b2e34a9-6722-598e-a857-e346acd294bf,50,first_chapter,badge,2026-09-19T01:12:00+00:00
9709,a53c485b-a35c-51fb-84a5-364207ce0adb,10,chapter_complete,chapter:4,2026-09-19T01:12:00+00:00
9710,e502b694-466f-5e1f-9293-146b264ae20c,10,chapter_complete,chapter:33,2026-09-19T01:13:00+00:00
9711,e502b694-466f-5e1f-9293-146b264ae20c,50,first_chapter,badge,2026-09-19T01:13:00+00:00
9712,e502b694-466f-5e1f-9293-146b264ae20c,200,level_5,badge,2026-09-19T01:13:00+00:00
9713,302b84f9-9053-5cf7-bed0-305678227875,10,chapter_complete,chapter:4,2026-09-19T01:13:00+00:00
9714,a36cd93c-2f0c-5956-9a51-8094e39a7bed,10,chapter_complete,chapter:5,2026-09-19T01:13:00+00:00
9715,bb4b0d34-59a4-5948-a9be-a1aa6caece55,10,chapter_complete,chapter:38,2026-09-19T01:13:00+00:00
9716,bb4b0d34-59a4-5948-a9be-a1aa6caece55,50,first_chapter,badge,2026-09-19T01:13:00+00:00
9717,20b63262-d3e6-555a-95b2-84fc87694a19,10,chapter_complete,chapter:19,2026-09-19T01:13:00+00:00
9718,458287c3-1628-5e26-8930-0d88ae11ce1a,10,chapter_complete,chapter:15,2026-09-19T01:13:00+00:00
9719,eb3717c1-cd92-5eeb-af40-9df7f3132426,10,chapter_complete,chapter:43,2026-09-19T01:13:00+00:00
9720,eb3717c1-cd92-5eeb-af40-9df7f3132426,50,first_chapter,badge,2026-09-19T01:13:00+00:00
9721,673e8617-3280-5bfa-85a6-738a6d64aac6,10,chapter_complete,chapter:4,2026-09-19T01:13:00+00:00
9722,51420309-4688-52d6-84b9-51c0dc3a900e,10,chapter_complete,chapter:25,2026-09-19T01:13:00+00:00
9723,b897da16-1a55-5740-8129-7d502e6f44b8,10,chapter_complete,chapter:18,2026-09-19T01:13:00+00:00
9724,b897da16-1a55-5740-8129-7d502e6f44b8,50,first_chapter,badge,2026-09-19T01:13:00+00:00
9725,373cd20e-25d5-5a46-a0ae-18157cf68a55,10,chapter_complete,chapter:29,2026-09-19T01:13:00+00:00
9726,25797954-b022-582e-8349-e1e2c141368c,10,chapter_complete,chapter:38,2026-09-19T01:14:00+00:00
9727,25797954-b022-582e-8349-e1e2c141368c,50,first_chapter,badge,2026-09-19T01:14:00+00:00
9728,adfbbf3c-5175-5e0a-bf98-b8854f2081c2,10,chapter_complete,chapter:49,2026-09-19T01:14:00+00:00
9729,a60d0128-bffa-5d2d-9915-36693e6bc3ba,10,chapter_complete,chapter:5,2026-09-19T01:14:00+00:00
9730,e7c63421-97d2-555e-9731-46cb0f04f637,10,chapter_complete,chapter:3,2026-09-19T01:14:00+00:00
9731,e7c63421-97d2-555e-9731-46cb0f04f637,50,first_chapter,badge,2026-09-19T01:14:00+00:00
9732,fb400c3e-ecd0-522e-8b8e-1323946be71a,10,chapter_complete,chapter:29,2026-09-19T01:14:00+00:00
9733,a992f17b-79b6-5dcf-aed4-2aebaa5775c7,10,chapter_complete,chapter:28,2026-09-19T01:15:00+00:00
9734,a992f17b-79b6-5dcf-aed4-2aebaa5775c7,50,first_chapter,badge,2026-09-19T01:15:00+00:00
9735,50de23a6-cd45-55ac-adb0-06d14b4ed8ce,10,chapter_complete,chapter:25,2026-09-19T01:15:00+00:00
9736,eb397f92-99ac-5f0f-8f81-3540865f0477,10,chapter_complete,chapter:23,2026-09-19T01:15:00+00:00
9737,eb397f92-99ac-5f0f-8f81-3540865f0477,50,first_chapter,badge,2026-09-19T01:15:00+00:00
9738,34046d1a-c67e-5a81-b9d5-47dd4840c4fe,10,chapter_complete,chapter:38,2026-09-19T01:15:00+00:00
9739,34046d1a-c67e-5a81-b9d5-47dd4840c4fe,50,first_chapter,badge,2026-09-19T01:15:00+00:00
9740,20b4182c-90f7-51da-99e8-97ade4d19a92,10,chapter_complete,chapter:9,2026-09-19T01:15:00+00:00
9741,bdc5faf6-386d-5338-99a0-32d156bcbd68,10,chapter_complete,chapter:20,2026-09-19T01:15:00+00:00
9742,49a9d8f7-08ea-5972-af3a-0ca0a6c06e59,10,chapter_complete,chapter:13,2026-09-19T01:15:00+00:00
9743,49a9d8f7-08ea-5972-af3a-0ca0a6c06e59,50,first_chapter,badge,2026-09-19T01:15:00+00:00
9744,88a268b0-6bca-5583-b041-ffdbc51be7e6,10,chapter_complete,chapter:18,2026-09-19T01:16:00+00:00
9745,88a268b0-6bca-5583-b041-ffdbc51be7e6,50,first_chapter,badge,2026-09-19T01:16:00+00:00
9746,554a90ae-c448-548d-a552-cd8f1c340cbd,10,chapter_complete,chapter:19,2026-09-19T01:16:00+00:00
9747,f0f4eb8c-a1ed-50a1-bc7d-2863700a31a5,10,chapter_complete,chapter:10,2026-09-19T01:16:00+00:00
9748,f21481e8-5bf3-5aa6-a7e0-fe6e26920e28,10,chapter_complete,chapter:33,2026-09-19T01:16:00+00:00
9749,f21481e8-5bf3-5aa6-a7e0-fe6e26920e28,50,first_chapter,badge,2026-09-19T01:16:00+00:00
9750,ef763ec1-f93c-5744-9640-4ca59adf9347,10,chapter_complete,chapter:49,2026-09-19T01:16:00+00:00
9751,e21dfd78-ea9f-5754-a3b2-3b3b66dd30b5,10,chapter_complete,chapter:18,2026-09-19T01:16:00+00:00
9752,e21dfd78-ea9f-5754-a3b2-3b3b66dd30b5,50,first_chapter,badge,2026-09-19T01:16:00+00:00
9753,3a376c3a-3e46-5c8c-815c-232b66ca9bc8,10,chapter_complete,chapter:3,2026-09-19T01:17:00+00:00
9754,3a376c3a-3e46-5c8c-815c-232b66ca9bc8,50,first_chapter,badge,2026-09-19T01:17:00+00:00
9755,5d857806-7d61-533b-bc12-af2d7b775d29,10,chapter_complete,chapter:4,2026-09-19T01:17:00+00:00
9756,8819cb55-67e6-5a55-98c8-d80446975a9e,10,chapter_complete,chapter:26,2026-09-19T01:17:00+00:00
9757,37b7aed3-d207-54f7-b4ec-0e05c50eaeb2,10,chapter_complete,chapter:34,2026-09-19T01:17:00+00:00
9758,4c310820-12d3-5128-9a45-973db446b59e,10,chapter_complete,chapter:5,2026-09-19T01:17:00+00:00
9759,f985b68e-39ae-5c83-8468-2b126802c414,10,chapter_complete,chapter:28,2026-09-19T01:17:00+00:00
9760,f985b68e-39ae-5c83-8468-2b126802c414,50,first_chapter,badge,2026-09-19T01:17:00+00:00
9761,ffe47fd1-7989-5728-addd-50b504edd889,10,chapter_complete,chapter:24,2026-09-19T01:17:00+00:00
9762,5421f79d-ed60-5eed-852b-01b379adab9e,10,chapter_complete,chapter:45,2026-09-19T01:17:00+00:00
9763,d9aaa9eb-5304-587b-b0f4-42a2d5930f54,10,chapter_complete,chapter:13,2026-09-19T01:17:00+00:00
9764,d9aaa9eb-5304-587b-b0f4-42a2d5930f54,50,first_chapter,badge,2026-09-19T01:17:00+00:00
9765,61347d09-09eb-5f04-a4ec-fe830319799f,10,chapter_complete,chapter:41,2026-09-19T01:17:00+00:00
9766,783491ec-2857-52e8-a102-766d7abba6d2,10,chapter_complete,chapter:33,2026-09-19T01:17:00+00:00
9767,783491ec-2857-52e8-a102-766d7abba6d2,50,first_chapter,badge,2026-09-19T01:17:00+00:00
9768,d48cab4b-e48b-59ae-88d6-41d5d463569d,10,chapter_complete,chapter:33,2026-09-19T01:18:00+00:00
9769,d48cab4b-e48b-59ae-88d6-41d5d463569d,50,first_chapter,badge,2026-09-19T01:18:00+00:00
9770,f2561442-8439-5138-9a3b-8bcf96f16609,10,chapter_complete,chapter:34,2026-09-19T01:18:00+00:00
9771,368442e7-2dfe-5df4-9ab7-a468b984050a,10,chapter_complete,chapter:10,2026-09-19T01:18:00+00:00
9772,e747fee0-a84b-5f51-98a3-7481903c9023,10,chapter_complete,chapter:41,2026-09-19T01:18:00+00:00
9773,58074159-53d7-5a52-8436-d84a05af35a9,10,chapter_complete,chapter:28,2026-09-19T01:18:00+00:00
9774,58074159-53d7-5a52-8436-d84a05af35a9,50,first_chapter,badge,2026-09-19T01:18:00+00:00
9775,8fa5b823-1a70-59f7-9bb2-b3d5f36dc82b,10,chapter_complete,chapter:29,2026-09-19T01:18:00+00:00
9776,b7180518-4b5b-54ef-9060-958212d05ab7,10,chapter_complete,chapter:5,2026-09-19T01:18:00+00:00
9777,35e87bcc-650c-5e3f-9741-3f0c54905b6f,10,chapter_complete,chapter:6,2026-09-19T01:18:00+00:00
9778,9c9c228f-3bd5-5da4-b666-fbfab93b4b7e,10,chapter_complete,chapter:43,2026-09-19T01:19:00+00:00
9779,9c9c228f-3bd5-5da4-b666-fbfab93b4b7e,50,first_chapter,badge,2026-09-19T01:19:00+00:00
9780,84047d01-74e6-5a08-a20e-b5c25e3eff3e,10,chapter_complete,chapter:44,2026-09-19T01:19:00+00:00
9781,19e81afb-74c1-5b4a-9af3-469f3b610235,10,chapter_complete,chapter:8,2026-09-19T01:19:00+00:00
9782,19e81afb-74c1-5b4a-9af3-469f3b610235,50,first_chapter,badge,2026-09-19T01:19:00+00:00
9783,af808cd8-ab34-515f-a8a0-a1b0719a537b,10,chapter_complete,chapter:38,2026-09-19T01:19:00+00:00
9784,af808cd8-ab34-515f-a8a0-a1b0719a537b,50,first_chapter,badge,2026-09-19T01:19:00+00:00
9785,02bf8d95-eee4-5287-b363-0551cc4a6d51,10,chapter_complete,chapter:13,2026-09-19T01:19:00+00:00
9786,02bf8d95-eee4-5287-b363-0551cc4a6d51,50,first_chapter,badge,2026-09-19T01:19:00+00:00
9787,02bf8d95-eee4-5287-b363-0551cc4a6d51,200,level_5,badge,2026-09-19T01:19:00+00:00
9788,fbdfefdb-ca2d-5a0e-87ed-62021c1c11d4,10,chapter_complete,chapter:14,2026-09-19T01:19:00+00:00
9789,9edec740-5de6-5c27-8233-5cf72946b182,10,chapter_complete,chapter:8,2026-09-19T01:19:00+00:00
9790,9edec740-5de6-5c27-8233-5cf72946b182,50,first_chapter,badge,2026-09-19T01:19:00+00:00
9791,b0ebc690-efe0-594f-bd55-e4d7ec3454bc,10,chapter_complete,chapter:3,2026-09-19T01:20:00+00:00
9792,b0ebc690-efe0-594f-bd55-e4d7ec3454bc,50,first_chapter,badge,2026-09-19T01:20:00+00:00
9793,1b1e4344-fde4-5cc2-b82c-4fb458696522,10,chapter_complete,chapter:34,2026-09-19T01:20:00+00:00
9794,44f09dba-7a20-5f46-840b-4670e6c7eb92,10,chapter_complete,chapter:35,2026-09-19T01:20:00+00:00
9795,1873645b-b54c-51dc-a41a-7131e831a64f,10,chapter_complete,chapter:13,2026-09-19T01:20:00+00:00
9796,1873645b-b54c-51dc-a41a-7131e831a64f,50,first_chapter,badge,2026-09-19T01:20:00+00:00
9797,95927b04-f214-5c26-878d-fb55176e41bc,10,chapter_complete,chapter:33,2026-09-19T01:21:00+00:00
9798,95927b04-f214-5c26-878d-fb55176e41bc,50,first_chapter,badge,2026-09-19T01:21:00+00:00
9799,a5526e82-ef69-522b-b3ad-df818658bde0,10,chapter_complete,chapter:19,2026-09-19T01:21:00+00:00
9800,cb162f3d-006f-544e-bfa6-f9abb8a52026,10,chapter_complete,chapter:45,2026-09-19T01:21:00+00:00
9801,e137404e-9196-525c-b17a-44dc96d29f29,10,chapter_complete,chapter:36,2026-09-19T01:21:00+00:00
9802,4ec67eb8-4fda-5cbc-bbd1-a6afc7ce8130,10,chapter_complete,chapter:3,2026-09-19T01:21:00+00:00
9803,4ec67eb8-4fda-5cbc-bbd1-a6afc7ce8130,50,first_chapter,badge,2026-09-19T01:21:00+00:00
9804,88820056-e901-59a1-b2ca-c4e813b34f7b,10,chapter_complete,chapter:9,2026-09-19T01:21:00+00:00
9805,01c00e49-c4d6-5d4b-bbc1-8aa3fe21ba2a,10,chapter_complete,chapter:43,2026-09-19T01:21:00+00:00
9806,01c00e49-c4d6-5d4b-bbc1-8aa3fe21ba2a,50,first_chapter,badge,2026-09-19T01:21:00+00:00
9807,45cee65b-db52-5dff-b09d-0ee1ac2be20f,10,chapter_complete,chapter:23,2026-09-19T01:22:00+00:00
9808,45cee65b-db52-5dff-b09d-0ee1ac2be20f,50,first_chapter,badge,2026-09-19T01:22:00+00:00
9809,dfe9e449-d177-56af-a679-d3e1c78c5c02,10,chapter_complete,chapter:14,2026-09-19T01:22:00+00:00
9810,fd96bbd1-5601-5c99-a1e2-04b09168b35e,10,chapter_complete,chapter:30,2026-09-19T01:22:00+00:00
9811,63fdd1e3-9db3-5b05-9799-510eea6abab7,10,chapter_complete,chapter:3,2026-09-19T01:22:00+00:00
9812,63fdd1e3-9db3-5b05-9799-510eea6abab7,50,first_chapter,badge,2026-09-19T01:22:00+00:00
9813,63fdd1e3-9db3-5b05-9799-510eea6abab7,200,level_5,badge,2026-09-19T01:22:00+00:00
9814,473b12ab-4d0d-5b7f-89b2-c0a1e2405c60,10,chapter_complete,chapter:49,2026-09-19T01:22:00+00:00
9815,7b359533-e634-59eb-a2c3-b5501ff96488,10,chapter_complete,chapter:31,2026-09-19T01:22:00+00:00
9816,1bc15434-bc22-56cc-a890-336efd2a11e5,10,chapter_complete,chapter:3,2026-09-19T01:23:00+00:00
9817,1bc15434-bc22-56cc-a890-336efd2a11e5,50,first_chapter,badge,2026-09-19T01:23:00+00:00
9818,0e49007f-82be-5238-a956-37d8f7b40d4c,10,chapter_complete,chapter:19,2026-09-19T01:23:00+00:00
9819,96373821-4bf4-53b8-bd24-bb64bbb3b84e,10,chapter_complete,chapter:33,2026-09-19T01:23:00+00:00
9820,96373821-4bf4-53b8-bd24-bb64bbb3b84e,50,first_chapter,badge,2026-09-19T01:23:00+00:00
9821,f223e569-d735-5980-b77b-25d459e64a37,10,chapter_complete,chapter:19,2026-09-19T01:23:00+00:00
9822,9355c2cf-38db-5118-9b77-3d5b5b3870df,10,chapter_complete,chapter:10,2026-09-19T01:23:00+00:00
9823,f0ca4141-ccff-5472-ba76-f4b194108c7b,10,chapter_complete,chapter:11,2026-09-19T01:23:00+00:00
9824,a070c6d0-c23b-5036-b352-f16db0d6ec8e,10,chapter_complete,chapter:18,2026-09-19T01:23:00+00:00
9825,a070c6d0-c23b-5036-b352-f16db0d6ec8e,50,first_chapter,badge,2026-09-19T01:23:00+00:00
9826,96dbbdad-601e-5bc2-9d1a-78f9f6349a39,10,chapter_complete,chapter:39,2026-09-19T01:23:00+00:00
9827,33d87513-60c2-51ff-9ec5-f0f1389ed27e,10,chapter_complete,chapter:41,2026-09-19T01:23:00+00:00
9828,9d1c460b-bd0b-57ff-ac14-f2b10f73edd3,10,chapter_complete,chapter:28,2026-09-19T01:23:00+00:00
9829,9d1c460b-bd0b-57ff-ac14-f2b10f73edd3,50,first_chapter,badge,2026-09-19T01:23:00+00:00
9830,9d1c460b-bd0b-57ff-ac14-f2b10f73edd3,200,level_5,badge,2026-09-19T01:23:00+00:00
9831,40120057-c43a-5745-9d3a-d9b0c6b1e84e,10,chapter_complete,chapter:45,2026-09-19T01:23:00+00:00
9832,729fe171-fa0d-547e-b374-39bd19f4c645,10,chapter_complete,chapter:23,2026-09-19T01:23:00+00:00
9833,729fe171-fa0d-547e-b374-39bd19f4c645,50,first_chapter,badge,2026-09-19T01:23:00+00:00
9834,50d6350f-ffd4-59ad-a1ff-65a49a77a913,10,chapter_complete,chapter:33,2026-09-19T01:24:00+00:00
9835,50d6350f-ffd4-59ad-a1ff-65a49a77a913,50,first_chapter,badge,2026-09-19T01:24:00+00:00
9836,7b48b183-5d87-500f-9cec-2e003c19efac,10,chapter_complete,chapter:30,2026-09-19T01:24:00+00:00
9837,77c684c4-9514-5edc-85ff-1052c8544c14,10,chapter_complete,chapter:23,2026-09-19T01:24:00+00:00
9838,77c684c4-9514-5edc-85ff-1052c8544c14,50,first_chapter,badge,2026-09-19T01:24:00+00:00
9839,1767869f-381f-59b9-acac-01da2d539e40,10,chapter_complete,chapter:33,2026-09-19T01:25:00+00:00
9840,1767869f-381f-59b9-acac-01da2d539e40,50,first_chapter,badge,2026-09-19T01:25:00+00:00
9841,302b84f9-9053-5cf7-bed0-305678227875,10,chapter_complete,chapter:5,2026-09-19T01:25:00+00:00
9842,f3744506-cae3-5f81-8a4f-506a60395be8,10,chapter_complete,chapter:28,2026-09-19T01:25:00+00:00
9843,f3744506-cae3-5f81-8a4f-506a60395be8,50,first_chapter,badge,2026-09-19T01:25:00+00:00
9844,f3744506-cae3-5f81-8a4f-506a60395be8,200,level_5,badge,2026-09-19T01:25:00+00:00
9845,bb4b0d34-59a4-5948-a9be-a1aa6caece55,10,chapter_complete,chapter:39,2026-09-19T01:25:00+00:00
9846,bb4b0d34-59a4-5948-a9be-a1aa6caece55,200,level_5,badge,2026-09-19T01:25:00+00:00
9847,20b63262-d3e6-555a-95b2-84fc87694a19,10,chapter_complete,chapter:20,2026-09-19T01:25:00+00:00
9848,458287c3-1628-5e26-8930-0d88ae11ce1a,10,chapter_complete,chapter:16,2026-09-19T01:25:00+00:00
9849,0b532307-3033-5baf-b61c-915d1213c01f,10,chapter_complete,chapter:8,2026-09-19T01:25:00+00:00
9850,0b532307-3033-5baf-b61c-915d1213c01f,50,first_chapter,badge,2026-09-19T01:25:00+00:00
9851,673e8617-3280-5bfa-85a6-738a6d64aac6,10,chapter_complete,chapter:5,2026-09-19T01:25:00+00:00
9852,096499d2-73d6-5063-9dd4-a7c1aebac61d,10,chapter_complete,chapter:18,2026-09-19T01:25:00+00:00
9853,096499d2-73d6-5063-9dd4-a7c1aebac61d,50,first_chapter,badge,2026-09-19T01:25:00+00:00
9854,373cd20e-25d5-5a46-a0ae-18157cf68a55,10,chapter_complete,chapter:30,2026-09-19T01:25:00+00:00
9855,0947c4b9-50d6-50e2-9043-84a15b80e8c7,10,chapter_complete,chapter:3,2026-09-19T01:25:00+00:00
9856,0947c4b9-50d6-50e2-9043-84a15b80e8c7,50,first_chapter,badge,2026-09-19T01:25:00+00:00
9857,d0c58825-6ead-50f6-9a07-f2f95dbb51ea,10,chapter_complete,chapter:48,2026-09-19T01:26:00+00:00
9858,d0c58825-6ead-50f6-9a07-f2f95dbb51ea,50,first_chapter,badge,2026-09-19T01:26:00+00:00
9859,25797954-b022-582e-8349-e1e2c141368c,10,chapter_complete,chapter:39,2026-09-19T01:26:00+00:00
9860,a60d0128-bffa-5d2d-9915-36693e6bc3ba,10,chapter_complete,chapter:6,2026-09-19T01:26:00+00:00
9861,693ebb02-ab3f-5d60-b798-d4d4df4900d2,10,chapter_complete,chapter:48,2026-09-19T01:26:00+00:00
9862,693ebb02-ab3f-5d60-b798-d4d4df4900d2,50,first_chapter,badge,2026-09-19T01:26:00+00:00
9863,e7c63421-97d2-555e-9731-46cb0f04f637,10,chapter_complete,chapter:4,2026-09-19T01:26:00+00:00
9864,3d016498-e16a-5ad9-95c7-b633dfc6a142,10,chapter_complete,chapter:3,2026-09-19T01:27:00+00:00
9865,3d016498-e16a-5ad9-95c7-b633dfc6a142,50,first_chapter,badge,2026-09-19T01:27:00+00:00
9866,a992f17b-79b6-5dcf-aed4-2aebaa5775c7,10,chapter_complete,chapter:29,2026-09-19T01:27:00+00:00
9867,baa8ef70-5b01-5a49-84cb-71c353290705,10,chapter_complete,chapter:3,2026-09-19T01:27:00+00:00
9868,baa8ef70-5b01-5a49-84cb-71c353290705,50,first_chapter,badge,2026-09-19T01:27:00+00:00
9869,eb397f92-99ac-5f0f-8f81-3540865f0477,10,chapter_complete,chapter:24,2026-09-19T01:27:00+00:00
9870,eeeb9e89-042f-5fdc-8fcf-2c3ad56f9bf1,10,chapter_complete,chapter:33,2026-09-19T01:27:00+00:00
9871,eeeb9e89-042f-5fdc-8fcf-2c3ad56f9bf1,50,first_chapter,badge,2026-09-19T01:27:00+00:00
9872,34046d1a-c67e-5a81-b9d5-47dd4840c4fe,10,chapter_complete,chapter:39,2026-09-19T01:27:00+00:00
9873,bdc5faf6-386d-5338-99a0-32d156bcbd68,10,chapter_complete,chapter:21,2026-09-19T01:27:00+00:00
9874,6ecf180b-be59-594c-a33b-31bd0120f01f,10,chapter_complete,chapter:3,2026-09-19T01:27:00+00:00
9875,6ecf180b-be59-594c-a33b-31bd0120f01f,50,first_chapter,badge,2026-09-19T01:27:00+00:00
9876,49a9d8f7-08ea-5972-af3a-0ca0a6c06e59,10,chapter_complete,chapter:14,2026-09-19T01:27:00+00:00
9877,e7dd6cb0-626e-510a-9e98-0498c534b04d,10,chapter_complete,chapter:43,2026-09-19T01:27:00+00:00
9878,e7dd6cb0-626e-510a-9e98-0498c534b04d,50,first_chapter,badge,2026-09-19T01:27:00+00:00
9879,8ae0340a-8eaf-5e9d-9db0-ac449334023d,10,chapter_complete,chapter:43,2026-09-19T01:28:00+00:00
9880,8ae0340a-8eaf-5e9d-9db0-ac449334023d,50,first_chapter,badge,2026-09-19T01:28:00+00:00
9881,88a268b0-6bca-5583-b041-ffdbc51be7e6,10,chapter_complete,chapter:19,2026-09-19T01:28:00+00:00
9882,ec6d706d-7dba-534b-8700-e6752dbd06e1,10,chapter_complete,chapter:43,2026-09-19T01:28:00+00:00
9883,ec6d706d-7dba-534b-8700-e6752dbd06e1,50,first_chapter,badge,2026-09-19T01:28:00+00:00
9884,f21481e8-5bf3-5aa6-a7e0-fe6e26920e28,10,chapter_complete,chapter:34,2026-09-19T01:28:00+00:00
9885,5c465a9a-bc36-5d7b-b5a2-0f18d9dab68a,10,chapter_complete,chapter:38,2026-09-19T01:28:00+00:00
9886,5c465a9a-bc36-5d7b-b5a2-0f18d9dab68a,50,first_chapter,badge,2026-09-19T01:28:00+00:00
9887,e21dfd78-ea9f-5754-a3b2-3b3b66dd30b5,10,chapter_complete,chapter:19,2026-09-19T01:28:00+00:00
9888,4c2177ab-592a-5e4a-b25b-8bb3f8090555,10,chapter_complete,chapter:13,2026-09-19T01:29:00+00:00
9889,4c2177ab-592a-5e4a-b25b-8bb3f8090555,50,first_chapter,badge,2026-09-19T01:29:00+00:00
9890,3a376c3a-3e46-5c8c-815c-232b66ca9bc8,10,chapter_complete,chapter:4,2026-09-19T01:29:00+00:00
9891,5d857806-7d61-533b-bc12-af2d7b775d29,10,chapter_complete,chapter:5,2026-09-19T01:29:00+00:00
9892,ae96d203-7a11-52ed-9e02-cd93c3dda603,10,chapter_complete,chapter:48,2026-09-19T01:29:00+00:00
9893,ae96d203-7a11-52ed-9e02-cd93c3dda603,50,first_chapter,badge,2026-09-19T01:29:00+00:00
9894,37b7aed3-d207-54f7-b4ec-0e05c50eaeb2,10,chapter_complete,chapter:35,2026-09-19T01:29:00+00:00
9895,4c310820-12d3-5128-9a45-973db446b59e,10,chapter_complete,chapter:6,2026-09-19T01:29:00+00:00
9896,5ce94e6e-a987-5fd1-90b2-94a1174f9376,10,chapter_complete,chapter:38,2026-09-19T01:29:00+00:00
9897,5ce94e6e-a987-5fd1-90b2-94a1174f9376,50,first_chapter,badge,2026-09-19T01:29:00+00:00
9898,f985b68e-39ae-5c83-8468-2b126802c414,10,chapter_complete,chapter:29,2026-09-19T01:29:00+00:00
9899,ffe47fd1-7989-5728-addd-50b504edd889,10,chapter_complete,chapter:25,2026-09-19T01:29:00+00:00
9900,5421f79d-ed60-5eed-852b-01b379adab9e,10,chapter_complete,chapter:46,2026-09-19T01:29:00+00:00
9901,878bb7d9-5569-5efb-bbd1-5e39d62d594d,10,chapter_complete,chapter:48,2026-09-19T01:29:00+00:00
9902,878bb7d9-5569-5efb-bbd1-5e39d62d594d,50,first_chapter,badge,2026-09-19T01:29:00+00:00
9903,d9aaa9eb-5304-587b-b0f4-42a2d5930f54,10,chapter_complete,chapter:14,2026-09-19T01:29:00+00:00
9904,61347d09-09eb-5f04-a4ec-fe830319799f,10,chapter_complete,chapter:42,2026-09-19T01:29:00+00:00
9905,61347d09-09eb-5f04-a4ec-fe830319799f,100,book_complete,book:14,2026-09-19T01:29:00+00:00
9906,61347d09-09eb-5f04-a4ec-fe830319799f,150,first_book,badge,2026-09-19T01:29:00+00:00
9907,7298015b-9105-595a-b879-3013c08053f7,10,chapter_complete,chapter:38,2026-09-19T01:29:00+00:00
9908,7298015b-9105-595a-b879-3013c08053f7,50,first_chapter,badge,2026-09-19T01:29:00+00:00
9909,783491ec-2857-52e8-a102-766d7abba6d2,10,chapter_complete,chapter:34,2026-09-19T01:29:00+00:00
9910,e0b64119-ecb0-52a5-852d-39c211ce337a,10,chapter_complete,chapter:28,2026-09-19T01:30:00+00:00
9911,e0b64119-ecb0-52a5-852d-39c211ce337a,50,first_chapter,badge,2026-09-19T01:30:00+00:00
9912,d48cab4b-e48b-59ae-88d6-41d5d463569d,10,chapter_complete,chapter:34,2026-09-19T01:30:00+00:00
9913,f2561442-8439-5138-9a3b-8bcf96f16609,10,chapter_complete,chapter:35,2026-09-19T01:30:00+00:00
9914,368442e7-2dfe-5df4-9ab7-a468b984050a,10,chapter_complete,chapter:11,2026-09-19T01:30:00+00:00
9915,cd8c4c60-ab9b-5cf3-996e-d4fbb990f4c6,10,chapter_complete,chapter:48,2026-09-19T01:30:00+00:00
9916,cd8c4c60-ab9b-5cf3-996e-d4fbb990f4c6,50,first_chapter,badge,2026-09-19T01:30:00+00:00
9917,58074159-53d7-5a52-8436-d84a05af35a9,10,chapter_complete,chapter:29,2026-09-19T01:30:00+00:00
9918,8fa5b823-1a70-59f7-9bb2-b3d5f36dc82b,10,chapter_complete,chapter:30,2026-09-19T01:30:00+00:00
9919,84047d01-74e6-5a08-a20e-b5c25e3eff3e,10,chapter_complete,chapter:45,2026-09-19T01:31:00+00:00
9920,19e81afb-74c1-5b4a-9af3-469f3b610235,10,chapter_complete,chapter:9,2026-09-19T01:31:00+00:00
9921,9edec740-5de6-5c27-8233-5cf72946b182,10,chapter_complete,chapter:9,2026-09-19T01:31:00+00:00
9922,b0ebc690-efe0-594f-bd55-e4d7ec3454bc,10,chapter_complete,chapter:4,2026-09-19T01:32:00+00:00
9923,1b1e4344-fde4-5cc2-b82c-4fb458696522,10,chapter_complete,chapter:35,2026-09-19T01:32:00+00:00
9924,95927b04-f214-5c26-878d-fb55176e41bc,10,chapter_complete,chapter:34,2026-09-19T01:33:00+00:00
9925,a5526e82-ef69-522b-b3ad-df818658bde0,10,chapter_complete,chapter:20,2026-09-19T01:33:00+00:00
9926,cb162f3d-006f-544e-bfa6-f9abb8a52026,10,chapter_complete,chapter:46,2026-09-19T01:33:00+00:00
9927,e137404e-9196-525c-b17a-44dc96d29f29,10,chapter_complete,chapter:37,2026-09-19T01:33:00+00:00
9928,e137404e-9196-525c-b17a-44dc96d29f29,100,book_complete,book:13,2026-09-19T01:33:00+00:00
9929,e137404e-9196-525c-b17a-44dc96d29f29,150,first_book,badge,2026-09-19T01:33:00+00:00
9930,4ec67eb8-4fda-5cbc-bbd1-a6afc7ce8130,10,chapter_complete,chapter:4,2026-09-19T01:33:00+00:00
9931,88820056-e901-59a1-b2ca-c4e813b34f7b,10,chapter_complete,chapter:10,2026-09-19T01:33:00+00:00
9932,01c00e49-c4d6-5d4b-bbc1-8aa3fe21ba2a,10,chapter_complete,chapter:44,2026-09-19T01:33:00+00:00
9933,45cee65b-db52-5dff-b09d-0ee1ac2be20f,10,chapter_complete,chapter:24,2026-09-19T01:34:00+00:00
9934,dfe9e449-d177-56af-a679-d3e1c78c5c02,10,chapter_complete,chapter:15,2026-09-19T01:34:00+00:00
9935,fd96bbd1-5601-5c99-a1e2-04b09168b35e,10,chapter_complete,chapter:31,2026-09-19T01:34:00+00:00
9936,7b359533-e634-59eb-a2c3-b5501ff96488,10,chapter_complete,chapter:32,2026-09-19T01:34:00+00:00
9937,7b359533-e634-59eb-a2c3-b5501ff96488,100,book_complete,book:12,2026-09-19T01:34:00+00:00
9938,7b359533-e634-59eb-a2c3-b5501ff96488,150,first_book,badge,2026-09-19T01:34:00+00:00
9939,1bc15434-bc22-56cc-a890-336efd2a11e5,10,chapter_complete,chapter:4,2026-09-19T01:35:00+00:00
9940,0e49007f-82be-5238-a956-37d8f7b40d4c,10,chapter_complete,chapter:20,2026-09-19T01:35:00+00:00
9941,96373821-4bf4-53b8-bd24-bb64bbb3b84e,10,chapter_complete,chapter:34,2026-09-19T01:35:00+00:00
9942,f223e569-d735-5980-b77b-25d459e64a37,10,chapter_complete,chapter:20,2026-09-19T01:35:00+00:00
9943,9355c2cf-38db-5118-9b77-3d5b5b3870df,10,chapter_complete,chapter:11,2026-09-19T01:35:00+00:00
9944,f0ca4141-ccff-5472-ba76-f4b194108c7b,10,chapter_complete,chapter:12,2026-09-19T01:35:00+00:00
9945,f0ca4141-ccff-5472-ba76-f4b194108c7b,100,book_complete,book:8,2026-09-19T01:35:00+00:00
9946,f0ca4141-ccff-5472-ba76-f4b194108c7b,150,first_book,badge,2026-09-19T01:35:00+00:00
9947,a070c6d0-c23b-5036-b352-f16db0d6ec8e,10,chapter_complete,chapter:19,2026-09-19T01:35:00+00:00
9948,96dbbdad-601e-5bc2-9d1a-78f9f6349a39,10,chapter_complete,chapter:40,2026-09-19T01:35:00+00:00
9949,33d87513-60c2-51ff-9ec5-f0f1389ed27e,10,chapter_complete,chapter:42,2026-09-19T01:35:00+00:00
9950,33d87513-60c2-51ff-9ec5-f0f1389ed27e,100,book_complete,book:14,2026-09-19T01:35:00+00:00
9951,33d87513-60c2-51ff-9ec5-f0f1389ed27e,150,first_book,badge,2026-09-19T01:35:00+00:00
9952,9d1c460b-bd0b-57ff-ac14-f2b10f73edd3,10,chapter_complete,chapter:29,2026-09-19T01:35:00+00:00
9953,729fe171-fa0d-547e-b374-39bd19f4c645,10,chapter_complete,chapter:24,2026-09-19T01:35:00+00:00
9954,50d6350f-ffd4-59ad-a1ff-65a49a77a913,10,chapter_complete,chapter:34,2026-09-19T01:36:00+00:00
9955,77c684c4-9514-5edc-85ff-1052c8544c14,10,chapter_complete,chapter:24,2026-09-19T01:36:00+00:00
9956,1767869f-381f-59b9-acac-01da2d539e40,10,chapter_complete,chapter:34,2026-09-19T01:37:00+00:00
9957,f3744506-cae3-5f81-8a4f-506a60395be8,10,chapter_complete,chapter:29,2026-09-19T01:37:00+00:00
9958,bb4b0d34-59a4-5948-a9be-a1aa6caece55,10,chapter_complete,chapter:40,2026-09-19T01:37:00+00:00
9959,0b532307-3033-5baf-b61c-915d1213c01f,10,chapter_complete,chapter:9,2026-09-19T01:37:00+00:00
9960,673e8617-3280-5bfa-85a6-738a6d64aac6,10,chapter_complete,chapter:6,2026-09-19T01:37:00+00:00
9961,096499d2-73d6-5063-9dd4-a7c1aebac61d,10,chapter_complete,chapter:19,2026-09-19T01:37:00+00:00
9962,0947c4b9-50d6-50e2-9043-84a15b80e8c7,10,chapter_complete,chapter:4,2026-09-19T01:37:00+00:00
9963,d0c58825-6ead-50f6-9a07-f2f95dbb51ea,10,chapter_complete,chapter:49,2026-09-19T01:38:00+00:00
9964,25797954-b022-582e-8349-e1e2c141368c,10,chapter_complete,chapter:40,2026-09-19T01:38:00+00:00
9965,693ebb02-ab3f-5d60-b798-d4d4df4900d2,10,chapter_complete,chapter:49,2026-09-19T01:38:00+00:00
9966,3d016498-e16a-5ad9-95c7-b633dfc6a142,10,chapter_complete,chapter:4,2026-09-19T01:39:00+00:00
9967,a992f17b-79b6-5dcf-aed4-2aebaa5775c7,10,chapter_complete,chapter:30,2026-09-19T01:39:00+00:00
9968,eb397f92-99ac-5f0f-8f81-3540865f0477,10,chapter_complete,chapter:25,2026-09-19T01:39:00+00:00
9969,bdc5faf6-386d-5338-99a0-32d156bcbd68,10,chapter_complete,chapter:22,2026-09-19T01:39:00+00:00
9970,bdc5faf6-386d-5338-99a0-32d156bcbd68,100,book_complete,book:10,2026-09-19T01:39:00+00:00
9971,bdc5faf6-386d-5338-99a0-32d156bcbd68,150,first_book,badge,2026-09-19T01:39:00+00:00
9972,6ecf180b-be59-594c-a33b-31bd0120f01f,10,chapter_complete,chapter:4,2026-09-19T01:39:00+00:00
9973,49a9d8f7-08ea-5972-af3a-0ca0a6c06e59,10,chapter_complete,chapter:15,2026-09-19T01:39:00+00:00
9974,e7dd6cb0-626e-510a-9e98-0498c534b04d,10,chapter_complete,chapter:44,2026-09-19T01:39:00+00:00
9975,8ae0340a-8eaf-5e9d-9db0-ac449334023d,10,chapter_complete,chapter:44,2026-09-19T01:40:00+00:00
9976,88a268b0-6bca-5583-b041-ffdbc51be7e6,10,chapter_complete,chapter:20,2026-09-19T01:40:00+00:00
9977,f21481e8-5bf3-5aa6-a7e0-fe6e26920e28,10,chapter_complete,chapter:35,2026-09-19T01:40:00+00:00
9978,e21dfd78-ea9f-5754-a3b2-3b3b66dd30b5,10,chapter_complete,chapter:20,2026-09-19T01:40:00+00:00
9979,4c2177ab-592a-5e4a-b25b-8bb3f8090555,10,chapter_complete,chapter:14,2026-09-19T01:41:00+00:00
9980,3a376c3a-3e46-5c8c-815c-232b66ca9bc8,10,chapter_complete,chapter:5,2026-09-19T01:41:00+00:00
9981,5d857806-7d61-533b-bc12-af2d7b775d29,10,chapter_complete,chapter:6,2026-09-19T01:41:00+00:00
9982,ae96d203-7a11-52ed-9e02-cd93c3dda603,10,chapter_complete,chapter:49,2026-09-19T01:41:00+00:00
9983,4c310820-12d3-5128-9a45-973db446b59e,10,chapter_complete,chapter:7,2026-09-19T01:41:00+00:00
9984,4c310820-12d3-5128-9a45-973db446b59e,100,book_complete,book:7,2026-09-19T01:41:00+00:00
9985,4c310820-12d3-5128-9a45-973db446b59e,150,first_book,badge,2026-09-19T01:41:00+00:00
9986,5ce94e6e-a987-5fd1-90b2-94a1174f9376,10,chapter_complete,chapter:39,2026-09-19T01:41:00+00:00
9987,f985b68e-39ae-5c83-8468-2b126802c414,10,chapter_complete,chapter:30,2026-09-19T01:41:00+00:00
9988,ffe47fd1-7989-5728-addd-50b504edd889,10,chapter_complete,chapter:26,2026-09-19T01:41:00+00:00
9989,878bb7d9-5569-5efb-bbd1-5e39d62d594d,10,chapter_complete,chapter:49,2026-09-19T01:41:00+00:00
9990,7298015b-9105-595a-b879-3013c08053f7,10,chapter_complete,chapter:39,2026-09-19T01:41:00+00:00
9991,783491ec-2857-52e8-a102-766d7abba6d2,10,chapter_complete,chapter:35,2026-09-19T01:41:00+00:00
9992,e0b64119-ecb0-52a5-852d-39c211ce337a,10,chapter_complete,chapter:29,2026-09-19T01:42:00+00:00
9993,d48cab4b-e48b-59ae-88d6-41d5d463569d,10,chapter_complete,chapter:35,2026-09-19T01:42:00+00:00
9994,368442e7-2dfe-5df4-9ab7-a468b984050a,10,chapter_complete,chapter:12,2026-09-19T01:42:00+00:00
9995,368442e7-2dfe-5df4-9ab7-a468b984050a,100,book_complete,book:8,2026-09-19T01:42:00+00:00
9996,368442e7-2dfe-5df4-9ab7-a468b984050a,150,first_book,badge,2026-09-19T01:42:00+00:00
9997,58074159-53d7-5a52-8436-d84a05af35a9,10,chapter_complete,chapter:30,2026-09-19T01:42:00+00:00
9998,8fa5b823-1a70-59f7-9bb2-b3d5f36dc82b,10,chapter_complete,chapter:31,2026-09-19T01:42:00+00:00
9999,84047d01-74e6-5a08-a20e-b5c25e3eff3e,10,chapter_complete,chapter:46,2026-09-19T01:43:00+00:00
10000,9edec740-5de6-5c27-8233-5cf72946b182,10,chapter_complete,chapter:10,2026-09-19T01:43:00+00:00
10001,b0ebc690-efe0-594f-bd55-e4d7ec3454bc,10,chapter_complete,chapter:5,2026-09-19T01:44:00+00:00
10002,a5526e82-ef69-522b-b3ad-df818658bde0,10,chapter_complete,chapter:21,2026-09-19T01:45:00+00:00
10003,cb162f3d-006f-544e-bfa6-f9abb8a52026,10,chapter_complete,chapter:47,2026-09-19T01:45:00+00:00
10004,cb162f3d-006f-544e-bfa6-f9abb8a52026,100,book_complete,book:15,2026-09-19T01:45:00+00:00
10005,cb162f3d-006f-544e-bfa6-f9abb8a52026,150,first_book,badge,2026-09-19T01:45:00+00:00
10006,4ec67eb8-4fda-5cbc-bbd1-a6afc7ce8130,10,chapter_complete,chapter:5,2026-09-19T01:45:00+00:00
10007,01c00e49-c4d6-5d4b-bbc1-8aa3fe21ba2a,10,chapter_complete,chapter:45,2026-09-19T01:45:00+00:00
10008,45cee65b-db52-5dff-b09d-0ee1ac2be20f,10,chapter_complete,chapter:25,2026-09-19T01:46:00+00:00
10009,dfe9e449-d177-56af-a679-d3e1c78c5c02,10,chapter_complete,chapter:16,2026-09-19T01:46:00+00:00
10010,0e49007f-82be-5238-a956-37d8f7b40d4c,10,chapter_complete,chapter:21,2026-09-19T01:47:00+00:00
10011,9d1c460b-bd0b-57ff-ac14-f2b10f73edd3,10,chapter_complete,chapter:30,2026-09-19T01:47:00+00:00
10012,729fe171-fa0d-547e-b374-39bd19f4c645,10,chapter_complete,chapter:25,2026-09-19T01:47:00+00:00
10013,77c684c4-9514-5edc-85ff-1052c8544c14,10,chapter_complete,chapter:25,2026-09-19T01:48:00+00:00
10014,1767869f-381f-59b9-acac-01da2d539e40,10,chapter_complete,chapter:35,2026-09-19T01:49:00+00:00
10015,f3744506-cae3-5f81-8a4f-506a60395be8,10,chapter_complete,chapter:30,2026-09-19T01:49:00+00:00
10016,0b532307-3033-5baf-b61c-915d1213c01f,10,chapter_complete,chapter:10,2026-09-19T01:49:00+00:00
10017,0947c4b9-50d6-50e2-9043-84a15b80e8c7,10,chapter_complete,chapter:5,2026-09-19T01:49:00+00:00
10018,d0c58825-6ead-50f6-9a07-f2f95dbb51ea,10,chapter_complete,chapter:50,2026-09-19T01:50:00+00:00
10019,693ebb02-ab3f-5d60-b798-d4d4df4900d2,10,chapter_complete,chapter:50,2026-09-19T01:50:00+00:00
10020,3d016498-e16a-5ad9-95c7-b633dfc6a142,10,chapter_complete,chapter:5,2026-09-19T01:51:00+00:00
10021,6ecf180b-be59-594c-a33b-31bd0120f01f,10,chapter_complete,chapter:5,2026-09-19T01:51:00+00:00
10022,e7dd6cb0-626e-510a-9e98-0498c534b04d,10,chapter_complete,chapter:45,2026-09-19T01:51:00+00:00
10023,8ae0340a-8eaf-5e9d-9db0-ac449334023d,10,chapter_complete,chapter:45,2026-09-19T01:52:00+00:00
10024,88a268b0-6bca-5583-b041-ffdbc51be7e6,10,chapter_complete,chapter:21,2026-09-19T01:52:00+00:00
10025,f21481e8-5bf3-5aa6-a7e0-fe6e26920e28,10,chapter_complete,chapter:36,2026-09-19T01:52:00+00:00
10026,4c2177ab-592a-5e4a-b25b-8bb3f8090555,10,chapter_complete,chapter:15,2026-09-19T01:53:00+00:00
10027,3a376c3a-3e46-5c8c-815c-232b66ca9bc8,10,chapter_complete,chapter:6,2026-09-19T01:53:00+00:00
10028,ae96d203-7a11-52ed-9e02-cd93c3dda603,10,chapter_complete,chapter:50,2026-09-19T01:53:00+00:00
10029,f985b68e-39ae-5c83-8468-2b126802c414,10,chapter_complete,chapter:31,2026-09-19T01:53:00+00:00
10030,ffe47fd1-7989-5728-addd-50b504edd889,10,chapter_complete,chapter:27,2026-09-19T01:53:00+00:00
10031,ffe47fd1-7989-5728-addd-50b504edd889,100,book_complete,book:11,2026-09-19T01:53:00+00:00
10032,ffe47fd1-7989-5728-addd-50b504edd889,150,first_book,badge,2026-09-19T01:53:00+00:00
10033,878bb7d9-5569-5efb-bbd1-5e39d62d594d,10,chapter_complete,chapter:50,2026-09-19T01:53:00+00:00
10034,783491ec-2857-52e8-a102-766d7abba6d2,10,chapter_complete,chapter:36,2026-09-19T01:53:00+00:00
10035,d48cab4b-e48b-59ae-88d6-41d5d463569d,10,chapter_complete,chapter:36,2026-09-19T01:54:00+00:00
10036,8fa5b823-1a70-59f7-9bb2-b3d5f36dc82b,10,chapter_complete,chapter:32,2026-09-19T01:54:00+00:00
10037,8fa5b823-1a70-59f7-9bb2-b3d5f36dc82b,100,book_complete,book:12,2026-09-19T01:54:00+00:00
10038,8fa5b823-1a70-59f7-9bb2-b3d5f36dc82b,150,first_book,badge,2026-09-19T01:54:00+00:00
10039,8fa5b823-1a70-59f7-9bb2-b3d5f36dc82b,200,level_5,badge,2026-09-19T01:54:00+00:00
10040,84047d01-74e6-5a08-a20e-b5c25e3eff3e,10,chapter_complete,chapter:47,2026-09-19T01:55:00+00:00
10041,84047d01-74e6-5a08-a20e-b5c25e3eff3e,100,book_complete,book:15,2026-09-19T01:55:00+00:00
10042,84047d01-74e6-5a08-a20e-b5c25e3eff3e,150,first_book,badge,2026-09-19T01:55:00+00:00
10043,9edec740-5de6-5c27-8233-5cf72946b182,10,chapter_complete,chapter:11,2026-09-19T01:55:00+00:00
10044,b0ebc690-efe0-594f-bd55-e4d7ec3454bc,10,chapter_complete,chapter:6,2026-09-19T01:56:00+00:00
10045,a5526e82-ef69-522b-b3ad-df818658bde0,10,chapter_complete,chapter:22,2026-09-19T01:57:00+00:00
10046,a5526e82-ef69-522b-b3ad-df818658bde0,100,book_complete,book:10,2026-09-19T01:57:00+00:00
10047,a5526e82-ef69-522b-b3ad-df818658bde0,150,first_book,badge,2026-09-19T01:57:00+00:00
10048,01c00e49-c4d6-5d4b-bbc1-8aa3fe21ba2a,10,chapter_complete,chapter:46,2026-09-19T01:57:00+00:00
10049,9d1c460b-bd0b-57ff-ac14-f2b10f73edd3,10,chapter_complete,chapter:31,2026-09-19T01:59:00+00:00
10050,77c684c4-9514-5edc-85ff-1052c8544c14,10,chapter_complete,chapter:26,2026-09-19T02:00:00+00:00
10051,0b532307-3033-5baf-b61c-915d1213c01f,10,chapter_complete,chapter:11,2026-09-19T02:01:00+00:00
10052,0947c4b9-50d6-50e2-9043-84a15b80e8c7,10,chapter_complete,chapter:6,2026-09-19T02:01:00+00:00
10053,3d016498-e16a-5ad9-95c7-b633dfc6a142,10,chapter_complete,chapter:6,2026-09-19T02:03:00+00:00
10054,e7dd6cb0-626e-510a-9e98-0498c534b04d,10,chapter_complete,chapter:46,2026-09-19T02:03:00+00:00
10055,8ae0340a-8eaf-5e9d-9db0-ac449334023d,10,chapter_complete,chapter:46,2026-09-19T02:04:00+00:00
10056,4c2177ab-592a-5e4a-b25b-8bb3f8090555,10,chapter_complete,chapter:16,2026-09-19T02:05:00+00:00
10057,ae96d203-7a11-52ed-9e02-cd93c3dda603,10,chapter_complete,chapter:51,2026-09-19T02:05:00+00:00
10058,878bb7d9-5569-5efb-bbd1-5e39d62d594d,10,chapter_complete,chapter:51,2026-09-19T02:05:00+00:00
10059,783491ec-2857-52e8-a102-766d7abba6d2,10,chapter_complete,chapter:37,2026-09-19T02:05:00+00:00
10060,783491ec-2857-52e8-a102-766d7abba6d2,100,book_complete,book:13,2026-09-19T02:05:00+00:00
10061,783491ec-2857-52e8-a102-766d7abba6d2,150,first_book,badge,2026-09-19T02:05:00+00:00
10062,783491ec-2857-52e8-a102-766d7abba6d2,200,level_5,badge,2026-09-19T02:05:00+00:00
10063,d48cab4b-e48b-59ae-88d6-41d5d463569d,10,chapter_complete,chapter:37,2026-09-19T02:06:00+00:00
10064,d48cab4b-e48b-59ae-88d6-41d5d463569d,100,book_complete,book:13,2026-09-19T02:06:00+00:00
10065,d48cab4b-e48b-59ae-88d6-41d5d463569d,150,first_book,badge,2026-09-19T02:06:00+00:00
10066,b0ebc690-efe0-594f-bd55-e4d7ec3454bc,10,chapter_complete,chapter:7,2026-09-19T02:08:00+00:00
10067,b0ebc690-efe0-594f-bd55-e4d7ec3454bc,100,book_complete,book:7,2026-09-19T02:08:00+00:00
10068,b0ebc690-efe0-594f-bd55-e4d7ec3454bc,150,first_book,badge,2026-09-19T02:08:00+00:00
10069,77c684c4-9514-5edc-85ff-1052c8544c14,10,chapter_complete,chapter:27,2026-09-19T02:12:00+00:00
10070,77c684c4-9514-5edc-85ff-1052c8544c14,100,book_complete,book:11,2026-09-19T02:12:00+00:00
10071,77c684c4-9514-5edc-85ff-1052c8544c14,150,first_book,badge,2026-09-19T02:12:00+00:00
10072,0b532307-3033-5baf-b61c-915d1213c01f,10,chapter_complete,chapter:12,2026-09-19T02:13:00+00:00
10073,0b532307-3033-5baf-b61c-915d1213c01f,100,book_complete,book:8,2026-09-19T02:13:00+00:00
10074,0b532307-3033-5baf-b61c-915d1213c01f,150,first_book,badge,2026-09-19T02:13:00+00:00
10075,0b532307-3033-5baf-b61c-915d1213c01f,200,level_5,badge,2026-09-19T02:13:00+00:00
10076,0947c4b9-50d6-50e2-9043-84a15b80e8c7,10,chapter_complete,chapter:7,2026-09-19T02:13:00+00:00
10077,0947c4b9-50d6-50e2-9043-84a15b80e8c7,100,book_complete,book:7,2026-09-19T02:13:00+00:00
10078,0947c4b9-50d6-50e2-9043-84a15b80e8c7,150,first_book,badge,2026-09-19T02:13:00+00:00
10079,8ae0340a-8eaf-5e9d-9db0-ac449334023d,10,chapter_complete,chapter:47,2026-09-19T02:16:00+00:00
10080,8ae0340a-8eaf-5e9d-9db0-ac449334023d,100,book_complete,book:15,2026-09-19T02:16:00+00:00
10081,8ae0340a-8eaf-5e9d-9db0-ac449334023d,150,first_book,badge,2026-09-19T02:16:00+00:00
10082,4c2177ab-592a-5e4a-b25b-8bb3f8090555,10,chapter_complete,chapter:17,2026-09-19T02:17:00+00:00
10083,4c2177ab-592a-5e4a-b25b-8bb3f8090555,100,book_complete,book:9,2026-09-19T02:17:00+00:00
10084,4c2177ab-592a-5e4a-b25b-8bb3f8090555,150,first_book,badge,2026-09-19T02:17:00+00:00
10085,878bb7d9-5569-5efb-bbd1-5e39d62d594d,10,chapter_complete,chapter:52,2026-09-19T02:17:00+00:00
10086,878bb7d9-5569-5efb-bbd1-5e39d62d594d,100,book_complete,book:16,2026-09-19T02:17:00+00:00
10087,878bb7d9-5569-5efb-bbd1-5e39d62d594d,150,first_book,badge,2026-09-19T02:17:00+00:00
10088,6cf4bb40-4d81-5eb3-b9d9-5841cd55724e,10,chapter_complete,chapter:43,2026-09-19T02:41:00+00:00
10089,61347d09-09eb-5f04-a4ec-fe830319799f,10,chapter_complete,chapter:13,2026-09-19T02:41:00+00:00
10090,35e87bcc-650c-5e3f-9741-3f0c54905b6f,10,chapter_complete,chapter:13,2026-09-19T02:42:00+00:00
10091,f4b545d6-b6c0-54b8-847e-101d68428b48,10,chapter_complete,chapter:33,2026-09-19T02:43:00+00:00
10092,d16e3cdc-2868-563d-867d-62fa9b8b24ea,10,chapter_complete,chapter:18,2026-09-19T02:43:00+00:00
10093,d16e3cdc-2868-563d-867d-62fa9b8b24ea,50,first_chapter,badge,2026-09-19T02:43:00+00:00
10094,3bc3e38a-5ff7-5330-ab2d-8add18e85d57,10,chapter_complete,chapter:48,2026-09-19T02:44:00+00:00
10095,52ab3a8f-ec5c-5e66-bcd5-efc304512118,10,chapter_complete,chapter:23,2026-09-19T02:45:00+00:00
10096,f8f213c7-3d61-567e-9735-5e3e9498b892,10,chapter_complete,chapter:43,2026-09-19T02:45:00+00:00
10097,e137404e-9196-525c-b17a-44dc96d29f29,10,chapter_complete,chapter:8,2026-09-19T02:45:00+00:00
10098,9047d24d-0775-5f10-bf17-6e8fc62c5884,10,chapter_complete,chapter:38,2026-09-19T02:45:00+00:00
10099,7b359533-e634-59eb-a2c3-b5501ff96488,10,chapter_complete,chapter:18,2026-09-19T02:46:00+00:00
10100,64b591cd-4cbe-577a-aba9-ee6912328a58,10,chapter_complete,chapter:28,2026-09-19T02:47:00+00:00
10101,f0ca4141-ccff-5472-ba76-f4b194108c7b,10,chapter_complete,chapter:3,2026-09-19T02:47:00+00:00
10102,d3175e63-6121-5d55-b429-df91670d9aca,10,chapter_complete,chapter:48,2026-09-19T02:47:00+00:00
10103,7624f38b-fbca-546f-af04-c9dda9318f82,10,chapter_complete,chapter:43,2026-09-19T02:48:00+00:00
10104,51420309-4688-52d6-84b9-51c0dc3a900e,10,chapter_complete,chapter:48,2026-09-19T02:49:00+00:00
10105,d6b81cb4-a299-5894-baa5-463cb63679a3,10,chapter_complete,chapter:23,2026-09-19T02:50:00+00:00
10106,bdc5faf6-386d-5338-99a0-32d156bcbd68,10,chapter_complete,chapter:8,2026-09-19T02:51:00+00:00
10107,f0f4eb8c-a1ed-50a1-bc7d-2863700a31a5,10,chapter_complete,chapter:48,2026-09-19T02:52:00+00:00
10108,5421f79d-ed60-5eed-852b-01b379adab9e,10,chapter_complete,chapter:48,2026-09-19T02:53:00+00:00
10109,6cf4bb40-4d81-5eb3-b9d9-5841cd55724e,10,chapter_complete,chapter:44,2026-09-19T02:53:00+00:00
10110,3d0f3e54-413b-5a89-bc88-8cb0e7246b97,10,chapter_complete,chapter:18,2026-09-19T02:53:00+00:00
10111,35e87bcc-650c-5e3f-9741-3f0c54905b6f,10,chapter_complete,chapter:14,2026-09-19T02:54:00+00:00
10112,6ab0c42d-0ad5-5b3d-9c6c-4ab9eaa47586,10,chapter_complete,chapter:23,2026-09-19T02:55:00+00:00
10113,f4b545d6-b6c0-54b8-847e-101d68428b48,10,chapter_complete,chapter:34,2026-09-19T02:55:00+00:00
10114,7bdf8ad6-1318-5f74-9112-e2b655e215a2,10,chapter_complete,chapter:38,2026-09-19T02:55:00+00:00
10115,518ae987-15f7-5b22-8bcc-df59623dbdce,10,chapter_complete,chapter:3,2026-09-19T02:55:00+00:00
10116,d16e3cdc-2868-563d-867d-62fa9b8b24ea,10,chapter_complete,chapter:19,2026-09-19T02:55:00+00:00
10117,3bc3e38a-5ff7-5330-ab2d-8add18e85d57,10,chapter_complete,chapter:49,2026-09-19T02:56:00+00:00
10118,52ab3a8f-ec5c-5e66-bcd5-efc304512118,10,chapter_complete,chapter:24,2026-09-19T02:57:00+00:00
10119,e137404e-9196-525c-b17a-44dc96d29f29,10,chapter_complete,chapter:9,2026-09-19T02:57:00+00:00
10120,6ac5a7a4-ae0d-5e31-8a7c-d85b63a96c46,10,chapter_complete,chapter:13,2026-09-19T02:57:00+00:00
10121,6d9d0917-bda8-5863-abe4-92d14b0cc926,10,chapter_complete,chapter:38,2026-09-19T02:58:00+00:00
10122,64b591cd-4cbe-577a-aba9-ee6912328a58,10,chapter_complete,chapter:29,2026-09-19T02:59:00+00:00
10123,9355c2cf-38db-5118-9b77-3d5b5b3870df,10,chapter_complete,chapter:43,2026-09-19T02:59:00+00:00
10124,f0ca4141-ccff-5472-ba76-f4b194108c7b,10,chapter_complete,chapter:4,2026-09-19T02:59:00+00:00
10125,d3175e63-6121-5d55-b429-df91670d9aca,10,chapter_complete,chapter:49,2026-09-19T02:59:00+00:00
10126,a53c485b-a35c-51fb-84a5-364207ce0adb,10,chapter_complete,chapter:48,2026-09-19T03:00:00+00:00
10127,20b63262-d3e6-555a-95b2-84fc87694a19,10,chapter_complete,chapter:48,2026-09-19T03:01:00+00:00
10128,d6b81cb4-a299-5894-baa5-463cb63679a3,10,chapter_complete,chapter:24,2026-09-19T03:02:00+00:00
10129,4cf03b5a-e2ca-57f2-95b8-16a3b92247e6,10,chapter_complete,chapter:18,2026-09-19T03:03:00+00:00
10130,4cf03b5a-e2ca-57f2-95b8-16a3b92247e6,50,first_chapter,badge,2026-09-19T03:03:00+00:00
10131,f1fb49f6-8f16-5086-a3b3-1c5e169f9ad4,10,chapter_complete,chapter:48,2026-09-19T03:03:00+00:00
10132,bdc5faf6-386d-5338-99a0-32d156bcbd68,10,chapter_complete,chapter:9,2026-09-19T03:03:00+00:00
10133,f0f4eb8c-a1ed-50a1-bc7d-2863700a31a5,10,chapter_complete,chapter:49,2026-09-19T03:04:00+00:00
10134,ef763ec1-f93c-5744-9640-4ca59adf9347,10,chapter_complete,chapter:3,2026-09-19T03:04:00+00:00
10135,6cf4bb40-4d81-5eb3-b9d9-5841cd55724e,10,chapter_complete,chapter:45,2026-09-19T03:05:00+00:00
10136,f6e8344b-87f4-5461-93fc-b01ff1ae4265,10,chapter_complete,chapter:23,2026-09-19T03:05:00+00:00
10137,3d0f3e54-413b-5a89-bc88-8cb0e7246b97,10,chapter_complete,chapter:19,2026-09-19T03:05:00+00:00
10138,f2561442-8439-5138-9a3b-8bcf96f16609,10,chapter_complete,chapter:13,2026-09-19T03:06:00+00:00
10139,35e87bcc-650c-5e3f-9741-3f0c54905b6f,10,chapter_complete,chapter:15,2026-09-19T03:06:00+00:00
10140,484e243b-afd7-5767-bb0f-4262c0334aea,10,chapter_complete,chapter:33,2026-09-19T03:07:00+00:00
10141,518ae987-15f7-5b22-8bcc-df59623dbdce,10,chapter_complete,chapter:4,2026-09-19T03:07:00+00:00
10142,1b1e4344-fde4-5cc2-b82c-4fb458696522,10,chapter_complete,chapter:38,2026-09-19T03:08:00+00:00
10143,3bc3e38a-5ff7-5330-ab2d-8add18e85d57,10,chapter_complete,chapter:50,2026-09-19T03:08:00+00:00
10144,52ab3a8f-ec5c-5e66-bcd5-efc304512118,10,chapter_complete,chapter:25,2026-09-19T03:09:00+00:00
10145,341a0cef-f4a9-53ee-8980-229dc154ff4e,10,chapter_complete,chapter:48,2026-09-19T03:09:00+00:00
10146,dfe9e449-d177-56af-a679-d3e1c78c5c02,10,chapter_complete,chapter:48,2026-09-19T03:10:00+00:00
10147,473b12ab-4d0d-5b7f-89b2-c0a1e2405c60,10,chapter_complete,chapter:28,2026-09-19T03:10:00+00:00
10148,6d9d0917-bda8-5863-abe4-92d14b0cc926,10,chapter_complete,chapter:39,2026-09-19T03:10:00+00:00
10149,d3175e63-6121-5d55-b429-df91670d9aca,10,chapter_complete,chapter:50,2026-09-19T03:11:00+00:00
10150,9b2e34a9-6722-598e-a857-e346acd294bf,10,chapter_complete,chapter:33,2026-09-19T03:12:00+00:00
10151,a53c485b-a35c-51fb-84a5-364207ce0adb,10,chapter_complete,chapter:49,2026-09-19T03:12:00+00:00
10152,e502b694-466f-5e1f-9293-146b264ae20c,10,chapter_complete,chapter:13,2026-09-19T03:13:00+00:00
10153,bb4b0d34-59a4-5948-a9be-a1aa6caece55,10,chapter_complete,chapter:33,2026-09-19T03:13:00+00:00
10154,20b63262-d3e6-555a-95b2-84fc87694a19,10,chapter_complete,chapter:49,2026-09-19T03:13:00+00:00
10155,b897da16-1a55-5740-8129-7d502e6f44b8,10,chapter_complete,chapter:13,2026-09-19T03:13:00+00:00
10156,eb397f92-99ac-5f0f-8f81-3540865f0477,10,chapter_complete,chapter:18,2026-09-19T03:15:00+00:00
10157,f1fb49f6-8f16-5086-a3b3-1c5e169f9ad4,10,chapter_complete,chapter:49,2026-09-19T03:15:00+00:00
10158,34046d1a-c67e-5a81-b9d5-47dd4840c4fe,10,chapter_complete,chapter:23,2026-09-19T03:15:00+00:00
10159,88a268b0-6bca-5583-b041-ffdbc51be7e6,10,chapter_complete,chapter:48,2026-09-19T03:16:00+00:00
10160,ef763ec1-f93c-5744-9640-4ca59adf9347,10,chapter_complete,chapter:4,2026-09-19T03:16:00+00:00
10161,e21dfd78-ea9f-5754-a3b2-3b3b66dd30b5,10,chapter_complete,chapter:33,2026-09-19T03:16:00+00:00
10162,7e6a1243-34f5-52e6-862f-e5f3b2ebe640,10,chapter_complete,chapter:43,2026-09-19T03:17:00+00:00
10163,7e6a1243-34f5-52e6-862f-e5f3b2ebe640,50,first_chapter,badge,2026-09-19T03:17:00+00:00
10164,6cf4bb40-4d81-5eb3-b9d9-5841cd55724e,10,chapter_complete,chapter:46,2026-09-19T03:17:00+00:00
10165,3d0f3e54-413b-5a89-bc88-8cb0e7246b97,10,chapter_complete,chapter:20,2026-09-19T03:17:00+00:00
10166,d48cab4b-e48b-59ae-88d6-41d5d463569d,10,chapter_complete,chapter:18,2026-09-19T03:18:00+00:00
10167,f2561442-8439-5138-9a3b-8bcf96f16609,10,chapter_complete,chapter:14,2026-09-19T03:18:00+00:00
10168,58074159-53d7-5a52-8436-d84a05af35a9,10,chapter_complete,chapter:18,2026-09-19T03:18:00+00:00
10169,19e81afb-74c1-5b4a-9af3-469f3b610235,10,chapter_complete,chapter:43,2026-09-19T03:19:00+00:00
10170,af808cd8-ab34-515f-a8a0-a1b0719a537b,10,chapter_complete,chapter:28,2026-09-19T03:19:00+00:00
10171,484e243b-afd7-5767-bb0f-4262c0334aea,10,chapter_complete,chapter:34,2026-09-19T03:19:00+00:00
10172,02bf8d95-eee4-5287-b363-0551cc4a6d51,10,chapter_complete,chapter:3,2026-09-19T03:19:00+00:00
10173,518ae987-15f7-5b22-8bcc-df59623dbdce,10,chapter_complete,chapter:5,2026-09-19T03:19:00+00:00
10174,9edec740-5de6-5c27-8233-5cf72946b182,10,chapter_complete,chapter:23,2026-09-19T03:19:00+00:00
10175,bf54d417-d834-5d3e-a7f9-106377fe05a5,10,chapter_complete,chapter:28,2026-09-19T03:20:00+00:00
10176,bf54d417-d834-5d3e-a7f9-106377fe05a5,50,first_chapter,badge,2026-09-19T03:20:00+00:00
10177,1b1e4344-fde4-5cc2-b82c-4fb458696522,10,chapter_complete,chapter:39,2026-09-19T03:20:00+00:00
10178,1873645b-b54c-51dc-a41a-7131e831a64f,10,chapter_complete,chapter:3,2026-09-19T03:20:00+00:00
10179,b55b4f74-ded6-5cf1-aae0-9ad89c03c10c,10,chapter_complete,chapter:28,2026-09-19T03:21:00+00:00
10180,b55b4f74-ded6-5cf1-aae0-9ad89c03c10c,50,first_chapter,badge,2026-09-19T03:21:00+00:00
10181,52ab3a8f-ec5c-5e66-bcd5-efc304512118,10,chapter_complete,chapter:26,2026-09-19T03:21:00+00:00
10182,6d9d0917-bda8-5863-abe4-92d14b0cc926,10,chapter_complete,chapter:40,2026-09-19T03:22:00+00:00
10183,1bc15434-bc22-56cc-a890-336efd2a11e5,10,chapter_complete,chapter:33,2026-09-19T03:23:00+00:00
10184,96373821-4bf4-53b8-bd24-bb64bbb3b84e,10,chapter_complete,chapter:23,2026-09-19T03:23:00+00:00
10185,50d6350f-ffd4-59ad-a1ff-65a49a77a913,10,chapter_complete,chapter:18,2026-09-19T03:24:00+00:00
10186,77c684c4-9514-5edc-85ff-1052c8544c14,10,chapter_complete,chapter:18,2026-09-19T03:24:00+00:00
10187,9b2e34a9-6722-598e-a857-e346acd294bf,10,chapter_complete,chapter:34,2026-09-19T03:24:00+00:00
10188,a53c485b-a35c-51fb-84a5-364207ce0adb,10,chapter_complete,chapter:50,2026-09-19T03:24:00+00:00
10189,0b532307-3033-5baf-b61c-915d1213c01f,10,chapter_complete,chapter:33,2026-09-19T03:25:00+00:00
10190,b897da16-1a55-5740-8129-7d502e6f44b8,10,chapter_complete,chapter:14,2026-09-19T03:25:00+00:00
10191,d0c58825-6ead-50f6-9a07-f2f95dbb51ea,10,chapter_complete,chapter:18,2026-09-19T03:26:00+00:00
10192,baa8ef70-5b01-5a49-84cb-71c353290705,10,chapter_complete,chapter:8,2026-09-19T03:27:00+00:00
10193,34046d1a-c67e-5a81-b9d5-47dd4840c4fe,10,chapter_complete,chapter:24,2026-09-19T03:27:00+00:00
10194,8ae0340a-8eaf-5e9d-9db0-ac449334023d,10,chapter_complete,chapter:18,2026-09-19T03:28:00+00:00
10195,88a268b0-6bca-5583-b041-ffdbc51be7e6,10,chapter_complete,chapter:49,2026-09-19T03:28:00+00:00
10196,ec6d706d-7dba-534b-8700-e6752dbd06e1,10,chapter_complete,chapter:48,2026-09-19T03:28:00+00:00
10197,ae96d203-7a11-52ed-9e02-cd93c3dda603,10,chapter_complete,chapter:18,2026-09-19T03:29:00+00:00
10198,878bb7d9-5569-5efb-bbd1-5e39d62d594d,10,chapter_complete,chapter:18,2026-09-19T03:29:00+00:00
10199,3d0f3e54-413b-5a89-bc88-8cb0e7246b97,10,chapter_complete,chapter:21,2026-09-19T03:29:00+00:00
10200,e0b64119-ecb0-52a5-852d-39c211ce337a,10,chapter_complete,chapter:33,2026-09-19T03:30:00+00:00
10201,d48cab4b-e48b-59ae-88d6-41d5d463569d,10,chapter_complete,chapter:19,2026-09-19T03:30:00+00:00
10202,f2561442-8439-5138-9a3b-8bcf96f16609,10,chapter_complete,chapter:15,2026-09-19T03:30:00+00:00
10203,af808cd8-ab34-515f-a8a0-a1b0719a537b,10,chapter_complete,chapter:29,2026-09-19T03:31:00+00:00
10204,02bf8d95-eee4-5287-b363-0551cc4a6d51,10,chapter_complete,chapter:4,2026-09-19T03:31:00+00:00
10205,518ae987-15f7-5b22-8bcc-df59623dbdce,10,chapter_complete,chapter:6,2026-09-19T03:31:00+00:00
10206,bf54d417-d834-5d3e-a7f9-106377fe05a5,10,chapter_complete,chapter:29,2026-09-19T03:32:00+00:00
10207,1b1e4344-fde4-5cc2-b82c-4fb458696522,10,chapter_complete,chapter:40,2026-09-19T03:32:00+00:00
10208,1873645b-b54c-51dc-a41a-7131e831a64f,10,chapter_complete,chapter:4,2026-09-19T03:32:00+00:00
10209,b55b4f74-ded6-5cf1-aae0-9ad89c03c10c,10,chapter_complete,chapter:29,2026-09-19T03:33:00+00:00
10210,1bc15434-bc22-56cc-a890-336efd2a11e5,10,chapter_complete,chapter:34,2026-09-19T03:35:00+00:00
10211,96373821-4bf4-53b8-bd24-bb64bbb3b84e,10,chapter_complete,chapter:24,2026-09-19T03:35:00+00:00
10212,50d6350f-ffd4-59ad-a1ff-65a49a77a913,10,chapter_complete,chapter:19,2026-09-19T03:36:00+00:00
10213,77c684c4-9514-5edc-85ff-1052c8544c14,10,chapter_complete,chapter:19,2026-09-19T03:36:00+00:00
10214,9b2e34a9-6722-598e-a857-e346acd294bf,10,chapter_complete,chapter:35,2026-09-19T03:36:00+00:00
10215,a53c485b-a35c-51fb-84a5-364207ce0adb,10,chapter_complete,chapter:51,2026-09-19T03:36:00+00:00
10216,0b532307-3033-5baf-b61c-915d1213c01f,10,chapter_complete,chapter:34,2026-09-19T03:37:00+00:00
10217,b897da16-1a55-5740-8129-7d502e6f44b8,10,chapter_complete,chapter:15,2026-09-19T03:37:00+00:00
10218,d0c58825-6ead-50f6-9a07-f2f95dbb51ea,10,chapter_complete,chapter:19,2026-09-19T03:38:00+00:00
10219,baa8ef70-5b01-5a49-84cb-71c353290705,10,chapter_complete,chapter:9,2026-09-19T03:39:00+00:00
10220,8ae0340a-8eaf-5e9d-9db0-ac449334023d,10,chapter_complete,chapter:19,2026-09-19T03:40:00+00:00
10221,88a268b0-6bca-5583-b041-ffdbc51be7e6,10,chapter_complete,chapter:50,2026-09-19T03:40:00+00:00
10222,ec6d706d-7dba-534b-8700-e6752dbd06e1,10,chapter_complete,chapter:49,2026-09-19T03:40:00+00:00
10223,ae96d203-7a11-52ed-9e02-cd93c3dda603,10,chapter_complete,chapter:19,2026-09-19T03:41:00+00:00
10224,878bb7d9-5569-5efb-bbd1-5e39d62d594d,10,chapter_complete,chapter:19,2026-09-19T03:41:00+00:00
10225,3d0f3e54-413b-5a89-bc88-8cb0e7246b97,10,chapter_complete,chapter:22,2026-09-19T03:41:00+00:00
10226,3d0f3e54-413b-5a89-bc88-8cb0e7246b97,100,book_complete,book:10,2026-09-19T03:41:00+00:00
10227,3d0f3e54-413b-5a89-bc88-8cb0e7246b97,150,first_book,badge,2026-09-19T03:41:00+00:00
10228,e0b64119-ecb0-52a5-852d-39c211ce337a,10,chapter_complete,chapter:34,2026-09-19T03:42:00+00:00
10229,d48cab4b-e48b-59ae-88d6-41d5d463569d,10,chapter_complete,chapter:20,2026-09-19T03:42:00+00:00
10230,f2561442-8439-5138-9a3b-8bcf96f16609,10,chapter_complete,chapter:16,2026-09-19T03:42:00+00:00
10231,af808cd8-ab34-515f-a8a0-a1b0719a537b,10,chapter_complete,chapter:30,2026-09-19T03:43:00+00:00
10232,bf54d417-d834-5d3e-a7f9-106377fe05a5,10,chapter_complete,chapter:30,2026-09-19T03:44:00+00:00
10233,1b1e4344-fde4-5cc2-b82c-4fb458696522,10,chapter_complete,chapter:41,2026-09-19T03:44:00+00:00
10234,1bc15434-bc22-56cc-a890-336efd2a11e5,10,chapter_complete,chapter:35,2026-09-19T03:47:00+00:00
10235,96373821-4bf4-53b8-bd24-bb64bbb3b84e,10,chapter_complete,chapter:25,2026-09-19T03:47:00+00:00
10236,50d6350f-ffd4-59ad-a1ff-65a49a77a913,10,chapter_complete,chapter:20,2026-09-19T03:48:00+00:00
10237,0b532307-3033-5baf-b61c-915d1213c01f,10,chapter_complete,chapter:35,2026-09-19T03:49:00+00:00
10238,8ae0340a-8eaf-5e9d-9db0-ac449334023d,10,chapter_complete,chapter:20,2026-09-19T03:52:00+00:00
10239,88a268b0-6bca-5583-b041-ffdbc51be7e6,10,chapter_complete,chapter:51,2026-09-19T03:52:00+00:00
10240,ae96d203-7a11-52ed-9e02-cd93c3dda603,10,chapter_complete,chapter:20,2026-09-19T03:53:00+00:00
10241,878bb7d9-5569-5efb-bbd1-5e39d62d594d,10,chapter_complete,chapter:20,2026-09-19T03:53:00+00:00
10242,d48cab4b-e48b-59ae-88d6-41d5d463569d,10,chapter_complete,chapter:21,2026-09-19T03:54:00+00:00
10243,f2561442-8439-5138-9a3b-8bcf96f16609,10,chapter_complete,chapter:17,2026-09-19T03:54:00+00:00
10244,f2561442-8439-5138-9a3b-8bcf96f16609,100,book_complete,book:9,2026-09-19T03:54:00+00:00
10245,f2561442-8439-5138-9a3b-8bcf96f16609,150,first_book,badge,2026-09-19T03:54:00+00:00
10246,bf54d417-d834-5d3e-a7f9-106377fe05a5,10,chapter_complete,chapter:31,2026-09-19T03:56:00+00:00
10247,50d6350f-ffd4-59ad-a1ff-65a49a77a913,10,chapter_complete,chapter:21,2026-09-19T04:00:00+00:00
10248,ae96d203-7a11-52ed-9e02-cd93c3dda603,10,chapter_complete,chapter:21,2026-09-19T04:05:00+00:00
10249,bf54d417-d834-5d3e-a7f9-106377fe05a5,10,chapter_complete,chapter:32,2026-09-19T04:08:00+00:00
10250,bf54d417-d834-5d3e-a7f9-106377fe05a5,100,book_complete,book:12,2026-09-19T04:08:00+00:00
10251,bf54d417-d834-5d3e-a7f9-106377fe05a5,150,first_book,badge,2026-09-19T04:08:00+00:00
10252,50d6350f-ffd4-59ad-a1ff-65a49a77a913,10,chapter_complete,chapter:22,2026-09-19T04:12:00+00:00
10253,50d6350f-ffd4-59ad-a1ff-65a49a77a913,100,book_complete,book:10,2026-09-19T04:12:00+00:00
10254,50d6350f-ffd4-59ad-a1ff-65a49a77a913,150,first_book,badge,2026-09-19T04:12:00+00:00
10255,ae96d203-7a11-52ed-9e02-cd93c3dda603,10,chapter_complete,chapter:22,2026-09-19T04:17:00+00:00
10256,ae96d203-7a11-52ed-9e02-cd93c3dda603,100,book_complete,book:10,2026-09-19T04:17:00+00:00
10257,ae96d203-7a11-52ed-9e02-cd93c3dda603,150,first_book,badge,2026-09-19T04:17:00+00:00
10258,52ab3a8f-ec5c-5e66-bcd5-efc304512118,10,chapter_complete,chapter:48,2026-09-19T04:45:00+00:00
10259,e137404e-9196-525c-b17a-44dc96d29f29,10,chapter_complete,chapter:43,2026-09-19T04:45:00+00:00
10260,7bdf8ad6-1318-5f74-9112-e2b655e215a2,10,chapter_complete,chapter:18,2026-09-19T04:55:00+00:00
10261,52ab3a8f-ec5c-5e66-bcd5-efc304512118,10,chapter_complete,chapter:49,2026-09-19T04:57:00+00:00
10262,e137404e-9196-525c-b17a-44dc96d29f29,10,chapter_complete,chapter:44,2026-09-19T04:57:00+00:00
10263,ef763ec1-f93c-5744-9640-4ca59adf9347,10,chapter_complete,chapter:38,2026-09-19T05:04:00+00:00
10264,f2561442-8439-5138-9a3b-8bcf96f16609,10,chapter_complete,chapter:38,2026-09-19T05:06:00+00:00
10265,7bdf8ad6-1318-5f74-9112-e2b655e215a2,10,chapter_complete,chapter:19,2026-09-19T05:07:00+00:00
10266,e137404e-9196-525c-b17a-44dc96d29f29,10,chapter_complete,chapter:45,2026-09-19T05:09:00+00:00
10267,ef763ec1-f93c-5744-9640-4ca59adf9347,10,chapter_complete,chapter:39,2026-09-19T05:16:00+00:00
10268,e21dfd78-ea9f-5754-a3b2-3b3b66dd30b5,10,chapter_complete,chapter:3,2026-09-19T05:16:00+00:00
10269,7e6a1243-34f5-52e6-862f-e5f3b2ebe640,10,chapter_complete,chapter:38,2026-09-19T05:17:00+00:00
10270,f2561442-8439-5138-9a3b-8bcf96f16609,10,chapter_complete,chapter:39,2026-09-19T05:18:00+00:00
10271,19e81afb-74c1-5b4a-9af3-469f3b610235,10,chapter_complete,chapter:3,2026-09-19T05:19:00+00:00
10272,7bdf8ad6-1318-5f74-9112-e2b655e215a2,10,chapter_complete,chapter:20,2026-09-19T05:19:00+00:00
10273,af808cd8-ab34-515f-a8a0-a1b0719a537b,10,chapter_complete,chapter:3,2026-09-19T05:19:00+00:00
10274,bf54d417-d834-5d3e-a7f9-106377fe05a5,10,chapter_complete,chapter:23,2026-09-19T05:20:00+00:00
10275,e137404e-9196-525c-b17a-44dc96d29f29,10,chapter_complete,chapter:46,2026-09-19T05:21:00+00:00
10276,0b532307-3033-5baf-b61c-915d1213c01f,10,chapter_complete,chapter:48,2026-09-19T05:25:00+00:00
10277,ec6d706d-7dba-534b-8700-e6752dbd06e1,10,chapter_complete,chapter:28,2026-09-19T05:28:00+00:00
10278,ae96d203-7a11-52ed-9e02-cd93c3dda603,10,chapter_complete,chapter:28,2026-09-19T05:29:00+00:00
10279,f2561442-8439-5138-9a3b-8bcf96f16609,10,chapter_complete,chapter:40,2026-09-19T05:30:00+00:00
10280,19e81afb-74c1-5b4a-9af3-469f3b610235,10,chapter_complete,chapter:4,2026-09-19T05:31:00+00:00
10281,af808cd8-ab34-515f-a8a0-a1b0719a537b,10,chapter_complete,chapter:4,2026-09-19T05:31:00+00:00
10282,bf54d417-d834-5d3e-a7f9-106377fe05a5,10,chapter_complete,chapter:24,2026-09-19T05:32:00+00:00
10283,e137404e-9196-525c-b17a-44dc96d29f29,10,chapter_complete,chapter:47,2026-09-19T05:33:00+00:00
10284,e137404e-9196-525c-b17a-44dc96d29f29,100,book_complete,book:15,2026-09-19T05:33:00+00:00
10285,ae96d203-7a11-52ed-9e02-cd93c3dda603,10,chapter_complete,chapter:29,2026-09-19T05:41:00+00:00
10286,f2561442-8439-5138-9a3b-8bcf96f16609,10,chapter_complete,chapter:41,2026-09-19T05:42:00+00:00
10287,af808cd8-ab34-515f-a8a0-a1b0719a537b,10,chapter_complete,chapter:5,2026-09-19T05:43:00+00:00
10288,bf54d417-d834-5d3e-a7f9-106377fe05a5,10,chapter_complete,chapter:25,2026-09-19T05:44:00+00:00
10289,f2561442-8439-5138-9a3b-8bcf96f16609,10,chapter_complete,chapter:42,2026-09-19T05:54:00+00:00
10290,f2561442-8439-5138-9a3b-8bcf96f16609,100,book_complete,book:14,2026-09-19T05:54:00+00:00
10291,f2561442-8439-5138-9a3b-8bcf96f16609,200,level_5,badge,2026-09-19T05:54:00+00:00
10292,bf54d417-d834-5d3e-a7f9-106377fe05a5,10,chapter_complete,chapter:26,2026-09-19T05:56:00+00:00
10293,bf54d417-d834-5d3e-a7f9-106377fe05a5,10,chapter_complete,chapter:27,2026-09-19T06:08:00+00:00
10294,bf54d417-d834-5d3e-a7f9-106377fe05a5,100,book_complete,book:11,2026-09-19T06:08:00+00:00
10295,d9fbcbde-376a-5f82-9fb5-268a24b02d57,5,daily_login,2026-09-19,2026-09-19T07:10:00+00:00
10296,37b7aed3-d207-54f7-b4ec-0e05c50eaeb2,5,daily_login,2026-09-19,2026-09-19T07:11:00+00:00
10297,0da68170-ff38-5dad-9224-770d261f1c8a,5,daily_login,2026-09-19,2026-09-19T07:11:00+00:00
10298,3d016498-e16a-5ad9-95c7-b633dfc6a142,5,daily_login,2026-09-19,2026-09-19T07:13:00+00:00
10299,3d5b480d-3962-5c76-96ca-5459d65372aa,5,daily_login,2026-09-19,2026-09-19T07:14:00+00:00
10300,20b63262-d3e6-555a-95b2-84fc87694a19,5,daily_login,2026-09-19,2026-09-19T07:15:00+00:00
10301,50d6350f-ffd4-59ad-a1ff-65a49a77a913,5,daily_login,2026-09-19,2026-09-19T07:16:00+00:00
10302,9355c2cf-38db-5118-9b77-3d5b5b3870df,5,daily_login,2026-09-19,2026-09-19T07:17:00+00:00
10303,64609795-d498-5ea7-ad33-a3bcecf9d962,5,daily_login,2026-09-19,2026-09-19T07:18:00+00:00
10304,d3175e63-6121-5d55-b429-df91670d9aca,5,daily_login,2026-09-19,2026-09-19T07:18:00+00:00
10305,9047d24d-0775-5f10-bf17-6e8fc62c5884,5,daily_login,2026-09-19,2026-09-19T07:20:00+00:00
10306,4845dc43-0c9d-5f09-aa4a-62e68abb5d12,5,daily_login,2026-09-19,2026-09-19T07:21:00+00:00
10307,7bdf8ad6-1318-5f74-9112-e2b655e215a2,5,daily_login,2026-09-19,2026-09-19T07:21:00+00:00
10308,4ec67eb8-4fda-5cbc-bbd1-a6afc7ce8130,5,daily_login,2026-09-19,2026-09-19T07:21:00+00:00
10309,85df6dcd-e42a-581f-802b-eb93568b74eb,5,daily_login,2026-09-19,2026-09-19T07:21:00+00:00
10310,368442e7-2dfe-5df4-9ab7-a468b984050a,5,daily_login,2026-09-19,2026-09-19T07:22:00+00:00
10311,d16e3cdc-2868-563d-867d-62fa9b8b24ea,5,daily_login,2026-09-19,2026-09-19T07:22:00+00:00
10312,35e87bcc-650c-5e3f-9741-3f0c54905b6f,5,daily_login,2026-09-19,2026-09-19T07:23:00+00:00
10313,651ce25b-8132-52d9-8f74-889f22c3bb5c,5,daily_login,2026-09-19,2026-09-19T07:24:00+00:00
10314,ffe47fd1-7989-5728-addd-50b504edd889,5,daily_login,2026-09-19,2026-09-19T07:24:00+00:00
10315,58074159-53d7-5a52-8436-d84a05af35a9,5,daily_login,2026-09-19,2026-09-19T07:24:00+00:00
10316,6b9b6012-cdb4-50eb-8ad0-01c36516df23,5,daily_login,2026-09-19,2026-09-19T07:26:00+00:00
10317,baa8ef70-5b01-5a49-84cb-71c353290705,5,daily_login,2026-09-19,2026-09-19T07:26:00+00:00
10318,2e2e8079-6c9e-51c9-bc7e-1475045fd514,5,daily_login,2026-09-19,2026-09-19T07:27:00+00:00
10319,5532dec3-02ae-5ac3-8b57-2e8214a8598b,5,daily_login,2026-09-19,2026-09-19T07:29:00+00:00
10320,54561bf4-fe37-5b37-934d-9c7f81542f8b,5,daily_login,2026-09-19,2026-09-19T07:30:00+00:00
10321,da462241-608b-5422-bdbd-0d98184a433d,5,daily_login,2026-09-19,2026-09-19T07:30:00+00:00
10322,0947c4b9-50d6-50e2-9043-84a15b80e8c7,5,daily_login,2026-09-19,2026-09-19T07:30:00+00:00
10323,f8f213c7-3d61-567e-9735-5e3e9498b892,5,daily_login,2026-09-19,2026-09-19T07:31:00+00:00
10324,10feece1-a2cd-532b-8488-21659a3bee22,5,daily_login,2026-09-19,2026-09-19T07:31:00+00:00
10325,84047d01-74e6-5a08-a20e-b5c25e3eff3e,5,daily_login,2026-09-19,2026-09-19T07:33:00+00:00
10326,8300625d-d3f5-5264-8503-98a2bfbf60d8,5,daily_login,2026-09-19,2026-09-19T07:33:00+00:00
10327,88820056-e901-59a1-b2ca-c4e813b34f7b,5,daily_login,2026-09-19,2026-09-19T07:33:00+00:00
10328,7e6a1243-34f5-52e6-862f-e5f3b2ebe640,5,daily_login,2026-09-19,2026-09-19T07:36:00+00:00
10329,4cf03b5a-e2ca-57f2-95b8-16a3b92247e6,5,daily_login,2026-09-19,2026-09-19T07:37:00+00:00
10330,eb397f92-99ac-5f0f-8f81-3540865f0477,5,daily_login,2026-09-19,2026-09-19T07:38:00+00:00
10331,302b84f9-9053-5cf7-bed0-305678227875,5,daily_login,2026-09-19,2026-09-19T07:39:00+00:00
10332,c6286e16-5e03-594c-aa67-861b8ba91b33,5,daily_login,2026-09-19,2026-09-19T07:39:00+00:00
10333,a070c6d0-c23b-5036-b352-f16db0d6ec8e,5,daily_login,2026-09-19,2026-09-19T07:43:00+00:00
10334,36016ab9-3cc9-5f6a-8bc7-1d138ad9cb43,5,daily_login,2026-09-19,2026-09-19T07:44:00+00:00
10335,6ac5a7a4-ae0d-5e31-8a7c-d85b63a96c46,5,daily_login,2026-09-19,2026-09-19T07:45:00+00:00
